source,job_id,title,company,company_id,hiring_for,city,country,country_code,country_dial_code,salary_raw,salary_min,salary_max,salary_currency,salary_period,experience_min_years,experience_max_years,job_type,category,sub_category,role_family,all_families,family_scores,family_confidence,matched_in,needs_review,company_type,role_category_gid,tags_and_skills,vacancies,company_logo,posted_date,description,job_url,scraped_at
naukri,080826013708,Hiring || Cardio & IVR Surgery  Medical coders  || Hyderabad ||,Axis Services,896244,,Hyderabad,India,IN,+91,5-12 Lacs PA,500000,1200000,INR,per_annum,1,6,full_time,Non Clinical,Medical Coding,Medical Coding,Medical Coding,Medical Coding=11,high,title|skills,false,hospital,1109,"Cardiovascular,Interventional Radiology,Medical Coding,Ccs,Cardiac Surgery,Interventional Cardiology,Cardiac,CPC",25,https://img.naukimg.com/logo_images/groups/v1/178464.gif,2026-08-08,Eligibility Criteria. * Certification is mandatory. . * Minimum 1+ year of relevant experience in Cardi & Ivr is mandatory. * Notice - 0- 60 days,https://www.naukri.com/job-listings-hiring-cardio-ivr-surgery-medical-coders-hyderabad-axis-services-hyderabad-1-to-6-years-080826013708,2026-08-08T12:47:00Z
naukri,080826013639,We are Hiring For HCC Certified medical coders,Access Healthcare,911802,,Hyderabad,India,IN,+91,1.5-3 Lacs PA,150000,300000,INR,per_annum,1,2,full_time,Non Clinical,Medical Coding,Medical Coding,Medical Coding,Medical Coding=22,high,title|skills|description,false,hospital,1112,"Medical coder,Hcc Coding,Hcc,ICD,CPC Certified,Medical Coding,Certified,Medical",200,https://img.naukimg.com/logo_images/groups/v1/2750596.gif,2026-08-08,"Access healthcare hiring for the following positions: 1. HCC Certified Medical Coder- Up to 30k In hand Minimum 1+ year of experience in HCC coding 2. Quality Analyst (HCC)- Up to 34k In hand Minimum 2+ years of experience in HCC coding with Quality Analyst (QA) knowledge Eligibility: Mandatory Certification: CPC / CPC-A / CRC / CCS Work Location: Hyderabad Work From Office (WFO) Immediate joiners or candidates with up to 30 days' notice period preferred Relieving letter is not required If you're interested, please share your updated resume. WhatsApp Only: 9490545235",https://www.naukri.com/job-listings-we-are-hiring-for-hcc-certified-medical-coders-access-healthcare-hyderabad-1-to-2-years-080826013639,2026-08-08T12:47:00Z
naukri,080826013196,Clinical Data Coordinator,Airvin Skills,123827985,,Hybrid - Hyderabad,India,IN,+91,Not disclosed,,,,,0,0,full_time,Non Clinical,Clinical Data Management,Clinical Data Management,Clinical Data Management|Clinical Research,Clinical Data Management=8;Clinical Research=7,high,title|skills|description,false,hospital,1112,"Clinical Trials,Verbal Communication,Clinical Research,Clinical Data Management,Leadership,Clinical Operations,Computer Skills,Leadership Skills",10,https://img.naukimg.com/logo_images/groups/v1/9181901.gif,2026-08-08,"The Clinical Data Coordinator (Intern / Fresher Level) plays a crucial role in ensuring the integrity and quality of clinical trial data Fresher Recent graduate with a degree in life sciences,statistics,computer science,health informatics,or a related field Prior experience in a healthcare or research setting Experience with data quality review and query management",https://www.naukri.com/job-listings-clinical-data-coordinator-airvin-skills-hyderabad-chennai-bengaluru-0-to-0-years-080826013196,2026-08-08T12:47:00Z
naukri,080826012750,Regulatory Affairs Associate,Airvin Skills,123827985,,Hybrid - Hyderabad,India,IN,+91,Not disclosed,,,,,0,0,full_time,Non Clinical,Regulatory Affairs,Regulatory Affairs,Regulatory Affairs|Clinical Research,Regulatory Affairs=10;Clinical Research=4,high,title|skills|description,false,hospital,1112,"Regulatory Affairs,Clinical Research,Regulatory Compliance,Drug Regulatory Affairs,Team Coordination,Medical Devices,Pharmacovigilance,Clinical Trials",10,https://img.naukimg.com/logo_images/groups/v1/9181901.gif,2026-08-08,"We are looking for a passionate and detail-oriented Regulatory Affairs Specialist (Fresher) to join our life sciences and healthcare compliance team This role offers a great opportunity for recent graduates in pharmacy,biotechnology,life sciences,or related fields to begin their careers in the pharmaceutical and healthcare regulatory sector Preferred Skills (Good to Have): .",https://www.naukri.com/job-listings-regulatory-affairs-associate-airvin-skills-hyderabad-chennai-bengaluru-0-to-0-years-080826012750,2026-08-08T12:47:00Z
naukri,080826011423,Medical Reviewer Physician,Gratitude India,4229094,Gratitude India,Mumbai,India,IN,+91,"80,000-1 Lacs PA",80000,100000,INR,per_annum,2,5,full_time,Non Clinical,Medical Reviewer,Medical Reviewer,Medical Reviewer|Pharmacovigilance,Medical Reviewer=5;Pharmacovigilance=3,high,title,false,hospital,1109,"Medical Doctor,clinical experience,Medical Summarization,Medical,Review,Clinical",21,https://img.naukimg.com/logo_images/groups/v1/280968.gif,2026-08-08,Strong knowledge of Pharmacovigilance adverse event review causality assessment medical coding case narratives SUSARs regulatory compliance and drug safety Excellent medical decision making communication follow up query management and multidiscipline Mandatory profile: MBBS doctor with at least 2 years of clinical and / or Pharmacovigilance experience,https://www.naukri.com/job-listings-medical-reviewer-physician-gratitude-india-mumbai-ahmedabad-bengaluru-2-to-5-years-080826011423,2026-08-08T12:47:00Z
naukri,080826010669,Drug Safety Associate,Proxima Skills Training Consulting Services,125184785,,Chennai,India,IN,+91,4 Lacs PA,400000,400000,INR,per_annum,0,0,full_time,Non Clinical,Pharmacovigilance,Pharmacovigilance,Pharmacovigilance|Clinical Research,Pharmacovigilance=16;Clinical Research=3,high,title|skills|description,false,hospital,1112,"Drug Safety,Pharmacovigilance,Clinical Research,Pharmacy,Medical Transcription,Clinical,Pharmaceutical,Drug",1000,https://img.naukimg.com/logo_images/groups/v1/12414750.gif,2026-08-08,"Role & responsibilities As a Drug Safety Associate / Pharmacovigilance Associate, you will be involved in adverse event case processing, safety data entry, and regulatorycompliant reporting under the guidance of senior safety specialists.medipharmsolutions+2 Key Responsibilities: Receive, review and process Individual Case Safety Reports (ICSRs) from clinical trials and postmarketing sources.biotecnika+2 Perform data entry of adverse events into pharmacovigilance / safety databases with high accuracy and timelines.himalayas+2 Perform MedDRA coding of adverse events, drugs and medical history (training will be provided).cliniminds+2 Assist in the preparation of case narratives, followup queries and basic safety reports for regulatory submission.biotecnika+1 Support literature surveillance and safety information tracking as per project requirements.bcri+1 Maintain documentation, follow SOPs / work instructions and ensure compliance with global drug safety regulations.iicrm+2 Work closely with senior Drug Safety / PV team members on quality checks and continuous improvement",https://www.naukri.com/job-listings-drug-safety-associate-proxima-skills-training-consulting-services-chennai-bengaluru-mumbai-all-areas-0-to-0-years-080826010669,2026-08-08T12:47:00Z
naukri,011025021175,Nutritionist - Wellness Expert & Brand Representative,Suisan Services,124607198,,Noida,India,IN,+91,3-5 Lacs PA,300000,500000,INR,per_annum,0,2,full_time,Public Health,Public Health Nutrition,Public Health,Public Health,Public Health=5,high,title,false,hospital,1109,"Nutraceuticals,Healthcare Sales,Probiotics,Communication Skills,Healthcare Marketing,Nutrition,Wellness,Healthcare",10,https://img.naukimg.com/logo_images/groups/v1/11671130.gif,2026-08-08,"Nutrition / Dietetics / Food Science / Life Sciences / Microbiology / Biotechnology . Strong academic interest in gut health,probiotics,and clinical nutrition preferred . Freshers or candidates with up to 1 year of relevant exposure (internship / field work) Required Skills & Competencies . On field Experience: 01 Year",https://www.naukri.com/job-listings-nutritionist-wellness-expert-brand-representative-suisan-services-noida-greater-noida-delhi-ncr-0-to-2-years-011025021175,2026-08-08T12:47:00Z
naukri,080826000240,Field Medical Officer,Adani Group,8474,,Tirora,India,IN,+91,Not disclosed,,,,,10,15,full_time,Non Clinical,MSL,MSL,MSL,MSL=5,high,title,false,hospital,1108,"Emergency Response,Leadership,Health Care Services,Nutrition,Health,Occupational Health,Industrial,Setting",,https://img.naukimg.com/logo_images/groups/v1/763714.gif,2026-08-07,"Qualifications and Experience . .Educational Qualification: MBBS degree from a recognized medical institution,with CIH / AFIH/DIH Certification Respond promptly to medical emergencies,providing necessary treatment and coordinating with external medical services as required Work Experience (Range of years): minimum",https://www.naukri.com/job-listings-field-medical-officer-adani-group-tirora-10-to-15-years-080826000240,2026-08-08T12:47:00Z
naukri,030726011408,Medical Safety Director,IQVIA,314023,,Remote,India,IN,+91,Not disclosed,,,,,10,20,full_time,Non Clinical,Pharmacovigilance,Pharmacovigilance,Pharmacovigilance|Clinical Research,Pharmacovigilance=8;Clinical Research=3,high,skills|description,false,hospital,1112,"Pharmacovigilance,Aggregate Reporting,Signal Detection,Clinical Trials,Safety,Clinical,Signalling,Direct",3,https://img.naukimg.com/logo_images/groups/v1/3248522.gif,2026-08-07,"Role Name - Medical Safety Director. Education Qualification - MBBS / MD. . Work Location - Pan India. . Work Mode - Home Based. . Years of exp - 12+ yrs of PV exp,7+ yrs in AR and Signal. . Skillset - In depth experience in writing and reviewing Aggregate reports,Signal management,Clinical trial docs",https://www.naukri.com/job-listings-medical-safety-director-iqvia-bengaluru-10-to-20-years-030726011408,2026-08-08T12:47:00Z
naukri,030726011539,Associate Medical Safety Director,IQVIA,314023,,Remote,India,IN,+91,Not disclosed,,,,,8,13,full_time,Non Clinical,Pharmacovigilance,Pharmacovigilance,Pharmacovigilance|Clinical Research,Pharmacovigilance=8;Clinical Research=3,high,skills|description,false,hospital,1112,"Pharmacovigilance,Aggregate Reporting,Signal Detection,Clinical Trials,Clinical,Direct,Reporting,Aggregate",3,https://img.naukimg.com/logo_images/groups/v1/3248522.gif,2026-08-07,"Role Name - Medical Safety Director. Education Qualification - MBBS / MD. . Work Location - Pan India. . Work Mode - Home Based. . Years of exp - 7+ yrs of PV exp,3+ yrs in AR and Signal. . Skillset - In depth experience in writing and reviewing Aggregate reports,Signal management,Clinical trial docs 24-hour medical support as required on assigned projects",https://www.naukri.com/job-listings-associate-medical-safety-director-iqvia-bengaluru-8-to-13-years-030726011539,2026-08-08T12:47:00Z
naukri,070826038212,Urjent Hiring For Ed Facility Coder/QA,Eclat Health Solutions,2273668,,Navi Mumbai,India,IN,+91,3-8 Lacs PA,300000,800000,INR,per_annum,2,6,full_time,Non Clinical,Medical Coding,Medical Coding,Medical Coding,Medical Coding=13,high,title|skills,false,hospital,1109,"ED Facility,Ccs,CRC,Medical coder,CPC,CPC Certified,Medical Coding,Quality assurance",10,https://img.naukimg.com/logo_images/groups/v1/4660237.gif,2026-08-07,Responsibilities: Maintain confidentiality at all times Collaborate with healthcare team on coding queries Accurately code medical records using Ed Facility software Meet deadlines for submission of codes,https://www.naukri.com/job-listings-urjent-hiring-for-ed-facility-coder-qa-eclat-health-solutions-navi-mumbai-2-to-6-years-070826038212,2026-08-08T12:47:00Z
naukri,070826039807,Sr Statistical Programmer(ADaM & TLF),Syneos Health,4951128,,Hyderabad,India,IN,+91,Not disclosed,,,,,5,10,full_time,Non Clinical,Clinical Data Management,Clinical Data Management,Clinical Data Management,Clinical Data Management=12,high,title|skills|description,false,hospital,1112,"Statistical Programming,Adam,Sdtm,SR,Program,Statistics,Adams,Programming",,https://img.naukimg.com/logo_images/groups/v1/7740739.gif,2026-08-07,"Role & responsibilities Job Responsibilities Uses SAS or other software to develop custom programming code to generate summary tables, data listings, graphs and derived datasets as specified in the statistical analysis plan and programming specifications. Works to ensure that outputs meet quality standards and project requirements. Performs validation programming and works with other Programmers, Biostatisticians, and other project team members to resolve discrepancies or any findings. Keeps project team members informed of programming progress and issues requiring their attention. Follow applicable SOPs, WIs, and relevant regulatory guidelines (e.g. ICH). Maintains well organized, complete, and up-to-date project documentation, testing, and verification/quality control documents and programs ensuring inspection readiness. Manages scheduling and time constraints across multiple projects at a time, sets goals based on priorities from management, and adapts to timeline or priority changes by reorganizing daily workload. Develops specifications for datasets and outputs of any complexity according to statistical and sponsor requirements. Anticipates and addresses potential programming issues, reflects forethought, establishes the basis for efficient programming and accurately defines all variables to be accepted by peer review and sponsor/requestor with little rework. Prepares in advance for internal meetings, contributes ideas, and demonstrates respect for opinions of others. Conducts effective internal meetings (appropriate in format, frequency and attendance). Distributes relevant information in advance. Ensures minutes are promptly and accurately distributed. Follows action items through to completion, and maintains order and focus of meetings, working toward consensus. Displays willingness to work with others and assist with projects and initiatives as necessary to meet the needs of the business. Negotiates and establishes accurate time estimates for completion of study programming activities with internal team members and statistical programming management, and completes project programming activities within timeframe allotted. Acts as the lead statistical programmer. Directs the programming activities of other programming personnel and monitors progress on programming deliverables. Reviews project documentation such as Statistical Analysis Plan, mock shells, programming specifications, annotated CRFs, and SAS database design. Provides feedback to the appropriate project team members which reflects forethought and reduces inefficiencies in programming activities. Participates in sponsor meetings, kickoff meetings, and bid defense meetings as statistical programming representative, as required by sponsor. Contributes to the mentoring of programming personnel through developing training courses, presenting training materials, reviewing work, and providing feedback or guiding new associates in process. Transfers deliverables. Performs other work-related duties as assigned. Minimal travel may be required. Qualifications: Undergraduate degree, preferably in a scientific or statistical discipline; in lieu of degree, an equivalent combination of education and demonstrated programming experience. Require 5+ years of experience in SAS Programming or other required software, preferably in a clinical trial environment. Must have strong experience in CDISC- ADAM & TLF generation. Good to have experience of submission activities. Must have strong experience in Base SAS, Advance SAS/ SAS Macros. Excellent written and verbal communication skills. Ability to read, write, speak and understand English. Email:trupti.kauthankar@syneoshealth.com",https://www.naukri.com/job-listings-sr-statistical-programmer-adam-tlf-syneos-health-hyderabad-5-to-10-years-070826039807,2026-08-08T12:47:00Z
naukri,070826039769,Sr Statistical Programmer(ADaM & TLF),Syneos Health,4951128,,Remote,India,IN,+91,Not disclosed,,,,,5,10,full_time,Non Clinical,Clinical Data Management,Clinical Data Management,Clinical Data Management,Clinical Data Management=12,high,title|skills|description,false,hospital,1112,"Adam,Statistical Programming,Sdtm,Tlf,Adams,Statistics,Program,SR",,https://img.naukimg.com/logo_images/groups/v1/7740739.gif,2026-08-07,"Role & responsibilities Job Responsibilities Uses SAS or other software to develop custom programming code to generate summary tables, data listings, graphs and derived datasets as specified in the statistical analysis plan and programming specifications. Works to ensure that outputs meet quality standards and project requirements. Performs validation programming and works with other Programmers, Biostatisticians, and other project team members to resolve discrepancies or any findings. Keeps project team members informed of programming progress and issues requiring their attention. Follow applicable SOPs, WIs, and relevant regulatory guidelines (e.g. ICH). Maintains well organized, complete, and up-to-date project documentation, testing, and verification/quality control documents and programs ensuring inspection readiness. Manages scheduling and time constraints across multiple projects at a time, sets goals based on priorities from management, and adapts to timeline or priority changes by reorganizing daily workload. Develops specifications for datasets and outputs of any complexity according to statistical and sponsor requirements. Anticipates and addresses potential programming issues, reflects forethought, establishes the basis for efficient programming and accurately defines all variables to be accepted by peer review and sponsor/requestor with little rework. Prepares in advance for internal meetings, contributes ideas, and demonstrates respect for opinions of others. Conducts effective internal meetings (appropriate in format, frequency and attendance). Distributes relevant information in advance. Ensures minutes are promptly and accurately distributed. Follows action items through to completion, and maintains order and focus of meetings, working toward consensus. Displays willingness to work with others and assist with projects and initiatives as necessary to meet the needs of the business. Negotiates and establishes accurate time estimates for completion of study programming activities with internal team members and statistical programming management, and completes project programming activities within timeframe allotted. Acts as the lead statistical programmer. Directs the programming activities of other programming personnel and monitors progress on programming deliverables. Reviews project documentation such as Statistical Analysis Plan, mock shells, programming specifications, annotated CRFs, and SAS database design. Provides feedback to the appropriate project team members which reflects forethought and reduces inefficiencies in programming activities. Participates in sponsor meetings, kickoff meetings, and bid defense meetings as statistical programming representative, as required by sponsor. Contributes to the mentoring of programming personnel through developing training courses, presenting training materials, reviewing work, and providing feedback or guiding new associates in process. Transfers deliverables. Performs other work-related duties as assigned. Minimal travel may be required. Qualifications: Undergraduate degree, preferably in a scientific or statistical discipline; in lieu of degree, an equivalent combination of education and demonstrated programming experience. Require 5+ years of experience in SAS Programming or other required software, preferably in a clinical trial environment. Must have strong experience in CDISC- ADAM & TLF generation. Good to have experience of submission activities. Must have strong experience in Base SAS, Advance SAS/ SAS Macros. Excellent written and verbal communication skills. Ability to read, write, speak and understand English.",https://www.naukri.com/job-listings-sr-statistical-programmer-adam-tlf-syneos-health-hyderabad-5-to-10-years-070826039769,2026-08-08T12:47:00Z
naukri,070826039285,Senior Data Integration Analyst,Manpowergroup Services India,742,Manpowergroup Services India,Hybrid - Hyderabad,India,IN,+91,8-15 Lacs PA,800000,1500000,INR,per_annum,4,6,full_time,Non Clinical,Clinical Research,Clinical Research,Clinical Research|Clinical Data Management,Clinical Research=4;Clinical Data Management=3,medium,skills,false,hospital,1112,"Quality by Design,R Programming,Clinical Data Management,Clinical Trial Integration,Data Integration,Central Labs Integration,SAS,Decentralized Clinical Trials",2,https://img.naukimg.com/logo_images/groups/v1/6542981.gif,2026-08-07,"At least 3 years experience in clinical data management and more than 1 years in external data integration and mapping Strong experience with CDM and related regulations (incl Bachelor or Master of Science degree or above,preferably in a life science or mathematics-related area (e.g.,Pharmaceutical,medical,or mathematics,computer science or similar technical fields)",https://www.naukri.com/job-listings-senior-data-integration-analyst-manpowergroup-services-india-hyderabad-4-to-6-years-070826039285,2026-08-08T12:47:00Z
naukri,070826039019,Principal Data Standards Analyst,Manpowergroup Services India,742,Manpowergroup Services India,Hybrid - Hyderabad,India,IN,+91,10-15 Lacs PA,1000000,1500000,INR,per_annum,7,9,full_time,Non Clinical,Clinical Data Management,Clinical Data Management,Clinical Data Management,Clinical Data Management=6,high,skills|description,false,hospital,1112,"CDASH,CDISC,Sdtm,Metadata Governance,Data Standards Management,TransCelerate,Therapeutic Area Standards,eCRF Review",2,https://img.naukimg.com/logo_images/groups/v1/6542981.gif,2026-08-07,"Preferred CDISC certification in one of more of the models) Bachelor s degree or above,preferably in Life Science or related field Expected Experience: . At least 7-8 years of relevant professional experience in Pharmaceutical Industry,with strong involvement in the clinical data flow,specialized in Data Standards Management",https://www.naukri.com/job-listings-principal-data-standards-analyst-manpowergroup-services-india-hyderabad-7-to-9-years-070826039019,2026-08-08T12:47:00Z
naukri,070826038190,Hiring HCC Medical Coders,Access Healthcare,911802,,Hyderabad,India,IN,+91,3-4.25 Lacs PA,300000,425000,INR,per_annum,1,3,full_time,Non Clinical,Medical Coding,Medical Coding,Medical Coding,Medical Coding=20,high,title|skills|description,false,hospital,1112,"Hcc Coding,Hcc,Ccs,CPC,Medical Coding,Coding,Hiring,Medical",100,https://img.naukimg.com/logo_images/groups/v1/2750596.gif,2026-08-07,Eligibility . Role: Certified HCC Coder. Experience: Minimum 1 year. Certification: Mandatory,https://www.naukri.com/job-listings-hiring-hcc-medical-coders-access-healthcare-hyderabad-chennai-1-to-3-years-070826038190,2026-08-08T12:47:00Z
naukri,070826038077,Opportunity For Medical Coders & Sr Medical Coder - Bangalore !!!,INFINX,2461068,,Bangalore Rural,India,IN,+91,Not disclosed,,,,,1,5,full_time,Non Clinical,Medical Coding,Medical Coding,Medical Coding,Medical Coding=12,high,title|skills,false,hospital,1112,"Ortho,Coding,Cardiovascular,Cardio,Orthopedics,Neurosurgery,Medical coding,Medical",,https://img.naukimg.com/logo_images/groups/v1/4668391.gif,2026-08-07,"Bachelors degree desired,or any equivalent combination of education and experience Excellent written and oral communication skills required to represent Infinx Clients Claims management and / or customer service experience desired Experience 13 years experience in Coding. . .",https://www.naukri.com/job-listings-opportunity-for-medical-coders-sr-medical-coder-bangalore-infinx-bangalore-rural-bengaluru-1-to-5-years-070826038077,2026-08-08T12:47:00Z
naukri,070826037925,Clinical Research Associate,Zuventus Healthcare Limited,16156,,Navi Mumbai,India,IN,+91,Not disclosed,,,,,4,7,full_time,Non Clinical,Clinical Research,Clinical Research,Clinical Research,Clinical Research=7,high,title|skills,false,hospital,1112,"Clinical Research,Pharmacovigilance,Research,Clinical",,https://img.naukimg.com/logo_images/groups/v1/431460.gif,2026-08-07,Preparation the presentations as per the requirement,https://www.naukri.com/job-listings-clinical-research-associate-zuventus-healthcare-limited-navi-mumbai-mumbai-all-areas-4-to-7-years-070826037925,2026-08-08T12:47:00Z
naukri,070826037856,Opportunity For Medical Coders & Sr Medical Coder - Bangalore !!!!,INFINX,2461068,,Bangalore Rural,India,IN,+91,Not disclosed,,,,,1,5,full_time,Non Clinical,Medical Coding,Medical Coding,Medical Coding,Medical Coding=12,high,title|skills,false,hospital,1109,"Coding,Medical,Medical coding,SR",,https://img.naukimg.com/logo_images/groups/v1/4668391.gif,2026-08-07,"Bachelors degree desired,or any equivalent combination of education and experience Excellent written and oral communication skills required to represent Infinx Clients Claims management and / or customer service experience desired Experience 13 years experience in Coding. . .",https://www.naukri.com/job-listings-opportunity-for-medical-coders-sr-medical-coder-bangalore-infinx-bangalore-rural-bengaluru-1-to-5-years-070826037856,2026-08-08T12:47:00Z
naukri,070826037408,Hiring HCC Medical Coders,Access Healthcare,911802,,Hyderabad,India,IN,+91,3-4.25 Lacs PA,300000,425000,INR,per_annum,1,3,full_time,Non Clinical,Medical Coding,Medical Coding,Medical Coding,Medical Coding=20,high,title|skills|description,false,hospital,1112,"Hcc Coding,Hcc,Ccs,CPC,Medical Coding,Coding,Hiring,Medical",100,https://img.naukimg.com/logo_images/groups/v1/2750596.gif,2026-08-07,Eligibility . Role: Certified HCC Coder. Experience: Minimum 1 year. Certification: Mandatory,https://www.naukri.com/job-listings-hiring-hcc-medical-coders-access-healthcare-hyderabad-chennai-1-to-3-years-070826037408,2026-08-08T12:47:00Z
naukri,070826037045,HCC Non Certified,Access Healthcare,911802,,Chennai,India,IN,+91,Not disclosed,,,,,1,3,full_time,Non Clinical,Medical Coding,Medical Coding,Medical Coding,Medical Coding=11,high,title|skills|description,false,hospital,1109,"Hcc,CPT,Medical Coding Jobs,Medical Records,Hcc Coding,ICD,Medical Coding,Certified",100,https://img.naukimg.com/logo_images/groups/v1/2750596.gif,2026-08-07,Openings for HCC Non Certified Coder . Experience: 10 month to 2yrs .,https://www.naukri.com/job-listings-hcc-non-certified-access-healthcare-chennai-1-to-3-years-070826037045,2026-08-08T12:47:00Z
naukri,070826036617,Assistant Manager HCC Medical Coding Risk Adjustment,Novelite Rcm,125752510,,Hyderabad,India,IN,+91,8-10 Lacs PA,800000,1000000,INR,per_annum,8,10,full_time,Non Clinical,Medical Coding,Medical Coding,Medical Coding,Medical Coding=30,high,title|skills|description,false,hospital,1112,"Assistant Manager,Team Management,HCC Coding,Medical Coding,Operations Management,Productivity,Risk Adjustment,TAT",10,https://img.naukimg.com/logo_images/groups/v1/12472348.gif,2026-08-07,"Job Title : Assistant Manager HCC Medical Coding / Risk Adjustment We are looking for an experienced Assistant Manager HCC Medical Coding / Risk Adjustment to lead and manage HCC coding operations while overseeing multiple teams of HCC / Risk Adjustment Medical Coders. The candidate will be responsible for driving operational excellence, ensuring coding quality, productivity, client satisfaction, SLA adherence, people management, process improvements, and compliance with CMS Risk Adjustment guidelines. The role requires strong expertise in HCC Coding, Risk Adjustment, ICD-10-CM, CMS guidelines, Medicare Advantage, and operations management. Roles & Responsibilities Manage end-to-end HCC / Risk Adjustment Medical Coding operations across multiple teams. Lead, mentor, and develop Team Leads, SMEs, and HCC Medical Coders to achieve operational goals. Ensure accurate coding in accordance with HCC, ICD-10-CM, CMS, Risk Adjustment, and Medicare Advantage guidelines. Drive team performance by monitoring productivity, quality, accuracy, TAT, SLA, and utilization metrics. Review operational dashboards and implement action plans to achieve business KPIs. Oversee coding quality audits, identify trends, and implement preventive and corrective actions. Collaborate with Quality, Training, Audit, and Operations teams to improve coding accuracy and compliance. Handle client escalations, operational issues, and complex coding-related queries. Ensure adherence to client requirements, regulatory guidelines, HIPAA compliance, and internal quality standards. Conduct regular governance meetings, performance reviews, and operational reviews with internal stakeholders and clients. Develop and implement process improvement initiatives to enhance productivity, quality, and operational efficiency. Analyze productivity, quality, and financial metrics and prepare daily, weekly, and monthly MIS reports. Support resource planning, capacity planning, workforce allocation, and forecasting activities. Drive employee engagement, retention, succession planning, and performance management initiatives. Support recruitment, interviewing, onboarding, and development of new team members. Ensure successful completion of internal, external, and client audits. Identify operational risks and proactively implement mitigation plans. Foster a culture of continuous learning, accountability, and operational excellence. Required Skills Strong expertise in HCC Coding and Risk Adjustment. Excellent knowledge of ICD-10-CM coding guidelines. Strong understanding of CMS Risk Adjustment and Medicare Advantage. Experience in HCC chart review, medical record review, and coding audits. Strong knowledge of coding quality, compliance, and audit methodologies. Proven experience managing productivity, quality, TAT, SLA, and operational KPIs. Excellent leadership, stakeholder management, and people management skills. Strong analytical, problem-solving, and decision-making abilities. Experience in client communication and operational governance. Proficiency in MS Excel, reporting tools, and MIS preparation. Ability to manage escalations, drive process improvements, and deliver operational excellence. Experience 810 years of experience in US Healthcare / Medical Coding. Minimum 3–5 years of experience in Team Lead, Assistant Manager, or Operations Management roles. Experience managing multiple teams or 30–100+ coders is preferred. Strong experience in Medicare Advantage, HCC Coding, Risk Adjustment, Quality, and Operations Management. Qualification Any Graduate / Post Graduate. CPC / CRC / CCS / CIC certification is preferred. Relevant medical coding certification with strong HCC/Risk Adjustment experience will be an added advantage. Preferred Candidate Profile Looking for candidates with strong expertise in HCC Medical Coding / Risk Adjustment Operations, who have demonstrated success in managing large teams, driving coding quality, improving productivity, ensuring compliance, handling client relationships, and delivering operational excellence in a US Healthcare environment. Key Skills HCC Coding | Risk Adjustment | Medical Coding | ICD-10-CM | CMS | Medicare Advantage | HCC | Chart Review | Coding Audit | Coding Quality | Operations Management | Assistant Manager | Team Management | People Management | Productivity | Quality | TAT | SLA | Client Management | MIS Reporting | US Healthcare | RCM Interested candidates can share their updated resume to: hr@novelitercm.com",https://www.naukri.com/job-listings-assistant-manager-hcc-medical-coding-risk-adjustment-novelite-rcm-hyderabad-8-to-10-years-070826036617,2026-08-08T12:47:00Z
naukri,070826035527,HCC Medical Coder Hyderabad,Access Healthcare,911802,,Hyderabad,India,IN,+91,Not disclosed,,,,,1,3,full_time,Non Clinical,Medical Coding,Medical Coding,Medical Coding,Medical Coding=18,high,title|skills,false,hospital,1112,"Medical coder,HCC,CPC Certified,ICD,Medical Coding,Certified,Coding,Medical",100,https://img.naukimg.com/logo_images/groups/v1/2750596.gif,2026-08-07,Location : Hyderabad . Interview Mode: Virtual . Certification is Must . Contact: Preethi HR - 8072406288(Call / WhatsApp) . For Interview schedule and more queries Preferred Immediate Joiner/ Notice period is also acceptable,https://www.naukri.com/job-listings-hcc-medical-coder-hyderabad-access-healthcare-hyderabad-1-to-3-years-070826035527,2026-08-08T12:47:00Z
naukri,070826033959,Quality Analyst- Medical Coding - Radiology,CorroHealth,742605,,Chennai,India,IN,+91,Not disclosed,,,,,3,8,full_time,Non Clinical,Medical Coding,Medical Coding,Medical Coding,Medical Coding=7,high,title|skills,false,hospital,1112,"Radiology,Medical Coding,CPT Coding,Coding,Quality,CPT,Medical,Quality analysis",,https://img.naukimg.com/logo_images/groups/v1/8172399.gif,2026-08-07,"Key Responsibilities Conduct quality audits of radiology reports including X-Ray, CT, MRI, Ultrasound, Mammography, and other imaging modalities. Review reports for accuracy, completeness, consistency, and compliance with quality standards. Identify reporting errors, discrepancies, and documentation gaps, and provide feedback to radiologists and reporting teams. Monitor and maintain quality KPIs, TAT (Turnaround Time), and accuracy metrics. Ensure compliance with regulatory, accreditation, and organizational quality guidelines. Prepare quality dashboards, audit reports, and monthly performance analyses. Collaborate with radiologists, technicians, and operations teams to implement corrective and preventive actions (CAPA). Support root cause analysis for quality issues and recommend process improvements. Track recurrent errors and develop quality improvement plans. Participate in internal audits, quality meetings, and training sessions. Maintain quality records and documentation as per company standards.",https://www.naukri.com/job-listings-quality-analyst-medical-coding-radiology-corrohealth-chennai-3-to-8-years-070826033959,2026-08-08T12:47:00Z
naukri,070826033064,DRA Officer,Brawn Laboratories,192777,,Faridabad,India,IN,+91,2-2.75 Lacs PA,200000,275000,INR,per_annum,1,2,full_time,Non Clinical,Regulatory Affairs,Regulatory Affairs,Regulatory Affairs,Regulatory Affairs=5,high,skills|description,false,pharma,1112,"Drug Regulatory Affairs,DRA,Medical Devices,Regulatory,Devices,Drug,Medical,Regulatory affairs",,https://img.naukimg.com/logo_images/groups/v1/4584897.gif,2026-08-07,Candidate should have experience of working as DRA in Medical Device Company. Drug Regulatory Affairs Officer in Medical Device company.,https://www.naukri.com/job-listings-dra-officer-brawn-laboratories-faridabad-1-to-2-years-070826033064,2026-08-08T12:47:00Z
naukri,070826032849,Hiring UK Experienced Medical Coders For Vee Healthtek,Vee Healthtek,123963551,,Hyderabad,India,IN,+91,Not disclosed,,,,,2,7,full_time,Non Clinical,Medical Coding,Medical Coding,Medical Coding,Medical Coding=12,high,title|skills|description,false,hospital,1109,"UK Coding,Medical Coding,OPCS,Medicode,SDS,IP Drg,General Surgery,Ccs",5,https://img.naukimg.com/logo_images/groups/v1/9197283.gif,2026-08-07,"Graduate in Life Sciences,Pharmacy,Nursing,Physiotherapy,Biotechnology,Microbiology,or related healthcare disciplines Certified Medical Coding qualification preferred Required Skills & Qualifications Preferred Experience Experience in UK Medical Coding is mandatory Good analytical and comprehension skills 1 to 5+ years of experience in UK Medical Coding",https://www.naukri.com/job-listings-hiring-uk-experienced-medical-coders-for-vee-healthtek-vee-healthtek-hyderabad-chennai-bengaluru-2-to-7-years-070826032849,2026-08-08T12:47:00Z
naukri,070826032433,HCC Medical Coder Hyderabad,Access Healthcare,911802,,Hyderabad,India,IN,+91,Not disclosed,,,,,1,3,full_time,Non Clinical,Medical Coding,Medical Coding,Medical Coding,Medical Coding=18,high,title|skills,false,hospital,1112,"Medical coder,HCC,CPC Certified,ICD,Medical Coding,Coding,CPC,Hcc Coding",100,https://img.naukimg.com/logo_images/groups/v1/2750596.gif,2026-08-07,Location : Hyderabad . Interview Mode: Virtual . Certification is Must . Contact: Kavitha M HR - 7825827715(Call / WhatsApp) . For Interview schedule and more queries Preferred Immediate Joiner/ Notice period is also acceptable,https://www.naukri.com/job-listings-hcc-medical-coder-hyderabad-access-healthcare-hyderabad-1-to-3-years-070826032433,2026-08-08T12:47:00Z
naukri,070826031991,Hiring HCC Medical Coder,Access Healthcare,911802,,Hyderabad,India,IN,+91,1.25-6.25 Lacs PA,125000,625000,INR,per_annum,1,4,full_time,Non Clinical,Medical Coding,Medical Coding,Medical Coding,Medical Coding=20,high,title|skills,false,hospital,1112,"CRC,Medical coder,CPC,HCC,ICD,Ccs,Medical coding,Medical",100,https://img.naukimg.com/logo_images/groups/v1/2750596.gif,2026-08-07,Virtual interview ( WFO) . Certification Mandatory. *Immediate Joiners Preferred to 2 month NP accepted.*,https://www.naukri.com/job-listings-hiring-hcc-medical-coder-access-healthcare-hyderabad-chennai-1-to-4-years-070826031991,2026-08-08T12:47:00Z
naukri,070826030437,Assistant Manager - Medical Affairs,GUFIC BIOSCIENCES LIMITED,5655204,,Mumbai,India,IN,+91,Not disclosed,,,,,3,8,full_time,Non Clinical,MSL,MSL,MSL,MSL=8,high,title|skills|description,false,hospital,1112,"Medical,Life Sciences,Clinical,Assistance,Science,Management,Medical affairs",,https://img.naukimg.com/logo_images/groups/v1/2792430.gif,2026-08-07,"1.Coordination & Collaboration: - Collaborate with the Neuro team and other cross-functional departments for the management of strategic initiatives. - Partner with the marketing team to develop scientifically accurate promotional materials (Visual Aids, LBLs, PILs, newsletters). - Collaborate with third-party agencies for outsourced medical inputs, ensuring quality and adherence to briefs. 2. Marketing & Training Support: - Create and update comprehensive product monographs, training slide decks, and CME slide decks for the botulinum toxin portfolio. - Conduct induction and refresher medical training for the field force, ensuring they can effectively communicate complex clinical information to healthcare professionals (HCPs). - Manage and resolve scientific queries from the field force regarding product use, efficacy, and safety. 3. Medical Information & Publications: • - Conduct in-depth literature searches to support medical communications, product positioning, and new product evaluations. • - Provide continuous medical support for existing brands, ensuring all content is evidence-based and up-to-date. • - Publish manuscripts and review articles in peer-reviewed journals to strengthen Organizations's scientific reputation in the neurocare therapeutic area. 4. KOL Engagement & External Representation: • - Attend and represent Organization’s at key conferences, workshops, and divisional meetings • - Coordinate for CMEs and webinars to facilitate scientific exchange with KOLs. • - Conduct field visits (PAN India) with the sales team to gather medical insights, competitive intelligence, and strengthen doctor relationships. 5. Product Evaluation & Strategic Input: • Evaluate new product/molecule opportunities through comprehensive reviews, including mechanism of action, clinical trial data, and competitive landscape analysis, providing strategic ""Go/No-go"" recommendations for the division. 6. Regulatory & Pharmacovigilance Support: • - Author and review domestic and export Product Package Inserts (PIs) ensuring compliance with DCGI and target country guidelines. • - Coordinate the reporting and follow-up of Adverse Events (AEs) with the QA/QC team, ensuring timely and compliant closure. 7. Clinical Trial Support: • - Provide medical support for clinical trial projects assigned to the division, ensuring documentation is accurate and timelines are met. 8. System & Process Adherence: • - Ensure all medical activities comply with internal SOPs, pharmacovigilance requirements, and industry regulations. • - Contribute to building a robust medical documentation system within the division.",https://www.naukri.com/job-listings-assistant-manager-medical-affairs-gufic-biosciences-limited-mumbai-all-areas-3-to-8-years-070826030437,2026-08-08T12:47:00Z
naukri,070826029587,"Openings For  ""Surgery, E/M with Cardio"" Coders || Bangalore location",Axis Services,896244,,Bengaluru,India,IN,+91,3.5-7.5 Lacs PA,350000,750000,INR,per_annum,1,6,full_time,Non Clinical,Medical Coding,Medical Coding,Medical Coding,Medical Coding=4,medium,skills,false,hospital,1112,"E/M,Orthopedic Surgery,Neurosurgery,Cardiology,Medical Coding,Ccs,Cardiac Surgery,IVR",20,https://img.naukimg.com/logo_images/groups/v1/178464.gif,2026-08-07,Min 1 year of experience is mandate into the above specialities. Certification mandate . Work From Office.,https://www.naukri.com/job-listings-openings-for-surgery-e-m-with-cardio-coders-bangalore-location-axis-services-bengaluru-1-to-6-years-070826029587,2026-08-08T12:47:00Z
naukri,060826034206,"Hiring For ""Clinical Development - Medidata Rave""",HCLTech,838417,,Hybrid - Hyderabad,India,IN,+91,10-20 Lacs PA,1000000,2000000,INR,per_annum,7,12,full_time,Non Clinical,Clinical Data Management,Clinical Data Management,Clinical Data Management|Clinical Research,Clinical Data Management=16;Clinical Research=8,high,title|skills|description,false,hospital,1112,"clinical,Medidata Rave,Clinical Development,ticketing systems,Python,Ticketing,Development,Rave",3,https://img.naukimg.com/logo_images/groups/v1/194354.gif,2026-08-07,"Greetings from HCL! Currently Hiring for "" Clinical Development -Medidata Rave"" Experience - 7-10 years Location - Hyderabad / Chennai / Noida / Pune / Bangalore Notice period- Immediate to 30 days Only CTC - Can be discussed JD Must Haves Experience in the Clinical Development area, especially on Medidata Rave suite (preferably also back-end/ DB) Experience supporting systems and working with ticketing systems (i.e. Service Now) Python intermediate knowledge (RPA support and ad-hoc ) Java Basic knowledge (JAR file for authentication) Troubleshooting analysis advanced-expert skills Microsoft SQL Server stored procedures development intermediate level SQL advanced-expert skills API – REST webservices -intermediate level Nice to haves Tableau intermediate level SAS language, intermediate level GIT - intermediate level Atlassian : Bitbucket, Jira, Confluence - intermediate level VisualCron – basic level (cron scheduling tool) MSDOS command line basic level Experience in building IWR trials If Interested, please share below details along with updated resume Name- contact Number- Email ID- Total Experience- Relevant Experience- Current company- Preferred location- Notice Period- Current CTC- Expected CTC- Skill- Offer If Any - Interested candidate please drop mail to ""kushmathattanda.baby@hcltech.com"" Regards, Kushma kushmathattanda.baby@hcltech.com",https://www.naukri.com/job-listings-hiring-for-clinical-development-medidata-rave-hcltech-hyderabad-chennai-bengaluru-7-to-12-years-060826034206,2026-08-08T12:47:00Z
naukri,070826026564,HCC Medical Coder Hyderabad,Access Healthcare,911802,,Hyderabad,India,IN,+91,Not disclosed,,,,,1,3,full_time,Non Clinical,Medical Coding,Medical Coding,Medical Coding,Medical Coding=18,high,title|skills,false,hospital,1112,"Medical coder,HCC,CPC Certified,ICD,Medical Coding,Coding,CPC,Hcc Coding",100,https://img.naukimg.com/logo_images/groups/v1/2750596.gif,2026-08-07,Location : Hyderabad . Interview Mode: Virtual . Certification is Must . Contact: Tharshini HR - 9342521857 (Call / WhatsApp) . For Interview schedule and more queries Preferred Immediate Joiner/ Notice period is also acceptable,https://www.naukri.com/job-listings-hcc-medical-coder-hyderabad-access-healthcare-hyderabad-1-to-3-years-070826026564,2026-08-08T12:47:00Z
naukri,070826026340,Wanted  Medical Coding Analyst - Trichy,Resolve Medicode,1494342,,Ariyalur,India,IN,+91,1-2 Lacs PA,100000,200000,INR,per_annum,0,2,full_time,Non Clinical,Medical Coding,Medical Coding,Medical Coding,Medical Coding=7,high,title|skills,false,hospital,1109,"Medical Coding,Clinical Research,ICD,Pharmacovigilance,Medical Terminology,Clinical,Coding,Medical",50,https://img.naukimg.com/logo_images/groups/v1/746848.gif,2026-08-07,. Year passed out 2025-2026 . Skill Required . Strong communication and analytical skills with the ability to interpret and process medical information accurately,https://www.naukri.com/job-listings-wanted-medical-coding-analyst-trichy-resolve-medicode-ariyalur-thanjavur-tiruchirappalli-0-to-2-years-070826026340,2026-08-08T12:47:00Z
naukri,070826026224,Wanted  Medical Coding Associate  - New Delhi,Resolve Medicode,1494342,,Noida,India,IN,+91,1-2 Lacs PA,100000,200000,INR,per_annum,0,2,full_time,Non Clinical,Medical Coding,Medical Coding,Medical Coding,Medical Coding=7,high,title|skills,false,hospital,1109,"Medical Coding,E/M,Anesthesia,ICD,Anatomy,ED,Medical,E",50,https://img.naukimg.com/logo_images/groups/v1/746848.gif,2026-08-07,. Year passed out 2025-2026 . Skill Required,https://www.naukri.com/job-listings-wanted-medical-coding-associate-new-delhi-resolve-medicode-noida-new-delhi-gurugram-0-to-2-years-070826026224,2026-08-08T12:47:00Z
naukri,070826026086,Wanted  Medical Coding Specialist - Coimbatore,Resolve Medicode,1494342,,Pollachi,India,IN,+91,1-2 Lacs PA,100000,200000,INR,per_annum,0,2,full_time,Non Clinical,Medical Coding,Medical Coding,Medical Coding,Medical Coding=7,high,title|skills,false,hospital,1109,"Medical Coding,Clinical Research,ICD,Pharmacovigilance,Medical Terminology,Clinical,Coding,Medical",50,https://img.naukimg.com/logo_images/groups/v1/746848.gif,2026-08-07,"Eligibility . Any Graduate (Arts,Science,Commerce,Pharmacy,Nursing,Allied Health) Freshers and experienced candidates can apply Preferred Skills . Basic knowledge of medical terminology (preferred but not mandatory) Good communication and analytical skills Willingness to learn and work in the healthcare domain",https://www.naukri.com/job-listings-wanted-medical-coding-specialist-coimbatore-resolve-medicode-pollachi-coimbatore-erode-0-to-2-years-070826026086,2026-08-08T12:47:00Z
naukri,070826025905,"Wanted BPharm, MPharm, PharmD Graduates For Medical Coding Jobs",Achievers Spot,732481,Achievers Spot,Tirupathur,India,IN,+91,3.25-4.75 Lacs PA,325000,475000,INR,per_annum,0,1,full_time,Non Clinical,Medical Coding,Medical Coding,Medical Coding,Medical Coding=5,high,title,false,hospital,1112,"B.Pharm,Dietetics,Biotechnology,Medical Microbiology,Nutritionist,biology,Microbiology,Zoology",500,https://img.naukimg.com/logo_images/groups/v1/462850.gif,2026-08-07,Pick Up & Drop Facility. Food Facility. Day Shift. Nursing. GNM / DGNM. Life science graduates. Pharmacy. Bachelor of Science in Optometry. BSc - Physician Assistant. BSc - Radiology Imaging Technology. BSc - Radiotherapy Technology. BSc - Medical Record Science. BSc - Respiratory Therapy. BSc - Fitness and Lifestyle Modifications.,https://www.naukri.com/job-listings-wanted-bpharm-mpharm-pharmd-graduates-for-medical-coding-jobs-achievers-spot-tirupathur-chennai-bengaluru-0-to-1-years-070826025905,2026-08-08T12:47:00Z
naukri,070826025847,Wanted Junior Medical Coder - Bangalore,Resolve Medicode,1494342,,Hosur,India,IN,+91,1-2 Lacs PA,100000,200000,INR,per_annum,0,2,full_time,Non Clinical,Medical Coding,Medical Coding,Medical Coding,Medical Coding=7,high,title|skills,false,hospital,1109,"Medical Coding,E/M,Radiology,ICD,Anatomy,M,Coding,Medical",50,https://img.naukimg.com/logo_images/groups/v1/746848.gif,2026-08-07,"Any Graduate (Arts,Science,Commerce,Pharmacy,Nursing,Allied Health) Freshers and experienced candidates can apply Preferred Skills Basic knowledge of medical terminology (preferred but not mandatory) Good communication and analytical skills Willingness to learn and work in the healthcare domain Positive attitude and willingness to learn",https://www.naukri.com/job-listings-wanted-junior-medical-coder-bangalore-resolve-medicode-hosur-krishnagiri-bengaluru-0-to-2-years-070826025847,2026-08-08T12:47:00Z
naukri,070826025756,Wanted  Medical Coding Executive  - Madurai,Resolve Medicode,1494342,,Madurai(Rajapalayam +8),India,IN,+91,1-2 Lacs PA,100000,200000,INR,per_annum,0,2,full_time,Non Clinical,Medical Coding,Medical Coding,Medical Coding,Medical Coding=7,high,title|skills,false,hospital,1109,"Medical Coding,Clinical Research,Medical Transcription,ICD,Pharmacovigilance,Medical Terminology,Transcription,Clinical",50,https://img.naukimg.com/logo_images/groups/v1/746848.gif,2026-08-07,. Year passed out 2025-2026 . Skill Required,https://www.naukri.com/job-listings-wanted-medical-coding-executive-madurai-resolve-medicode-madurai-ramanathapuram-virudhunagar-0-to-2-years-070826025756,2026-08-08T12:47:00Z
naukri,070826025624,HCC Non Certified,Access Healthcare,911802,,Chennai,India,IN,+91,Not disclosed,,,,,1,3,full_time,Non Clinical,Medical Coding,Medical Coding,Medical Coding,Medical Coding=11,high,title|skills|description,false,hospital,1109,"Hcc,CPT,Medical Coding Jobs,Medical Records,Hcc Coding,ICD,Medical Coding,Coding",100,https://img.naukimg.com/logo_images/groups/v1/2750596.gif,2026-08-07,Openings for HCC Non Certified Coder . Experience: 10 month to 2yrs .,https://www.naukri.com/job-listings-hcc-non-certified-access-healthcare-chennai-1-to-3-years-070826025624,2026-08-08T12:47:00Z
naukri,070826025598,"Vacancy For 18-26 passout Bsc Nursing, Msc Nursing, GNM, DGNM",Achievers Spot,732481,Achievers Spot,Sivakasi,India,IN,+91,3.25-4.5 Lacs PA,325000,450000,INR,per_annum,0,1,full_time,Non Clinical,Medical Coding,Medical Coding,Medical Coding,Medical Coding=4,medium,skills,false,hospital,1112,"NURSE,ANM,MPHIL NURSING,Trainee Medical Coder,Medical Coding Jobs,medical coding intern,GNM,Midwifery",500,https://img.naukimg.com/logo_images/groups/v1/462850.gif,2026-08-07,Day shift with Sat and Sun off MALE STAFF NURSE . All (UG / PG) Life Science& Paramedical Graduates Pharmacy(BPharm M.pharm) Nursing Freshers . Pharmacy Freshers . Physiotherapy . Dentist . Life sciences . Biotechnology . Microbiology . Biomedical . Biochemistry . Bioinformatics . Botany . Zoology . GNM . DGNM . Requirement: .,https://www.naukri.com/job-listings-vacancy-for-18-26-passout-bsc-nursing-msc-nursing-gnm-dgnm-achievers-spot-sivakasi-dindigul-chennai-0-to-1-years-070826025598,2026-08-08T12:47:00Z
naukri,070826025580,Wanted Medical Coding Process Associate - Madurai,Resolve Medicode,1494342,,Madurai(Gomathipuram +11),India,IN,+91,1-2 Lacs PA,100000,200000,INR,per_annum,0,2,full_time,Non Clinical,Medical Coding,Medical Coding,Medical Coding,Medical Coding=7,high,title|skills,false,hospital,1109,"Medical Coding,Clinical Research,Medical Transcription,ICD,Pharmacovigilance,Medical Terminology,Clinical,Process",50,https://img.naukimg.com/logo_images/groups/v1/746848.gif,2026-08-07,"MBBS,BDS,BHMS,BAMS,BSMS,PHARMACY BSc / MSc (Life Sciences / Biology / Bio Chemistry / Micro Biology / Nursing / Bio Technology),BPT,BE BIOMEDIAL,BTech (Biotechnology / Bio Chemistry). Year passed out 2025-2026 . Skill Required",https://www.naukri.com/job-listings-wanted-medical-coding-process-associate-madurai-resolve-medicode-madurai-ramanathapuram-virudhunagar-0-to-2-years-070826025580,2026-08-08T12:47:00Z
naukri,240925034810,Walk-in || Need Biomedical Engineering fresher For Medical coding Jobs,Access Healthcare,911802,,Chennai,India,IN,+91,1-2.5 Lacs PA,100000,250000,INR,per_annum,0,0,full_time,Non Clinical,Medical Coding,Medical Coding,Medical Coding,Medical Coding=12,high,title|skills|description,false,hospital,1109,"Medical Coding,fresher,Microbiology,Pharmacy,Zoology,Physiology,Biochemistry,Pharmacology",100,https://img.naukimg.com/logo_images/groups/v1/2750596.gif,2026-08-07,"Walk-in Drive for Medical Coding Freshers! Company: Accesshealthcare Role: Medical Coding (Non-certified freshers) Time: 11:00 AM Venue: Accesshealthcare, A9, 1st Main Road, Ambattur IE, Chennai 600058 (Near AIEMA Technical Centre) Map: https://maps.app.goo.gl/XYPKqoeckdkrRaMu8 Eligibility: Paramedical / Life Science / Allied Health background ( Provisional certificate or Convocation certificate mandatory) Strong in Human Anatomy & Physiology Only for non-certified freshers Carry with you: Resume Aadhaar Card Android phone (Version 14, 15, or 16) Important Notes: Selected candidates will be hired for HCC coding project company will train & sponsor CRC certification Shortlisted candidates must be ready to join before 4th Jun2 2026 Must produce Convocation / Provisional certificate on or before 3rd June 2026 Only candidates who graduated in 2022, 2023, 2024, or 2025 and hold a Provisional or Convocation certificate are eligible. 2026 graduates will not be considered. If you are a certified coder (CPC, CCS, COC, or CIC), please do not come for the interview tomorrow. Your interview will be rescheduled for June or July. We can only offer a take-home salary of Rs. 15,200 and shortlisted candidates will be considered for the HCC project, which includes CRC training and sponsored certification. If you dont have these documents, please ignore this walk-in",https://www.naukri.com/job-listings-need-biomedical-engineering-fresher-for-medical-coding-jobs-access-healthcare-chennai-0-to-0-years-240925034810,2026-08-08T12:47:00Z
naukri,070826025499,Opening For Optometry & Genetic engineering For Medical Coding Jobs,Achievers Spot,732481,Achievers Spot,Madurai,India,IN,+91,3.25-4.5 Lacs PA,325000,450000,INR,per_annum,0,0,full_time,Non Clinical,Medical Coding,Medical Coding,Medical Coding,Medical Coding=7,high,title|description,false,hospital,1112,"Optometry,anaesthesia technology,Anaesthesiologist,bsc optometry,Pharmacology,Environmental Science,OTT,Medicinal Chemistry",500,https://img.naukimg.com/logo_images/groups/v1/462850.gif,2026-08-07,"Position: Medical Coder Ct HR SHANMUGAPRIYA:8072891550 Medical Coding is the process of converting patient health information into alpha numeric codes. Coders take medial reports from doctors, which may include a patients condition, the doctors diagnosis, a prescription, and whatever procedures the doctor or healthcare provider performed on the patient, and turn that into a set of codes, which make up a crucial part of the medical claim. Eligibility: All (UG/PG) Life Science& Paramedical Graduates BDS BPT BHMS BAMS Siddha,Unani,Naturopathy {Dip Bsc Msc} Nursing/GNM {B.E M.E} Biomedical Engineering {B.tech,M.tech}Biotechnology Biochemistry Bioinformatics Microbiology Zoology and Advanced zoology Biology Botany Medical Lab Tech Plant biotechnology Pharmacy(B.Pharm M.pharm) Paramedical Physiotherapy Physician assistant Critical Care Technology Medical Biochemistry Medical Record Science Operation Theatre & Anaesthesia Technology {Bsc Msc Dip} Clinical Nutrition Human Genetics Medical Laboratory Technology Medical Sociology Epidemiology Molecular Virology Biostatistics Blood Banking Technology Regenerative Medicine Optom. Genetic Counseling Radiology & Imaging Technology Medical Biochemistry Medical Microbiology Clinical Care Technology Clinical Care Technology Medical Physics {Bsc Msc Dip} Accident & Emergency Care Technology Audiology & speech Language Pathology Cardiac Technology Cardio Pulmonary Perfusion Care Technology Critical Care Technology Dialysis Technology Neuro Electrophysiology Medical Sociology Nuclear Medicine Technology Operation Theatre & Anaesthesia Technology Optometry Physician Assistant Radiology Imaging Technology Radiotherapy Technology Medical Record Science Respiratory Therapy Fitness and Lifestyle Modifications Accident & Emergency Care Technology Critical Care Technology Nursing Aide Operation Theatre & Anaesthesia Technology Ophthalmic Nursing Assistant Medical Record Science Optometry Technology Radiology & Imaging Technology Medical Lab Technology Cardiac Non Invasive Technology Dialysis Technology Dentist Requirement: Knowledge in Anatomy and Physiology Good communication and interpersonal skills Basic Computer Skills Benefits System based job Weekly 5 days duty Day shift with Sat and Sun off Food and Cab provided by company Incentives based on performance Starting salary 12k to 25k with increment in 6 months for experienced. Abroad opportunities available Bonus for referring friends Medical expenses covered by company Provident Fund will be provided Gratuity after 5 yrs of work experience. Job Location: Chennai, Coimbatore, Vellore, Trichy, Cuddalore, Pondi Salem, Erode, Namakkal, Thanjavur, Nagercoil, Theni,Dindokal Thiruvannamalai, Villupuram, Karur, Tirunelveli,Kanniyakumari Tirupati, Kerala, AP,Tamilnadu,Telangana Reach Us: Ct HR SHANMUGAPRIYA:8072891550 Required Candidate profile Nursing Freshers Pharmacy Freshers Physiotherapy Dentist Life sciences Biotechnology Microbiology Biomedical Biochemistry Bioinformatics Botany Zoology GNM DGNM Physician assistant Anesthesia technician Perfusion Technology Medical coder Freshers Medical coding Freshers jobs in chennai Medical coding openings in chennai Wanted Medical coder Freshers jobs Medical coding Medical coder Medical coding Freshers Jobs in chennai Jobs for 2017 Passed outs Freshers jobs in chennai Jobs for freshers Nursing jobs for freshers Pharma jobs for Freshers Biotechology Jobs Microbiology jobs Biomedical jobs Bioinformatics jobs Bsc/Msc Jobs Biochemistry jobs Life science jobs in chennai Paramedical jobs in chennai Jobs in Tamilnadu Jobs in Pharmacy Jobs in Hospital GNM STAFF NURSE ANM STAFF NURSE GNM FEMALE STAFF NURSE DGNM FEMALE STAFF NURSE GNM MALE NURSE MALE STAFF NURSE NURSING JOBS IN CHENNAI Perks and Benefits Incentives 3000",https://www.naukri.com/job-listings-opening-for-optometry-genetic-engineering-for-medical-coding-jobs-achievers-spot-madurai-chennai-coimbatore-0-to-0-years-070826025499,2026-08-08T12:47:00Z
naukri,070826025390,Medical Coding Trainee,Achievers Spot,732481,Achievers Spot,Salem,India,IN,+91,4-4.75 Lacs PA,400000,475000,INR,per_annum,0,0,full_time,Non Clinical,Medical Coding,Medical Coding,Medical Coding,Medical Coding=7,high,title|skills,false,hospital,1112,"Medical Coding Jobs,gnm,medical coding trainee,medical coding executive,Medicine,Life Sciences,medical coding,paramedical",500,https://img.naukimg.com/logo_images/groups/v1/462850.gif,2026-08-07,Day shift with Sat and Sun off MALE STAFF NURSE . All (UG / PG) Life Science& Paramedical Graduates Pharmacy(BPharm M.pharm) Nursing Freshers . Pharmacy Freshers . Physiotherapy . Dentist . Life sciences . Biotechnology . Microbiology . Biomedical . Biochemistry . Bioinformatics . Botany . Zoology . GNM . DGNM . Requirement: .,https://www.naukri.com/job-listings-medical-coding-trainee-achievers-spot-salem-chennai-vellore-0-to-0-years-070826025390,2026-08-08T12:47:00Z
naukri,130426027893,Life Science : Medical Reviewer : PV :  Max 15 LPA : Apply Now,Outpace Consulting Services,4063588,Leading ITES Company,Pune,India,IN,+91,9-15 Lacs PA,900000,1500000,INR,per_annum,1,5,full_time,Non Clinical,Medical Reviewer,Pharmacovigilance,Pharmacovigilance|Medical Reviewer|Clinical Research,Pharmacovigilance=14;Medical Reviewer=9;Clinical Research=3,high,title|skills|description,false,hospital,1112,"Veeva,Medical Reviewer,Clinical Trials,ICSR,Pharmacovigilance,Wipro,FDA,MBBS",24,https://img.naukimg.com/logo_images/groups/v1/4846869.gif,2026-08-07,"Hi, We are hiring for one of India's leading IT & consulting organizations for the position of Medical Reviewer. Please go through the JD and Apply. We shall call back the relevant profiles. To Apply for above Medical Reviewer, WhatsApp 'Hi' @ 9519459922 When Asked For The job Code, Type: Job Code # 1 Key Skills : Minimum 1 year of experience in Pharmacovigilance / Drug Safety / Medical Review Perform medical review of adverse event cases (ICSRs) from global safety databases Graduate in MBBS or MD degree (mandatory) Job Description: Accountable for the medical review of relevant clinical, other solicited and spontaneous cases (including literature articles), medical assessment (including labeling and causality along with the company causality statement) Review the medical sense including seriousness and coding of the case in the global context of the drug or clinical project, including the narrative, AE/SAE terms, suspect drugs, concomitant medications, laboratory data, and medical history Developing and maintaining thorough knowledge of the appropriate disease biology areas C important safety concerns for marketed drugs and drugs in development Assuring and maintaining compliance with regulatory and local/global SOP timelines Supporting the Drug Safety teams with medical concepts and awareness of product related topics to ensure quality of adverse event data processing Representing safety physician team in internal and client safety forums and audits Review and respond to any queries/comments for an individual case safety report in the Patient Safety database. Responsible for generating, sending, and tracking medically relevant queries for follow-up information that is required for an individual case safety report Provide product advice as required, especially with regards to case reports that are Suspected Unexpected Serious Adverse reaction (SUSAR) Ensure compliance with global and local procedural documents and implementation of client, policies, procedures, and processes. Skills required: Aptitude for self-directed learning Good medical knowledge and its application in drug safety Sound understanding of the Drug Safety and Regulatory process Good problem solving and decision-making skills Initiative-taking, able to prioritize and plan effectively Excellent interpersonal and communication skills Team player with ability to function in a multi disciplinary environment",https://www.naukri.com/job-listings-life-science-medical-reviewer-pv-max-15-lpa-apply-now-outpace-consulting-services-pune-bengaluru-mumbai-all-areas-1-to-5-years-130426027893,2026-08-08T12:47:00Z
naukri,070826023650,Medical coders/Sr.Coder/QA/Sr.QA- Surgery/Anesthesia/IPDRG,Bizopp Management Consultants,736993,Medical Coding Solutions Provider,Chennai,India,IN,+91,5-10 Lacs PA,500000,1000000,INR,per_annum,1,4,full_time,Non Clinical,Medical Coding,Medical Coding,Medical Coding,Medical Coding=18,high,title|skills|description,false,hospital,1109,"Certified coder,IVR,IPDRG Coder,Surgery Coding,IP Drg,Medical Coding,IPDRG Coding,Multispecialty Coder",50,https://img.naukimg.com/logo_images/groups/v1/471556.gif,2026-08-07,Looking for any Certified/Non-Certified Medical coder Surgery Coder/QA/SME IPDRG Coder/QA/SME Anesthesia Coder/QA/SMELooking for any Certified/Non-Certified Medical coder Surgery Coder/QA/SME IPDRG Coder/QA/SME Anesthesia Coder/QA/SMEPerformance based Incentives and Cab,https://www.naukri.com/job-listings-medical-coders-sr-coder-qa-sr-qa-surgery-anesthesia-ipdrg-bizopp-management-consultants-chennai-coimbatore-bengaluru-1-to-4-years-070826023650,2026-08-08T12:47:00Z
naukri,070826922493,Drug Safety Physician,Global I.t. Solutions,125190975,Wipro,Kolkata,India,IN,+91,15.6-24 Lacs PA,1560000,2400000,INR,per_annum,3,8,full_time,Non Clinical,Pharmacovigilance,Pharmacovigilance,Pharmacovigilance,Pharmacovigilance=9,high,title|skills,false,hospital,1108,"Drug Safety,MD Pharmacology,Pharmacology,Pharmacovigilance,English,Drug,Safety",,https://img.naukimg.com/logo_images/groups/v1/12241364.gif,2026-08-07,Responsibilities: Reviewing the published reports/biomedical literature to ascertain if they contain a case report of an adverse reaction and non-individual case reports.,https://www.naukri.com/job-listings-drug-safety-physician-global-i-t-solutions-kolkata-3-to-8-years-070826922493,2026-08-08T12:47:00Z
naukri,070826021601,Medical Coder,Peoplefy Infosolutions,130052,XYZ Corporation,Hybrid - Pune,India,IN,+91,Not disclosed,,,,,6,9,full_time,Non Clinical,Medical Coding,Medical Coding,Medical Coding,Medical Coding=9,high,title|skills|description,false,hospital,1112,"Medical Coding,Communication Skills,E/M,OPD,CPT,US Healthcare,Coding,M",3,https://img.naukimg.com/logo_images/groups/v1/4618743.gif,2026-08-07,We are looking for an experienced Medical Coder with 6 years of relevant experience Minimum 6 years of relevant medical coding experience Experience in any 2 or all 3 coding specialties,https://www.naukri.com/job-listings-medical-coder-peoplefy-infosolutions-pune-6-to-9-years-070826021601,2026-08-08T12:47:00Z
naukri,070826021107,Immediate Hiring For Multi-Speciality E/M Auditor,Medmecs Billing Services,123508349,Medmecs Billing Services,Mumbai,India,IN,+91,Not disclosed,,,,,2,4,full_time,Non Clinical,Medical Coding,Medical Coding,Medical Coding,Medical Coding=7,high,skills|description,false,hospital,1109,"E/M,ICD,EHR,CPC,CPC Certified,Electronic Medical Record,Medicare,CPT",,https://img.naukimg.com/logo_images/groups/v1/7592933.gif,2026-08-07,"Job Opening as a Multi-Specialty E/M Auditor Experience 2 to 4 years of experience in Multi-Specialty Evaluation & Management (E/M) Auditing. Experience auditing physician documentation and coding for Outpatient, Inpatient, SNF/NF, ALF, Home Visits, Telehealth, and other E/M services. Educational Qualification Bachelors degree in Pharmacy, Life Sciences, Nursing, Biotechnology, or Allied Health Sciences. CPC, CPMA, CCS, CRC, or equivalent certification is preferred. Key Responsibilities Audit physician documentation and E/M coding for accuracy, compliance, and medical necessity. Validate E/M level selection based on Medical Decision Making (MDM) and Time-Based Coding guidelines. Identify documentation deficiencies, coding errors, and compliance risks, and provide constructive feedback to providers and coding teams. Recognize recurring documentation and coding trends, perform root cause analysis, and recommend corrective actions. Develop and deliver targeted education sessions for coders, auditors, and providers to improve coding quality and documentation practices. Review audit findings, classify error categories, and support continuous quality improvement initiatives. Identify potential denial risks and recommend preventive measures to improve first-pass claim acceptance. Ensure compliance with CMS, AMA, Medicare, Medicaid, Commercial Payer, LCD/NCD, and NCCI guidelines. Required Knowledge & Skills Candidates should have strong knowledge of: Current AMA and CMS E/M Guidelines across all applicable E/M services. Extensive knowledge of Medical Decision Making (MDM) and Time-Based Coding. ICD-10-CM, CPT, and HCPCS coding. CMS, AMA, Medicare, Medicaid, and Commercial Payer guidelines. LCD/NCD policies, NCCI edits, and Medical Necessity requirements. Common claim denial reasons, denial prevention strategies, and documentation improvement techniques. Root cause analysis of coding and documentation errors with the ability to implement effective corrective and preventive actions (CAPA). Provider documentation improvement and coder education methodologies. Preferred Skills Strong analytical and critical thinking skills. Excellent written and verbal communication. Ability to educate providers and coding teams effectively. High attention to detail with a focus on quality and compliance. Ability to work independently while meeting productivity and quality expectations. Interested Candidates can share their profiles / CV of the below email id hr@medmecsbillingservices.com",https://www.naukri.com/job-listings-immediate-hiring-for-multi-speciality-e-m-auditor-medmecs-billing-services-mumbai-2-to-4-years-070826021107,2026-08-08T12:47:00Z
naukri,070826020451,Radiology Denial Coder,Ventra Health,124128690,,Hyderabad,India,IN,+91,Not disclosed,,,,,2,5,full_time,Non Clinical,Medical Coding,Medical Coding,Medical Coding,Medical Coding=12,high,title|skills|description,false,hospital,1112,"Radiology,Denials,Medical Coder,Coding,Medical coding,Medical",8,https://img.naukimg.com/logo_images/groups/v1/7654423.gif,2026-08-07,"Analyze data from various sources (e.g.,EMR systems) to identify trends and areas for improvement in coding compliance. Job Requirements : . 2-5 years of experience as a medical coder or radiology coder",https://www.naukri.com/job-listings-radiology-denial-coder-ventra-health-hyderabad-coimbatore-2-to-5-years-070826020451,2026-08-08T12:47:00Z
naukri,070826020052,Senior Medical coding Auditors,Kompass Healthcare Services,125563596,,Hybrid - Chennai(Guindy),India,IN,+91,5.5-12 Lacs PA,550000,1200000,INR,per_annum,4,9,full_time,Non Clinical,Medical Coding,Medical Coding,Medical Coding,Medical Coding=9,high,title|skills,false,hospital,1112,"E/M,Multispeciality,OP,SDS,Surgery,IP,IP Drg,Medical Coding",20,https://img.naukimg.com/logo_images/groups/v1/3494382.gif,2026-08-07,"Flexible on working rotational shifts Minimum 4 years of relevant experience . Certification Mandatory from AAPC / AHIMA . Should have knowledge in Ortho,Pain Management,Family Medicine,Pediatrics and Podiatry . Should have coded Preventive visits,Injections,Vaccinations,Telehealth,TCM,Infusions and DME procedures Preferred candidate profile",https://www.naukri.com/job-listings-senior-medical-coding-auditors-kompass-healthcare-services-chennai-4-to-9-years-070826020052,2026-08-08T12:47:00Z
naukri,070826019368,Nutrition Officer,Nestle,2052,,Sitapur,India,IN,+91,Not disclosed,,,,,1,6,full_time,Public Health,Public Health Nutrition,Public Health,Public Health,Public Health=5,high,title,false,hospital,1112,"Medical Sales,Pharma Selling,infant nutrition,MR,Field Sales,Pharmaceutical Sales,Sales,Pharmaceutical",5,https://img.naukimg.com/logo_images/groups/v1/4036.gif,2026-08-07,Graduate with at least 1 year of experience in a field sales role in either a Nutrition company or the pharmaceutical industry,https://www.naukri.com/job-listings-nutrition-officer-nestle-sitapur-deoria-bijnor-1-to-6-years-070826019368,2026-08-08T12:47:00Z
naukri,060726028353,Walk-in drive For Allied Health Science graduates For Medical coding j,Access Healthcare,911802,,Chennai,India,IN,+91,2-2.5 Lacs PA,200000,250000,INR,per_annum,0,1,full_time,Non Clinical,Medical Coding,Medical Coding,Medical Coding,Medical Coding=6,high,title|description,false,hospital,1109,"Coding,Pulmonology,Neurology,Nephrology,Physician Activities,Physiotherapy,Respiratory Care,Anesthesia",550,https://img.naukimg.com/logo_images/groups/v1/2750596.gif,2026-08-07,Walk-in Drive for Medical Coding Freshers! Role: Medical Coding (Non-certified freshers) Eligibility: . Paramedical / Life Science / Allied Health background ( Provisional certificate or Degree certificate mandatory) . Strong in Human Anatomy & Physiology . Only for non-certified freshers Must be in a position to explain it clearly,https://www.naukri.com/job-listings-walk-in-drive-for-allied-health-science-graduates-for-medical-coding-j-access-healthcare-chennai-0-to-1-years-060726028353,2026-08-08T12:47:00Z
naukri,060726028302,Walk-in drive For Bsc /Msc - Zoology graduates For Medical coding Jobs,Access Healthcare,911802,,Chennai,India,IN,+91,2-2.5 Lacs PA,200000,250000,INR,per_annum,0,1,full_time,Non Clinical,Medical Coding,Medical Coding,Medical Coding,Medical Coding=6,high,title|description,false,hospital,1109,"Coding,Zoology,Life Sciences,Molecular Biology,Genomics,Botany,Science,Genetics",550,https://img.naukimg.com/logo_images/groups/v1/2750596.gif,2026-08-07,Walk-in Drive for Medical Coding Freshers! Role: Medical Coding (Non-certified freshers) Eligibility: . Paramedical / Life Science / Allied Health background ( Provisional certificate or Degree certificate mandatory) . Strong in Human Anatomy & Physiology . Only for non-certified freshers Must be in a position to explain it clearly,https://www.naukri.com/job-listings-walk-in-drive-for-bsc-msc-zoology-graduates-for-medical-coding-jobs-access-healthcare-chennai-0-to-1-years-060726028302,2026-08-08T12:47:00Z
naukri,070726012109,Walk-in drive For Bio Medical Engineering graduates For Medical coding,Access Healthcare,911802,,Chennai,India,IN,+91,1-2 Lacs PA,100000,200000,INR,per_annum,0,1,full_time,Non Clinical,Medical Coding,Medical Coding,Medical Coding,Medical Coding=6,high,title|description,false,hospital,1109,"Biomedical Engineering,Biomedical,Medical Equipment Sales,Surgical,Medical Sales,Surgical Sales,MRI,Diagnostic Sales",550,https://img.naukimg.com/logo_images/groups/v1/2750596.gif,2026-08-07,"Walk-in Drive for Medical Coding Freshers! Company: Accesshealthcare . Role: Medical Coding (Non-certified freshers) . Venue: Accesshealthcare,A9,1st Main Road,Ambattur IE,Chennai 600058 (Near AIEMA Technical Centre) . Map: https://maps.app.goo.gl/XYPKqoeckdkrRaMu8 . Must be in a position to explain it clearly . We can only offer a take-home salary of Rs",https://www.naukri.com/job-listings-walk-in-drive-for-bio-medical-engineering-graduates-for-medical-coding-access-healthcare-chennai-0-to-1-years-070726012109,2026-08-08T12:47:00Z
naukri,070726011981,Walk-in drive For Diploma / Bsc Nursing graduates For Medical coding,Access Healthcare,911802,,Chennai,India,IN,+91,1-2 Lacs PA,100000,200000,INR,per_annum,0,1,full_time,Non Clinical,Medical Coding,Medical Coding,Medical Coding,Medical Coding=6,high,title|description,false,hospital,1109,"Nursing,Surgical,OT,Nursing Education,GNM,Midwifery,First Aid,ICCU",550,https://img.naukimg.com/logo_images/groups/v1/2750596.gif,2026-08-07,"Walk-in Drive for Medical Coding Freshers! Company: Accesshealthcare . Role: Medical Coding (Non-certified freshers) . Venue: Accesshealthcare,A9,1st Main Road,Ambattur IE,Chennai 600058 (Near AIEMA Technical Centre) . Map: https://maps.app.goo.gl/XYPKqoeckdkrRaMu8 . Must be in a position to explain it clearly . We can only offer a take-home salary of Rs",https://www.naukri.com/job-listings-walk-in-drive-for-diploma-bsc-nursing-graduates-for-medical-coding-access-healthcare-chennai-0-to-1-years-070726011981,2026-08-08T12:47:00Z
naukri,110825016427,Walk-in || Need Allied health service freshers For Medical coding Jobs,Access Healthcare,911802,,Chennai,India,IN,+91,2-2.5 Lacs PA,200000,250000,INR,per_annum,0,1,full_time,Non Clinical,Medical Coding,Medical Coding,Medical Coding,Medical Coding=6,high,title|description,false,hospital,1113,"Cardiac,Medicine,MLT,Radiology,Dialysis,perfusion,Respiratory,Physician Assistant",200,https://img.naukimg.com/logo_images/groups/v1/2750596.gif,2026-08-07,". Walk-in Drive for Medical Coding Freshers! Company: Accesshealthcare . Role: Medical Coding (Non-certified freshers) . Venue: Accesshealthcare,A9,1st Main Road,Ambattur IE,Chennai 600058 (Near AIEMA Technical Centre) . Map: https://maps.app.goo.gl/XYPKqoeckdkrRaMu8 . 2026 graduates will not be considered",https://www.naukri.com/job-listings-need-allied-health-service-freshers-for-medical-coding-jobs-access-healthcare-chennai-0-to-1-years-110825016427,2026-08-08T12:47:00Z
naukri,060726028170,Walk-in drive For Bpharm / Mpharm graduates For Medical coding Jobs,Access Healthcare,911802,,Chennai,India,IN,+91,2-2.5 Lacs PA,200000,250000,INR,per_annum,0,1,full_time,Non Clinical,Medical Coding,Medical Coding,Medical Coding,Medical Coding=6,high,title|description,false,hospital,1109,"Pharmacy,Drug,Clinical Pharmacy,Bpharm,Clinical,Pharmacology,Pharmaceutical,Pharm D",550,https://img.naukimg.com/logo_images/groups/v1/2750596.gif,2026-08-07,Walk-in Drive for Medical Coding Freshers! Role: Medical Coding (Non-certified freshers) Eligibility: . Paramedical / Life Science / Allied Health background ( Provisional certificate or Degree certificate mandatory) . Strong in Human Anatomy & Physiology . Only for non-certified freshers Must be in a position to explain it clearly,https://www.naukri.com/job-listings-walk-in-drive-for-bpharm-mpharm-graduates-for-medical-coding-jobs-access-healthcare-chennai-0-to-1-years-060726028170,2026-08-08T12:47:00Z
naukri,070726012327,Walk-in drive For BPT graduates For Medical coding Jobs,Access Healthcare,911802,,Chennai,India,IN,+91,1-2 Lacs PA,100000,200000,INR,per_annum,0,1,full_time,Non Clinical,Medical Coding,Medical Coding,Medical Coding,Medical Coding=8,high,title|skills|description,false,hospital,1109,"Physiotherapy,MPT,MLT,Medical Writing,Medical Transcription,Medical Coding Jobs,BPT,Medical Coding",550,https://img.naukimg.com/logo_images/groups/v1/2750596.gif,2026-08-07,"Walk-in Drive for Medical Coding Freshers! Company: Accesshealthcare . Role: Medical Coding (Non-certified freshers) . Venue: Accesshealthcare,A9,1st Main Road,Ambattur IE,Chennai 600058 (Near AIEMA Technical Centre) . Map: https://maps.app.goo.gl/XYPKqoeckdkrRaMu8 . Must be in a position to explain it clearly . We can only offer a take-home salary of Rs",https://www.naukri.com/job-listings-walk-in-drive-for-bpt-graduates-for-medical-coding-jobs-access-healthcare-chennai-0-to-1-years-070726012327,2026-08-08T12:47:00Z
naukri,090825010368,Walk-in || Need B.Pharm freshers For Medical coding job,Access Healthcare,911802,,Chennai,India,IN,+91,2-2.5 Lacs PA,200000,250000,INR,per_annum,0,1,full_time,Non Clinical,Medical Coding,Medical Coding,Medical Coding,Medical Coding=10,high,title|description,false,hospital,1109,"Pharmacology,Pediatrics,Microbiology,General Medicine,Biochemistry,Biology,Anatomy,Medical Terminology",400,https://img.naukimg.com/logo_images/groups/v1/2750596.gif,2026-08-07,"Walk-in Drive for Medical Coding Freshers! Company: Accesshealthcare Role: Medical Coding (Non-certified freshers) Venue: Accesshealthcare, A9, 1st Main Road, Ambattur IE, Chennai 600058 (Near AIEMA Technical Centre) Map: https://maps.app.goo.gl/XYPKqoeckdkrRaMu8 Eligibility: Paramedical / Life Science / Allied Health background ( Provisional certificate or Convocation certificate mandatory) Strong in Human Anatomy & Physiology Only for non-certified freshers Carry with you: Resume Aadhaar Card Android phone (Version 14, 15, or 16) Important Notes: Selected candidates will be hired for HCC coding project company will train & sponsor CRC certification Shortlisted candidates must be ready to join before 4th Jun2 2026 Must produce Convocation / Provisional certificate on or before 3rd June 2026 Only candidates who graduated in 2022, 2023, 2024, or 2025 and hold a Provisional or Convocation certificate are eligible. 2026 graduates will not be considered. If you are a certified coder (CPC, CCS, COC, or CIC), please do not come for the interview tomorrow. Your interview will be rescheduled for June or July. We can only offer a take-home salary of Rs. 15,200 and shortlisted candidates will be considered for the HCC project, which includes CRC training and sponsored certification. If you dont have these documents, please ignore this walk-in",https://www.naukri.com/job-listings-need-b-pharm-freshers-for-medical-coding-access-healthcare-chennai-0-to-1-years-090825010368,2026-08-08T12:47:00Z
naukri,070826018430,Hiring For Medical Coders - OB/GYN - 1 To 4 years exp,Allysmart Business Process Solutions,5058086,,Chennai(Perungudi),India,IN,+91,Not disclosed,,,,,1,4,full_time,Non Clinical,Medical Coding,Medical Coding,Medical Coding,Medical Coding=10,high,title|skills|description,false,hospital,1112,"Obstetrics and Gynaecology,Medical Coding,CPT,CPC Certified,ICD,Exp,OAB,Hiring",10,https://img.naukimg.com/logo_images/groups/v1/4415060.gif,2026-08-07,"Greeting From Allyhealth solutions!!! Oby/ Gynaecology 58940 & 58943 - Oophorectomy Procedures 58950, 58591, 58952 , 58953 ,58954 Salpingo Oophorectomy / Omentectomy. 58660 Laparoscopy Lysis of Adhesions. 58672 Laparoscopy with Fimbrioplasty. 58300 Insertion of IUD Intrauterine Device Maternity care - Prenatal, Childbirth, postpartum care for pregnant patients. Preventive care and counselling - Contraception , Family planning, Nexplanon - control of childbirth and its placed upper arm * CPC Certification is an added advantage"" * If Interested please share your resume to vijitha.muthurajan@allyhealthsolutions.com or reach out to Vijitha - 9840664002 deepikarashmi.ep@allyhealthsolutions.com or reach out to Deepika- 9790912296 infantsuganya.a@allyhealthsolutions.com or reach out to Suganya-9500097671 yuvarani.sagayanathan@allyhealthsolutions.com or reach out to Yuvarani-7200225457 logeswari.s@allyhealthsolutions.com or reach out to Logeswari-8428128413",https://www.naukri.com/job-listings-hiring-for-medical-coders-ob-gyn-1-to-4-years-exp-allysmart-business-process-solutions-chennai-1-to-4-years-070826018430,2026-08-08T12:47:00Z
naukri,070826018352,HCC Medical Coder Hyderabad,Access Healthcare,911802,,Hyderabad,India,IN,+91,Not disclosed,,,,,1,3,full_time,Non Clinical,Medical Coding,Medical Coding,Medical Coding,Medical Coding=18,high,title|skills,false,hospital,1112,"Medical coder,HCC,CPC Certified,ICD,Medical Coding,Coding,CPC,Hcc Coding",100,https://img.naukimg.com/logo_images/groups/v1/2750596.gif,2026-08-07,Location : Hyderabad . Interview Mode: Virtual . Certification is Must . Contact: Preethi HR - 8072406288 (Call / WhatsApp) . For Interview schedule and more queries Preferred Immediate Joiner/ Notice period is also acceptable,https://www.naukri.com/job-listings-hcc-medical-coder-hyderabad-access-healthcare-hyderabad-1-to-3-years-070826018352,2026-08-08T12:47:00Z
naukri,070826015977,Hiring Surgery Coder,Omega Healthcare,121473,,Chennai,India,IN,+91,Not disclosed,,,,,1,5,full_time,Non Clinical,Medical Coding,Medical Coding,Medical Coding,Medical Coding=14,high,title|skills|description,false,hospital,1112,"SDS,Surgery,CPC,Surgery Coder,General Surgery,Medical Coding,General,Medical",9,https://img.naukimg.com/logo_images/groups/v1/644276.gif,2026-08-07,"Greetings From Omega Healthcare Management Services!!!!! Job Title: Surgery Coder Company: Omega Healthcare Location: Chennai & Bangalore Experience: 1 to 4 Years Certification: CPC Mandatory Work Mode: Work From Office (WFO) Job Description: Omega Healthcare is hiring Surgery Coders with 14 years of experience. We are looking for certified professionals with strong knowledge of Surgery Coding guidelines, ICD-10-CM, CPT, HCPCS, and medical terminology. Requirements: • CPC Certification is mandatory • 1–4 years of Surgery Coding experience • Good understanding of coding guidelines and compliance standards • Strong analytical and communication skills • Ability to work effectively in a team environment Location: Chennai & Bangalore (WFO Only) Interested candidates can reach out via WhatsApp: 73054 67892",https://www.naukri.com/job-listings-hiring-surgery-coder-omega-healthcare-chennai-bengaluru-1-to-5-years-070826015977,2026-08-08T12:47:00Z
naukri,070826014442,HCC Medical Coder Hyderabad,Access Healthcare,911802,,Hyderabad,India,IN,+91,Not disclosed,,,,,1,3,full_time,Non Clinical,Medical Coding,Medical Coding,Medical Coding,Medical Coding=18,high,title|skills,false,hospital,1112,"Medical coder,HCC,CPC Certified,ICD,Medical Coding,Coding,CPC,Hcc Coding",100,https://img.naukimg.com/logo_images/groups/v1/2750596.gif,2026-08-07,Location : Hyderabad . Interview Mode: Virtual . Certification is Must . Contact: Yamini HR - 7305919045 (Call / Whatsapp) . For Interview schedule and more queries Preferred Immediate Joiner/ Notice period is also acceptable,https://www.naukri.com/job-listings-hcc-medical-coder-hyderabad-access-healthcare-hyderabad-1-to-3-years-070826014442,2026-08-08T12:47:00Z
naukri,070826013911,HCC Non Certified,Access Healthcare,911802,,Chennai,India,IN,+91,Not disclosed,,,,,1,3,full_time,Non Clinical,Medical Coding,Medical Coding,Medical Coding,Medical Coding=11,high,title|skills|description,false,hospital,1109,"Hcc,CPT,Medical Coding Jobs,Medical Records,Hcc Coding,ICD,Medical Coding,Certified",100,https://img.naukimg.com/logo_images/groups/v1/2750596.gif,2026-08-07,Openings for HCC Non Certified Coder . Experience: 10 month to 2yrs .,https://www.naukri.com/job-listings-hcc-non-certified-access-healthcare-chennai-1-to-3-years-070826013911,2026-08-08T12:47:00Z
naukri,100626011982,Walk in interview For HCC Certified Coders,Access Healthcare,911802,,Hyderabad,India,IN,+91,Not disclosed,,,,,1,2,full_time,Non Clinical,Medical Coding,Medical Coding,Medical Coding,Medical Coding=12,high,title|skills|description,false,hospital,1109,"CPT,CPT Coding,ICD,Medical Coding,Medical Terminology,Ccs,HCPCS,CRC",91,https://img.naukimg.com/logo_images/groups/v1/2750596.gif,2026-08-07,"Walk in interview for HCC Certified Coders on 8-Aug -2026. Date & Time : 8-Aug 2026 & 10 am onwards . Exp: 1 years above in HCC Certified Coders certification is mandatory (CPC,CCS,(CRC under AAPC)). interested candidates kindly walk to above location on 8-Aug-2026 to & 10 am onwards",https://www.naukri.com/job-listings-walk-in-interview-for-hcc-certified-coders-access-healthcare-hyderabad-1-to-2-years-100626011982,2026-08-08T12:47:00Z
naukri,070826013879,HCC Medical Coder Hyderabad,Access Healthcare,911802,,Hyderabad,India,IN,+91,Not disclosed,,,,,1,3,full_time,Non Clinical,Medical Coding,Medical Coding,Medical Coding,Medical Coding=18,high,title|skills,false,hospital,1112,"Medical coder,HCC,CPC Certified,ICD,Medical Coding,Coding,CPC,Hcc Coding",100,https://img.naukimg.com/logo_images/groups/v1/2750596.gif,2026-08-07,Location : Hyderabad . Interview Mode: Virtual . Certification is Must . Contact: Koperumdevi HR - 9176207018 (Call / Whatsapp) . For Interview schedule and more queries Preferred Immediate Joiner/ Notice period is also acceptable,https://www.naukri.com/job-listings-hcc-medical-coder-hyderabad-access-healthcare-hyderabad-1-to-3-years-070826013879,2026-08-08T12:47:00Z
naukri,010626008274,Hiring For HCC Certified coder,Access Healthcare,911802,,Hyderabad,India,IN,+91,Not disclosed,,,,,1,3,full_time,Non Clinical,Medical Coding,Medical Coding,Medical Coding,Medical Coding=18,high,title|skills|description,false,hospital,1109,"HCPCS,Medical Coding,Medical Terminology,CPT,CPC,Hcc Coding,ICD,Hcc",90,https://img.naukimg.com/logo_images/groups/v1/2750596.gif,2026-08-07,Hiring for HCC Certified Coder,https://www.naukri.com/job-listings-hiring-for-hcc-certified-coder-access-healthcare-hyderabad-1-to-3-years-010626008274,2026-08-08T12:47:00Z
naukri,070826013864,Hiring HCC Medical Coders,Access Healthcare,911802,,Hyderabad,India,IN,+91,3-4.25 Lacs PA,300000,425000,INR,per_annum,1,3,full_time,Non Clinical,Medical Coding,Medical Coding,Medical Coding,Medical Coding=20,high,title|skills|description,false,hospital,1112,"Hcc Coding,Hcc,Ccs,CPC,Medical Coding,Hiring,Cc,Coding",100,https://img.naukimg.com/logo_images/groups/v1/2750596.gif,2026-08-07,Eligibility . Role: Certified HCC Coder. Experience: Minimum 1 year. Certification: Mandatory,https://www.naukri.com/job-listings-hiring-hcc-medical-coders-access-healthcare-hyderabad-chennai-1-to-3-years-070826013864,2026-08-08T12:47:00Z
naukri,070826013573,Hiring For Radiology Coder,Global Healthcare Billing Partners,4055006,,Chennai,India,IN,+91,Not disclosed,,,,,1,4,full_time,Non Clinical,Medical Coding,Medical Coding,Medical Coding,Medical Coding=11,high,title|skills|description,false,hospital,1112,"CPC,Radiology,Medical Coding,Hiring,Coding,Medical",10,https://img.naukimg.com/logo_images/groups/v1/4598205.gif,2026-08-07,Experience Required: 1 to 3 Years Job Opening: Radiology Coder (1 to 3 Years Experience) Location: Work From Office Chennai . Interview Mode: Virtual . We are hiring experienced Radiology Coders with 1 to 3 years of expertise in medical coding,https://www.naukri.com/job-listings-hiring-for-radiology-coder-global-healthcare-billing-partners-chennai-1-to-4-years-070826013573,2026-08-08T12:47:00Z
naukri,070826013442,Hiring HCC Medical Coders,Access Healthcare,911802,,Hyderabad,India,IN,+91,3-4.25 Lacs PA,300000,425000,INR,per_annum,1,3,full_time,Non Clinical,Medical Coding,Medical Coding,Medical Coding,Medical Coding=20,high,title|skills|description,false,hospital,1112,"Hcc Coding,Hcc,Ccs,CPC,Medical Coding,Coding,Hiring,Medical",100,https://img.naukimg.com/logo_images/groups/v1/2750596.gif,2026-08-07,Eligibility . Role: Certified HCC Coder. Experience: Minimum 1 year. Certification: Mandatory,https://www.naukri.com/job-listings-hiring-hcc-medical-coders-access-healthcare-hyderabad-chennai-1-to-3-years-070826013442,2026-08-08T12:47:00Z
naukri,070826013411,Hiring Non Certified Coder,Access Healthcare,911802,,Chennai,India,IN,+91,1.25-5 Lacs PA,125000,500000,INR,per_annum,1,4,full_time,Non Clinical,Medical Coding,Medical Coding,Medical Coding,Medical Coding=12,high,title|skills|description,false,hospital,1112,"Non Certified,Medical coding,HCC,Medical coder,CPT,ICD,Hiring,Certified",50,https://img.naukimg.com/logo_images/groups/v1/2750596.gif,2026-08-07,*Non Certified Coder* openings here Immediate Joiners Preferred to 2 month NP accepted,https://www.naukri.com/job-listings-hiring-non-certified-coder-access-healthcare-chennai-1-to-4-years-070826013411,2026-08-08T12:47:00Z
naukri,070826013400,Hiring For HCC Certified coder,Access Healthcare,911802,,Hyderabad,India,IN,+91,Not disclosed,,,,,1,3,full_time,Non Clinical,Medical Coding,Medical Coding,Medical Coding,Medical Coding=18,high,title|skills|description,false,hospital,1109,"Hcc,Medical Coding,HCPCS,CPT,CPC,Hcc Coding,ICD,Medical Terminology",90,https://img.naukimg.com/logo_images/groups/v1/2750596.gif,2026-08-07,Eligibility . Role: Certified HCC Coder. Experience: Minimum 1 year. Certification: Mandatory,https://www.naukri.com/job-listings-hiring-for-hcc-certified-coder-access-healthcare-hyderabad-1-to-3-years-070826013400,2026-08-08T12:47:00Z
naukri,070826013286,Hiring For HCC Certified coder,Access Healthcare,911802,,Hyderabad,India,IN,+91,Not disclosed,,,,,1,3,full_time,Non Clinical,Medical Coding,Medical Coding,Medical Coding,Medical Coding=18,high,title|skills|description,false,hospital,1109,"Hcc,Medical Coding,HCPCS,CPT,CPC,Hcc Coding,ICD,Medical Terminology",90,https://img.naukimg.com/logo_images/groups/v1/2750596.gif,2026-08-07,Eligibility . Role: Certified HCC Coder. Experience: Minimum 1 year. Certification: Mandatory,https://www.naukri.com/job-listings-hiring-for-hcc-certified-coder-access-healthcare-hyderabad-1-to-3-years-070826013286,2026-08-08T12:47:00Z
naukri,070826011475,Hiring HCC Medical Coders,Access Healthcare,911802,,Hyderabad,India,IN,+91,3-4.25 Lacs PA,300000,425000,INR,per_annum,1,3,full_time,Non Clinical,Medical Coding,Medical Coding,Medical Coding,Medical Coding=20,high,title|skills|description,false,hospital,1112,"Hcc Coding,Hcc,Ccs,CPC,Medical Coding,Medical,Hiring,Coding",100,https://img.naukimg.com/logo_images/groups/v1/2750596.gif,2026-08-07,Role: Certified HCC Coder. Experience: Minimum 1+ year. Certification: Mandatory,https://www.naukri.com/job-listings-hiring-hcc-medical-coders-access-healthcare-hyderabad-1-to-3-years-070826011475,2026-08-08T12:47:00Z
naukri,070826911441,Infection Control Nurse,Galaxy Care Hospital,124984927,,karve raod,India,IN,+91,Not disclosed,,,,,0,2,full_time,Public Health,Infection Prevention & Control,Public Health,Public Health,Public Health=9,high,title|skills|description,false,hospital,1108,"Nursing,risk assessments,infection prevention and control,IPC protocols,waste management,Assessment,Risk assessment,Management",,https://img.naukimg.com/logo_images/groups/v1/4729347.gif,2026-08-07,"Collection & Tabulation Of daily data of all incidents of hospital acquired infections. To make reqular visit to the clinincal area Key Responsibilities: Collect and tabulate daily data on all incidents of hospital-acquired infections (HAIs) Monitor infection trends and generate regular surveillance reports Investigate infection outbreaks and implement corrective actions Conduct infection control audits and risk assessments in clinical areas Educate and train hospital staff on infection prevention and control (IPC) protocols Ensure proper hand hygiene, sterilization, disinfection, and waste management practices are followed Collaborate with clinical departments to promote a culture of infection prevention",https://www.naukri.com/job-listings-infection-control-nurse-galaxy-care-hospital-karve-raod-0-to-2-years-070826911441,2026-08-08T12:47:00Z
naukri,070826009765,Walk-in || Omega healthcare is hiring For fresher(Certified) Medical coder at CBE,Omega Healthcare,121473,,Coimbatore,India,IN,+91,1.25-2.5 Lacs PA,125000,250000,INR,per_annum,0,0,full_time,Non Clinical,Medical Coding,Medical Coding,Medical Coding,Medical Coding=11,high,title|skills|description,false,hospital,1112,"E/M,Medical Coding,Life Sciences,CPC,Fresher Hiring,Inpatient Coding,CPT,CPT Coding",50,https://img.naukimg.com/logo_images/groups/v1/644276.gif,2026-08-07,"Omega healthcare management. . We are hiring for fresher Medical coder(CPC-Certified) Certified - CPC(Mandatory) . Education : Bachelors or Masters degree in Life Sciences (BSc / MSc Nursing,Biotechnology,Microbiology,Biochemistry,Zoology) or Allied Health / Paramedical fields (BPT,BDS,Pharmacy)",https://www.naukri.com/job-listings-omega-healthcare-is-hiring-for-fresher-certified-medical-coder-at-cbe-omega-healthcare-coimbatore-0-to-0-years-070826009765,2026-08-08T12:47:00Z
naukri,070826009084,Infection Control Nurse,Manipal Hospitals,4187456,,Ranchi,India,IN,+91,Not disclosed,,,,,3,5,full_time,Public Health,Infection Prevention & Control,Public Health,Public Health|Pharmacovigilance,Public Health=8;Pharmacovigilance=4,high,title|skills|description,false,hospital,1108,"OT,Health,MedDRA,Hospital Administration,Infection Control,Pharmacovigilance,Prevention,Patient Care",,https://img.naukimg.com/logo_images/groups/v1/4070.gif,2026-08-07,Certification in Infection Control (CIC) is preferred Collaborating with other healthcare professionals to improve patient care initiatives related to infection control. . To succeed in this role you should have the following: A nursing degree with a valid nursing license and certification in Infection Control preferred,https://www.naukri.com/job-listings-infection-control-nurse-manipal-hospitals-ranchi-3-to-5-years-070826009084,2026-08-08T12:47:00Z
naukri,070826005162,Hiring HCC Medical Coders,Access Healthcare,911802,,Hyderabad,India,IN,+91,3-4.25 Lacs PA,300000,425000,INR,per_annum,1,3,full_time,Non Clinical,Medical Coding,Medical Coding,Medical Coding,Medical Coding=20,high,title|skills|description,false,hospital,1112,"Hcc Coding,Hcc,Ccs,CPC,Medical Coding,Coding,Hiring,Medical",100,https://img.naukimg.com/logo_images/groups/v1/2750596.gif,2026-08-07,Role: Certified HCC Coder. Experience: Minimum 1+ year. Certification: Mandatory,https://www.naukri.com/job-listings-hiring-hcc-medical-coders-access-healthcare-hyderabad-1-to-3-years-070826005162,2026-08-08T12:47:00Z
naukri,020626011479,Clinical Research Associate Entry,Medpace Clinical Research India,123847269,,Navi Mumbai,India,IN,+91,Not disclosed,,,,,0,1,full_time,Non Clinical,Clinical Research,Clinical Research,Clinical Research,Clinical Research=12,high,title|skills|description,false,pharma,1137,"Drug,CRO,Biotechnology,Clinical,Science,Oncology,Pharmaceutical,Research",,https://img.naukimg.com/logo_images/groups/v1/4725119.gif,2026-08-06,"Title Our successful Clinical Research Associates possess varied backgrounds in medical and other science-related healthcare fields. Individuals who have succeeded in the CRA role include: Nurses Dieticians Pharmacy Technicians Pharmaceutical/Device Sales Representatives Biotech Engineers PhD/Pharm.D candidates Health and Wellness Coordinators Research Assistants. PACE® – MEDPACE CRA TRAINING PROGRAM No research experience is needed as Medpace provides comprehensive initial and ongoing training, unmatched by other CROs. Through our PACE® Training Program, you will join other Professionals Achieving CRA Excellence: PACE® provides the platform to effectively and confidently carry out your duties, enhance your current abilities and ultimately help you become a high-functioning independent Medpace CRA. PACE® will prepare you by developing your CRA skills through interactive discussions and hands on job-related exercises and practicums. To supplement your in-house and field-based training you may also participate in other clinical research departmental core rotations, learning other aspects of the drug/device development and approval process. UNEXPECTED REWARDS This role takes you on a journey through travel and excitement which will allow you to make a difference on a large scale through the enhancement of pharmaceuticals and medical devices. The CRA position provides many other distinctive advantages including: Dynamic working environment, with varying responsibilities day-to day Expansive experience in multiple therapeutic areas Work within a team of therapeutic and regulatory experts Defined CRA promotion and growth ladder with potential for mentoring and management advancements Competitive pay and opportunity for significant travel bonus Overview Medpace is a full-service clinical contract research organization (CRO) providing phase l-lV clinical development services to the biotechnology, pharmaceutical, and medical device industries. Our mission is to accelerate the global development of safe and effective medical therapeutics through the advancement of clinical research. We leverage in-country regulatory and therapeutic expertise across all major therapeutic areas including oncology, cardiology, metabolic, endocrinology, central nervous system, and anti-viral and anti-infective. Headquartered in Cincinnati, Ohio, we employ more than 6,500 people across 40+ countries. Responsibilities As a CRA Entry, you will specifically be responsible for the following: Conduct qualification, initiation, monitoring, and closeout visits for research sites in compliance with the approved protocol; Communication with the medical site staff including coordinators, clinical research physicians and their site staff; Verifying adequate investigator qualifications, training and resources, including facilities, laboratories, equipment, and staff; Medical record and research source documentation verification against case report form data, including informing the site staff of any entry errors, ensuring good documentation practices are being adhered to and communicating protocol deviations appropriately per SOPs, GCP and applicable regulatory requirements; Verification that the investigator is enrolling only eligible subjects; Regulatory document review; Medical device and/or investigational product/drug accountability and inventory; Verification and review of adverse events, serious adverse events, concomitant medications and corresponding illnesses to confirm accurate data reporting in accordance with the protocol; Assessing the clinical research site’s patient recruitment and retention success and offering suggestions for improvement; Completion of monitoring reports and follow-up letters, which includes providing summaries of the significant findings, deviations, deficiencies, and recommended actions to secure compliance. Qualifications Minimum of a bachelor’s degree; Health or life science related field preferred; Candidate with Clinical Research Coordinator experience is an advantage: Willing to travel approximately 60-80% nationally; Familiarity with Microsoft® Office; and Strong communication and presentation skills a plus. When you join Medpace, you become part of an innovative team that brings cutting-edge therapies to market while building a meaningful and rewarding career focused on scientific excellence and improving patient outcomes around the world through continuous learning and cross-functional collaboration. Purpose-Driven Work Work alongside physicians, scientists, and industry-leading experts committed to advancing the global development of medical therapeutics through clinical research excellence Collaborative Culture Contribute to an interactive team environment that empowers decision making, creative thinking, and continuous learning through open communication and mutual trust. Leadership throughout Medpace is both accessible and approachable Continuous Growth & Development Office based environment with on-site mentors Defined career paths with clear advancement opportunities Industry renowned onboarding and training programs designed to accelerate professional development Ongoing training and continuous learning opportunities throughout your career An environment that encourages employees to influence change, contribute ideas, and grow quickly Other Employee Benefits Competitive compensation programs that recognize and reward performance Comprehensive health, wellness, retirement, and PTO benefits Office based culture with occasional WFH that provides flexibility for eligible positions after training Company-sponsored social events Please note benefits may vary based on country. What to Expect Next A Medpace team member will review your application and if your profile matches our current needs, you will be contacted for an interview. While we review all applications carefully, we are unable to respond to every applicant, and only candidates selected for interviews will be contacted.",https://www.naukri.com/job-listings-clinical-research-associate-entry-medpace-clinical-research-india-navi-mumbai-0-to-1-years-020626011479,2026-08-08T12:47:00Z
naukri,020626011478,Experienced Clinical Research Associate,Medpace Clinical Research India,123847269,,Navi Mumbai,India,IN,+91,Not disclosed,,,,,0,2,full_time,Non Clinical,Clinical Research,Clinical Research,Clinical Research,Clinical Research=8,high,title|skills|description,false,pharma,1137,"Drug,CRO,Biotechnology,Clinical,Oncology,Pharmaceutical,Pharmacovigilance,Research",,https://img.naukimg.com/logo_images/groups/v1/4725119.gif,2026-08-06,". Medical record and research source documentation verification against case report form data,including informing the site staff of any entry errors,ensuring good documentation practices are being adhered to and communicating protocol deviations appropriately per SOPs,GCP and applicable regulatory requirements",https://www.naukri.com/job-listings-experienced-clinical-research-associate-medpace-clinical-research-india-navi-mumbai-0-to-2-years-020626011478,2026-08-08T12:47:00Z
naukri,060826032683,Hiring HCC Medical Coders,Access Healthcare,911802,,Hyderabad,India,IN,+91,3-4.25 Lacs PA,300000,425000,INR,per_annum,1,3,full_time,Non Clinical,Medical Coding,Medical Coding,Medical Coding,Medical Coding=20,high,title|skills|description,false,hospital,1112,"Hcc Coding,Hcc,Ccs,CPC,Medical Coding,Hiring,Cc,Coding",100,https://img.naukimg.com/logo_images/groups/v1/2750596.gif,2026-08-06,Role: Certified HCC Coder. Experience: Minimum 1+ year. Certification: Mandatory,https://www.naukri.com/job-listings-hiring-hcc-medical-coders-access-healthcare-hyderabad-1-to-3-years-060826032683,2026-08-08T12:47:00Z
naukri,060826036919,Lead CDM Programmer,Vipsa Talent Solutions,4651884,,Remote,India,IN,+91,Not disclosed,,,,,10,16,full_time,Non Clinical,Clinical Data Management,Clinical Data Management,Clinical Data Management,Clinical Data Management=9,high,skills|description,false,hospital,1112,"Clinical Data Management,CDM Programming,c#,Computer system validation,Rave study builer,Rave EDC,Rave,custom functions",3,https://img.naukimg.com/logo_images/groups/v1/3797300.gif,2026-08-06,"The role involves leading study build activities, programming, validation, post-production support, and mentoring team members while ensuring compliance with ICH-GCP and clinical data management standards.",https://www.naukri.com/job-listings-lead-cdm-programmer-vipsa-talent-solutions-bengaluru-10-to-16-years-060826036919,2026-08-08T12:47:00Z
naukri,060826036407,Certified Medical Coder | Experienced | Hyderabad,Softcode Solutions,124127370,,Hyderabad,India,IN,+91,3-6 Lacs PA,300000,600000,INR,per_annum,0,3,full_time,Non Clinical,Medical Coding,Medical Coding,Medical Coding,Medical Coding=19,high,title|skills|description,false,hospital,1109,"Ccs,CPC,Certified,Hcc Coding,Medical Coding,Life Sciences,coder,Health Care Services",40,https://img.naukimg.com/logo_images/groups/v1/10496906.gif,2026-08-06,Ltd. is looking for Certified HCC Medical Coders with 6 months to 4 years of experience Certified Medical Coder (Mandatory) Any Graduate Medical Coding Certification (Mandatory) Required Skills Minimum 6 Months of HCC Coding Experience Immediate Joiners Preferred Good Analytical Skills Good Communication Skills,https://www.naukri.com/job-listings-certified-medical-coder-experienced-hyderabad-softcode-solutions-hyderabad-0-to-3-years-060826036407,2026-08-08T12:47:00Z
naukri,060826909838,HCC Medical Coder,Medcode,124203904,,Kochi,India,IN,+91,Not disclosed,,,,,1,5,full_time,Non Clinical,Medical Coding,Medical Coding,Medical Coding,Medical Coding=18,high,title|skills|description,false,hospital,1109,"ICD-10-CM coding,HCC Medical,hcc coding,anatomy,medical terminology,risk adjustment,risk adjustment coding,healthcare",,https://img.naukimg.com/logo_images/groups/v1/9795046.gif,2026-08-06,Both certified and non-certified candidates can apply Immediate joiners preferred Experience in HCC / Risk Adjustment coding Good understanding of medical terminology and anatomy Experience in HCC coding: 6 months to 5 years,https://www.naukri.com/job-listings-hcc-medical-coder-medcode-services-private-limited-kochi-chennai-coimbatore-1-to-5-years-060826909838,2026-08-08T12:47:00Z
naukri,060826036072,Opportunity For Medical Coders & Sr Medical Coder - Bangalore !!!!,INFINX,2461068,,Bengaluru,India,IN,+91,Not disclosed,,,,,1,4,full_time,Non Clinical,Medical Coding,Medical Coding,Medical Coding,Medical Coding=12,high,title|skills,false,hospital,1109,"Coding,Cardio,IVR,Home Health,Medical Coding,Medical,SR,Cardiology",,https://img.naukimg.com/logo_images/groups/v1/4668391.gif,2026-08-06,"Bachelors degree desired,or any equivalent combination of education and experience Ensure number of charts in batch equals to total received from clients. . c. Maintenance of daily and monthly M.I.S. . d. Quality checking of the coding of the documents done by the associates Excellent written and oral communication skills required to represent Infinx Clients Experience",https://www.naukri.com/job-listings-opportunity-for-medical-coders-sr-medical-coder-bangalore-infinx-bengaluru-1-to-4-years-060826036072,2026-08-08T12:47:00Z
naukri,100626034298,Walk-in || Medical Coder Trainee,CorroHealth,742605,,Greater Noida,India,IN,+91,2.5-3 Lacs PA,250000,300000,INR,per_annum,0,0,full_time,Non Clinical,Medical Coding,Medical Coding,Medical Coding,Medical Coding=10,high,title|skills|description,false,hospital,1112,"Fresher Hiring,Hcc,Bulk Hiring,Hiring,Bulk,Medical coding,Coding,Medical",100,https://img.naukimg.com/logo_images/groups/v1/8172399.gif,2026-08-06,Job Details: . Day Shift : We are hiring freshers for the position of Medical Coder Eligibility Criteria: . Life Science Graduates only Graduation is mandatory Freshers can apply Walk-in Interviews Only Good communication and analytical skills,https://www.naukri.com/job-listings-medical-coder-trainee-corrohealth-greater-noida-0-to-0-years-100626034298,2026-08-08T12:47:00Z
naukri,060826035499,Hiring Non Certified Coder,Access Healthcare,911802,,Chennai,India,IN,+91,1.25-5 Lacs PA,125000,500000,INR,per_annum,1,4,full_time,Non Clinical,Medical Coding,Medical Coding,Medical Coding,Medical Coding=12,high,title|skills|description,false,hospital,1112,"Non Certified,Medical coding,HCC,Medical coder,CPT,ICD,Certified,Medical",50,https://img.naukimg.com/logo_images/groups/v1/2750596.gif,2026-08-06,*Non Certified Coder* openings here Immediate Joiners Preferred to 2 month NP accepted,https://www.naukri.com/job-listings-hiring-non-certified-coder-access-healthcare-chennai-1-to-4-years-060826035499,2026-08-08T12:47:00Z
naukri,060826035485,Hiring HCC Medical Coders,Access Healthcare,911802,,Hyderabad,India,IN,+91,3-4.25 Lacs PA,300000,425000,INR,per_annum,1,3,full_time,Non Clinical,Medical Coding,Medical Coding,Medical Coding,Medical Coding=20,high,title|skills|description,false,hospital,1112,"Hcc Coding,Hcc,Ccs,CPC,Medical Coding,Coding,Hiring,Medical",100,https://img.naukimg.com/logo_images/groups/v1/2750596.gif,2026-08-06,Role: Certified HCC Coder. Experience: Minimum 1+ year. Certification: Mandatory,https://www.naukri.com/job-listings-hiring-hcc-medical-coders-access-healthcare-hyderabad-1-to-3-years-060826035485,2026-08-08T12:47:00Z
naukri,060826035344,Drug Safety Associate,Indegene,4147,,Bengaluru,India,IN,+91,Not disclosed,,,,,2,6,full_time,Non Clinical,Pharmacovigilance,Pharmacovigilance,Pharmacovigilance,Pharmacovigilance=11,high,title|skills,false,hospital,1112,"Case Processing,ITR,Argus,Case,Drug,Safety,Process,Drug safety",2,https://img.naukimg.com/logo_images/groups/v1/3594512.gif,2026-08-06,"Must have: Attention to detail Good comprehension skills Good communication skills Good interpersonal skills Good communication (verbal and written),with fluency in English and interpersonal skills",https://www.naukri.com/job-listings-drug-safety-associate-indegene-bengaluru-2-to-6-years-060826035344,2026-08-08T12:47:00Z
naukri,060826035100,Opportunity For Medical Coders & Sr Medical Coder - Bangalore !!!!,INFINX,2461068,,Bengaluru,India,IN,+91,1-4.5 Lacs PA,100000,450000,INR,per_annum,1,4,full_time,Non Clinical,Medical Coding,Medical Coding,Medical Coding,Medical Coding=12,high,title|skills,false,hospital,1109,"Cardio,IVR,Coding,Medical Coding,Medical,SR,Cardiology",,https://img.naukimg.com/logo_images/groups/v1/4668391.gif,2026-08-06,"Bachelors degree desired,or any equivalent combination of education and experience Ensure number of charts in batch equals to total received from clients. . c. Maintenance of daily and monthly M.I.S. . d. Quality checking of the coding of the documents done by the associates Excellent written and oral communication skills required to represent Infinx Clients Experience",https://www.naukri.com/job-listings-opportunity-for-medical-coders-sr-medical-coder-bangalore-infinx-bengaluru-1-to-4-years-060826035100,2026-08-08T12:47:00Z
naukri,060826035048,Opportunity For Medical Coders & Sr Medical Coder - Bangalore !!!!,INFINX,2461068,,Bengaluru,India,IN,+91,1-4.5 Lacs PA,100000,450000,INR,per_annum,1,4,full_time,Non Clinical,Medical Coding,Medical Coding,Medical Coding,Medical Coding=12,high,title|skills,false,hospital,1109,"IVR,Coding,Cardio,Medical Coding,Cardiology,Medical,SR",,https://img.naukimg.com/logo_images/groups/v1/4668391.gif,2026-08-06,"Bachelors degree desired,or any equivalent combination of education and experience Ensure number of charts in batch equals to total received from clients. . c. Maintenance of daily and monthly M.I.S. . d. Quality checking of the coding of the documents done by the associates Excellent written and oral communication skills required to represent Infinx Clients Experience",https://www.naukri.com/job-listings-opportunity-for-medical-coders-sr-medical-coder-bangalore-infinx-bengaluru-1-to-4-years-060826035048,2026-08-08T12:47:00Z
naukri,060826934919,Sr. Manager / Manager - Medical Coding,Suma Soft,915966,,Pune,India,IN,+91,Not disclosed,,,,,4,8,full_time,Non Clinical,Medical Coding,Medical Coding,Medical Coding,Medical Coding=8,high,title|skills|description,false,hospital,1109,"Communication And Interpersonal Skills,Communication Skills,Compliance,Pharmacy,Medical Coding,Operations,Life Science,SR",,https://img.naukimg.com/logo_images/groups/v1/617990.gif,2026-08-06,". We are hiring an experienced Medical Coding Manager with 10+ years of domain experience and 2+ years of leadership experience A graduation in Life Science / Pharmacy is preferred,and candidates must possess excellent communication skills for team training and oversight . Education,Experience and Skillset Managerial Experience 2+ Years. .",https://www.naukri.com/job-listings-sr-manager-manager-medical-coding-suma-soft-private-limited-pune-4-to-8-years-060826934919,2026-08-08T12:47:00Z
naukri,220626035794,Operations Manager-Medical Coding,Annova Solutions Pvt Ltd,4540648,,Chennai(Perungudi),India,IN,+91,Not disclosed,,,,,10,12,full_time,Non Clinical,Medical Coding,Medical Coding,Medical Coding,Medical Coding=13,high,title|skills|description,false,hospital,1112,"Medical Coding,CPC,Hcc Coding,Operations Management,Workflow Management,Operational Excellence,Team Handling,Operations Improvement",,https://img.naukimg.com/logo_images/groups/v1/10581434.gif,2026-08-06,"Bachelors degree in Health Information Management,Healthcare Administration,or related field required Masters degree preferred. . Certified Coding Specialist (CCS) certification required",https://www.naukri.com/job-listings-operations-manager-medical-coding-annova-solutions-pvt-ltd-chennai-10-to-12-years-220626035794,2026-08-08T12:47:00Z
naukri,060826034374,Surgery Coder,Access Healthcare,911802,,Chennai,India,IN,+91,Not disclosed,,,,,3,5,full_time,Non Clinical,Medical Coding,Medical Coding,Medical Coding,Medical Coding=10,high,title|skills|description,false,hospital,1109,"Surgical coding,cpc,Surgical,Coding,Surgery",,https://img.naukimg.com/logo_images/groups/v1/2750596.gif,2026-08-06,Job description . We are hiring Experienced & Certified Medical Coders for the following specialty . Job Details Certification: CIC / CCS/CPC certified through AAPC / AHIMA Experience Required: 2 - 5years Notice Period: Immediate joiners preferred,https://www.naukri.com/job-listings-surgery-coder-access-healthcare-chennai-3-to-5-years-060826034374,2026-08-08T12:47:00Z
naukri,060826033879,Hirings For Medical Coders NEURO/cardio/IVR/ORTHO/ ENM ORTHO,Aatral Hr Consulting,124133318,Medical Coding Company,Bengaluru,India,IN,+91,3-8 Lacs PA,300000,800000,INR,per_annum,1,6,full_time,Non Clinical,Medical Coding,Medical Coding,Medical Coding,Medical Coding=9,high,title|skills,false,hospital,1112,"IVR,CPC Certified,E/M,Home Health,Oasis,Medical Coding,E/M ortho,Certified",50,https://img.naukimg.com/logo_images/groups/v1/10523944.gif,2026-08-06,ONLY CERTIFIED Location: ONLY BANGALORE(WALKIN INTERVIEWS) 1+ years of experience,https://www.naukri.com/job-listings-hirings-for-medical-coders-neuro-cardio-ivr-ortho-enm-ortho-aatral-hr-consulting-bengaluru-1-to-6-years-060826033879,2026-08-08T12:47:00Z
naukri,060826033813,Hiring Non Certified Coder,Access Healthcare,911802,,Chennai,India,IN,+91,1.25-5 Lacs PA,125000,500000,INR,per_annum,1,4,full_time,Non Clinical,Medical Coding,Medical Coding,Medical Coding,Medical Coding=12,high,title|skills|description,false,hospital,1112,"Non Certified,Medical coding,HCC,Medical coder,CPT,ICD,Hiring,Certified",50,https://img.naukimg.com/logo_images/groups/v1/2750596.gif,2026-08-06,*Non Certified Coder* openings here Immediate Joiners Preferred to 2 month NP accepted,https://www.naukri.com/job-listings-hiring-non-certified-coder-access-healthcare-chennai-1-to-4-years-060826033813,2026-08-08T12:47:00Z
naukri,060826033761,Hiring HCC Medical Coders,Access Healthcare,911802,,Hyderabad,India,IN,+91,3-4.25 Lacs PA,300000,425000,INR,per_annum,1,3,full_time,Non Clinical,Medical Coding,Medical Coding,Medical Coding,Medical Coding=20,high,title|skills|description,false,hospital,1112,"Hcc Coding,Hcc,Ccs,CPC,Medical Coding,Hiring,Cc,Coding",100,https://img.naukimg.com/logo_images/groups/v1/2750596.gif,2026-08-06,Role: Certified HCC Coder. Experience: Minimum 1+ year. Certification: Mandatory,https://www.naukri.com/job-listings-hiring-hcc-medical-coders-access-healthcare-hyderabad-1-to-3-years-060826033761,2026-08-08T12:47:00Z
naukri,060826033215,Clinical Trial Assistant,Airvin Skills,123827985,,Hybrid - Hyderabad,India,IN,+91,Not disclosed,,,,,0,0,full_time,Non Clinical,Clinical Research,Clinical Research,Clinical Research,Clinical Research=19,high,title|skills|description,false,hospital,1112,"Clinical Trials,Clinical Research,Clinical Operations,Clinical,Pharmacovigilance,Clinical Development,Communication Skills,ICH-GCP",30,https://img.naukimg.com/logo_images/groups/v1/9181901.gif,2026-08-06,"We are seeking a highly organized and detail-oriented Clinical Trial Coordinator (Fresher) to join our dynamic clinical research team Qualifications and Skills: . Education: Bachelors degree in life sciences,nursing,or a related field Experience: Fresher or recent graduate with a strong interest in clinical research",https://www.naukri.com/job-listings-clinical-trial-assistant-airvin-skills-hyderabad-mysuru-bengaluru-0-to-0-years-060826033215,2026-08-08T12:47:00Z
naukri,060826032820,Walk-in || Medical Coder Trainee,CorroHealth,742605,,Bengaluru,India,IN,+91,2-3 Lacs PA,200000,300000,INR,per_annum,0,1,full_time,Non Clinical,Medical Coding,Medical Coding,Medical Coding,Medical Coding=10,high,title|skills|description,false,hospital,1112,"Life Sciences,Physiology,Anatomy,Hcc Coding,Medical Terminology,Medical coding,Coding,Hcc",100,https://img.naukimg.com/logo_images/groups/v1/8172399.gif,2026-08-06,We are hosting a Mega Walkin Drive for the role of Medical Coding Trainee Freshers. Details: . - Qualification : Life Science graduation / PG (10+2+3 years mandatory) Certification : Both certified and non-certified candidates can attend Immediate joiners required Documents Required : - Resume (please carry soft copies of education documents),https://www.naukri.com/job-listings-medical-coder-trainee-corrohealth-bengaluru-0-to-1-years-060826032820,2026-08-08T12:47:00Z
naukri,060826032506,Clinical Research Associate,Airvin Skills,123827985,,Hybrid - Hyderabad,India,IN,+91,Not disclosed,,,,,0,0,full_time,Non Clinical,Clinical Research,Clinical Research,Clinical Research,Clinical Research=15,high,title|skills|description,false,hospital,1112,"Clinical Trials,Clinical Research,Clinical Operations,Clinical Database,Clinical,Clinical Development,Clinical Pharmacy,Clinical Pharmacology",30,https://img.naukimg.com/logo_images/groups/v1/9181901.gif,2026-08-06,"Job Type- Fresher or Internship level Clinical Research Associates manage clinical trials and studies pertaining to biotechnological and pharmaceutical products,drugs and procedures Maintain accurate and up-to-date documentation of all activities performed during the internship Preferred candidate profile . .",https://www.naukri.com/job-listings-clinical-research-associate-airvin-skills-hyderabad-mysuru-bengaluru-0-to-0-years-060826032506,2026-08-08T12:47:00Z
naukri,060826020504,Immediate openings For - E/M Surgery Medical Coder,INFINX,2461068,,Bengaluru,India,IN,+91,2-6 Lacs PA,200000,600000,INR,per_annum,2,6,full_time,Non Clinical,Medical Coding,Medical Coding,Medical Coding,Medical Coding=14,high,title|skills|description,false,hospital,1112,"CPC,Quality Audit,Team lead,SDS,IVR,Cardiac Surgery,QTL,Neurosurgery",30,https://img.naukimg.com/logo_images/groups/v1/4668391.gif,2026-08-06,"Job Title: E/M Surgery Medical Coder (Orthopedic, Neurology, Cardiology , IVR) Job Summary: An E/M (Evaluation and Management) Surgery Medical Coder is responsible for reviewing physician documentation and assigning accurate CPT, ICD-10-CM, HCPCS, and modifier codes for surgical E/M services. The coder ensures compliance with AMA, CMS, and payer-specific guidelines while supporting accurate reimbursement and reducing claim denials. Key Responsibilities Review and analyze surgical patient records, office visits, consultations, hospital visits, and follow-up encounters. Assign accurate E/M CPT codes based on Medical Decision Making (MDM) and time-based coding guidelines. Apply appropriate ICD-10-CM diagnosis codes, HCPCS codes, and modifiers. Code E/M services for surgical specialties such as: General Surgery Orthopedic Surgery Neurosurgery ENT Surgery Urology Cardiothoracic Surgery Plastic Surgery Ensure documentation supports the selected E/M level. Identify and report documentation deficiencies to providers when clarification is required. Follow current AMA CPT and CMS E/M coding guidelines. Ensure compliance with Medicare, Medicaid, HIPAA, and commercial payer requirements. Review denied claims and assist in coding corrections when necessary. Meet productivity and quality standards established by the organization. Stay updated on annual coding guideline changes. Required Qualifications Bachelor's degree or equivalent in Life Sciences, Pharmacy, Nursing, or related healthcare field. Certification preferred: CPC (Certified Professional Coder) CCS (Certified Coding Specialist) COC (Certified Outpatient Coder) Required Skills Strong knowledge of E/M coding guidelines. Knowledge of CPT, ICD-10-CM, HCPCS, and modifiers. Understanding of surgical documentation and medical terminology. Excellent analytical and problem-solving skills. Attention to detail and coding accuracy. Familiarity with EMR/EHR systems. Resume Job Responsibility Example Reviewed and coded Evaluation & Management (E/M) services for surgical specialties using CPT, ICD-10-CM, and HCPCS coding systems. Analyzed physician documentation to determine appropriate E/M levels based on Medical Decision Making and time guidelines. Ensured compliance with AMA, CMS, and payer-specific regulations while maintaining high coding accuracy and productivity. Identified documentation gaps, initiated provider queries, and supported denial resolution activities. Participated in coding quality reviews and maintained coding accuracy above organizational standards. Contact - 9177875702 whatsapp durga Bhavani hr -- contact only 11 am to 5pm",https://www.naukri.com/job-listings-immediate-openings-for-e-m-surgery-medical-coder-infinx-bengaluru-2-to-6-years-060826020504,2026-08-08T12:47:00Z
naukri,080626034388,SDS/Same day surgery/Surgery coder / QA,Access Healthcare,911802,,Chennai,India,IN,+91,4-9 Lacs PA,400000,900000,INR,per_annum,2,7,full_time,Non Clinical,Medical Coding,Medical Coding,Medical Coding,Medical Coding=7,high,title|skills,false,hospital,1112,"SDS,Same Day Surgery,surgery coding,Surgical Coding,Surgery,General Surgery,Medical Coding,Coding",25,https://img.naukimg.com/logo_images/groups/v1/2750596.gif,2026-08-10,Shift : 8am - 5pm Note : Freshers not eligible for this openings Experience : 2+ Years,https://www.naukri.com/job-listings-sds-same-day-surgery-surgery-coder-qa-access-healthcare-chennai-2-to-7-years-080626034388,2026-08-10T14:08:03Z
naukri,100826921145,Senior Associate - Clinical Pharmacology,Amgen Inc,124351684,,Hyderabad,India,IN,+91,Not disclosed,,,,,0,3,full_time,Non Clinical,Clinical Data Management,Clinical Data Management,Clinical Data Management|Clinical Research,Clinical Data Management=3;Clinical Research=3,medium,skills|description,false,hospital,1109,"adam,chemistry,biology,data analysis,quality control,drug development,project team,microsoft office",,https://img.naukimg.com/logo_images/groups/v1/11114410.gif,2026-08-10,"The department of Clinical Pharmacology, Modeling and Simulation (CPMS) within Amgen is dedicated to the development of novel, effective, and safe medicines. We are seeking a highly experienced Senior Associate to join the CPMS group. The successful candidate will contribute to Amgens multimodality development portfolio by conducting formal clinical pharmacology data analyses, summarizing pharmacokinetic/pharmacodynamic (PK/PD) data and results in clinical study report documents, performing quality control, reviewing PK/PD datasets, and adhering to applicable regulatory guidance (ie, good clinical practices [GCP]). In addition, the successful candidate will possess good written and oral communication skills, the ability to work well in teams, and will demonstrate technical aptitude and a strong work ethic. The individual will also be responsible for review and compliance with all applicable SOPs, business practices and company policies. The primary core responsibilities of the Senior Associate will include: Execution of formal PK/PD data analysis and report writing for clinical studies with a strong emphasis on quality and meeting timelines Perform quality control of analyses and outputs (ie, tables, figures, listings, and reports) to ensure accuracy and consistency in accordance with standard processes Review and create standardized datasets supporting clinical pharmacology analyses Work closely with CPMS data analysts and other team members, effectively communicate with project team representatives and actively participate/collaborate cross functionally Basic Qualifications Bachelors degree with 5-9 Years of total experience and 3 years of relevant experience in clinical pharmacology data analysis with an emphasis on non-compartmental analysis Preferred Qualifications Bachelors or Masters degree in Pharmacy preferred, but can also be in related fields such as biology, chemistry, or biochemistry. Following skills are required: good understanding of clinical pharmacology and pharmacokinetic/pharmacodynamic concepts experience in conducting non-compartmental analysis experience working with clinical pharmacology datasets and report writing experience in working with Phoenix analysis software and with standardized analysis datasets (ADaM) Familiar with the drug development process, regulatory guidelines (including Good Clinical Practices), analysis methodology, and clinical pharmacology studies Skilled in using Microsoft Office software (ie, Word, Excel, PowerPoint) Able to work under tight deadlines Strong analytical, writing, communication, organization, and teamwork skills",https://www.naukri.com/job-listings-senior-associate-clinical-pharmacology-amgen-inc-hyderabad-0-to-3-years-100826921145,2026-08-10T14:08:03Z
naukri,200526043323,Medical Advisor Internal Medicine,Pfizer,44759,,Hybrid - Mumbai,India,IN,+91,Not disclosed,,,,,2,5,full_time,Non Clinical,MSL,MSL,MSL,MSL=8,high,title|skills|description,false,hospital,1112,"Neurology,Medical Affairs,MD Pharmacology,Rare Disease,Medicine,Pharmacology,MDT,Internal medicine",,https://img.naukimg.com/logo_images/groups/v1/233602.gif,2026-08-10,"Preferred MD) Degree in advanced sciences or post-graduate courses preferred REQUIRED SKILL SET Previous experience in medical affairs,in the pharmaceutical industry preferred",https://www.naukri.com/job-listings-medical-advisor-internal-medicine-pfizer-mumbai-2-to-5-years-200526043323,2026-08-10T14:08:03Z
naukri,100826020081,Team Leader  Case Processing Quality Review,Aptita Services,3907566,Aptita,Hyderabad,India,IN,+91,12-18 Lacs PA,1200000,1800000,INR,per_annum,5,7,full_time,Non Clinical,Pharmacovigilance,Pharmacovigilance,Pharmacovigilance,Pharmacovigilance=18,high,title|skills|description,false,hospital,1112,"Pharmacovigilance,ICSR Processing,Case Assessment,Quality Review,Argus,GVP,FDA,MedDRA",,https://img.naukimg.com/logo_images/groups/v1/11637592.gif,2026-08-10,"Bangalore/ Hyderabad | Team Lead – Pharmacovigilance | 5 +Years Experience | Work From Office Skills: ICSR Processing, Quality Review, Argus/Veeva, Team Handling, Case Allocation, TAT/SLA, Coaching & Mentoring.",https://www.naukri.com/job-listings-team-leader-case-processing-quality-review-aptita-services-hyderabad-bengaluru-5-to-7-years-100826020081,2026-08-10T14:08:03Z
naukri,240426008923,Life Science : EDC Programmer : Veeva Studio : Max 12 LPA : Apply,Outpace Consulting Services,4063588,Leading ITES Company,Hyderabad,India,IN,+91,8.5-12 Lacs PA,850000,1200000,INR,per_annum,4,7,full_time,Non Clinical,Clinical Research,Clinical Data Management,Clinical Data Management|TMF,Clinical Data Management=12;TMF=3,high,title|skills|description,false,hospital,1112,"UAT,Veeva Studio,eCRF Development,CitiusTech,Edit Checks,Wipro,EDC,eTMF",24,https://img.naukimg.com/logo_images/groups/v1/4846869.gif,2026-08-10,"Hi, We are hiring for one of India's leading IT & consulting organizations for the position of EDC Programmer Role Summary An EDC Programmer is a specialized IT professional in clinical research who designs, builds, and maintains digital databases (eCRFs) used to collect patient data during clinical trials. They ensure data accuracy, configure validation checks to identify errors, and ensure compliance with regulatory standards To Apply for above EDC Programmer, WhatsApp 'Hi' @ 9519459922 When Asked For The job Code, Type: Job Code # 6 Key Skills At least 4 years of experience as EDC Programmer Minimum 1 year of experience in Developing eCRF screens as per the eCRF specification in Veeva Studio. Clinical Data Management & Regulatory Knowledge Implemented SDV (Source Data Verification) and SDR (Source Data Review) workflows within Veeva CDMS Configured Safety (Adverse Event handling) and Medical Coding (e.g., MedDRA/WHO Drug) Bachelors Degree in a Scientific or Technical Discipline Key Responsibilities Read and understand the protocol to be able to incorporate the data points into specification Greater transparency with study team regarding timelines and impact of delays on overall eCRF development timelines With the Data Managers, attend and contribute to the study discussions Lead and conduct eCRF design meetings Document decisions and issues by creating backlog ID in Project Binder during eCRF design meetings Develop eCRF screens as per the eCRF specification in Veeva Studio Configure SDV/SDR, safety, and coding within Veeva CDMS tool Review the edit check specification document for clarity and ensure checks are consistent and appropriate based on eCRF design Program new study-specific checks, protocol deviation checks, and email checks as per edit check specifications (follow Veeva rules best practices) Validate and perform developer-level testing Provide UAT details to Validation Team and Study Data Manager Complete all activities as detailed in the relevant section of the developer checklist Forward Go-Live / training email details to the Study Data Lead (SDL) for inclusion in the Go-Live email Review and promote SDS, annotated eCRF, TandE, blank eCRF, etc. files in eTMF system Confirm all required documents in eTMF system and Project Binder within Veeva Perform and/or initiate comprehensive data management tasks, pertaining to Database design, programming, and validation and Data transfers. Perform quality control procedures for relevant activities. Provide Clinical Data Management team with technical expertise. Develop and maintain good communication and working relationships with DM team. Perform tasks/activities as communicated by customer, SDM or Alliance Manager. Create/review/update the Data Management Plan documents. Attend/Conduct telephone conferences/meetings as required. Adherence to SOPs/Regulatory requirements/project specific guidelines. Escalation of identified unresolved issues to Customer/SDM/ Alliance Manager. Provide inputs/status reports on monthly basis during the life cycle of the project. Proactively propose process improvements. Knowledge transfer & sharing experience/lessons learned.",https://www.naukri.com/job-listings-life-science-edc-programmer-veeva-studio-max-12-lpa-apply-outpace-consulting-services-hyderabad-pune-mumbai-all-areas-4-to-7-years-240426008923,2026-08-10T14:08:03Z
naukri,150626004460,Walkin Drive in Accenture For Medical Writer Role,Accenture,27117,,Mumbai,India,IN,+91,Not disclosed,,,,,3,8,full_time,Non Clinical,Medical Writer,Medical Writer,Medical Writer,Medical Writer=9,high,title|skills,false,hospital,1112,"Medical Writing,Medical Affairs,Copywriting,Veeva Vault,Medical Communications,Life Sciences,medical background,Pharmaceutical",20,https://img.naukimg.com/logo_images/groups/v1/10476.gif,2026-08-10,Qualifications: Any Graduation Years of Experience: 3 to 8 years,https://www.naukri.com/job-listings-walkin-drive-in-accenture-for-medical-writer-role-accenture-mumbai-all-areas-3-to-8-years-150626004460,2026-08-10T14:08:03Z
naukri,210626003521,Hiring QA Surgery Coders| Medical Coders| CorroHealth,CorroHealth,742605,,Noida,India,IN,+91,6-12 Lacs PA,600000,1200000,INR,per_annum,3,6,full_time,Non Clinical,Medical Coding,Medical Coding,Medical Coding,Medical Coding=12,high,title|skills|description,false,hospital,1109,"Plastic Surgery,Medical Coding,General Surgery,orthopedic,Cardiology,ekg,sds,Cardiac Surgery",5,https://img.naukimg.com/logo_images/groups/v1/8172399.gif,2026-08-10,"Hiring: QA Surgery Coders | CorroHealth | Noida Company: CorroHealth Location: Noida (Work From Office) Role: Quality Analyst (QA) and Senior Medical Coders Salary: Best in Market Experience: 3+ Years Location- Noida (Delhi NCR), Work From office Minimum Experience 2+ years: Subspecialities: General Surgery, Orthopedic, Plastic Surgery, Surgery, Same Day Surgery, Cardiac Cath and EPS , Cardiology (EKG), Job Responsibilities: Conduct quality audits for Surgery coding (major/minor procedures) Review CPT coding, modifiers, and documentation accuracy Ensure compliance with coding standards and payer guidelines Identify coding discrepancies and provide actionable feedback Perform RCA for coding errors and suggest improvements Maintain audit reports and quality metrics Support coder training and knowledge enhancement 1-6th Series Eligibility Criteria: Certification Mandatory: CPC / CIC / CCS / COC Experience: 2-6 years in subspecialities mentioned above For QA Coders- coding with QA/Auditing experience Strong knowledge of CPT codes, surgical procedures, modifiers (51, 59, etc.) Good understanding of coding compliance and guidelines Excellent analytical and communication skills Additional Requirements: Immediate Joiners or candidates with up to 1-month notice period preferred Willing to work from office (Noida location) How to Apply: Share your resume to simran.thapa@corrohealth.com Call: 9599552766/ 8920886691",https://www.naukri.com/job-listings-hiring-qa-surgery-coders-medical-coders-corrohealth-corrohealth-noida-3-to-6-years-210626003521,2026-08-10T14:08:03Z
naukri,100826018559,HCC Coder Opening - Chennai & Hyderabad,Access Healthcare,911802,,Hyderabad,India,IN,+91,1.25-3.75 Lacs PA,125000,375000,INR,per_annum,1,3,full_time,Non Clinical,Medical Coding,Medical Coding,Medical Coding,Medical Coding=20,high,title|skills|description,false,hospital,1112,"Hcc,Medical Coding,Ccs,CRC,Medical coder,CPT,ICD,Cic",100,https://img.naukimg.com/logo_images/groups/v1/2750596.gif,2026-08-10,Eligibility . Role: Certified HCC Coder. Experience: Minimum 1 year. Certification: Mandatory,https://www.naukri.com/job-listings-hcc-coder-opening-chennai-hyderabad-access-healthcare-hyderabad-chennai-1-to-3-years-100826018559,2026-08-10T14:08:03Z
naukri,021025007280,Hiring For Medical Coder(E/M & Radiology) - Whitefield - Osprosys,Osprosys Software,3274840,,Bengaluru(Whitefield),India,IN,+91,Not disclosed,,,,,1,6,full_time,Non Clinical,Medical Coding,Medical Coding,Medical Coding,Medical Coding=15,high,title|skills|description,false,hospital,1112,"E/M,CPT,ICD-10-CM,Radiology,Ccs,HCPCS,CPC,Coding",,https://img.naukimg.com/logo_images/groups/v1/4615905.gif,2026-08-10,"Medical Coder Whitefield, WFO 9AM - 6PM, Mon - Fri No Cab Requirements 2-6 years of experience Radiology, E/M is Mandatory ICD-10, CPT and HCPCS CPC, CCS is a plus Immediate Joiner Contact: 9845701484, share resume to: careers@osprosys.com2-6 years of experience Radiology, E/M is Mandatory ICD-10, CPT and HCPCS CPC, CCS is a plus Immediate Joiner",https://www.naukri.com/job-listings-hiring-for-medical-coder-e-m-radiology-whitefield-osprosys-osprosys-software-bengaluru-1-to-6-years-021025007280,2026-08-10T14:08:03Z
naukri,100826018518,R1RCM hiring ED Profee-HYD/Chennai/Noida,R1 RCM,758337,,Noida,India,IN,+91,Not disclosed,,,,,1,6,full_time,Non Clinical,Medical Coding,Medical Coding,Medical Coding,Medical Coding=16,high,title|skills|description,false,hospital,1112,"cpc,Medical Coding,ED,ED PROFEE,Ccs,Surgery,Coding,Hiring",20,https://img.naukimg.com/logo_images/groups/v1/2483944.gif,2026-08-10,"shift timings: 8 am to 5 pm CPC / CCS certification mandatory for coders Hiring for ED Profee coders-Chennai / HYD/Noida Location . Coders with minimum 1 years of experience only mention your Name,total years of experience,current company,notice,current CTC,expected CTC",https://www.naukri.com/job-listings-r1rcm-hiring-ed-profee-hyd-chennai-noida-r1-rcm-noida-hyderabad-chennai-1-to-6-years-100826018518,2026-08-10T14:08:03Z
naukri,100826018505,HCC Coder Opening - Chennai & Hyderabad,Access Healthcare,911802,,Hyderabad,India,IN,+91,1.25-3.75 Lacs PA,125000,375000,INR,per_annum,1,3,full_time,Non Clinical,Medical Coding,Medical Coding,Medical Coding,Medical Coding=20,high,title|skills|description,false,hospital,1112,"Hcc,Medical Coding,Ccs,CRC,Medical coder,CPT,ICD,Cic",100,https://img.naukimg.com/logo_images/groups/v1/2750596.gif,2026-08-10,Eligibility . Role: Certified HCC Coder. Experience: Minimum 1 year. Certification: Mandatory,https://www.naukri.com/job-listings-hcc-coder-opening-chennai-hyderabad-access-healthcare-hyderabad-chennai-1-to-3-years-100826018505,2026-08-10T14:08:03Z
naukri,100826018455,HCC Medical Coder Hyderabad,Access Healthcare,911802,,Hyderabad,India,IN,+91,Not disclosed,,,,,1,3,full_time,Non Clinical,Medical Coding,Medical Coding,Medical Coding,Medical Coding=18,high,title|skills,false,hospital,1112,"Medical coder,HCC,CPC Certified,ICD,Medical Coding,Certified,Medical,CPC",100,https://img.naukimg.com/logo_images/groups/v1/2750596.gif,2026-08-10,Location : Hyderabad. Interview Mode: Virtual. Certification is Must. Contact: Preethi HR - 8072406288 (Call / WhatsApp) . For Interview schedule and more queries Preferred Immediate Joiner/ Notice period is also acceptable,https://www.naukri.com/job-listings-hcc-medical-coder-hyderabad-access-healthcare-hyderabad-1-to-3-years-100826018455,2026-08-10T14:08:03Z
naukri,030726031190,Hcc Medical Coder,Tech-intelleon Digital Solutions,124462574,,Hyderabad,India,IN,+91,Not disclosed,,,,,2,4,full_time,Non Clinical,Medical Coding,Medical Coding,Medical Coding,Medical Coding=21,high,title|skills|description,false,hospital,1167,"CPC,Hcc,ICD,Medical Coding,Medical,Hcc Coding,Coding",10,https://img.naukimg.com/logo_images/groups/v1/11179902.gif,2026-08-10,"JOB DESCRIPTION Position/Role: HCC Medical Coder Location: Hyderabad Employment Type: Full Time Job Summary As a HCC Medical Coder, you will be responsible for accurately assigning ICD-10 and CPT codes to medical diagnoses and procedures by reviewing outpatient and inpatient medical records. You will ensure compliance with customer and regulatory guidelines while maintaining a coding accuracy of 97% or higher within the defined turnaround time. This role requires strong analytical skills, attention to detail, and a thorough understanding of US healthcare coding standards. About Company TECH-INTELLEON Digital Solutions is an AI-first, cloud-native technology partner building secure, scalable, and automation-led digital products for global clients. We combine enterprise-grade delivery with modern engineering, AI/ML, cloud, DevOps, and intelligent automation to move clients from idea to impactfast. Our enterprise-grade delivery backbone is strengthened by HIPAA, ISO 27001, and ISO 9001 certifications, embedding trust, resilience, and compliance by design. We enable our clients' digital transformation through integrated IT services and talent solutions. With the launch of Medical Coding Services, we further extend our healthcare capabilities across both digital and operational value chains. Recognized with the Best Innovative Project of the Year 2025, we continue to set benchmarks in applied innovation. A high-performance team of experienced leaders and next-generation talent, we push technology beyond convention to create real impact. TECH-INTELLEON is not just a jobit's a platform to turn ideas into outcomes and ambition into influence. If you thrive on ownership and innovation, this is where your work truly matters. Responsibilities Review outpatient and inpatient medical records and assign accurate ICD-10 and CPT codes based on diagnoses and procedures. Ensure coding complies with regulatory standards, customer-specific guidelines, and US healthcare compliance requirements. Verify medical documentation for completeness and accuracy, identifying discrepancies and following up when clarification is required. Maintain a coding accuracy rate of 97% or higher while meeting established turnaround time (TAT) requirements. Research and resolve complex or unusual coding scenarios using appropriate coding resources and industry references. Participate in coding quality reviews, training sessions, and team meetings to stay updated with the latest coding guidelines and industry changes. Qualifications and Required Skills Bachelor's degree in Life Sciences, Healthcare, Nursing, Pharmacy, or a related field. 2-4 years of experience in Medical Coding. Strong knowledge of ICD-10, CPT coding guidelines, anatomy, physiology, and medical terminology. Experience in HCC (Hierarchical Condition Category) Coding is preferred. Good understanding of US healthcare regulations, client-specific processes, and compliance standards. Excellent analytical, problem-solving, and attention-to-detail skills. Strong verbal and written communication skills. Ability to work independently while meeting quality and productivity targets.Role & responsibilities",https://www.naukri.com/job-listings-hcc-medical-coder-tech-intelleon-digital-solutions-hyderabad-2-to-4-years-030726031190,2026-08-10T14:08:03Z
naukri,100826018255,HCC Coder Non Certified,Access Healthcare,911802,,Chennai,India,IN,+91,2-4 Lacs PA,200000,400000,INR,per_annum,1,4,full_time,Non Clinical,Medical Coding,Medical Coding,Medical Coding,Medical Coding=26,high,title|skills|description,false,hospital,1112,"medical coder,Hcc,Ccs,CRC,Risk Adjustment,CPC,Hcc Coding,Medical Coding",1000,https://img.naukimg.com/logo_images/groups/v1/2750596.gif,2026-08-10,"HCC Coder / QA - Certified Hcc Coder Non Certified - 9 month above Hcc Coder Certified - 5+ Year above CRC,CPC,CCS Any One Certification mandatory",https://www.naukri.com/job-listings-hcc-coder-non-certified-access-healthcare-chennai-1-to-4-years-100826018255,2026-08-10T14:08:03Z
naukri,300726020986,HCC Coder Non Certified,Access Healthcare,911802,,Chennai,India,IN,+91,2-4 Lacs PA,200000,400000,INR,per_annum,1,4,full_time,Non Clinical,Medical Coding,Medical Coding,Medical Coding,Medical Coding=26,high,title|skills|description,false,hospital,1112,"medical coder,Hcc,Ccs,CRC,Risk Adjustment,CPC,Hcc Coding,Medical Coding",1000,https://img.naukimg.com/logo_images/groups/v1/2750596.gif,2026-08-10,"HCC Coder / QA - Certified Hcc Coder Non Certified - 9 month above Hcc Coder Certified - 5+ Year above CRC,CPC,CCS Any One Certification mandatory",https://www.naukri.com/job-listings-hcc-coder-non-certified-access-healthcare-chennai-1-to-4-years-300726020986,2026-08-10T14:08:03Z
naukri,100826018018,R1RCM hiring EM IP/OP -Noida,R1 RCM,758337,,Noida,India,IN,+91,Not disclosed,,,,,1,6,full_time,Non Clinical,Medical Coding,Medical Coding,Medical Coding,Medical Coding=8,high,skills|description,false,hospital,1112,"cpc,EM,Medical Coding,EMIP,Ccs,Surgery,Coding,IP",20,https://img.naukimg.com/logo_images/groups/v1/2483944.gif,2026-08-10,"shift timings: 8 am to 5 pm CPC / CCS certification mandatory for coders Coders with minimum 1 years of experience only mention your Name,total years of experience,current company,notice,current CTC,expected CTC",https://www.naukri.com/job-listings-r1rcm-hiring-em-ip-op-noida-r1-rcm-noida-1-to-6-years-100826018018,2026-08-10T14:08:03Z
naukri,100826017969,HCC Medical Coder Hyderabad,Access Healthcare,911802,,Hyderabad,India,IN,+91,Not disclosed,,,,,1,3,full_time,Non Clinical,Medical Coding,Medical Coding,Medical Coding,Medical Coding=18,high,title|skills,false,hospital,1112,"Medical coder,HCC,CPC Certified,ICD,Medical Coding,Coding,CPC,Hcc Coding",100,https://img.naukimg.com/logo_images/groups/v1/2750596.gif,2026-08-10,Location : Hyderabad. Interview Mode: Virtual. Certification is Must. Contact: Kavitha M HR - 7825827715(Call / Whatsapp) . For Interview schedule and more queries Preferred Immediate Joiner/ Notice period is also acceptable,https://www.naukri.com/job-listings-hcc-medical-coder-hyderabad-access-healthcare-hyderabad-1-to-3-years-100826017969,2026-08-10T14:08:03Z
naukri,100826017959,R1RCM hiring ED Facility coders-Noida,R1 RCM,758337,,Noida,India,IN,+91,Not disclosed,,,,,4,6,full_time,Non Clinical,Medical Coding,Medical Coding,Medical Coding,Medical Coding=8,high,skills|description,false,hospital,1112,"cpc,ED Facility,Medical Coding,ED,Ccs,Surgery,Facilities,Medical",20,https://img.naukimg.com/logo_images/groups/v1/2483944.gif,2026-08-10,"shift timings: 8 am to 5 pm CPC / CCS certification mandatory for coders Coders with minimum 3 years of experience only mention your Name,total years of experience,current company,notice,current CTC,expected CTC",https://www.naukri.com/job-listings-r1rcm-hiring-ed-facility-coders-noida-r1-rcm-noida-4-to-6-years-100826017959,2026-08-10T14:08:03Z
naukri,100826017815,HCC Medical Coder Hyderabad,Access Healthcare,911802,,Hyderabad,India,IN,+91,Not disclosed,,,,,1,3,full_time,Non Clinical,Medical Coding,Medical Coding,Medical Coding,Medical Coding=18,high,title|skills,false,hospital,1112,"Medical coder,HCC,CPC Certified,ICD,Medical Coding,Certified,Coding,Medical",100,https://img.naukimg.com/logo_images/groups/v1/2750596.gif,2026-08-10,Location : Hyderabad. Interview Mode: Virtual. Certification is Must. Contact: Hashrithaa HR - 9894654083 (Call / Whatsapp) . For Interview schedule and more queries Preferred Immediate Joiner/ Notice period is also acceptable,https://www.naukri.com/job-listings-hcc-medical-coder-hyderabad-access-healthcare-hyderabad-1-to-3-years-100826017815,2026-08-10T14:08:03Z
naukri,100826017515,HCC Non Certified,Access Healthcare,911802,,Chennai,India,IN,+91,Not disclosed,,,,,1,3,full_time,Non Clinical,Medical Coding,Medical Coding,Medical Coding,Medical Coding=11,high,title|skills|description,false,hospital,1109,"Hcc,CPT,Medical Coding Jobs,Medical Records,Hcc Coding,ICD,Medical Coding,Certified",100,https://img.naukimg.com/logo_images/groups/v1/2750596.gif,2026-08-10,Openings for HCC Non Certified Coder. Experience: 10+ months.,https://www.naukri.com/job-listings-hcc-non-certified-access-healthcare-chennai-1-to-3-years-100826017515,2026-08-10T14:08:03Z
naukri,100826017151,Hiring For SDS - Surgery QA,Access Healthcare,911802,,Chennai,India,IN,+91,Not disclosed,,,,,2,5,full_time,Non Clinical,Medical Coding,Medical Coding,Medical Coding,Medical Coding=8,high,skills|description,false,hospital,1112,"Same Day Surgery,SDS,Otho surgery,Medical Coding,Ccs,Surgery,CPC,ICD",10,https://img.naukimg.com/logo_images/groups/v1/2750596.gif,2026-08-10,"Certification is mandatory (CPC,CRC,CCS) Minimum 2+ years of experience in Same day Surgery Immediate Joiner only",https://www.naukri.com/job-listings-hiring-for-sds-surgery-qa-access-healthcare-chennai-2-to-5-years-100826017151,2026-08-10T14:08:03Z
naukri,100826017093,Hiring For Same day surgery QA/QC,Access Healthcare,911802,,Chennai,India,IN,+91,Not disclosed,,,,,2,5,full_time,Non Clinical,Medical Coding,Medical Coding,Medical Coding,Medical Coding=8,high,skills|description,false,hospital,1109,"Same Day Surgery,SDS,Otho surgery,Medical Coding,Ccs,Surgery,CPC,ICD",10,https://img.naukimg.com/logo_images/groups/v1/2750596.gif,2026-08-10,"Certification is mandatory (CPC,CRC,CCS) Minimum 2+ years of experience in Same day Surgery Immediate Joiner only",https://www.naukri.com/job-listings-hiring-for-same-day-surgery-qa-qc-access-healthcare-chennai-2-to-5-years-100826017093,2026-08-10T14:08:03Z
naukri,100826916765,Associate Regulatory Affairs,Naukri Healthcare Jobs,125059919,Leading Client,Bengaluru,India,IN,+91,Not disclosed,,,,,2,5,full_time,Non Clinical,Regulatory Affairs,Regulatory Affairs,Regulatory Affairs,Regulatory Affairs=8,high,title|skills|description,false,hospital,1117,"regulatory affairs,marketing,project management,pharmaceutical,compliance,pharmaceutical regulations,life sciences,Regulations",,https://img.naukimg.com/logo_images/groups/v1/11912677.gif,2026-08-10,"Experience with regulatory software and systems. . Bachelors degree in Life Sciences or a related field The ideal candidate will have a strong background in regulatory affairs,with 2-5 years of experience.",https://www.naukri.com/job-listings-associate-regulatory-affairs-naukri-healthcare-jobs-bengaluru-2-to-5-years-100826916765,2026-08-10T14:08:03Z
naukri,100826916762,Regulatory Affairs Professional,Naukri Healthcare Jobs,125059919,Leading Client,Mumbai,India,IN,+91,Not disclosed,,,,,2,5,full_time,Non Clinical,Regulatory Affairs,Regulatory Affairs,Regulatory Affairs,Regulatory Affairs=8,high,title|skills|description,false,hospital,1115,"regulatory affairs,pharmaceutical industry,pharmaceutical,compliance,pharmacy,life sciences,analytical skills,Analytical",,https://img.naukimg.com/logo_images/groups/v1/11912677.gif,2026-08-10,". Bachelors degree in Pharmacy or a related field. Proven experience in regulatory affairs,preferably in the pharmaceutical industry. . Strong knowledge of regulatory requirements,laws,and regulations.",https://www.naukri.com/job-listings-regulatory-affairs-professional-naukri-healthcare-jobs-mumbai-2-to-5-years-100826916762,2026-08-10T14:08:03Z
naukri,100826916761,Help Desk Agent - Clinical Trials,Naukri Healthcare Jobs,125059919,Leading Client,Hyderabad,India,IN,+91,Not disclosed,,,,,2,7,full_time,Non Clinical,Clinical Research,Clinical Research,Clinical Research,Clinical Research=6,high,title|description,false,hospital,1012,"help desk,pharmaceutical industry,pharmaceutical,data management,data management systems,customer service,pharmaceuticals,technical support",,https://img.naukimg.com/logo_images/groups/v1/11912677.gif,2026-08-10,". Bachelors degree in Pharmacy or Life Sciences. Minimum 2 years of experience in a help desk or customer service role,preferably in the pharmaceutical industry. . Strong knowledge of clinical trial processes and regulations.",https://www.naukri.com/job-listings-help-desk-agent-clinical-trials-naukri-healthcare-jobs-hyderabad-2-to-7-years-100826916761,2026-08-10T14:08:03Z
naukri,100826916758,Clinical Trial Assistant,Naukri Healthcare Jobs,125059919,Leading Client,Agra,India,IN,+91,Not disclosed,,,,,2,7,full_time,Non Clinical,Clinical Research,Clinical Research,Clinical Research,Clinical Research=9,high,title|skills|description,false,hospital,1113,"compliance,medical writing,microsoft office,pharmaceutical industry,medical,pharmaceutical,data management,gcp",,https://img.naukimg.com/logo_images/groups/v1/11912677.gif,2026-08-10,. Bachelors degree in life sciences or a related field. Minimum 2 years of experience in a clinical trial setting. . Strong knowledge of Good Clinical Practice (GCP) principles and regulations. Excellent communication and organizational skills. . Ability to work independently and as part of a team. . Proficient in Microsoft Office and other software applications,https://www.naukri.com/job-listings-clinical-trial-assistant-naukri-healthcare-jobs-agra-2-to-7-years-100826916758,2026-08-10T14:08:03Z
naukri,100826916757,Associate Regulatory Affairs I,Naukri Healthcare Jobs,125059919,Leading Client,Bengaluru,India,IN,+91,Not disclosed,,,,,2,4,full_time,Non Clinical,Regulatory Affairs,Regulatory Affairs,Regulatory Affairs,Regulatory Affairs=7,high,title|skills,false,hospital,1117,"regulatory affairs,project management,pharmaceutical,compliance,pharmaceutical regulations,life sciences,Science,Management",,https://img.naukimg.com/logo_images/groups/v1/11912677.gif,2026-08-10,. Bachelors degree in Life Sciences or a related field. . Strong understanding of pharmaceutical regulations and guidelines. Excellent communication and project management skills. . Ability to work effectively in a fast-paced environment and meet deadlines. . Proficient in regulatory software and systems. . Strong analytical and problem-solving skills,https://www.naukri.com/job-listings-associate-regulatory-affairs-i-naukri-healthcare-jobs-bengaluru-2-to-4-years-100826916757,2026-08-10T14:08:03Z
naukri,100826916754,Clinical Research Coordinator,Naukri Healthcare Jobs,125059919,Leading Client,Mumbai,India,IN,+91,Not disclosed,,,,,0,3,full_time,Non Clinical,Clinical Research,Clinical Research,Clinical Research,Clinical Research=9,high,title|skills|description,false,hospital,1137,"coordinator,pharmaceutical industry,time management skills,pharmaceutical,time management,communication and interpersonal skills,research,clinical research",,https://img.naukimg.com/logo_images/groups/v1/11912677.gif,2026-08-10,. Bachelors degree in life sciences or a related field. Proven experience in clinical research coordination or a related field. . Strong knowledge of Good Clinical Practice (GCP) principles and regulations.,https://www.naukri.com/job-listings-clinical-research-coordinator-naukri-healthcare-jobs-mumbai-0-to-3-years-100826916754,2026-08-10T14:08:03Z
naukri,100826916751,Pharmacovigilance Professional,Naukri Healthcare Jobs,125059919,Leading Client,Hyderabad,India,IN,+91,Not disclosed,,,,,1,3,full_time,Non Clinical,Pharmacovigilance,Pharmacovigilance,Pharmacovigilance,Pharmacovigilance=8,high,title|skills|description,false,hospital,1112,"pharmacovigilance,pharmaceutical industry,pharmaceutical,compliance,pharmacy,communication and interpersonal skills,Interpersonal skills,Interpersonal",,https://img.naukimg.com/logo_images/groups/v1/11912677.gif,2026-08-10,". Bachelors degree in Pharmacy or a related field. Proven experience in pharmacovigilance,preferably in the pharmaceutical industry. . Strong knowledge of regulatory requirements and guidelines related to pharmacovigilance.",https://www.naukri.com/job-listings-pharmacovigilance-professional-naukri-healthcare-jobs-hyderabad-pune-gurugram-1-to-3-years-100826916751,2026-08-10T14:08:03Z
naukri,100826916745,Regulatory Affairs Professional,Naukri Healthcare Jobs,125059919,Leading Client,Ahmedabad,India,IN,+91,Not disclosed,,,,,2,5,full_time,Non Clinical,Regulatory Affairs,Regulatory Affairs,Regulatory Affairs,Regulatory Affairs=8,high,title|skills|description,false,hospital,1115,"regulatory affairs,pharmaceutical industry,pharmaceutical,compliance,pharmacy,life sciences,analytical skills,Analytics",,https://img.naukimg.com/logo_images/groups/v1/11912677.gif,2026-08-10,". Bachelors degree in Pharmacy or a related field. Proven experience in regulatory affairs,preferably in the pharmaceutical industry. . Strong knowledge of regulatory requirements,laws,and regulations.",https://www.naukri.com/job-listings-regulatory-affairs-professional-naukri-healthcare-jobs-ahmedabad-2-to-5-years-100826916745,2026-08-10T14:08:03Z
naukri,100826916742,Pharmacovigilance Professional,Naukri Healthcare Jobs,125059919,Leading Client,Mohali,India,IN,+91,Not disclosed,,,,,1,3,full_time,Non Clinical,Pharmacovigilance,Pharmacovigilance,Pharmacovigilance,Pharmacovigilance=8,high,title|skills|description,false,hospital,1112,"pharmacovigilance,pharmaceutical industry,pharmaceutical,compliance,pharmacy,communication and interpersonal skills,Interpersonal skills,Interpersonal",,https://img.naukimg.com/logo_images/groups/v1/11912677.gif,2026-08-10,". Bachelors degree in Pharmacy or a related field. Proven experience in pharmacovigilance,preferably in the pharmaceutical industry. . Strong knowledge of regulatory requirements and guidelines related to pharmacovigilance.",https://www.naukri.com/job-listings-pharmacovigilance-professional-naukri-healthcare-jobs-mohali-hyderabad-bengaluru-1-to-3-years-100826916742,2026-08-10T14:08:03Z
naukri,100826916739,Clinical Documentation Management Professional,Naukri Healthcare Jobs,125059919,Leading Client,Navi Mumbai,India,IN,+91,Not disclosed,,,,,1,4,full_time,Non Clinical,Clinical Research,Clinical Research,Clinical Research,Clinical Research=3,medium,skills|description,false,hospital,1065,"compliance,pharmaceutical,document management,pharmaceutical regulations,clinical trials,life sciences,communication and interpersonal skills,Documents",,https://img.naukimg.com/logo_images/groups/v1/11912677.gif,2026-08-10,Experience in managing clinical trial documents.,https://www.naukri.com/job-listings-clinical-documentation-management-professional-naukri-healthcare-jobs-navi-mumbai-1-to-4-years-100826916739,2026-08-10T14:08:03Z
naukri,100826916737,Clinical Documentation Management Professional,Naukri Healthcare Jobs,125059919,Leading Client,Coimbatore,India,IN,+91,Not disclosed,,,,,1,4,full_time,Non Clinical,Clinical Research,Clinical Research,Clinical Research,Clinical Research=3,medium,skills|description,false,hospital,1065,"compliance,pharmaceutical,document management,pharmaceutical regulations,clinical trials,life sciences,communication and interpersonal skills,Interpersonal Skill",,https://img.naukimg.com/logo_images/groups/v1/11912677.gif,2026-08-10,Experience in managing clinical trial documents.,https://www.naukri.com/job-listings-clinical-documentation-management-professional-naukri-healthcare-jobs-coimbatore-1-to-4-years-100826916737,2026-08-10T14:08:03Z
naukri,100826916732,Clinical Project Assistant,Naukri Healthcare Jobs,125059919,Leading Client,Bengaluru,India,IN,+91,Not disclosed,,,,,1,4,full_time,Non Clinical,Clinical Research,Clinical Research,Clinical Research,Clinical Research=9,high,title|skills|description,false,hospital,1112,"compliance,pharmaceutical,biology,gcp,pharmacy,life sciences,project team,communication skills",,https://img.naukimg.com/logo_images/groups/v1/11912677.gif,2026-08-10,". Bachelors degree in a related field such as biology,pharmacy,or medicine. Ensure compliance with Good Clinical Practice (GCP) guidelines and regulatory requirements. Proven experience in a clinical trial setting or similar role.",https://www.naukri.com/job-listings-clinical-project-assistant-naukri-healthcare-jobs-bengaluru-1-to-4-years-100826916732,2026-08-10T14:08:03Z
naukri,100826916731,Regulatory Affairs Manager,Naukri Healthcare Jobs,125059919,Leading Client,Ahmedabad,India,IN,+91,Not disclosed,,,,,5,10,full_time,Non Clinical,Regulatory Affairs,Regulatory Affairs,Regulatory Affairs,Regulatory Affairs=8,high,title|skills|description,false,hospital,1117,"regulatory affairs,pharmaceutical,compliance,pharmaceutical regulations,communication and interpersonal skills,Interpersonal Skill,Management,Regulatory",,https://img.naukimg.com/logo_images/groups/v1/11912677.gif,2026-08-10,"The ideal candidate will have a strong background in regulatory affairs,with 5-10 years of experience. Experience with regulatory software and systems. . Strong attention to detail and organizational skills",https://www.naukri.com/job-listings-regulatory-affairs-manager-naukri-healthcare-jobs-ahmedabad-5-to-10-years-100826916731,2026-08-10T14:08:03Z
naukri,100826916729,Clinical Research Coordinator,Naukri Healthcare Jobs,125059919,Leading Client,Rishikesh,India,IN,+91,Not disclosed,,,,,0,3,full_time,Non Clinical,Clinical Research,Clinical Research,Clinical Research,Clinical Research=9,high,title|skills|description,false,hospital,1137,"coordinator,pharmaceutical industry,time management skills,pharmaceutical,time management,communication and interpersonal skills,research,clinical research",,https://img.naukimg.com/logo_images/groups/v1/11912677.gif,2026-08-10,. Bachelors degree in life sciences or a related field. Proven experience in clinical research coordination or a related field. . Strong knowledge of Good Clinical Practice (GCP) principles and regulations.,https://www.naukri.com/job-listings-clinical-research-coordinator-naukri-healthcare-jobs-rishikesh-0-to-3-years-100826916729,2026-08-10T14:08:03Z
naukri,100826916730,Production Executive - Biotechnology,Naukri Healthcare Jobs,125059919,Leading Client,Hyderabad,India,IN,+91,Not disclosed,,,,,0,3,full_time,Non Clinical,Regulatory Affairs,Regulatory Affairs,Regulatory Affairs,Regulatory Affairs=3,medium,skills|description,false,hospital,1056,"biotechnology,quality control,compliance,regulatory affairs,pharmacy,manufacturing,process optimization,pharma",,https://img.naukimg.com/logo_images/groups/v1/11912677.gif,2026-08-10,"Ensure adherence to Good Manufacturing Practices (GMP) and other relevant regulations . Bachelors degree in Science (BSc),Pharmacy (BPharma),or related field. Proven experience in production management,preferably in biotechnology or pharmaceuticals. . Strong knowledge of GMP,Quality Control,and Regulatory Affairs.",https://www.naukri.com/job-listings-production-executive-biotechnology-naukri-healthcare-jobs-hyderabad-0-to-3-years-100826916730,2026-08-10T14:08:03Z
naukri,100826916728,Clinical Support Professional - TMF & PV,Naukri Healthcare Jobs,125059919,Leading Client,Gurugram,India,IN,+91,Not disclosed,,,,,1,4,full_time,Non Clinical,TMF,Pharmacovigilance,Pharmacovigilance|TMF|Clinical Research,Pharmacovigilance=7;TMF=5;Clinical Research=4,high,title|skills,false,hospital,1109,"clinical support,pharmaceutical,quality control,gcp,pv,compliance,pharmacy,process improvement",,https://img.naukimg.com/logo_images/groups/v1/11912677.gif,2026-08-10,". Bachelors degree in a relevant field,such as life sciences or pharmacy. Proven experience in clinical support,preferably in a pharmaceutical company setting. . Strong knowledge of Good Clinical Practice (GCP),International Conference on Harmonisation (ICH) guidelines,and other relevant regulations.",https://www.naukri.com/job-listings-clinical-support-professional-tmf-pv-naukri-healthcare-jobs-gurugram-1-to-4-years-100826916728,2026-08-10T14:08:03Z
naukri,100826916725,Clinical Research Coordinator,Naukri Healthcare Jobs,125059919,Leading Client,Hyderabad,India,IN,+91,Not disclosed,,,,,0,3,full_time,Non Clinical,Clinical Research,Clinical Research,Clinical Research,Clinical Research=9,high,title|skills|description,false,hospital,1137,"coordinator,pharmaceutical industry,time management skills,pharmaceutical,time management,communication and interpersonal skills,research,clinical research",,https://img.naukimg.com/logo_images/groups/v1/11912677.gif,2026-08-10,. Bachelors degree in life sciences or a related field. Proven experience in clinical research coordination or a related field. . Strong knowledge of Good Clinical Practice (GCP) principles and regulations.,https://www.naukri.com/job-listings-clinical-research-coordinator-naukri-healthcare-jobs-hyderabad-0-to-3-years-100826916725,2026-08-10T14:08:03Z
naukri,100826916724,Pharmacovigilance Professional,Naukri Healthcare Jobs,125059919,Leading Client,Delhi / NCR,India,IN,+91,Not disclosed,,,,,1,3,full_time,Non Clinical,Pharmacovigilance,Pharmacovigilance,Pharmacovigilance,Pharmacovigilance=8,high,title|skills|description,false,hospital,1112,"pharmacovigilance,pharmaceutical industry,pharmaceutical,compliance,pharmacy,communication and interpersonal skills,Interpersonal Skill,Interpersonal",,https://img.naukimg.com/logo_images/groups/v1/11912677.gif,2026-08-10,". Bachelors degree in Pharmacy or a related field. Proven experience in pharmacovigilance,preferably in the pharmaceutical industry. . Strong knowledge of regulatory requirements and guidelines related to pharmacovigilance.",https://www.naukri.com/job-listings-pharmacovigilance-professional-naukri-healthcare-jobs-delhi-ncr-1-to-3-years-100826916724,2026-08-10T14:08:03Z
naukri,100826916721,Clinical Research Associate II,Naukri Healthcare Jobs,125059919,Leading Client,Bengaluru,India,IN,+91,Not disclosed,,,,,2,7,full_time,Non Clinical,Clinical Research,Clinical Research,Clinical Research,Clinical Research=13,high,title|skills|description,false,hospital,1137,"clinical research,pharmaceutical industry,pharmaceutical,quality control,gcp,compliance,research associate,life sciences",,https://img.naukimg.com/logo_images/groups/v1/11912677.gif,2026-08-10,". Bachelors degree in life sciences or a related field. Minimum 2 years of experience in clinical research,preferably in a pharmaceutical company setting. . Strong knowledge of Good Clinical Practice (GCP) principles and regulations.",https://www.naukri.com/job-listings-clinical-research-associate-ii-naukri-healthcare-jobs-bengaluru-2-to-7-years-100826916721,2026-08-10T14:08:03Z
naukri,100826916718,Clinical Research Coordinator,Naukri Healthcare Jobs,125059919,Leading Client,New Delhi,India,IN,+91,Not disclosed,,,,,0,3,full_time,Non Clinical,Clinical Research,Clinical Research,Clinical Research,Clinical Research=9,high,title|skills|description,false,hospital,1137,"coordinator,pharmaceutical industry,time management skills,pharmaceutical,time management,communication and interpersonal skills,research,clinical research",,https://img.naukimg.com/logo_images/groups/v1/11912677.gif,2026-08-10,. Bachelors degree in life sciences or a related field. Proven experience in clinical research coordination or a related field. . Strong knowledge of Good Clinical Practice (GCP) principles and regulations.,https://www.naukri.com/job-listings-clinical-research-coordinator-naukri-healthcare-jobs-new-delhi-0-to-3-years-100826916718,2026-08-10T14:08:03Z
naukri,100826916715,Clinical Research Coordinator,Naukri Healthcare Jobs,125059919,Leading Client,Delhi / NCR,India,IN,+91,Not disclosed,,,,,0,3,full_time,Non Clinical,Clinical Research,Clinical Research,Clinical Research,Clinical Research=9,high,title|skills|description,false,hospital,1137,"coordinator,pharmaceutical industry,time management skills,pharmaceutical,time management,communication and interpersonal skills,research,clinical research",,https://img.naukimg.com/logo_images/groups/v1/11912677.gif,2026-08-10,. Bachelors degree in life sciences or a related field. Proven experience in clinical research coordination or a related field. . Strong knowledge of Good Clinical Practice (GCP) principles and regulations.,https://www.naukri.com/job-listings-clinical-research-coordinator-naukri-healthcare-jobs-delhi-ncr-0-to-3-years-100826916715,2026-08-10T14:08:03Z
naukri,100826916712,Clinical Operations Professional,Naukri Healthcare Jobs,125059919,Leading Client,Mumbai,India,IN,+91,Not disclosed,,,,,1,4,full_time,Non Clinical,Clinical Research,Clinical Research,Clinical Research,Clinical Research=13,high,title|skills|description,false,hospital,1137,"clinical operations,pharmaceutical industry,pharmaceutical,operations,gcp,compliance,pharmacy,clinical trials",,https://img.naukimg.com/logo_images/groups/v1/11912677.gif,2026-08-10,". Bachelors degree in a relevant field such as life sciences or pharmacy. Proven experience in clinical operations,preferably in the pharmaceutical industry. . Strong knowledge of Good Clinical Practice (GCP) regulations and guidelines.",https://www.naukri.com/job-listings-clinical-operations-professional-naukri-healthcare-jobs-mumbai-1-to-4-years-100826916712,2026-08-10T14:08:03Z
naukri,100826916709,Pharmacovigilance Professional,Naukri Healthcare Jobs,125059919,Leading Client,Mumbai,India,IN,+91,Not disclosed,,,,,1,3,full_time,Non Clinical,Pharmacovigilance,Pharmacovigilance,Pharmacovigilance,Pharmacovigilance=8,high,title|skills|description,false,hospital,1112,"pharmacovigilance,pharmaceutical industry,pharmaceutical,compliance,pharmacy,communication and interpersonal skills,Interpersonal Skill,Interpersonal",,https://img.naukimg.com/logo_images/groups/v1/11912677.gif,2026-08-10,". Bachelors degree in Pharmacy or a related field. Proven experience in pharmacovigilance,preferably in the pharmaceutical industry. . Strong knowledge of regulatory requirements and guidelines related to pharmacovigilance.",https://www.naukri.com/job-listings-pharmacovigilance-professional-naukri-healthcare-jobs-mumbai-1-to-3-years-100826916709,2026-08-10T14:08:03Z
naukri,100826916704,Regulatory Affairs Executive,Naukri Healthcare Jobs,125059919,Leading Client,Delhi / NCR,India,IN,+91,Not disclosed,,,,,2,5,full_time,Non Clinical,Regulatory Affairs,Regulatory Affairs,Regulatory Affairs,Regulatory Affairs=8,high,title|skills|description,false,hospital,1117,"regulatory affairs,marketing,pharmaceutical industry,project management,pharmaceutical,compliance,life sciences,Regulatory",,https://img.naukimg.com/logo_images/groups/v1/11912677.gif,2026-08-10,". Bachelors degree in Life Sciences or a related field. Minimum 2 years of experience in regulatory affairs,preferably in the pharmaceutical industry. . Strong knowledge of pharmaceutical industry regulations,including FDA,EMA,and ICH guidelines. The ideal candidate will have a strong background in regulatory affairs,with 2-5 years of experience.",https://www.naukri.com/job-listings-regulatory-affairs-executive-naukri-healthcare-jobs-delhi-ncr-2-to-5-years-100826916704,2026-08-10T14:08:03Z
naukri,100826916701,Pharmacovigilance Ops Specialist,Naukri Healthcare Jobs,125059919,Leading Client,Bengaluru,India,IN,+91,Not disclosed,,,,,2,5,full_time,Non Clinical,Pharmacovigilance,Pharmacovigilance,Pharmacovigilance,Pharmacovigilance=8,high,title|skills|description,false,hospital,1112,"pharmacovigilance,data quality,pharmaceutical,operations,compliance,pharmacy,life sciences,communication and interpersonal skills",,https://img.naukimg.com/logo_images/groups/v1/11912677.gif,2026-08-10,". Bachelors degree in a related field such as pharmacy or life sciences. Minimum 2 years of experience in pharmacovigilance operations. . Strong knowledge of pharmacovigilance regulations and guidelines. The ideal candidate will have a strong background in pharmacovigilance operations,with 2-5 years of experience.",https://www.naukri.com/job-listings-pharmacovigilance-ops-specialist-naukri-healthcare-jobs-bengaluru-2-to-5-years-100826916701,2026-08-10T14:08:03Z
naukri,100826916700,Pharmacovigilance Safety Associate,Naukri Healthcare Jobs,125059919,Leading Client,Bengaluru,India,IN,+91,Not disclosed,,,,,1,3,full_time,Non Clinical,Pharmacovigilance,Pharmacovigilance,Pharmacovigilance,Pharmacovigilance=8,high,title|skills|description,false,hospital,1113,"pharmacovigilance,pharmaceutical industry,pharmaceutical,pharmacy,life sciences,communication skills,Science,Safety",,https://img.naukimg.com/logo_images/groups/v1/11912677.gif,2026-08-10,". Bachelors degree in a relevant field such as pharmacy,medicine,or life sciences. Proven experience in pharmacovigilance and safety,preferably in the pharmaceutical industry. . Strong knowledge of regulatory requirements and guidelines related to pharmacovigilance and safety.",https://www.naukri.com/job-listings-pharmacovigilance-safety-associate-naukri-healthcare-jobs-bengaluru-1-to-3-years-100826916700,2026-08-10T14:08:03Z
naukri,100826916694,Fresher Pharmacovigilance,Naukri Healthcare Jobs,125059919,Leading Client,Bengaluru,India,IN,+91,Not disclosed,,,,,0,1,full_time,Non Clinical,Pharmacovigilance,Pharmacovigilance,Pharmacovigilance,Pharmacovigilance=8,high,title|skills|description,false,hospital,1112,"pharmacovigilance,time management skills,medical,pharmaceutical,time management,life sciences,Management skills,Time Managements",,https://img.naukimg.com/logo_images/groups/v1/11912677.gif,2026-08-10,We are looking for a highly motivated and detail-oriented individual to join our team as a Fresher Pharmacovigilance professional in the Pharmaceutical & Life Sciences industry,https://www.naukri.com/job-listings-fresher-pharmacovigilance-naukri-healthcare-jobs-bengaluru-0-to-1-years-100826916694,2026-08-10T14:08:03Z
naukri,100826916687,Pharmacovigilance Services Associate,Naukri Healthcare Jobs,125059919,Leading Client,Bengaluru,India,IN,+91,Not disclosed,,,,,0,2,full_time,Non Clinical,Pharmacovigilance,Pharmacovigilance,Pharmacovigilance,Pharmacovigilance=7,high,title|skills,false,hospital,1112,"pharmacovigilance,medical,pharmaceutical,clinical trials,healthcare software,communication and interpersonal skills,analytical skills,healthcare",,https://img.naukimg.com/logo_images/groups/v1/11912677.gif,2026-08-10,Experience working with electronic health records systems and other healthcare software. . Strong attention to detail and ability to maintain accurate records,https://www.naukri.com/job-listings-pharmacovigilance-services-associate-naukri-healthcare-jobs-bengaluru-0-to-2-years-100826916687,2026-08-10T14:08:03Z
naukri,100826916685,Regulatory Affairs Executive,Naukri Healthcare Jobs,125059919,Leading Client,Mumbai,India,IN,+91,Not disclosed,,,,,2,5,full_time,Non Clinical,Regulatory Affairs,Regulatory Affairs,Regulatory Affairs,Regulatory Affairs=8,high,title|skills|description,false,hospital,1117,"regulatory affairs,marketing,pharmaceutical industry,project management,pharmaceutical,compliance,life sciences,Management",,https://img.naukimg.com/logo_images/groups/v1/11912677.gif,2026-08-10,". Bachelors degree in Life Sciences or a related field. Minimum 2 years of experience in regulatory affairs,preferably in the pharmaceutical industry. . Strong knowledge of pharmaceutical industry regulations,including FDA,EMA,and ICH guidelines. The ideal candidate will have a strong background in regulatory affairs,with 2-5 years of experience.",https://www.naukri.com/job-listings-regulatory-affairs-executive-naukri-healthcare-jobs-mumbai-2-to-5-years-100826916685,2026-08-10T14:08:03Z
naukri,100826916686,Drug Safety Executive,Naukri Healthcare Jobs,125059919,Leading Client,Mumbai,India,IN,+91,Not disclosed,,,,,1,3,full_time,Non Clinical,Pharmacovigilance,Pharmacovigilance,Pharmacovigilance|Regulatory Affairs,Pharmacovigilance=8;Regulatory Affairs=3,high,title|skills|description,false,hospital,1113,"drug safety,risk assessment,pharmaceutical industry,pharmaceutical,compliance,pharmaceutical regulations,regulatory affairs,pharmacy",,https://img.naukimg.com/logo_images/groups/v1/11912677.gif,2026-08-10,". Bachelors degree in Pharmacy or a related field. Proven experience in drug safety,regulatory affairs,or a related field. . Strong knowledge of pharmaceutical regulations and guidelines.",https://www.naukri.com/job-listings-drug-safety-executive-naukri-healthcare-jobs-mumbai-1-to-3-years-100826916686,2026-08-10T14:08:03Z
naukri,100826916684,Clinical Research Associate,Naukri Healthcare Jobs,125059919,Leading Client,Delhi / NCR,India,IN,+91,Not disclosed,,,,,0,3,full_time,Non Clinical,Clinical Research,Clinical Research,Clinical Research,Clinical Research=10,high,title|skills|description,false,hospital,1137,"clinical research,medical writing,project management,medical,pharmaceutical,data management,biology,research",,https://img.naukimg.com/logo_images/groups/v1/11912677.gif,2026-08-10,". Bachelors degree in life sciences or a related field (e.g.,biology,pharmacy,medicine). Proven experience in clinical research,preferably in a pharmaceutical company setting. . Strong knowledge of Good Clinical Practice (GCP) principles and regulations governing clinical trials.",https://www.naukri.com/job-listings-clinical-research-associate-naukri-healthcare-jobs-delhi-ncr-0-to-3-years-100826916684,2026-08-10T14:08:03Z
naukri,100826916682,Drug Safety Executive,Naukri Healthcare Jobs,125059919,Leading Client,Gurugram,India,IN,+91,Not disclosed,,,,,1,3,full_time,Non Clinical,Pharmacovigilance,Pharmacovigilance,Pharmacovigilance|Regulatory Affairs,Pharmacovigilance=8;Regulatory Affairs=3,high,title|skills|description,false,hospital,1113,"drug safety,risk assessment,pharmaceutical industry,pharmaceutical,compliance,pharmaceutical regulations,regulatory affairs,pharmacy",,https://img.naukimg.com/logo_images/groups/v1/11912677.gif,2026-08-10,". Bachelors degree in Pharmacy or a related field. Proven experience in drug safety,regulatory affairs,or a related field. . Strong knowledge of pharmaceutical regulations and guidelines.",https://www.naukri.com/job-listings-drug-safety-executive-naukri-healthcare-jobs-gurugram-1-to-3-years-100826916682,2026-08-10T14:08:03Z
naukri,100826916679,Clinical Trial Associate,Naukri Healthcare Jobs,125059919,Leading Client,Surat,India,IN,+91,Not disclosed,,,,,0,3,full_time,Non Clinical,Clinical Research,Clinical Research,Clinical Research,Clinical Research=7,high,title|description,false,hospital,1113,"compliance,medical writing,pharmaceutical industry,medical,pharmaceutical,data management,biology,communication and interpersonal skills",,https://img.naukimg.com/logo_images/groups/v1/11912677.gif,2026-08-10,". Bachelors degree in a related field such as biology,pharmacy,or medicine. Proven experience in clinical trials,preferably in a pharmaceutical company setting. . Strong knowledge of Good Clinical Practice (GCP) principles and regulations.",https://www.naukri.com/job-listings-clinical-trial-associate-naukri-healthcare-jobs-surat-0-to-3-years-100826916679,2026-08-10T14:08:03Z
naukri,100826916678,Drug Safety Specialist,Naukri Healthcare Jobs,125059919,Leading Client,Hyderabad,India,IN,+91,Not disclosed,,,,,2,5,full_time,Non Clinical,Pharmacovigilance,Pharmacovigilance,Pharmacovigilance,Pharmacovigilance=8,high,title|skills|description,false,hospital,1109,"drug safety,risk assessment,pharmaceutical industry,pharmaceutical,compliance,regulatory affairs,pharmacy,life sciences",,https://img.naukimg.com/logo_images/groups/v1/11912677.gif,2026-08-10,"Excellent analytical and problem-solving skills. . Ability to work effectively in a team environment. . Strong communication and interpersonal skills. . Bachelors degree in a relevant field such as pharmacy,medicine,or life sciences Experience with drug safety databases and software applications.",https://www.naukri.com/job-listings-drug-safety-specialist-naukri-healthcare-jobs-hyderabad-2-to-5-years-100826916678,2026-08-10T14:08:03Z
naukri,100826916677,Clinical Project Associate,Naukri Healthcare Jobs,125059919,Leading Client,Bengaluru,India,IN,+91,Not disclosed,,,,,1,4,full_time,Non Clinical,Clinical Research,Clinical Research,Clinical Research,Clinical Research=7,high,title|description,false,hospital,1137,"compliance,medical writing,microsoft office,pharmaceutical industry,project management,medical,pharmaceutical,data management",,https://img.naukimg.com/logo_images/groups/v1/11912677.gif,2026-08-10,". Bachelors degree in life sciences,pharmacy,or a related field. Proven experience in clinical trials,preferably in a pharmaceutical company setting. . Strong knowledge of Good Clinical Practice (GCP) principles and regulations.",https://www.naukri.com/job-listings-clinical-project-associate-naukri-healthcare-jobs-bengaluru-1-to-4-years-100826916677,2026-08-10T14:08:03Z
naukri,100826916676,Pharmacovigilance Professional,Naukri Healthcare Jobs,125059919,Leading Client,Hyderabad,India,IN,+91,Not disclosed,,,,,1,3,full_time,Non Clinical,Pharmacovigilance,Pharmacovigilance,Pharmacovigilance,Pharmacovigilance=8,high,title|skills|description,false,hospital,1112,"pharmacovigilance,pharmaceutical industry,pharmaceutical,compliance,pharmacy,communication and interpersonal skills,Interpersonal skills,Interpersonal",,https://img.naukimg.com/logo_images/groups/v1/11912677.gif,2026-08-10,". Bachelors degree in Pharmacy or a related field. Proven experience in pharmacovigilance,preferably in the pharmaceutical industry. . Strong knowledge of regulatory requirements and guidelines related to pharmacovigilance.",https://www.naukri.com/job-listings-pharmacovigilance-professional-naukri-healthcare-jobs-hyderabad-1-to-3-years-100826916676,2026-08-10T14:08:03Z
naukri,100826916672,Clinical Project Support Coordinator,Naukri Healthcare Jobs,125059919,Leading Client,Bengaluru,India,IN,+91,Not disclosed,,,,,2,7,full_time,Non Clinical,Clinical Research,Clinical Research,Clinical Research,Clinical Research=8,high,title|skills|description,false,hospital,1113,"coordinator,clinical operations,medical writing,pharmaceutical industry,project management,medical,pharmaceutical,data management",,https://img.naukimg.com/logo_images/groups/v1/11912677.gif,2026-08-10,". Bachelors degree in a related field,such as biology,pharmacy,or medicine. Minimum 2 years of experience in a clinical trial setting,preferably in a coordination or support role. . Strong knowledge of clinical trial conduct,including protocols,case report forms,and investigational techniques.",https://www.naukri.com/job-listings-clinical-project-support-coordinator-naukri-healthcare-jobs-bengaluru-2-to-7-years-100826916672,2026-08-10T14:08:03Z
naukri,100826916670,eClinical Coordinator,Naukri Healthcare Jobs,125059919,Leading Client,Mumbai,India,IN,+91,Not disclosed,,,,,2,7,full_time,Non Clinical,Clinical Research,Clinical Research,Clinical Research,Clinical Research=4,medium,skills,false,hospital,1112,"coordinator,pharmaceutical,data management,research,data quality,database management,gcp,clinical research",,https://img.naukimg.com/logo_images/groups/v1/11912677.gif,2026-08-10,". Bachelors degree in a related field such as life sciences or pharmacy. Excellent analytical,problem-solving,and communication skills,with the ability to work effectively in a team environment. . Proficiency in database management systems,statistical software,and other relevant tools. . Ability to prioritize tasks and meet deadlines in a fast-paced environment",https://www.naukri.com/job-listings-eclinical-coordinator-naukri-healthcare-jobs-mumbai-2-to-7-years-100826916670,2026-08-10T14:08:03Z
naukri,100826916669,Safety Associate - Pharmacovigilance,Naukri Healthcare Jobs,125059919,Leading Client,Bengaluru,India,IN,+91,Not disclosed,,,,,1,3,full_time,Non Clinical,Pharmacovigilance,Pharmacovigilance,Pharmacovigilance,Pharmacovigilance=8,high,title|skills|description,false,hospital,1113,"pharmacovigilance,medical,pharmaceutical,pharmacy,communication and interpersonal skills,patient care,healthcare,Interpersonal",,https://img.naukimg.com/logo_images/groups/v1/11912677.gif,2026-08-10,". Bachelors degree in Pharmacy or a related field. Proven experience in pharmacovigilance,focusing on safety associate roles. . Strong understanding of pharmaceutical products,including their mechanisms of action and potential side effects.",https://www.naukri.com/job-listings-safety-associate-pharmacovigilance-naukri-healthcare-jobs-bengaluru-1-to-3-years-100826916669,2026-08-10T14:08:03Z
naukri,100826916668,Pharmacovigilance Specialist,Naukri Healthcare Jobs,125059919,Leading Client,Bengaluru,India,IN,+91,Not disclosed,,,,,2,5,full_time,Non Clinical,Pharmacovigilance,Pharmacovigilance,Pharmacovigilance,Pharmacovigilance=8,high,title|skills|description,false,hospital,1109,"pharmacovigilance,pharmaceutical,compliance,pharmacy,clinical trials,life sciences,communication and interpersonal skills,pharmaceuticals",,https://img.naukimg.com/logo_images/groups/v1/11912677.gif,2026-08-10,"Experience with pharmacovigilance software and systems is preferred. . Bachelors degree in a related field,such as pharmacy or medicine The ideal candidate will have a strong background in pharmacovigilance,with 2-5 years of experience.",https://www.naukri.com/job-listings-pharmacovigilance-specialist-naukri-healthcare-jobs-bengaluru-2-to-5-years-100826916668,2026-08-10T14:08:03Z
naukri,100826916666,Clinical Research Associate,Naukri Healthcare Jobs,125059919,Leading Client,Mumbai,India,IN,+91,Not disclosed,,,,,0,3,full_time,Non Clinical,Clinical Research,Clinical Research,Clinical Research,Clinical Research=10,high,title|skills|description,false,hospital,1137,"clinical research,medical writing,project management,medical,pharmaceutical,data management,biology,research",,https://img.naukimg.com/logo_images/groups/v1/11912677.gif,2026-08-10,". Bachelors degree in life sciences or a related field (e.g.,biology,pharmacy,medicine). Proven experience in clinical research,preferably in a pharmaceutical company setting. . Strong knowledge of Good Clinical Practice (GCP) principles and regulations governing clinical trials.",https://www.naukri.com/job-listings-clinical-research-associate-naukri-healthcare-jobs-mumbai-0-to-3-years-100826916666,2026-08-10T14:08:03Z
naukri,100826916665,Clinical Trial Assistant,Naukri Healthcare Jobs,125059919,Leading Client,Mumbai,India,IN,+91,Not disclosed,,,,,2,7,full_time,Non Clinical,Clinical Research,Clinical Research,Clinical Research,Clinical Research=9,high,title|skills|description,false,hospital,1113,"compliance,medical writing,microsoft office,pharmaceutical industry,medical,pharmaceutical,data management,gcp",,https://img.naukimg.com/logo_images/groups/v1/11912677.gif,2026-08-10,. Bachelors degree in life sciences or a related field. Minimum 2 years of experience in a clinical trial setting. . Strong knowledge of Good Clinical Practice (GCP) principles and regulations. Excellent communication and organizational skills. . Ability to work independently and as part of a team. . Proficient in Microsoft Office and other software applications,https://www.naukri.com/job-listings-clinical-trial-assistant-naukri-healthcare-jobs-mumbai-2-to-7-years-100826916665,2026-08-10T14:08:03Z
naukri,100826916664,Clinical Trial Assistant,Naukri Healthcare Jobs,125059919,Leading Client,Bengaluru,India,IN,+91,Not disclosed,,,,,2,7,full_time,Non Clinical,Clinical Research,Clinical Research,Clinical Research,Clinical Research=9,high,title|skills|description,false,hospital,1113,"compliance,medical writing,microsoft office,pharmaceutical industry,medical,pharmaceutical,data management,gcp",,https://img.naukimg.com/logo_images/groups/v1/11912677.gif,2026-08-10,. Bachelors degree in life sciences or a related field. Minimum 2 years of experience in a clinical trial setting. . Strong knowledge of Good Clinical Practice (GCP) principles and regulations. Excellent communication and organizational skills. . Ability to work independently and as part of a team. . Proficient in Microsoft Office and other software applications,https://www.naukri.com/job-listings-clinical-trial-assistant-naukri-healthcare-jobs-bengaluru-2-to-7-years-100826916664,2026-08-10T14:08:03Z
naukri,100826916662,Regulatory Affairs Professional Professional - CTA & IND Submissions,Naukri Healthcare Jobs,125059919,Leading Client,Mumbai,India,IN,+91,Not disclosed,,,,,5,10,full_time,Non Clinical,Clinical Research,Regulatory Affairs,Regulatory Affairs,Regulatory Affairs=8,high,title|skills|description,false,hospital,1114,"regulatory affairs,pharmaceutical industry,project management,pharmaceutical,compliance,pharmacy,Regulatory,Project",,https://img.naukimg.com/logo_images/groups/v1/11912677.gif,2026-08-10,". Bachelors degree in Pharmacy or related field. Minimum 5 years of experience in regulatory affairs,preferably in the pharmaceutical industry. . Strong knowledge of regulatory requirements and guidelines for CTA & IND submissions. The ideal candidate will have a strong background in the pharmaceutical industry and experience with regulatory affairs.",https://www.naukri.com/job-listings-regulatory-affairs-professional-professional-cta-ind-submissions-naukri-healthcare-jobs-mumbai-bengaluru-5-to-10-years-100826916662,2026-08-10T14:08:03Z
naukri,100826916658,Research Associate II - Pharma R&D,Naukri Healthcare Jobs,125059919,Leading Client,Bengaluru,India,IN,+91,Not disclosed,,,,,2,7,full_time,Public Health,Public Health Research,Clinical Research,Clinical Research,Clinical Research=5,high,title,false,hospital,1138,"API,pharmaceutical,pharmaceutical research,quality control,pharmaceutical science,communication and interpersonal skills,research,research projects",,https://img.naukimg.com/logo_images/groups/v1/11912677.gif,2026-08-10,. Bachelors degree in Pharmacy or related field. Demonstrate excellent analytical and problem-solving skills. . Ability to work effectively in a team environment is essential. . Strong communication and interpersonal skills are required Minimum 2 years of experience in pharmaceutical research and development.,https://www.naukri.com/job-listings-research-associate-ii-pharma-r-d-naukri-healthcare-jobs-bengaluru-2-to-7-years-100826916658,2026-08-10T14:08:03Z
naukri,100826916655,Clinical Research Coordinator,Naukri Healthcare Jobs,125059919,Leading Client,Gurugram,India,IN,+91,Not disclosed,,,,,0,3,full_time,Non Clinical,Clinical Research,Clinical Research,Clinical Research,Clinical Research=9,high,title|skills|description,false,hospital,1137,"coordinator,pharmaceutical industry,time management skills,pharmaceutical,time management,communication and interpersonal skills,research,clinical research",,https://img.naukimg.com/logo_images/groups/v1/11912677.gif,2026-08-10,. Bachelors degree in life sciences or a related field. Proven experience in clinical research coordination or a related field. . Strong knowledge of Good Clinical Practice (GCP) principles and regulations.,https://www.naukri.com/job-listings-clinical-research-coordinator-naukri-healthcare-jobs-gurugram-0-to-3-years-100826916655,2026-08-10T14:08:03Z
naukri,100826916654,Pharmacovigilance Case Processing Professional,Naukri Healthcare Jobs,125059919,Leading Client,Mumbai,India,IN,+91,Not disclosed,,,,,1,3,full_time,Non Clinical,Pharmacovigilance,Pharmacovigilance,Pharmacovigilance,Pharmacovigilance=14,high,title|skills|description,false,hospital,1137,"pharmacovigilance,medical,pharmaceutical,customer service,pharmacy,life sciences,communication skills,Case",,https://img.naukimg.com/logo_images/groups/v1/11912677.gif,2026-08-10,". Bachelors degree in a related field such as pharmacy,medicine,or life sciences. Proven experience in pharmacovigilance case processing,preferably in a similar role within the Pharmaceutical & Life Sciences industry. . Strong knowledge of pharmacovigilance regulations,guidelines,and best practices.",https://www.naukri.com/job-listings-pharmacovigilance-case-processing-professional-naukri-healthcare-jobs-mumbai-1-to-3-years-100826916654,2026-08-10T14:08:03Z
naukri,100826916652,Regulatory Affairs Specialist - CMC,Naukri Healthcare Jobs,125059919,Leading Client,Bengaluru,India,IN,+91,Not disclosed,,,,,5,10,full_time,Non Clinical,Regulatory Affairs,Regulatory Affairs,Regulatory Affairs,Regulatory Affairs=8,high,title|skills|description,false,hospital,1114,"regulatory affairs,pharmaceutical industry,pharmaceutical,compliance,life sciences,Regulatory,Science,CMC",,https://img.naukimg.com/logo_images/groups/v1/11912677.gif,2026-08-10,". Bachelors degree in Life Sciences or a related field. Minimum 5 years of experience in regulatory affairs,preferably in CMC. . Strong knowledge of regulatory requirements and guidelines governing pharmaceutical companies.",https://www.naukri.com/job-listings-regulatory-affairs-specialist-cmc-naukri-healthcare-jobs-bengaluru-5-to-10-years-100826916652,2026-08-10T14:08:03Z
naukri,100826916651,Pharmacovigilance Professional Case Processing,Naukri Healthcare Jobs,125059919,Leading Client,Mumbai,India,IN,+91,Not disclosed,,,,,1,3,full_time,Non Clinical,Pharmacovigilance,Pharmacovigilance,Pharmacovigilance,Pharmacovigilance=14,high,title|skills|description,false,hospital,1137,"pharmacovigilance,medical,pharmaceutical,customer service,pharmacy,life sciences,communication skills,Case",,https://img.naukimg.com/logo_images/groups/v1/11912677.gif,2026-08-10,". Bachelors degree in a related field such as pharmacy,medicine,or life sciences. Proven experience in pharmacovigilance case processing,preferably in a similar role within the Pharmaceutical & Life Sciences industry. . Strong knowledge of pharmacovigilance regulations,guidelines,and best practices.",https://www.naukri.com/job-listings-pharmacovigilance-professional-case-processing-naukri-healthcare-jobs-mumbai-1-to-3-years-100826916651,2026-08-10T14:08:03Z
naukri,100826916645,Regulatory Affairs Specialist,Naukri Healthcare Jobs,125059919,Leading Client,Bengaluru,India,IN,+91,Not disclosed,,,,,2,5,full_time,Non Clinical,Regulatory Affairs,Regulatory Affairs,Regulatory Affairs,Regulatory Affairs=8,high,title|skills|description,false,hospital,1114,"regulatory affairs,marketing,project management,pharmaceutical,compliance,pharmaceutical regulations,Regulatory,Regulations",,https://img.naukimg.com/logo_images/groups/v1/11912677.gif,2026-08-10,"Excellent communication and project management skills. . Ability to work independently and as part of a team. . Strong analytical and problem-solving skills. . Proficient in regulatory software and systems. The ideal candidate will have a strong background in regulatory affairs,with 2-5 years of experience. Experience in preparing and reviewing regulatory documents",https://www.naukri.com/job-listings-regulatory-affairs-specialist-naukri-healthcare-jobs-bengaluru-2-to-5-years-100826916645,2026-08-10T14:08:03Z
naukri,100826916643,Regulatory Affairs Professional & Pharmacovigilance,Naukri Healthcare Jobs,125059919,Leading Client,Hyderabad,India,IN,+91,Not disclosed,,,,,1,4,full_time,Non Clinical,Pharmacovigilance,Pharmacovigilance,Pharmacovigilance|Regulatory Affairs,Pharmacovigilance=9;Regulatory Affairs=7,high,title|skills|description,false,hospital,1114,"regulatory affairs,marketing,risk assessment,pharmaceutical,operations,compliance,pharmacovigilance,business operations",,https://img.naukimg.com/logo_images/groups/v1/11912677.gif,2026-08-10,"Experience with pharmacovigilance,including adverse event reporting and risk assessment",https://www.naukri.com/job-listings-regulatory-affairs-professional-pharmacovigilance-naukri-healthcare-jobs-hyderabad-1-to-4-years-100826916643,2026-08-10T14:08:03Z
naukri,100826916641,Pharmacovigilance Coordinator,Naukri Healthcare Jobs,125059919,Leading Client,Gurugram,India,IN,+91,Not disclosed,,,,,0,2,full_time,Non Clinical,Pharmacovigilance,Pharmacovigilance,Pharmacovigilance,Pharmacovigilance=8,high,title|skills|description,false,hospital,1109,"coordinator,risk assessment,pharmaceutical,compliance,pharmacy,life sciences,communication and interpersonal skills,pharmacovigilance",,https://img.naukimg.com/logo_images/groups/v1/11912677.gif,2026-08-10,". Bachelors degree in a relevant field,such as pharmacy or life sciences. Proven experience in pharmacovigilance,preferably in a similar role. . Strong knowledge of pharmacovigilance principles,regulations,and industry standards.",https://www.naukri.com/job-listings-pharmacovigilance-coordinator-naukri-healthcare-jobs-gurugram-0-to-2-years-100826916641,2026-08-10T14:08:03Z
naukri,100826916638,Regulatory Affairs Professional,Naukri Healthcare Jobs,125059919,Leading Client,Vadodara,India,IN,+91,Not disclosed,,,,,2,5,full_time,Non Clinical,Regulatory Affairs,Regulatory Affairs,Regulatory Affairs,Regulatory Affairs=7,high,title|skills,false,hospital,1115,"regulatory affairs,pharmaceutical industry,pharmaceutical,compliance,pharmaceutical regulations,pharmacy,Regulatory,Regulations",,https://img.naukimg.com/logo_images/groups/v1/11912677.gif,2026-08-10,"Experience with regulatory software and systems is an asset. . Bachelors degree in a related field (e.g.,pharmacy,law)",https://www.naukri.com/job-listings-regulatory-affairs-professional-naukri-healthcare-jobs-vadodara-2-to-5-years-100826916638,2026-08-10T14:08:03Z
naukri,100826916632,Clinical Research Coordinator,Naukri Healthcare Jobs,125059919,Leading Client,Bhubaneswar,India,IN,+91,Not disclosed,,,,,0,3,full_time,Non Clinical,Clinical Research,Clinical Research,Clinical Research,Clinical Research=9,high,title|skills|description,false,hospital,1137,"coordinator,pharmaceutical industry,time management skills,pharmaceutical,time management,communication and interpersonal skills,research,clinical research",,https://img.naukimg.com/logo_images/groups/v1/11912677.gif,2026-08-10,. Bachelors degree in life sciences or a related field. Proven experience in clinical research coordination or a related field. . Strong knowledge of Good Clinical Practice (GCP) principles and regulations.,https://www.naukri.com/job-listings-clinical-research-coordinator-naukri-healthcare-jobs-bhubaneswar-ranchi-0-to-3-years-100826916632,2026-08-10T14:08:03Z
naukri,100826916628,Safety & Pharmacovigilance Coordinator,Naukri Healthcare Jobs,125059919,Leading Client,Gurugram,India,IN,+91,Not disclosed,,,,,2,7,full_time,Non Clinical,Pharmacovigilance,Pharmacovigilance,Pharmacovigilance,Pharmacovigilance=6,high,title|description,false,hospital,1098,"coordinator,risk assessment,pharmaceutical industry,safety management,pharmaceutical,compliance,pharmaceutical regulations,pharmacy",,https://img.naukimg.com/logo_images/groups/v1/11912677.gif,2026-08-10,. Bachelors degree in Pharmacy or related field. Minimum 2 years of experience in safety and pharmacovigilance. . Strong knowledge of pharmaceutical regulations and guidelines. Excellent communication and interpersonal skills. . Ability to work effectively in a fast-paced environment. . Proficient in MS Office and other relevant software applications,https://www.naukri.com/job-listings-safety-pharmacovigilance-coordinator-naukri-healthcare-jobs-gurugram-2-to-7-years-100826916628,2026-08-10T14:08:03Z
naukri,100826916627,Clinical Research Associate,Naukri Healthcare Jobs,125059919,Leading Client,Bengaluru,India,IN,+91,Not disclosed,,,,,0,3,full_time,Non Clinical,Clinical Research,Clinical Research,Clinical Research,Clinical Research=10,high,title|skills|description,false,hospital,1137,"clinical research,medical writing,project management,medical,pharmaceutical,data management,biology,research",,https://img.naukimg.com/logo_images/groups/v1/11912677.gif,2026-08-10,". Bachelors degree in life sciences or a related field (e.g.,biology,pharmacy,medicine). Proven experience in clinical research,preferably in a pharmaceutical company setting. . Strong knowledge of Good Clinical Practice (GCP) principles and regulations governing clinical trials.",https://www.naukri.com/job-listings-clinical-research-associate-naukri-healthcare-jobs-bengaluru-0-to-3-years-100826916627,2026-08-10T14:08:03Z
naukri,100826916623,Associate Regulatory Affairs,Naukri Healthcare Jobs,125059919,Leading Client,Mumbai,India,IN,+91,Not disclosed,,,,,2,5,full_time,Non Clinical,Regulatory Affairs,Regulatory Affairs,Regulatory Affairs,Regulatory Affairs=8,high,title|skills|description,false,hospital,1117,"regulatory affairs,marketing,project management,pharmaceutical,compliance,pharmaceutical regulations,life sciences,Regulatory",,https://img.naukimg.com/logo_images/groups/v1/11912677.gif,2026-08-10,"Experience with regulatory software and systems. . Bachelors degree in Life Sciences or a related field The ideal candidate will have a strong background in regulatory affairs,with 2-5 years of experience.",https://www.naukri.com/job-listings-associate-regulatory-affairs-naukri-healthcare-jobs-mumbai-2-to-5-years-100826916623,2026-08-10T14:08:03Z
naukri,100826916621,Pharmacovigilance Assistant,Naukri Healthcare Jobs,125059919,Leading Client,Bengaluru,India,IN,+91,Not disclosed,,,,,0,2,full_time,Non Clinical,Pharmacovigilance,Pharmacovigilance,Pharmacovigilance|Clinical Research,Pharmacovigilance=8;Clinical Research=3,high,title|skills|description,false,hospital,1113,"pharmacovigilance,pharmaceutical,gcp,compliance,pharmacy,life sciences,analytical skills,Assistance",,https://img.naukimg.com/logo_images/groups/v1/11912677.gif,2026-08-10,". Bachelors degree in a relevant field such as pharmacy,medicine,or life sciences. Proven experience in pharmacovigilance,preferably in a pharmaceutical company setting. . Strong knowledge of Good Clinical Practice (GCP) principles and regulations.",https://www.naukri.com/job-listings-pharmacovigilance-assistant-naukri-healthcare-jobs-bengaluru-0-to-2-years-100826916621,2026-08-10T14:08:03Z
naukri,100826916619,Clinical Project Coordinator,Naukri Healthcare Jobs,125059919,Leading Client,Bengaluru,India,IN,+91,Not disclosed,,,,,2,5,full_time,Public Health,Public Health Program Management,Clinical Research,Clinical Research,Clinical Research=10,high,title|skills|description,false,hospital,1112,"coordinator,risk management,pharmaceutical industry,project management,medical,pharmaceutical,gcp,compliance",,https://img.naukimg.com/logo_images/groups/v1/11912677.gif,2026-08-10,". Bachelors degree in Life Sciences or a related field. Proven experience in clinical project coordination,preferably in the pharmaceutical industry. . Strong knowledge of clinical trial conduct,including GCP guidelines and regulatory requirements.",https://www.naukri.com/job-listings-clinical-project-coordinator-naukri-healthcare-jobs-bengaluru-2-to-5-years-100826916619,2026-08-10T14:08:03Z
naukri,100826916618,Pharmacovigilance Professional,Naukri Healthcare Jobs,125059919,Leading Client,Ahmedabad,India,IN,+91,Not disclosed,,,,,1,3,full_time,Non Clinical,Pharmacovigilance,Pharmacovigilance,Pharmacovigilance,Pharmacovigilance=8,high,title|skills|description,false,hospital,1112,"pharmacovigilance,pharmaceutical industry,pharmaceutical,compliance,pharmacy,communication and interpersonal skills,Interpersonal skills,Interpersonal",,https://img.naukimg.com/logo_images/groups/v1/11912677.gif,2026-08-10,". Bachelors degree in Pharmacy or a related field. Proven experience in pharmacovigilance,preferably in the pharmaceutical industry. . Strong knowledge of regulatory requirements and guidelines related to pharmacovigilance.",https://www.naukri.com/job-listings-pharmacovigilance-professional-naukri-healthcare-jobs-ahmedabad-1-to-3-years-100826916618,2026-08-10T14:08:03Z
naukri,100826916613,Regulatory Affairs Professional Specialists,Naukri Healthcare Jobs,125059919,Leading Client,Mumbai,India,IN,+91,Not disclosed,,,,,2,5,full_time,Non Clinical,Regulatory Affairs,Regulatory Affairs,Regulatory Affairs,Regulatory Affairs=8,high,title|skills|description,false,hospital,1114,"regulatory affairs,pharmaceutical,research and analysis,compliance,life sciences,communication and interpersonal skills,research,Analysis",,https://img.naukimg.com/logo_images/groups/v1/11912677.gif,2026-08-10,"Experience with regulatory software and systems is an asset. . Bachelors degree in a relevant field,such as law or science The ideal candidate will have a strong background in regulatory affairs,with 2-5 years of experience.",https://www.naukri.com/job-listings-regulatory-affairs-professional-specialists-naukri-healthcare-jobs-mumbai-2-to-5-years-100826916613,2026-08-10T14:08:03Z
naukri,100826916611,Drug Safety Associate,Naukri Healthcare Jobs,125059919,Leading Client,Mumbai,India,IN,+91,Not disclosed,,,,,1,3,full_time,Non Clinical,Pharmacovigilance,Pharmacovigilance,Pharmacovigilance|Regulatory Affairs,Pharmacovigilance=8;Regulatory Affairs=3,high,title|skills|description,false,hospital,1113,"drug safety,pharmaceutical industry,pharmaceutical,compliance,pharmaceutical regulations,regulatory affairs,pharmacy,communication and interpersonal skills",,https://img.naukimg.com/logo_images/groups/v1/11912677.gif,2026-08-10,". Bachelors degree in Pharmacy or a related field. Proven experience in drug safety,regulatory affairs,or a related field. . Strong knowledge of pharmaceutical regulations and industry standards.",https://www.naukri.com/job-listings-drug-safety-associate-naukri-healthcare-jobs-mumbai-1-to-3-years-100826916611,2026-08-10T14:08:03Z
naukri,100826916612,Clinical Operations Professional,Naukri Healthcare Jobs,125059919,Leading Client,Gurugram,India,IN,+91,Not disclosed,,,,,1,4,full_time,Non Clinical,Clinical Research,Clinical Research,Clinical Research,Clinical Research=13,high,title|skills|description,false,hospital,1137,"clinical operations,pharmaceutical industry,pharmaceutical,operations,gcp,compliance,pharmacy,clinical trials",,https://img.naukimg.com/logo_images/groups/v1/11912677.gif,2026-08-10,". Bachelors degree in a relevant field such as life sciences or pharmacy. Proven experience in clinical operations,preferably in the pharmaceutical industry. . Strong knowledge of Good Clinical Practice (GCP) regulations and guidelines.",https://www.naukri.com/job-listings-clinical-operations-professional-naukri-healthcare-jobs-gurugram-1-to-4-years-100826916612,2026-08-10T14:08:03Z
naukri,100826916609,Medical Coder,Naukri Healthcare Jobs,125059919,Leading Client,Ahmedabad,India,IN,+91,Not disclosed,,,,,0,3,full_time,Non Clinical,Medical Coding,Medical Coding,Medical Coding,Medical Coding=11,high,title|skills|description,false,hospital,1109,"medical coder,medical coding,medical,pharmaceutical,compliance,quality assurance,communication and interpersonal skills,healthcare",,https://img.naukimg.com/logo_images/groups/v1/11912677.gif,2026-08-10,"We are looking for a highly skilled Medical Coder to join our team at Ruputed Pharmaceutical Company, playing a crucial role in ensuring the accuracy and efficiency of our medical coding processes. The ideal candidate will have a strong background in pharmaceutical coding principles and practices. Roles and Responsibility Accurately code patient data using various coding systems. Ensure compliance with regulatory requirements and industry standards. Collaborate with healthcare professionals to clarify coding discrepancies. Develop and implement efficient coding workflows to enhance productivity. Conduct thorough reviews of coded data for quality assurance. Stay updated with changes in coding regulations and guidelines. Job Requirements Strong knowledge of pharmaceutical coding principles and practices. Proficiency in relevant coding software and systems. Excellent analytical and problem-solving skills. Ability to work accurately and efficiently in a fast-paced environment. Strong communication and interpersonal skills. Familiarity with industry-standard coding guidelines and regulations.",https://www.naukri.com/job-listings-medical-coder-naukri-healthcare-jobs-ahmedabad-0-to-3-years-100826916609,2026-08-10T14:08:03Z
naukri,100826916608,Production & Regulatory Affairs Professional,Naukri Healthcare Jobs,125059919,Leading Client,Ahmedabad,India,IN,+91,Not disclosed,,,,,2,5,full_time,Non Clinical,Regulatory Affairs,Regulatory Affairs,Regulatory Affairs,Regulatory Affairs=8,high,title|skills|description,false,hospital,1055,"regulatory affairs,project management,pharmaceutical,operations,quality control,compliance,pharmacy,process improvement",,https://img.naukimg.com/logo_images/groups/v1/11912677.gif,2026-08-10,". Bachelors degree in Pharmacy or related field. Proven experience in production and regulatory affairs,preferably in the Pharmaceutical & Life Sciences industry. . Strong knowledge of regulatory requirements and guidelines.",https://www.naukri.com/job-listings-production-regulatory-affairs-professional-naukri-healthcare-jobs-ahmedabad-2-to-5-years-100826916608,2026-08-10T14:08:03Z
naukri,100826916601,Clinical Trial Pharmacist,Naukri Healthcare Jobs,125059919,Leading Client,Bengaluru,India,IN,+91,Not disclosed,,,,,2,5,full_time,Non Clinical,Clinical Research,Clinical Research,Clinical Research,Clinical Research=12,high,title|skills|description,false,hospital,1113,"pharmacist,pharmaceutical,site visits,gcp,compliance,pharmacy,clinical trials,life sciences",,https://img.naukimg.com/logo_images/groups/v1/11912677.gif,2026-08-10,". Bachelors degree in Pharmacy (BPharm) or Masters degree in Pharmacy (MPharm) Minimum 2 years of experience in clinical trials,preferably in a pharmaceutical company setting Strong knowledge of Good Clinical Practice (GCP),International Conference on Harmonisation (ICH) guidelines,and regulatory requirements",https://www.naukri.com/job-listings-clinical-trial-pharmacist-naukri-healthcare-jobs-bengaluru-2-to-5-years-100826916601,2026-08-10T14:08:03Z
naukri,100826916595,Associate Pharmacovigilance Specialist,Naukri Healthcare Jobs,125059919,Leading Client,Noida,India,IN,+91,Not disclosed,,,,,0,2,full_time,Non Clinical,Pharmacovigilance,Pharmacovigilance,Pharmacovigilance,Pharmacovigilance=8,high,title|skills|description,false,hospital,1109,"pharmacovigilance,pharmaceutical,compliance,pharmacy,life sciences,Science",,https://img.naukimg.com/logo_images/groups/v1/11912677.gif,2026-08-10,". Bachelors degree in a related field such as pharmacy,medicine,or life sciences. Proven experience in pharmacovigilance,preferably in a pharmaceutical company setting. . Strong analytical and problem-solving skills,with attention to detail and the ability to interpret complex data.",https://www.naukri.com/job-listings-associate-pharmacovigilance-specialist-naukri-healthcare-jobs-noida-0-to-2-years-100826916595,2026-08-10T14:08:03Z
naukri,100826916593,Regulatory Affairs Specialist,Naukri Healthcare Jobs,125059919,Leading Client,Gurugram,India,IN,+91,Not disclosed,,,,,2,5,full_time,Non Clinical,Regulatory Affairs,Regulatory Affairs,Regulatory Affairs,Regulatory Affairs=8,high,title|skills|description,false,hospital,1114,"regulatory affairs,marketing,project management,pharmaceutical,compliance,pharmaceutical regulations,Regulatory,Regulations",,https://img.naukimg.com/logo_images/groups/v1/11912677.gif,2026-08-10,"Excellent communication and project management skills. . Ability to work independently and as part of a team. . Strong analytical and problem-solving skills. . Proficient in regulatory software and systems. The ideal candidate will have a strong background in regulatory affairs,with 2-5 years of experience. Experience in preparing and reviewing regulatory documents",https://www.naukri.com/job-listings-regulatory-affairs-specialist-naukri-healthcare-jobs-gurugram-2-to-5-years-100826916593,2026-08-10T14:08:03Z
naukri,100826916591,Pharmacovigilance Professional Drug Safety,Naukri Healthcare Jobs,125059919,Leading Client,Hyderabad,India,IN,+91,Not disclosed,,,,,1,3,full_time,Non Clinical,Pharmacovigilance,Pharmacovigilance,Pharmacovigilance,Pharmacovigilance=14,high,title|skills,false,hospital,1112,"drug safety,risk assessment,safety management,medical,pharmaceutical,clinical trials,pharmacovigilance,Clinical",,https://img.naukimg.com/logo_images/groups/v1/11912677.gif,2026-08-10,Experience with safety management systems and risk assessment methodologies.,https://www.naukri.com/job-listings-pharmacovigilance-professional-drug-safety-naukri-healthcare-jobs-hyderabad-1-to-3-years-100826916591,2026-08-10T14:08:03Z
naukri,100826916590,Clinical Project Coordinator,Naukri Healthcare Jobs,125059919,Leading Client,Hyderabad,India,IN,+91,Not disclosed,,,,,2,5,full_time,Public Health,Public Health Program Management,Clinical Research,Clinical Research,Clinical Research=10,high,title|skills|description,false,hospital,1112,"coordinator,risk management,pharmaceutical industry,project management,medical,pharmaceutical,gcp,compliance",,https://img.naukimg.com/logo_images/groups/v1/11912677.gif,2026-08-10,". Bachelors degree in Life Sciences or a related field. Proven experience in clinical project coordination,preferably in the pharmaceutical industry. . Strong knowledge of clinical trial conduct,including GCP guidelines and regulatory requirements.",https://www.naukri.com/job-listings-clinical-project-coordinator-naukri-healthcare-jobs-hyderabad-2-to-5-years-100826916590,2026-08-10T14:08:03Z
naukri,100826916589,Clinical Instructor Professional,Naukri Healthcare Jobs,125059919,Leading Client,New Delhi,India,IN,+91,Not disclosed,,,,,1,4,full_time,Non Clinical,Clinical Research,Clinical Research,Clinical Research,Clinical Research=8,high,skills|description,false,hospital,1112,"clinical instructor,pharmaceutical,biology,communication and interpersonal skills,research,site visits,gcp,clinical research",,https://img.naukimg.com/logo_images/groups/v1/11912677.gif,2026-08-10,". Bachelors degree in a related field such as biology,pharmacy,or medicine. Proven experience in clinical research and development,preferably in an instructional role. . Strong knowledge of GCP principles and regulations governing clinical trials. Develop and implement comprehensive training programs for clinical trial staff on Good Clinical Practice (GCP) principles.",https://www.naukri.com/job-listings-clinical-instructor-professional-naukri-healthcare-jobs-new-delhi-1-to-4-years-100826916589,2026-08-10T14:08:03Z
naukri,100826916586,Pharmacovigilance Professional Case Processing,Naukri Healthcare Jobs,125059919,Leading Client,Bengaluru,India,IN,+91,Not disclosed,,,,,1,3,full_time,Non Clinical,Pharmacovigilance,Pharmacovigilance,Pharmacovigilance,Pharmacovigilance=14,high,title|skills|description,false,hospital,1137,"pharmacovigilance,medical,pharmaceutical,customer service,pharmacy,life sciences,communication skills,Processing",,https://img.naukimg.com/logo_images/groups/v1/11912677.gif,2026-08-10,". Bachelors degree in a related field such as pharmacy,medicine,or life sciences. Proven experience in pharmacovigilance case processing,preferably in a similar role within the Pharmaceutical & Life Sciences industry. . Strong knowledge of pharmacovigilance regulations,guidelines,and best practices.",https://www.naukri.com/job-listings-pharmacovigilance-professional-case-processing-naukri-healthcare-jobs-bengaluru-1-to-3-years-100826916586,2026-08-10T14:08:03Z
naukri,100826916585,Clinical Research Coordinator,Naukri Healthcare Jobs,125059919,Leading Client,Raipur,India,IN,+91,Not disclosed,,,,,0,3,full_time,Non Clinical,Clinical Research,Clinical Research,Clinical Research,Clinical Research=9,high,title|skills|description,false,hospital,1137,"coordinator,pharmaceutical industry,time management skills,pharmaceutical,time management,communication and interpersonal skills,research,clinical research",,https://img.naukimg.com/logo_images/groups/v1/11912677.gif,2026-08-10,. Bachelors degree in life sciences or a related field. Proven experience in clinical research coordination or a related field. . Strong knowledge of Good Clinical Practice (GCP) principles and regulations.,https://www.naukri.com/job-listings-clinical-research-coordinator-naukri-healthcare-jobs-raipur-0-to-3-years-100826916585,2026-08-10T14:08:03Z
naukri,100826916584,Clinical Process Associate,Naukri Healthcare Jobs,125059919,Leading Client,Jaipur,India,IN,+91,Not disclosed,,,,,2,5,full_time,Non Clinical,Clinical Research,Clinical Research,Clinical Research,Clinical Research=3,medium,skills|description,false,hospital,1112,"process associate,pharmaceutical industry,pharmaceutical,compliance,communication and interpersonal skills,clinical trial management,Clinical,Interpersonal skills",,https://img.naukimg.com/logo_images/groups/v1/11912677.gif,2026-08-10,"We are looking for a highly skilled and experienced Clinical Process Associate to join our team at Ruputed Pharmaceutical Company. The ideal candidate will have a strong background in the pharmaceutical industry, with 2-5 years of experience. Roles and Responsibility Manage clinical trial data and ensure compliance with regulatory requirements. Coordinate with cross-functional teams to resolve issues and improve processes. Develop and implement process improvements to increase efficiency and reduce costs. Collaborate with stakeholders to identify and prioritize project requirements. Analyze data to identify trends and areas for improvement. Ensure timely delivery of high-quality results and meet deadlines. Job Requirements Bachelor's degree in any discipline; relevant certifications or training is an asset. Strong knowledge of clinical trial management systems and regulatory requirements. Excellent communication and interpersonal skills, with the ability to work effectively in a team environment. Ability to analyze complex data and make informed decisions. Strong problem-solving skills, with the ability to think critically and creatively. Experience working in a fast-paced environment, prioritizing multiple tasks and meeting deadlines.",https://www.naukri.com/job-listings-clinical-process-associate-naukri-healthcare-jobs-jaipur-2-to-5-years-100826916584,2026-08-10T14:08:03Z
naukri,100826916579,Pharmacovigilance Professional,Naukri Healthcare Jobs,125059919,Leading Client,Bengaluru,India,IN,+91,Not disclosed,,,,,1,3,full_time,Non Clinical,Pharmacovigilance,Pharmacovigilance,Pharmacovigilance,Pharmacovigilance=8,high,title|skills|description,false,hospital,1137,"pharmacovigilance,pharmaceutical industry,pharmaceutical,compliance,pharmacy",,https://img.naukimg.com/logo_images/groups/v1/11912677.gif,2026-08-10,". Bachelors degree in Pharmacy or a related field. Proven experience in pharmacovigilance,preferably in the pharmaceutical industry. . Strong knowledge of regulatory requirements and guidelines related to pharmacovigilance.",https://www.naukri.com/job-listings-pharmacovigilance-professional-naukri-healthcare-jobs-bengaluru-1-to-3-years-100826916579,2026-08-10T14:08:03Z
naukri,100826916578,Senior Clinical Research Associate,Naukri Healthcare Jobs,125059919,Leading Client,Bengaluru,India,IN,+91,Not disclosed,,,,,2,7,full_time,Non Clinical,Clinical Research,Clinical Research,Clinical Research,Clinical Research=13,high,title|skills|description,false,hospital,1137,"clinical research,pharmaceutical industry,pharmaceutical,quality control,gcp,compliance,research associate,life sciences",,https://img.naukimg.com/logo_images/groups/v1/11912677.gif,2026-08-10,". Bachelors degree in life sciences or a related field Minimum 2 years of experience in clinical research,preferably in a pharmaceutical company setting Strong knowledge of Good Clinical Practice (GCP) principles and regulations",https://www.naukri.com/job-listings-senior-clinical-research-associate-naukri-healthcare-jobs-bengaluru-2-to-7-years-100826916578,2026-08-10T14:08:03Z
naukri,100826916573,Regulatory Affairs Professional Professionals,Naukri Healthcare Jobs,125059919,Leading Client,Vapi,India,IN,+91,Not disclosed,,,,,2,6,full_time,Non Clinical,Regulatory Affairs,Regulatory Affairs,Regulatory Affairs,Regulatory Affairs=10,high,title|skills|description,false,hospital,1115,"regulatory affairs,pharmaceutical,compliance,pharmaceutical regulations,life sciences,communication and interpersonal skills,Interpersonal Skill,Science",,https://img.naukimg.com/logo_images/groups/v1/11912677.gif,2026-08-10,"We are looking for highly skilled and experienced Regulatory Affairs Professionals to join our team at Ruputed Pharmaceutical Company, a leading player in the Pharmaceutical & Life Sciences industry. The ideal candidate will have a strong background in regulatory affairs and a passion for ensuring compliance with regulatory requirements. Roles and Responsibility Develop and implement regulatory strategies to achieve business objectives. Prepare and review regulatory submissions, including applications and reports. Collaborate with cross-functional teams to ensure compliance with regulatory requirements. Conduct risk assessments and provide recommendations for mitigation. Stay updated with changing regulatory requirements and implement necessary changes. Provide training and guidance to internal stakeholders on regulatory matters. Job Requirements Strong knowledge of pharmaceutical regulations and laws. Excellent analytical and problem-solving skills. Ability to work effectively in a team environment. Effective communication and interpersonal skills. Strong attention to detail and organizational skills. Ability to meet deadlines and work under pressure.",https://www.naukri.com/job-listings-regulatory-affairs-professional-professionals-naukri-healthcare-jobs-vapi-2-to-6-years-100826916573,2026-08-10T14:08:03Z
naukri,100826916572,Regulatory Affairs Professional - EU Submissions,Naukri Healthcare Jobs,125059919,Leading Client,Mumbai,India,IN,+91,Not disclosed,,,,,2,5,full_time,Non Clinical,Regulatory Affairs,Regulatory Affairs,Regulatory Affairs,Regulatory Affairs=7,high,title|skills,false,hospital,1114,"regulatory affairs,marketing,pharmaceutical industry,project management,pharmaceutical,compliance,quality assurance,product development",,https://img.naukimg.com/logo_images/groups/v1/11912677.gif,2026-08-10,Experience in preparing and submitting regulatory documents to European authorities.,https://www.naukri.com/job-listings-regulatory-affairs-professional-eu-submissions-naukri-healthcare-jobs-mumbai-2-to-5-years-100826916572,2026-08-10T14:08:03Z
naukri,100826916571,Regulatory Affairs Assistant,Naukri Healthcare Jobs,125059919,Leading Client,Mumbai,India,IN,+91,Not disclosed,,,,,1,4,full_time,Non Clinical,Regulatory Affairs,Regulatory Affairs,Regulatory Affairs,Regulatory Affairs=7,high,title|skills,false,hospital,1117,"regulatory affairs,pharmaceutical,research and analysis,compliance,pharmaceutical regulations,life sciences,analytical skills,research",,https://img.naukimg.com/logo_images/groups/v1/11912677.gif,2026-08-10,. Bachelors degree in Life Sciences or a related field. . Strong knowledge of pharmaceutical regulations and laws.,https://www.naukri.com/job-listings-regulatory-affairs-assistant-naukri-healthcare-jobs-mumbai-1-to-4-years-100826916571,2026-08-10T14:08:03Z
naukri,100826916568,Regulatory Affairs Associate - CMC,Naukri Healthcare Jobs,125059919,Leading Client,Bengaluru,India,IN,+91,Not disclosed,,,,,1,3,full_time,Non Clinical,Regulatory Affairs,Regulatory Affairs,Regulatory Affairs,Regulatory Affairs=8,high,title|skills|description,false,hospital,1117,"regulatory affairs,marketing,project management,pharmaceutical,compliance,pharmaceutical regulations,pharmacy,life sciences",,https://img.naukimg.com/logo_images/groups/v1/11912677.gif,2026-08-10,". Bachelors degree in Pharmacy or a related field. Proven experience in regulatory affairs,preferably in CMC. . Strong knowledge of pharmaceutical regulations and guidelines.",https://www.naukri.com/job-listings-regulatory-affairs-associate-cmc-naukri-healthcare-jobs-bengaluru-1-to-3-years-100826916568,2026-08-10T14:08:03Z
naukri,100826916569,Clinical Compliance & Improvement Associate,Naukri Healthcare Jobs,125059919,Leading Client,Bengaluru,India,IN,+91,Not disclosed,,,,,2,5,full_time,Non Clinical,Clinical Research,Clinical Research,Clinical Research,Clinical Research=3,medium,skills|description,false,hospital,1117,"compliance,pharmaceutical industry,pharmaceutical,pharmacy,clinical trials,life sciences,communication and interpersonal skills,research",,https://img.naukimg.com/logo_images/groups/v1/11912677.gif,2026-08-10,". Bachelors degree in a related field such as pharmacy,medicine,or life sciences. Proven experience in clinical compliance and improvement within the pharmaceutical industry. . Strong knowledge of regulatory requirements governing clinical trials and research studies.",https://www.naukri.com/job-listings-clinical-compliance-improvement-associate-naukri-healthcare-jobs-bengaluru-2-to-5-years-100826916569,2026-08-10T14:08:03Z
naukri,100826916567,Pharmacovigilance Safety Scientist,Naukri Healthcare Jobs,125059919,Leading Client,Bengaluru,India,IN,+91,Not disclosed,,,,,2,4,full_time,Non Clinical,Pharmacovigilance,Pharmacovigilance,Pharmacovigilance,Pharmacovigilance=13,high,title|skills|description,false,hospital,1098,"pharmacovigilance,pharmaceutical industry,pharmaceutical,design,communication and interpersonal skills,Interpersonal Skill,Interpersonal,Interpersonal skills",,https://img.naukimg.com/logo_images/groups/v1/11912677.gif,2026-08-10,"Experience working in the pharmaceutical industry,preferably in a pharmacovigilance role.",https://www.naukri.com/job-listings-pharmacovigilance-safety-scientist-naukri-healthcare-jobs-bengaluru-2-to-4-years-100826916567,2026-08-10T14:08:03Z
naukri,100826916565,TMF Specialist - Clinical Trials,Naukri Healthcare Jobs,125059919,Leading Client,Bengaluru,India,IN,+91,Not disclosed,,,,,5,10,full_time,Non Clinical,TMF,Clinical Research,Clinical Research|TMF,Clinical Research=12;TMF=5,high,title|skills|description,false,hospital,1109,"clinical trials,medical writing,medical,pharmaceutical,data management,site visits,gcp,compliance",,https://img.naukimg.com/logo_images/groups/v1/11912677.gif,2026-08-10,". Bachelors degree in life sciences or a related field. Minimum 5 years of experience in clinical trials,with a focus on trial management. . Strong knowledge of Good Clinical Practice (GCP) regulations and ICH guidelines. The ideal candidate will have a strong background in clinical trials and experience with trial management.",https://www.naukri.com/job-listings-tmf-specialist-clinical-trials-naukri-healthcare-jobs-bengaluru-5-to-10-years-100826916565,2026-08-10T14:08:03Z
naukri,100826016566,"Jobs For BPT, MPT & Physiotherapist For Medical Coding",Achievers Spot,732481,Achievers Spot,Karur,India,IN,+91,3.25-4.75 Lacs PA,325000,475000,INR,per_annum,0,1,full_time,Non Clinical,Medical Coding,Medical Coding,Medical Coding,Medical Coding=11,high,title|skills|description,false,hospital,1112,"Physiotherapy,Pharmaceutics,Medical Coder Trainee,pharmd,GNM,Bpt,medical coding executive,mpt",450,https://img.naukimg.com/logo_images/groups/v1/462850.gif,2026-08-10,"Position: Medical Coder Ct HR Shanmugapriya:8072891550 Medical Coding is the process of converting patient health information into alpha numeric codes. Coders take medial reports from doctors, which may include a patients condition, the doctors diagnosis, a prescription, and whatever procedures the doctor or healthcare provider performed on the patient, and turn that into a set of codes, which make up a crucial part of the medical claim. Eligibility: All (UG/PG) Life Science& Paramedical Graduates BDS BPT BHMS BAMS Siddha,Unani,Naturopathy {Dip Bsc Msc} Nursing/GNM {B.E M.E} Biomedical Engineering {B.tech,M.tech}Biotechnology Biochemistry Bioinformatics Microbiology Zoology and Advanced zoology Biology Botany Medical Lab Tech Plant biotechnology Pharmacy(B.Pharm M.pharm) Paramedical Physiotherapy Physician assistant Critical Care Technology Medical Biochemistry Medical Record Science Operation Theatre & Anaesthesia Technology {Bsc Msc Dip} Clinical Nutrition Human Genetics Medical Laboratory Technology Medical Sociology Epidemiology Molecular Virology Biostatistics Blood Banking Technology Regenerative Medicine Optom. Genetic Counseling Radiology & Imaging Technology Medical Biochemistry Medical Microbiology Clinical Care Technology Clinical Care Technology Medical Physics {Bsc Msc Dip} Accident & Emergency Care Technology Audiology & speech Language Pathology Cardiac Technology Cardio Pulmonary Perfusion Care Technology Critical Care Technology Dialysis Technology Neuro Electrophysiology Medical Sociology Nuclear Medicine Technology Operation Theatre & Anaesthesia Technology Optometry Physician Assistant Radiology Imaging Technology Radiotherapy Technology Medical Record Science Respiratory Therapy Fitness and Lifestyle Modifications Accident & Emergency Care Technology Critical Care Technology Nursing Aide Operation Theatre & Anaesthesia Technology Ophthalmic Nursing Assistant Medical Record Science Optometry Technology Radiology & Imaging Technology Medical Lab Technology Cardiac Non Invasive Technology Dialysis Technology Dentist Requirement: Knowledge in Anatomy and Physiology Good communication and interpersonal skills Basic Computer Skills Benefits System based job Weekly 5 days duty Day shift with Sat and Sun off Food and Cab provided by company Incentives based on performance Starting salary 12k to 25k with increment in 6 months for experienced. Abroad opportunities available Bonus for referring friends Medical expenses covered by company Provident Fund will be provided Gratuity after 5 yrs of work experience. Job Location: Chennai, Coimbatore, Vellore, Trichy, Cuddalore, Pondi Salem, Erode, Namakkal, Thanjavur, Nagercoil, Theni,Dindokal Thiruvannamalai, Villupuram, Karur, Tirunelveli,Kanniyakumari Tirupati, Kerala, AP,Tamilnadu,Telangana Reach Us: HR shanmugapriya:8072891550 Required Candidate profile Nursing Freshers Pharmacy Freshers Physiotherapy Dentist Life sciences Biotechnology Microbiology Biomedical Biochemistry Bioinformatics Botany Zoology GNM DGNM Physician assistant Anesthesia technician Perfusion Technology Medical coder Freshers Medical coding Freshers jobs in chennai Medical coding openings in chennai Wanted Medical coder Freshers jobs Medical coding Medical coder Medical coding Freshers Jobs in chennai Freshers jobs in chennai Jobs for freshers Nursing jobs for freshers Pharma jobs for Freshers Biotechology Jobs Microbiology jobs Biomedical jobs Bioinformatics jobs Bsc/Msc Jobs Biochemistry jobs Life science jobs in chennai Paramedical jobs in chennai Jobs in Tamilnadu Jobs in Pharmacy Jobs in Hospital GNM STAFF NURSE ANM STAFF NURSE GNM FEMALE STAFF NURSE DGNM FEMALE STAFF N GNM MALE NURSE MALE STAFF NURSE NURSING JOBS IN CHENNAI Perks and Benefits Incentive 3000",https://www.naukri.com/job-listings-jobs-for-bpt-mpt-physiotherapist-for-medical-coding-achievers-spot-karur-thirunallar-chennai-0-to-1-years-100826016566,2026-08-10T14:08:03Z
naukri,100826916559,Clinical Compliance Associate,Naukri Healthcare Jobs,125059919,Leading Client,Mumbai,India,IN,+91,Not disclosed,,,,,2,7,full_time,Non Clinical,Clinical Research,Clinical Research,Clinical Research,Clinical Research=4,medium,skills|description,false,hospital,1117,"compliance,pharmaceutical industry,electronic data capture,pharmaceutical,gcp,data capture,pharmacy,communication and interpersonal skills",,https://img.naukimg.com/logo_images/groups/v1/11912677.gif,2026-08-10,. Bachelors degree in Pharmacy or related field. Minimum 2 years of experience in clinical compliance or a related field. . Strong knowledge of Good Clinical Practice (GCP) principles and regulations. Experience with clinical trial management systems and electronic data capture systems.,https://www.naukri.com/job-listings-clinical-compliance-associate-naukri-healthcare-jobs-mumbai-2-to-7-years-100826916559,2026-08-10T14:08:03Z
naukri,100826916557,Clinical Research Associate - Clinical Trials,Naukri Healthcare Jobs,125059919,Leading Client,Hyderabad,India,IN,+91,Not disclosed,,,,,1,4,full_time,Non Clinical,Clinical Research,Clinical Research,Clinical Research,Clinical Research=16,high,title|skills|description,false,hospital,1112,"clinical trials,pharmaceutical,biology,quality control,communication and interpersonal skills,research,clinical research associate,site visits",,https://img.naukimg.com/logo_images/groups/v1/11912677.gif,2026-08-10,". Bachelors degree in a related field such as biology,pharmacy,or medicine. Proven experience in clinical trials and research,preferably in a pharmaceutical company setting. . Strong knowledge of Good Clinical Practice (GCP) principles and regulatory requirements.",https://www.naukri.com/job-listings-clinical-research-associate-clinical-trials-naukri-healthcare-jobs-hyderabad-1-to-4-years-100826916557,2026-08-10T14:08:03Z
naukri,100826916554,Project Management - eCOA,Naukri Healthcare Jobs,125059919,Leading Client,Bengaluru,India,IN,+91,Not disclosed,,,,,2,5,full_time,Non Clinical,Regulatory Affairs,Regulatory Affairs,Regulatory Affairs,Regulatory Affairs=3,medium,skills|description,false,hospital,1060,"project management,risk management,pharmaceutical industry,pharmaceutical,compliance,quality assurance,regulatory affairs,Quality",,https://img.naukimg.com/logo_images/groups/v1/11912677.gif,2026-08-10,". Bachelors degree in any discipline relevant certifications or training in project management are advantageous. Proven experience in managing projects in the pharmaceutical industry,preferably with eCTD systems. . Strong understanding of project management principles,methodologies,and tools.",https://www.naukri.com/job-listings-project-management-ecoa-naukri-healthcare-jobs-bengaluru-2-to-5-years-100826916554,2026-08-10T14:08:03Z
naukri,100826916553,Medical Information - Pharmacovigilance Professional,Naukri Healthcare Jobs,125059919,Leading Client,Bengaluru,India,IN,+91,Not disclosed,,,,,1,3,full_time,Non Clinical,Pharmacovigilance,Pharmacovigilance,Pharmacovigilance|MSL,Pharmacovigilance=7;MSL=6,high,title|skills,false,hospital,1109,"pharmacovigilance,medical,pharmaceutical,quality improvement,design,clinical trials,life sciences,communication and interpersonal skills",,https://img.naukimg.com/logo_images/groups/v1/11912677.gif,2026-08-10,Experience with medical information systems and databases.,https://www.naukri.com/job-listings-medical-information-pharmacovigilance-professional-naukri-healthcare-jobs-bengaluru-1-to-3-years-100826916553,2026-08-10T14:08:03Z
naukri,100826916552,Regulatory Affairs Professional - EU Submissions,Naukri Healthcare Jobs,125059919,Leading Client,Mumbai,India,IN,+91,Not disclosed,,,,,2,5,full_time,Non Clinical,Regulatory Affairs,Regulatory Affairs,Regulatory Affairs,Regulatory Affairs=7,high,title|skills,false,hospital,1114,"regulatory affairs,marketing,pharmaceutical industry,project management,pharmaceutical,compliance,quality assurance,product development",,https://img.naukimg.com/logo_images/groups/v1/11912677.gif,2026-08-10,Experience in preparing and submitting regulatory documents to European authorities.,https://www.naukri.com/job-listings-regulatory-affairs-professional-eu-submissions-naukri-healthcare-jobs-mumbai-hyderabad-2-to-5-years-100826916552,2026-08-10T14:08:03Z
naukri,100826916543,Clinical Safety Specialist,Naukri Healthcare Jobs,125059919,Leading Client,Bengaluru,India,IN,+91,Not disclosed,,,,,2,5,full_time,Non Clinical,Clinical Research,Clinical Research,Clinical Research,Clinical Research=3,medium,skills|description,false,hospital,1098,"compliance,clinical operations,medical writing,risk assessment,pharmaceutical industry,medical,pharmaceutical,communication and interpersonal skills",,https://img.naukimg.com/logo_images/groups/v1/11912677.gif,2026-08-10,". Bachelors degree in a related field such as pharmacy,medicine,or life sciences. Proven experience in clinical safety,preferably in the pharmaceutical industry. . Strong understanding of clinical trial design,conduct,and reporting.",https://www.naukri.com/job-listings-clinical-safety-specialist-naukri-healthcare-jobs-bengaluru-2-to-5-years-100826916543,2026-08-10T14:08:03Z
naukri,100826916535,Clinical Trial Associate,Naukri Healthcare Jobs,125059919,Leading Client,Bengaluru,India,IN,+91,Not disclosed,,,,,0,3,full_time,Non Clinical,Clinical Research,Clinical Research,Clinical Research,Clinical Research=7,high,title|description,false,hospital,1113,"compliance,medical writing,pharmaceutical industry,medical,pharmaceutical,data management,biology,communication and interpersonal skills",,https://img.naukimg.com/logo_images/groups/v1/11912677.gif,2026-08-10,". Bachelors degree in a related field such as biology,pharmacy,or medicine. Proven experience in clinical trials,preferably in a pharmaceutical company setting. . Strong knowledge of Good Clinical Practice (GCP) principles and regulations.",https://www.naukri.com/job-listings-clinical-trial-associate-naukri-healthcare-jobs-bengaluru-0-to-3-years-100826916535,2026-08-10T14:08:03Z
naukri,100826916533,Junior Clinical Trial Coordinator,Naukri Healthcare Jobs,125059919,Leading Client,Secunderabad,India,IN,+91,Not disclosed,,,,,0,2,full_time,Non Clinical,Clinical Research,Clinical Research,Clinical Research,Clinical Research=7,high,title|skills,false,hospital,1113,"coordinator,medical writing,medical,pharmaceutical,data management,data capture,clinical trial management,microsoft office",,https://img.naukimg.com/logo_images/groups/v1/11912677.gif,2026-08-10,". Bachelors degree in life sciences or a related field Proficient in Microsoft Office applications,particularly Excel and Word",https://www.naukri.com/job-listings-junior-clinical-trial-coordinator-naukri-healthcare-jobs-secunderabad-0-to-2-years-100826916533,2026-08-10T14:08:03Z
naukri,100826916531,Regulatory Operations Publishing Professional,Naukri Healthcare Jobs,125059919,Leading Client,Ahmedabad,India,IN,+91,Not disclosed,,,,,1,5,full_time,Non Clinical,Regulatory Affairs,Regulatory Affairs,Regulatory Affairs,Regulatory Affairs=6,high,title|description,false,hospital,1116,"publishing,pharmaceutical,operations,compliance,pharmaceutical regulations,life sciences,communication skills,Science",,https://img.naukimg.com/logo_images/groups/v1/11912677.gif,2026-08-10,Experience with regulatory software and systems is an asset. . Strong attention to detail to ensure accuracy and quality of regulatory submissions,https://www.naukri.com/job-listings-regulatory-operations-publishing-professional-naukri-healthcare-jobs-ahmedabad-1-to-5-years-100826916531,2026-08-10T14:08:03Z
naukri,100826916529,Regulatory Affairs Specialist,Naukri Healthcare Jobs,125059919,Leading Client,Akola,India,IN,+91,Not disclosed,,,,,2,5,full_time,Non Clinical,Regulatory Affairs,Regulatory Affairs,Regulatory Affairs,Regulatory Affairs=8,high,title|skills|description,false,hospital,1114,"regulatory affairs,marketing,project management,pharmaceutical,compliance,pharmaceutical regulations,Management,Regulatory",,https://img.naukimg.com/logo_images/groups/v1/11912677.gif,2026-08-10,"Excellent communication and project management skills. . Ability to work independently and as part of a team. . Strong analytical and problem-solving skills. . Proficient in regulatory software and systems. The ideal candidate will have a strong background in regulatory affairs,with 2-5 years of experience. Experience in preparing and reviewing regulatory documents",https://www.naukri.com/job-listings-regulatory-affairs-specialist-naukri-healthcare-jobs-akola-2-to-5-years-100826916529,2026-08-10T14:08:03Z
naukri,100826916522,Pharmacovigilance Professional - MICC,Naukri Healthcare Jobs,125059919,Leading Client,Bengaluru,India,IN,+91,Not disclosed,,,,,0,2,full_time,Non Clinical,Pharmacovigilance,Pharmacovigilance,Pharmacovigilance,Pharmacovigilance=8,high,title|skills|description,false,hospital,1112,"pharmacovigilance,medical,pharmaceutical,compliance,life sciences,communication and interpersonal skills,Interpersonal,Interpersonal Skill",,https://img.naukimg.com/logo_images/groups/v1/11912677.gif,2026-08-10,Experience working with Medical Information Centers (MICC) is required. The ideal candidate will have a strong background in pharmacovigilance and experience working with Medical Information Centers.,https://www.naukri.com/job-listings-pharmacovigilance-professional-micc-naukri-healthcare-jobs-bengaluru-0-to-2-years-100826916522,2026-08-10T14:08:03Z
naukri,100826916519,Regulatory Affairs Professional & Pharmacovigilance,Naukri Healthcare Jobs,125059919,Leading Client,Ahmedabad,India,IN,+91,Not disclosed,,,,,1,4,full_time,Non Clinical,Pharmacovigilance,Pharmacovigilance,Pharmacovigilance|Regulatory Affairs,Pharmacovigilance=9;Regulatory Affairs=7,high,title|skills|description,false,hospital,1114,"regulatory affairs,marketing,risk assessment,pharmaceutical,operations,compliance,pharmacovigilance,business operations",,https://img.naukimg.com/logo_images/groups/v1/11912677.gif,2026-08-10,"Experience with pharmacovigilance,including adverse event reporting and risk assessment.",https://www.naukri.com/job-listings-regulatory-affairs-professional-pharmacovigilance-naukri-healthcare-jobs-ahmedabad-1-to-4-years-100826916519,2026-08-10T14:08:03Z
naukri,100826916517,Senior Regulatory Affairs Associate,Naukri Healthcare Jobs,125059919,Leading Client,Bengaluru,India,IN,+91,Not disclosed,,,,,2,5,full_time,Non Clinical,Regulatory Affairs,Regulatory Affairs,Regulatory Affairs,Regulatory Affairs=9,high,title|skills|description,false,hospital,1117,"regulatory affairs,marketing,project management,pharmaceutical,compliance,pharmaceutical regulations,Management,Regulatory",,https://img.naukimg.com/logo_images/groups/v1/11912677.gif,2026-08-10,"Excellent communication and project management skills. . Ability to work independently and as part of a team. . Strong analytical and problem-solving skills. . Proficient in regulatory software and systems. The ideal candidate will have a strong background in regulatory affairs,with 2-5 years of experience. Experience in preparing and reviewing regulatory submissions",https://www.naukri.com/job-listings-senior-regulatory-affairs-associate-naukri-healthcare-jobs-bengaluru-2-to-5-years-100826916517,2026-08-10T14:08:03Z
naukri,100826916513,Pharmacovigilance Professional Internship,Naukri Healthcare Jobs,125059919,Leading Client,Hyderabad,India,IN,+91,Not disclosed,,,,,0,0,full_time,Non Clinical,Pharmacovigilance,Pharmacovigilance,Pharmacovigilance,Pharmacovigilance=8,high,title|skills|description,false,hospital,1112,"pharmacovigilance,pharmaceutical industry,time management skills,pharmaceutical,compliance,time management,communication and interpersonal skills,Interpersonal",,https://img.naukimg.com/logo_images/groups/v1/11912677.gif,2026-08-10,We are looking for a highly motivated and detail-oriented individual to join our team as a Pharmacovigilance Intern,https://www.naukri.com/job-listings-pharmacovigilance-professional-internship-naukri-healthcare-jobs-hyderabad-0-to-0-years-100826916513,2026-08-10T14:08:03Z
naukri,100826916511,Clinical Studies Specialist,Naukri Healthcare Jobs,125059919,Leading Client,Mumbai,India,IN,+91,Not disclosed,,,,,2,5,full_time,Non Clinical,Clinical Research,Clinical Research,Clinical Research,Clinical Research=9,high,title|skills|description,false,hospital,1112,"compliance,medical writing,medical,pharmaceutical,data management,data capture,communication and interpersonal skills,clinical trial management",,https://img.naukimg.com/logo_images/groups/v1/11912677.gif,2026-08-10,". Bachelors degree in life sciences or a related field. . Strong knowledge of Good Clinical Practice (GCP) principles and regulations. The ideal candidate will have a strong background in clinical studies,with 2-5 years of experience.",https://www.naukri.com/job-listings-clinical-studies-specialist-naukri-healthcare-jobs-mumbai-2-to-5-years-100826916511,2026-08-10T14:08:03Z
naukri,100826916509,Japanese Pharmacovigilance Advisor,Naukri Healthcare Jobs,125059919,Leading Client,Bengaluru,India,IN,+91,Not disclosed,,,,,2,5,full_time,Non Clinical,Pharmacovigilance,Pharmacovigilance,Pharmacovigilance,Pharmacovigilance=8,high,title|skills|description,false,hospital,1108,"pharmacovigilance,pharmaceutical,compliance,Advisory,Japanese,Advising",,https://img.naukimg.com/logo_images/groups/v1/11912677.gif,2026-08-10,". Strong knowledge of pharmacovigilance principles and practices. . Proficiency in Japanese language is required. Experience working with electronic health records systems (EHRs) is preferred The ideal candidate will have a strong background in pharmacovigilance,with 2-5 years of experience.",https://www.naukri.com/job-listings-japanese-pharmacovigilance-advisor-naukri-healthcare-jobs-bengaluru-2-to-5-years-100826916509,2026-08-10T14:08:03Z
naukri,100826916508,Supervisor Pharmacovigilance,Naukri Healthcare Jobs,125059919,Leading Client,Bengaluru,India,IN,+91,Not disclosed,,,,,5,10,full_time,Non Clinical,Pharmacovigilance,Pharmacovigilance,Pharmacovigilance,Pharmacovigilance=9,high,title|skills|description,false,hospital,1056,"pharmacovigilance,risk assessment,pharmaceutical,compliance,quality assurance,leadership skills,leadership,Assurance",,https://img.naukimg.com/logo_images/groups/v1/11912677.gif,2026-08-10,"Minimum 5 years of experience in pharmacovigilance,with a focus on supervision and management. . Strong knowledge of pharmacovigilance regulations,guidelines,and industry standards. Experience with pharmacovigilance software and systems,such as adverse event databases and risk assessment tools",https://www.naukri.com/job-listings-supervisor-pharmacovigilance-naukri-healthcare-jobs-bengaluru-5-to-10-years-100826916508,2026-08-10T14:08:03Z
naukri,100826916498,Supervisor Pharmacovigilance,Naukri Healthcare Jobs,125059919,Leading Client,Chennai,India,IN,+91,Not disclosed,,,,,5,10,full_time,Non Clinical,Pharmacovigilance,Pharmacovigilance,Pharmacovigilance,Pharmacovigilance=9,high,title|skills|description,false,hospital,1056,"pharmacovigilance,risk assessment,pharmaceutical,compliance,quality assurance,leadership skills,leadership,Quality",,https://img.naukimg.com/logo_images/groups/v1/11912677.gif,2026-08-10,"Minimum 5 years of experience in pharmacovigilance,with a focus on supervision and management. . Strong knowledge of pharmacovigilance regulations,guidelines,and industry standards. Experience with pharmacovigilance software and systems,such as adverse event databases and risk assessment tools",https://www.naukri.com/job-listings-supervisor-pharmacovigilance-naukri-healthcare-jobs-chennai-5-to-10-years-100826916498,2026-08-10T14:08:03Z
naukri,100826916495,Medical Coder,Naukri Healthcare Jobs,125059919,Leading Client,Bengaluru,India,IN,+91,Not disclosed,,,,,0,3,full_time,Non Clinical,Medical Coding,Medical Coding,Medical Coding,Medical Coding=11,high,title|skills|description,false,hospital,1109,"medical coder,medical coding,medical,pharmaceutical,compliance,quality assurance,communication and interpersonal skills,healthcare",,https://img.naukimg.com/logo_images/groups/v1/11912677.gif,2026-08-10,"We are looking for a highly skilled Medical Coder to join our team at Ruputed Pharmaceutical Company, playing a crucial role in ensuring the accuracy and efficiency of our medical coding processes. The ideal candidate will have a strong background in pharmaceutical coding principles and practices. Roles and Responsibility Accurately code patient data using various coding systems. Ensure compliance with regulatory requirements and industry standards. Collaborate with healthcare professionals to clarify coding discrepancies. Develop and implement efficient coding workflows to enhance productivity. Conduct thorough reviews of coded data for quality assurance. Stay updated with changes in coding regulations and guidelines. Job Requirements Strong knowledge of pharmaceutical coding principles and practices. Proficiency in relevant coding software and systems. Excellent analytical and problem-solving skills. Ability to work accurately and efficiently in a fast-paced environment. Strong communication and interpersonal skills. Familiarity with industry-standard coding guidelines and regulations.",https://www.naukri.com/job-listings-medical-coder-naukri-healthcare-jobs-bengaluru-0-to-3-years-100826916495,2026-08-10T14:08:03Z
naukri,100826916489,Regulatory Affairs Officer,Naukri Healthcare Jobs,125059919,Leading Client,Mumbai,India,IN,+91,Not disclosed,,,,,2,5,full_time,Non Clinical,Regulatory Affairs,Regulatory Affairs,Regulatory Affairs,Regulatory Affairs=8,high,title|skills|description,false,hospital,1117,"regulatory affairs,pharmaceutical industry,project management,pharmaceutical,compliance,life sciences,Management,Science",,https://img.naukimg.com/logo_images/groups/v1/11912677.gif,2026-08-10,". Bachelors degree in Life Sciences or a related field. Minimum 2 years of experience in regulatory affairs,preferably in the pharmaceutical industry. . Strong knowledge of regulatory requirements and industry standards. The ideal candidate will have a strong background in regulatory affairs,with 2-5 years of experience.",https://www.naukri.com/job-listings-regulatory-affairs-officer-naukri-healthcare-jobs-mumbai-2-to-5-years-100826916489,2026-08-10T14:08:03Z
naukri,100826916484,Research Associate,Naukri Healthcare Jobs,125059919,Leading Client,Pune,India,IN,+91,Not disclosed,,,,,0,2,full_time,Public Health,Public Health Research,Clinical Research,Clinical Research,Clinical Research=5,high,title,false,hospital,1137,"research,chemistry,pharmaceutical industry,pharmaceutical,biology,laboratory equipment,communication and interpersonal skills,research projects",,https://img.naukimg.com/logo_images/groups/v1/11912677.gif,2026-08-10,". Bachelors degree in a relevant field such as biology,chemistry,or pharmacy. Proven experience in research and development,preferably in the pharmaceutical industry. . Strong understanding of experimental design and statistical analysis.",https://www.naukri.com/job-listings-research-associate-naukri-healthcare-jobs-pune-0-to-2-years-100826916484,2026-08-10T14:08:03Z
naukri,100826916479,Apprentice Drug Safety,Naukri Healthcare Jobs,125059919,Leading Client,Bengaluru,India,IN,+91,Not disclosed,,,,,1,2,full_time,Non Clinical,Pharmacovigilance,Pharmacovigilance,Pharmacovigilance,Pharmacovigilance=7,high,title|skills,false,hospital,1012,"drug safety,risk assessment,pharmaceutical,quality control,compliance,pharmacy,pharmaceutical sciences,Science",,https://img.naukimg.com/logo_images/groups/v1/11912677.gif,2026-08-10,". Bachelors degree in Pharmacy or a related field. . Strong understanding of pharmaceutical sciences,including drug development and safety.",https://www.naukri.com/job-listings-apprentice-drug-safety-naukri-healthcare-jobs-bengaluru-1-to-2-years-100826916479,2026-08-10T14:08:03Z
naukri,100826916470,Apprentice Drug Safety - PV,Naukri Healthcare Jobs,125059919,Leading Client,Bengaluru,India,IN,+91,Not disclosed,,,,,1,2,full_time,Non Clinical,Pharmacovigilance,Pharmacovigilance,Pharmacovigilance,Pharmacovigilance=14,high,title|skills,false,hospital,1113,"drug safety,risk assessment,database management,pharmaceutical,quality control,pv,compliance,pharmacy",,https://img.naukimg.com/logo_images/groups/v1/11912677.gif,2026-08-10,". Bachelors degree in Pharmacy,Life Sciences,or a related field. . Strong understanding of pharmaceutical sciences,including drug development and safety regulations. Effective communication and collaboration skills,with experience working in a team environment.",https://www.naukri.com/job-listings-apprentice-drug-safety-pv-naukri-healthcare-jobs-bengaluru-1-to-2-years-100826916470,2026-08-10T14:08:03Z
naukri,100826916465,Regulatory Affairs Professional Professionals,Naukri Healthcare Jobs,125059919,Leading Client,Ahmedabad,India,IN,+91,Not disclosed,,,,,2,6,full_time,Non Clinical,Regulatory Affairs,Regulatory Affairs,Regulatory Affairs,Regulatory Affairs=10,high,title|skills|description,false,hospital,1115,"regulatory affairs,pharmaceutical,compliance,pharmaceutical regulations,life sciences,communication and interpersonal skills,Regulations,Interpersonal",,https://img.naukimg.com/logo_images/groups/v1/11912677.gif,2026-08-10,"We are looking for highly skilled and experienced Regulatory Affairs Professionals to join our team at Ruputed Pharmaceutical Company, a leading player in the Pharmaceutical & Life Sciences industry. The ideal candidate will have a strong background in regulatory affairs and a passion for ensuring compliance with regulatory requirements. Roles and Responsibility Develop and implement regulatory strategies to achieve business objectives. Prepare and review regulatory submissions, including applications and reports. Collaborate with cross-functional teams to ensure compliance with regulatory requirements. Conduct risk assessments and provide recommendations for mitigation. Stay updated with changing regulatory requirements and implement necessary changes. Provide training and guidance to internal stakeholders on regulatory matters. Job Requirements Strong knowledge of pharmaceutical regulations and laws. Excellent analytical and problem-solving skills. Ability to work effectively in a team environment. Effective communication and interpersonal skills. Strong attention to detail and organizational skills. Ability to meet deadlines and work under pressure.",https://www.naukri.com/job-listings-regulatory-affairs-professional-professionals-naukri-healthcare-jobs-ahmedabad-2-to-6-years-100826916465,2026-08-10T14:08:03Z
naukri,100826916464,Regulatory Affairs Professional,Naukri Healthcare Jobs,125059919,Leading Client,Chennai,India,IN,+91,Not disclosed,,,,,2,5,full_time,Non Clinical,Regulatory Affairs,Regulatory Affairs,Regulatory Affairs,Regulatory Affairs=7,high,title|skills,false,hospital,1115,"regulatory affairs,pharmaceutical industry,pharmaceutical,compliance,pharmaceutical regulations,pharmacy,Regulations,Regulatory",,https://img.naukimg.com/logo_images/groups/v1/11912677.gif,2026-08-10,"Experience with regulatory software and systems is an asset. . Bachelors degree in a related field (e.g.,pharmacy,law)",https://www.naukri.com/job-listings-regulatory-affairs-professional-naukri-healthcare-jobs-chennai-2-to-5-years-100826916464,2026-08-10T14:08:03Z
naukri,100826916463,Regulatory Affairs Professional - DCGI Submissions,Naukri Healthcare Jobs,125059919,Leading Client,Mumbai,India,IN,+91,Not disclosed,,,,,3,6,full_time,Non Clinical,Regulatory Affairs,Regulatory Affairs,Regulatory Affairs,Regulatory Affairs=9,high,title|skills|description,false,hospital,1117,"regulatory affairs,pharmaceutical industry,pharmaceutical,compliance,pharmaceutical regulations,Dcgi,Regulatory,Regulations",,https://img.naukimg.com/logo_images/groups/v1/11912677.gif,2026-08-10,"We are looking for a highly skilled and experienced professional to join our team as a Regulatory Affairs specialist, focusing on DCGI submissions. The ideal candidate will have a strong background in the pharmaceutical industry and experience with regulatory affairs. Roles and Responsibility Prepare and submit regulatory documents to DCGI for approval. Ensure compliance with regulatory requirements and guidelines. Collaborate with cross-functional teams to meet regulatory needs. Develop and implement regulatory strategies to achieve business objectives. Conduct thorough reviews of regulatory documents for accuracy and completeness. Maintain up-to-date knowledge of changing regulatory requirements and guidelines. Job Requirements Strong understanding of pharmaceutical regulations and guidelines. Experience with DCGI submissions and regulatory affairs. Excellent communication and collaboration skills. Ability to work in a fast-paced environment and meet deadlines. Strong analytical and problem-solving skills. Proficient in regulatory software and systems.",https://www.naukri.com/job-listings-regulatory-affairs-professional-dcgi-submissions-naukri-healthcare-jobs-mumbai-3-to-6-years-100826916463,2026-08-10T14:08:03Z
naukri,100826916462,Drug Safety Assessment Professional,Naukri Healthcare Jobs,125059919,Leading Client,Pune,India,IN,+91,Not disclosed,,,,,2,5,full_time,Non Clinical,Pharmacovigilance,Pharmacovigilance,Pharmacovigilance,Pharmacovigilance=8,high,title|skills|description,false,hospital,1109,"drug safety,pharmaceutical industry,pharmaceutical,software systems,compliance,life sciences,statistical analysis,Drug",,https://img.naukimg.com/logo_images/groups/v1/11912677.gif,2026-08-10,Experience with drug safety databases and software systems,https://www.naukri.com/job-listings-drug-safety-assessment-professional-naukri-healthcare-jobs-pune-2-to-5-years-100826916462,2026-08-10T14:08:03Z
naukri,100826916458,Regulatory Affairs Professional - Publishing,Naukri Healthcare Jobs,125059919,Leading Client,Chennai,India,IN,+91,Not disclosed,,,,,1,5,full_time,Non Clinical,Regulatory Affairs,Regulatory Affairs,Regulatory Affairs,Regulatory Affairs=7,high,title|skills,false,hospital,1117,"regulatory affairs,marketing,pharmaceutical industry,pharmaceutical,compliance,product development,publishing,research",,https://img.naukimg.com/logo_images/groups/v1/11912677.gif,2026-08-10,"Excellent writing and communication skills,with experience in publishing research papers. . Ability to work independently and collaboratively as part of a team. . Strong analytical and problem-solving skills,with attention to detail. Experience with regulatory software and systems,such as CTMS or Veeva.",https://www.naukri.com/job-listings-regulatory-affairs-professional-publishing-naukri-healthcare-jobs-chennai-1-to-5-years-100826916458,2026-08-10T14:08:03Z
naukri,100826916453,Pharmacovigilance Operations Coordinator,Naukri Healthcare Jobs,125059919,Leading Client,Bengaluru,India,IN,+91,Not disclosed,,,,,2,7,full_time,Non Clinical,Pharmacovigilance,Pharmacovigilance,Pharmacovigilance|Clinical Research,Pharmacovigilance=6;Clinical Research=3,high,title|description,false,hospital,1144,"coordinator,risk assessment,pharmaceutical,operations,gcp,compliance,pharmacy,life sciences",,https://img.naukimg.com/logo_images/groups/v1/11912677.gif,2026-08-10,". Bachelors degree in a related field,such as pharmacy or life sciences. Minimum 2 years of experience in pharmacovigilance operations or a related field. . Strong knowledge of pharmacovigilance regulations and guidelines,including GCP and FDA regulations.",https://www.naukri.com/job-listings-pharmacovigilance-operations-coordinator-naukri-healthcare-jobs-bengaluru-2-to-7-years-100826916453,2026-08-10T14:08:03Z
naukri,100826916448,Pharmacovigilance Professional - Medical Information,Naukri Healthcare Jobs,125059919,Leading Client,Mumbai,India,IN,+91,Not disclosed,,,,,1,3,full_time,Non Clinical,Pharmacovigilance,Pharmacovigilance,Pharmacovigilance|MSL,Pharmacovigilance=9;MSL=6,high,title|skills,false,hospital,1109,"pharmacovigilance,pharmaceutical industry,medical,pharmaceutical,compliance,drug safety,product development,design",,https://img.naukimg.com/logo_images/groups/v1/11912677.gif,2026-08-10,Experience working with medical information systems and databases.,https://www.naukri.com/job-listings-pharmacovigilance-professional-medical-information-naukri-healthcare-jobs-mumbai-1-to-3-years-100826916448,2026-08-10T14:08:03Z
naukri,100826916443,Pharmacovigilance Associate - Fresher,Naukri Healthcare Jobs,125059919,Leading Client,Bengaluru,India,IN,+91,Not disclosed,,,,,0,0,full_time,Non Clinical,Pharmacovigilance,Pharmacovigilance,Pharmacovigilance,Pharmacovigilance=8,high,title|skills|description,false,hospital,1112,"pharmacovigilance,pharmacovigilance associate,pharmaceutical industry,pharmaceutical,compliance,pharmaceutical regulations,pharmacy,Regulations",,https://img.naukimg.com/logo_images/groups/v1/11912677.gif,2026-08-10,We are looking for a highly motivated and detail-oriented individual to join our team as a Pharmacovigilance Associate - Fresher . Bachelors degree in Pharmacy or a related field. . Strong understanding of pharmaceutical regulations and guidelines.,https://www.naukri.com/job-listings-pharmacovigilance-associate-fresher-naukri-healthcare-jobs-bengaluru-0-to-0-years-100826916443,2026-08-10T14:08:03Z
naukri,100826916441,PV & Clinical Professional,Naukri Healthcare Jobs,125059919,Leading Client,Gurugram,India,IN,+91,Not disclosed,,,,,1,4,full_time,Non Clinical,Pharmacovigilance,Pharmacovigilance,Pharmacovigilance,Pharmacovigilance=7,high,title|skills,false,hospital,1137,"pv,pharmaceutical,compliance,product development,design,clinical trials,life sciences,market research",,https://img.naukimg.com/logo_images/groups/v1/11912677.gif,2026-08-10,Excellent communication and interpersonal skills are required. . Ability to work effectively in a fast-paced environment and meet deadlines. . Strong analytical and problem-solving skills are necessary. Experience in product development and launch is essential.,https://www.naukri.com/job-listings-pv-clinical-professional-naukri-healthcare-jobs-gurugram-1-to-4-years-100826916441,2026-08-10T14:08:03Z
naukri,100826916440,Pharmacovigilance Case Specialist,Naukri Healthcare Jobs,125059919,Leading Client,Bengaluru,India,IN,+91,Not disclosed,,,,,2,7,full_time,Non Clinical,Pharmacovigilance,Pharmacovigilance,Pharmacovigilance,Pharmacovigilance=8,high,title|skills|description,false,hospital,1112,"pharmacovigilance,case management,medical,pharmaceutical,customer service,pharmacy,communication skills,Management",,https://img.naukimg.com/logo_images/groups/v1/11912677.gif,2026-08-10,. Bachelors degree in a related field such as pharmacy or medicine. Minimum 2 years of experience in pharmacovigilance or case management. . Strong knowledge of pharmacovigilance regulations and guidelines.,https://www.naukri.com/job-listings-pharmacovigilance-case-specialist-naukri-healthcare-jobs-bengaluru-2-to-7-years-100826916440,2026-08-10T14:08:03Z
naukri,100826916438,Regulatory Affairs - CSCC & RM,Naukri Healthcare Jobs,125059919,Leading Client,Mumbai,India,IN,+91,Not disclosed,,,,,2,5,full_time,Non Clinical,Regulatory Affairs,Regulatory Affairs,Regulatory Affairs,Regulatory Affairs=7,high,title|skills,false,hospital,1117,"regulatory affairs,marketing,pharmaceutical,compliance,life sciences,rm,communication and interpersonal skills,Regulatory",,https://img.naukimg.com/logo_images/groups/v1/11912677.gif,2026-08-10,Experience working in the Pharmaceutical & Life Sciences industry is preferred. . Any graduate degree from a recognized institution,https://www.naukri.com/job-listings-regulatory-affairs-cscc-rm-naukri-healthcare-jobs-mumbai-2-to-5-years-100826916438,2026-08-10T14:08:03Z
naukri,100826916424,Medical Coder,Naukri Healthcare Jobs,125059919,Leading Client,Hyderabad,India,IN,+91,Not disclosed,,,,,0,3,full_time,Non Clinical,Medical Coding,Medical Coding,Medical Coding,Medical Coding=11,high,title|skills|description,false,hospital,1109,"medical coder,medical coding,medical,pharmaceutical,compliance,quality assurance,communication and interpersonal skills,healthcare",,https://img.naukimg.com/logo_images/groups/v1/11912677.gif,2026-08-10,"We are looking for a highly skilled Medical Coder to join our team at Ruputed Pharmaceutical Company, playing a crucial role in ensuring the accuracy and efficiency of our medical coding processes. The ideal candidate will have a strong background in pharmaceutical coding principles and practices. Roles and Responsibility Accurately code patient data using various coding systems. Ensure compliance with regulatory requirements and industry standards. Collaborate with healthcare professionals to clarify coding discrepancies. Develop and implement efficient coding workflows to enhance productivity. Conduct thorough reviews of coded data for quality assurance. Stay updated with changes in coding regulations and guidelines. Job Requirements Strong knowledge of pharmaceutical coding principles and practices. Proficiency in relevant coding software and systems. Excellent analytical and problem-solving skills. Ability to work accurately and efficiently in a fast-paced environment. Strong communication and interpersonal skills. Familiarity with industry-standard coding guidelines and regulations.",https://www.naukri.com/job-listings-medical-coder-naukri-healthcare-jobs-hyderabad-0-to-3-years-100826916424,2026-08-10T14:08:03Z
naukri,100826916416,Regulatory Affairs Specialist - Formulations,Naukri Healthcare Jobs,125059919,Leading Client,Hyderabad,India,IN,+91,Not disclosed,,,,,3,6,full_time,Non Clinical,Regulatory Affairs,Regulatory Affairs,Regulatory Affairs,Regulatory Affairs=8,high,title|skills|description,false,hospital,1114,"regulatory affairs,marketing,pharmaceutical industry,project management,pharmaceutical,compliance,quality assurance,manufacturing",,https://img.naukimg.com/logo_images/groups/v1/11912677.gif,2026-08-10,. Bachelors degree in Life Sciences or a related field. Proven experience in regulatory affairs within the pharmaceutical industry. . Strong knowledge of regulatory requirements for pharmaceutical products.,https://www.naukri.com/job-listings-regulatory-affairs-specialist-formulations-naukri-healthcare-jobs-hyderabad-3-to-6-years-100826916416,2026-08-10T14:08:03Z
naukri,100826916406,Clinical Research Associate,Naukri Healthcare Jobs,125059919,Leading Client,Kolkata,India,IN,+91,Not disclosed,,,,,0,3,full_time,Non Clinical,Clinical Research,Clinical Research,Clinical Research,Clinical Research=10,high,title|skills|description,false,hospital,1137,"clinical research,medical writing,project management,medical,pharmaceutical,data management,biology,research",,https://img.naukimg.com/logo_images/groups/v1/11912677.gif,2026-08-10,". Bachelors degree in life sciences or a related field (e.g.,biology,pharmacy,medicine). Proven experience in clinical research,preferably in a pharmaceutical company setting. . Strong knowledge of Good Clinical Practice (GCP) principles and regulations governing clinical trials.",https://www.naukri.com/job-listings-clinical-research-associate-naukri-healthcare-jobs-kolkata-0-to-3-years-100826916406,2026-08-10T14:08:03Z
naukri,100826916405,Clinical Trial Transparency LSR Professional,Naukri Healthcare Jobs,125059919,Leading Client,Mumbai,India,IN,+91,Not disclosed,,,,,1,4,full_time,Non Clinical,Clinical Research,Clinical Research,Clinical Research,Clinical Research=14,high,title|skills|description,false,hospital,1112,"compliance,pharmaceutical industry,pharmaceutical,gcp,clinical trials,life sciences,communication and interpersonal skills,clinical trial management",,https://img.naukimg.com/logo_images/groups/v1/11912677.gif,2026-08-10,". Bachelors degree in a life sciences discipline or equivalent experience. Proven experience in clinical trial management,preferably in a pharmaceutical company setting. . Strong knowledge of Good Clinical Practice (GCP) principles and regulations governing clinical trials.",https://www.naukri.com/job-listings-clinical-trial-transparency-lsr-professional-naukri-healthcare-jobs-mumbai-1-to-4-years-100826916405,2026-08-10T14:08:03Z
naukri,100826916396,Regulatory Affairs Associate,Naukri Healthcare Jobs,125059919,Leading Client,Navi Mumbai,India,IN,+91,Not disclosed,,,,,2,5,full_time,Non Clinical,Regulatory Affairs,Regulatory Affairs,Regulatory Affairs,Regulatory Affairs=8,high,title|skills|description,false,hospital,1117,"regulatory affairs,project management,pharmaceutical,research and analysis,compliance,pharmaceutical regulations,life sciences,research",,https://img.naukimg.com/logo_images/groups/v1/11912677.gif,2026-08-10,". Bachelors degree in Life Sciences or a related field. . Strong knowledge of pharmaceutical regulations and laws. The ideal candidate will have a strong background in regulatory affairs,with 2-5 years of experience. Experience with regulatory software and systems is an asset",https://www.naukri.com/job-listings-regulatory-affairs-associate-naukri-healthcare-jobs-navi-mumbai-2-to-5-years-100826916396,2026-08-10T14:08:03Z
naukri,100826016391,Hiring For Same day surgery QA/QC,Access Healthcare,911802,,Chennai,India,IN,+91,Not disclosed,,,,,2,5,full_time,Non Clinical,Medical Coding,Medical Coding,Medical Coding,Medical Coding=8,high,skills|description,false,hospital,1109,"Same Day Surgery,SDS,Otho surgery,Medical Coding,Ccs,Surgery,CPC,ICD",10,https://img.naukimg.com/logo_images/groups/v1/2750596.gif,2026-08-10,"Certification is mandatory (CPC,CRC,CCS) Minimum 2+ years of experience in Same day Surgery Immediate Joiner only",https://www.naukri.com/job-listings-hiring-for-same-day-surgery-qa-qc-access-healthcare-chennai-2-to-5-years-100826016391,2026-08-10T14:08:03Z
naukri,100826916386,Pharmacovigilance Safety Specialist,Naukri Healthcare Jobs,125059919,Leading Client,Gurugram,India,IN,+91,Not disclosed,,,,,1,4,full_time,Non Clinical,Pharmacovigilance,Pharmacovigilance,Pharmacovigilance,Pharmacovigilance=7,high,title|skills,false,hospital,1099,"pharmacovigilance,safety management,pharmaceutical,compliance,pharmacy,life sciences,communication skills,Science",,https://img.naukimg.com/logo_images/groups/v1/11912677.gif,2026-08-10,"Experience with safety management software and systems. . Bachelors degree in a relevant field such as pharmacy,medicine,or life sciences",https://www.naukri.com/job-listings-pharmacovigilance-safety-specialist-naukri-healthcare-jobs-gurugram-1-to-4-years-100826916386,2026-08-10T14:08:03Z
naukri,100826916385,Clinical Project Specialist,Naukri Healthcare Jobs,125059919,Leading Client,Gurugram,India,IN,+91,Not disclosed,,,,,2,5,full_time,Non Clinical,Clinical Research,Clinical Research,Clinical Research,Clinical Research=9,high,title|skills|description,false,hospital,1112,"compliance,clinical operations,trello,medical writing,risk management,pharmaceutical industry,project management,medical",,https://img.naukimg.com/logo_images/groups/v1/11912677.gif,2026-08-10,". Bachelors degree in a related field such as biology,pharmacy,or medicine. Proven experience in clinical project management,preferably in the pharmaceutical industry. . Strong knowledge of clinical trial design,protocols,and informed consent forms.",https://www.naukri.com/job-listings-clinical-project-specialist-naukri-healthcare-jobs-gurugram-2-to-5-years-100826916385,2026-08-10T14:08:03Z
naukri,100826916383,Pharmacovigilance Specialist,Naukri Healthcare Jobs,125059919,Leading Client,Gurugram,India,IN,+91,Not disclosed,,,,,2,5,full_time,Non Clinical,Pharmacovigilance,Pharmacovigilance,Pharmacovigilance,Pharmacovigilance=8,high,title|skills|description,false,hospital,1109,"pharmacovigilance,pharmaceutical,compliance,pharmacy,clinical trials,life sciences,communication and interpersonal skills,pharmaceuticals",,https://img.naukimg.com/logo_images/groups/v1/11912677.gif,2026-08-10,"Experience with pharmacovigilance software and systems is preferred. . Bachelors degree in a related field,such as pharmacy or medicine The ideal candidate will have a strong background in pharmacovigilance,with 2-5 years of experience.",https://www.naukri.com/job-listings-pharmacovigilance-specialist-naukri-healthcare-jobs-gurugram-2-to-5-years-100826916383,2026-08-10T14:08:03Z
naukri,100826916379,Regulatory Affairs Professional - MSTG,Naukri Healthcare Jobs,125059919,Leading Client,Mumbai,India,IN,+91,Not disclosed,,,,,3,7,full_time,Non Clinical,Regulatory Affairs,Regulatory Affairs,Regulatory Affairs,Regulatory Affairs=8,high,title|skills|description,false,hospital,1117,"regulatory affairs,marketing,pharmaceutical,compliance,life sciences,Science,Regulatory",,https://img.naukimg.com/logo_images/groups/v1/11912677.gif,2026-08-10,"Experience in preparing and reviewing regulatory documents,including clinical trial applications and marketing authorizations. The ideal candidate will have a strong background in regulatory affairs and experience working with pharmaceutical companies.",https://www.naukri.com/job-listings-regulatory-affairs-professional-mstg-naukri-healthcare-jobs-mumbai-3-to-7-years-100826916379,2026-08-10T14:08:03Z
naukri,100826916378,Clinical Research Professional,Naukri Healthcare Jobs,125059919,Leading Client,Kochi,India,IN,+91,Not disclosed,,,,,1,3,full_time,Non Clinical,Clinical Research,Clinical Research,Clinical Research,Clinical Research=11,high,title|skills|description,false,hospital,1137,"clinical research,pharmaceutical industry,project management,pharmaceutical,gcp,compliance,life sciences,research",,https://img.naukimg.com/logo_images/groups/v1/11912677.gif,2026-08-10,". Bachelors degree in Life Sciences or related field. Proven experience in clinical research,including protocol development and study management. . Strong knowledge of Good Clinical Practice (GCP) and regulatory requirements.",https://www.naukri.com/job-listings-clinical-research-professional-naukri-healthcare-jobs-kochi-1-to-3-years-100826916378,2026-08-10T14:08:03Z
naukri,100826916377,Regulatory Affairs Professional,Naukri Healthcare Jobs,125059919,Leading Client,Hyderabad,India,IN,+91,Not disclosed,,,,,2,5,full_time,Non Clinical,Regulatory Affairs,Regulatory Affairs,Regulatory Affairs,Regulatory Affairs=7,high,title|skills,false,hospital,1115,"regulatory affairs,pharmaceutical industry,pharmaceutical,compliance,pharmaceutical regulations,pharmacy,Regulations,Regulatory",,https://img.naukimg.com/logo_images/groups/v1/11912677.gif,2026-08-10,"Experience with regulatory software and systems is an asset. . Bachelors degree in a related field (e.g.,pharmacy,law)",https://www.naukri.com/job-listings-regulatory-affairs-professional-naukri-healthcare-jobs-hyderabad-2-to-5-years-100826916377,2026-08-10T14:08:03Z
naukri,100826916370,Senior Pharmacovigilance Associate,Naukri Healthcare Jobs,125059919,Leading Client,Chennai,India,IN,+91,Not disclosed,,,,,2,5,full_time,Non Clinical,Pharmacovigilance,Pharmacovigilance,Pharmacovigilance,Pharmacovigilance=9,high,title|skills|description,false,hospital,1112,"pharmacovigilance,pharmacovigilance associate,medical,pharmaceutical,compliance,pharmaceutical regulations,pharmacy,communication and interpersonal skills",,https://img.naukimg.com/logo_images/groups/v1/11912677.gif,2026-08-10,"We are looking for a highly skilled and experienced Senior Pharmacovigilance Associate to join our team at Ruputed Pharmaceutical Company. The ideal candidate will have a strong background in pharmacovigilance and 2-5 years of experience in the field. Roles and Responsibility Manage and process adverse event reports according to regulatory requirements. Conduct thorough reviews of medical records to ensure compliance with safety regulations. Collaborate with cross-functional teams to identify and mitigate potential safety risks. Develop and implement effective pharmacovigilance strategies to enhance patient safety. Provide training and guidance to internal stakeholders on pharmacovigilance best practices. Stay up-to-date with changing regulatory requirements and industry trends. Job Requirements Bachelor's degree in Pharmacy or related field. Minimum 2 years of experience in pharmacovigilance, preferably in a similar role. Strong knowledge of pharmaceutical regulations and guidelines. Excellent communication and interpersonal skills. Ability to work effectively in a fast-paced environment and meet deadlines. Proficient in using pharmacovigilance software and systems.",https://www.naukri.com/job-listings-senior-pharmacovigilance-associate-naukri-healthcare-jobs-chennai-2-to-5-years-100826916370,2026-08-10T14:08:03Z
naukri,100826916365,Clinical Operations Associate,Naukri Healthcare Jobs,125059919,Leading Client,Gurugram,India,IN,+91,Not disclosed,,,,,2,4,full_time,Non Clinical,Clinical Research,Clinical Research,Clinical Research,Clinical Research=11,high,title|skills|description,false,hospital,1137,"clinical operations,data quality,pharmaceutical industry,project management,pharmaceutical,operations,gcp,compliance",,https://img.naukimg.com/logo_images/groups/v1/11912677.gif,2026-08-10,". Bachelors degree in Life Sciences or a related field. Minimum 2 years of experience in clinical operations or a related field. . Strong knowledge of Good Clinical Practice (GCP) principles and regulations. The ideal candidate will have a strong background in the pharmaceutical industry,with 2-4 years of experience.",https://www.naukri.com/job-listings-clinical-operations-associate-naukri-healthcare-jobs-gurugram-2-to-4-years-100826916365,2026-08-10T14:08:03Z
naukri,100826916363,Pharmacovigilance Professional,Naukri Healthcare Jobs,125059919,Leading Client,Kolkata,India,IN,+91,Not disclosed,,,,,1,3,full_time,Non Clinical,Pharmacovigilance,Pharmacovigilance,Pharmacovigilance,Pharmacovigilance=8,high,title|skills|description,false,hospital,1112,"pharmacovigilance,pharmaceutical industry,pharmaceutical,compliance,pharmacy,communication and interpersonal skills,Interpersonal Skill,Interpersonal",,https://img.naukimg.com/logo_images/groups/v1/11912677.gif,2026-08-10,". Bachelors degree in Pharmacy or a related field. Proven experience in pharmacovigilance,preferably in the pharmaceutical industry. . Strong knowledge of regulatory requirements and guidelines related to pharmacovigilance.",https://www.naukri.com/job-listings-pharmacovigilance-professional-naukri-healthcare-jobs-kolkata-1-to-3-years-100826916363,2026-08-10T14:08:03Z
naukri,100826916360,Pharmacovigilance Services Associate,Naukri Healthcare Jobs,125059919,Leading Client,Chennai,India,IN,+91,Not disclosed,,,,,0,2,full_time,Non Clinical,Pharmacovigilance,Pharmacovigilance,Pharmacovigilance,Pharmacovigilance=7,high,title|skills,false,hospital,1112,"pharmacovigilance,medical,pharmaceutical,clinical trials,healthcare software,communication and interpersonal skills,analytical skills,healthcare",,https://img.naukimg.com/logo_images/groups/v1/11912677.gif,2026-08-10,Experience working with electronic health records systems and other healthcare software. . Strong attention to detail and ability to maintain accurate records,https://www.naukri.com/job-listings-pharmacovigilance-services-associate-naukri-healthcare-jobs-chennai-0-to-2-years-100826916360,2026-08-10T14:08:03Z
naukri,100826916359,Regulatory Affairs - SDE,Naukri Healthcare Jobs,125059919,Leading Client,Mumbai,India,IN,+91,Not disclosed,,,,,2,5,full_time,Non Clinical,Regulatory Affairs,Regulatory Affairs,Regulatory Affairs,Regulatory Affairs=7,high,title|skills,false,hospital,1117,"regulatory affairs,pharmaceutical industry,pharmaceutical,compliance,pharmaceutical regulations,Regulations,Sde,Regulatory",,https://img.naukimg.com/logo_images/groups/v1/11912677.gif,2026-08-10,"The ideal candidate will have a strong background in the pharmaceutical industry,with 2-5 years of experience. Experience with regulatory software and systems is an asset",https://www.naukri.com/job-listings-regulatory-affairs-sde-naukri-healthcare-jobs-mumbai-2-to-5-years-100826916359,2026-08-10T14:08:03Z
naukri,100826916357,Pharmacovigilance Professional - Entry Level,Naukri Healthcare Jobs,125059919,Leading Client,Pune,India,IN,+91,Not disclosed,,,,,0,2,full_time,Non Clinical,Pharmacovigilance,Pharmacovigilance,Pharmacovigilance,Pharmacovigilance=7,high,title|skills,false,hospital,1112,"pharmacovigilance,microsoft office,medical,pharmaceutical,customer service,pharmaceutical regulations,pharmacy,pharmaceutical sciences",,https://img.naukimg.com/logo_images/groups/v1/11912677.gif,2026-08-10,". Bachelors degree in Pharmacy,Pharmaceutical Sciences,or a related field. . Strong understanding of pharmaceutical regulations and industry standards. Effective communication and interpersonal skills. . Ability to work in a fast-paced environment and meet deadlines. . Proficiency in Microsoft Office and other relevant software applications",https://www.naukri.com/job-listings-pharmacovigilance-professional-entry-level-naukri-healthcare-jobs-pune-0-to-2-years-100826916357,2026-08-10T14:08:03Z
naukri,100826916351,Pharmacovigilance Professional - Japanese,Naukri Healthcare Jobs,125059919,Leading Client,Bengaluru,India,IN,+91,Not disclosed,,,,,1,3,full_time,Non Clinical,Pharmacovigilance,Pharmacovigilance,Pharmacovigilance,Pharmacovigilance=8,high,title|skills|description,false,hospital,1114,"pharmacovigilance,risk assessment,pharmaceutical,compliance,regulatory affairs,life sciences,Assessment,Risk",,https://img.naukimg.com/logo_images/groups/v1/11912677.gif,2026-08-10,"Proven experience in pharmacovigilance,preferably in the Pharmaceutical & Life Sciences industry.",https://www.naukri.com/job-listings-pharmacovigilance-professional-japanese-naukri-healthcare-jobs-bengaluru-1-to-3-years-100826916351,2026-08-10T14:08:03Z
naukri,100826916350,Clinical Trial Administrator,Naukri Healthcare Jobs,125059919,Leading Client,Bengaluru,India,IN,+91,Not disclosed,,,,,2,7,full_time,Non Clinical,Clinical Research,Clinical Research,Clinical Research,Clinical Research=7,high,title|description,false,hospital,1109,"compliance,medical writing,pharmaceutical industry,project management,medical,pharmaceutical,data management,administration",,https://img.naukimg.com/logo_images/groups/v1/11912677.gif,2026-08-10,". Bachelors degree in life sciences or a related field. Minimum 2 years of experience in clinical trials administration or a related field. . Strong knowledge of Good Clinical Practice (GCP) principles and regulations. The ideal candidate will have a strong background in the pharmaceutical industry,with experience in clinical trials administration.",https://www.naukri.com/job-listings-clinical-trial-administrator-naukri-healthcare-jobs-bengaluru-2-to-7-years-100826916350,2026-08-10T14:08:03Z
naukri,100826916349,Regulatory Affairs Intern,Naukri Healthcare Jobs,125059919,Leading Client,Hyderabad,India,IN,+91,Not disclosed,,,,,0,1,full_time,Non Clinical,Regulatory Affairs,Regulatory Affairs,Regulatory Affairs,Regulatory Affairs=8,high,title|skills|description,false,hospital,1117,"regulatory affairs,pharmaceutical,research,microsoft office,marketing,research and analysis,r,gcp",,https://img.naukimg.com/logo_images/groups/v1/11912677.gif,2026-08-10,We are looking for a highly motivated and detail-oriented individual to join our team as a Regulatory Affairs Intern in the Pharmaceutical & Life Sciences industry,https://www.naukri.com/job-listings-regulatory-affairs-intern-naukri-healthcare-jobs-hyderabad-0-to-1-years-100826916349,2026-08-10T14:08:03Z
naukri,100826916345,Pharmacovigilance Officer,Naukri Healthcare Jobs,125059919,Leading Client,Ahmedabad,India,IN,+91,Not disclosed,,,,,2,5,full_time,Non Clinical,Pharmacovigilance,Pharmacovigilance,Pharmacovigilance,Pharmacovigilance=8,high,title|skills|description,false,hospital,1113,"pharmacovigilance,pharmaceutical,compliance,quality improvement,pharmaceutical regulations,pharmacy,communication and interpersonal skills,Interpersonal Skill",,https://img.naukimg.com/logo_images/groups/v1/11912677.gif,2026-08-10,. Bachelors degree in Pharmacy or related field. Minimum 2 years of experience in pharmacovigilance or a related field. Demonstrate excellent analytical and problem-solving skills. . Ability to work effectively in a fast-paced environment is essential. . Strong communication and interpersonal skills are required,https://www.naukri.com/job-listings-pharmacovigilance-officer-naukri-healthcare-jobs-ahmedabad-2-to-5-years-100826916345,2026-08-10T14:08:03Z
naukri,100826916340,Medical Coder,Naukri Healthcare Jobs,125059919,Leading Client,Navi Mumbai,India,IN,+91,Not disclosed,,,,,0,3,full_time,Non Clinical,Medical Coding,Medical Coding,Medical Coding,Medical Coding=11,high,title|skills|description,false,hospital,1109,"medical coder,medical coding,medical,pharmaceutical,compliance,quality assurance,communication and interpersonal skills,healthcare",,https://img.naukimg.com/logo_images/groups/v1/11912677.gif,2026-08-10,"We are looking for a highly skilled Medical Coder to join our team at Ruputed Pharmaceutical Company, playing a crucial role in ensuring the accuracy and efficiency of our medical coding processes. The ideal candidate will have a strong background in pharmaceutical coding principles and practices. Roles and Responsibility Accurately code patient data using various coding systems. Ensure compliance with regulatory requirements and industry standards. Collaborate with healthcare professionals to clarify coding discrepancies. Develop and implement efficient coding workflows to enhance productivity. Conduct thorough reviews of coded data for quality assurance. Stay updated with changes in coding regulations and guidelines. Job Requirements Strong knowledge of pharmaceutical coding principles and practices. Proficiency in relevant coding software and systems. Excellent analytical and problem-solving skills. Ability to work accurately and efficiently in a fast-paced environment. Strong communication and interpersonal skills. Familiarity with industry-standard coding guidelines and regulations.",https://www.naukri.com/job-listings-medical-coder-naukri-healthcare-jobs-navi-mumbai-0-to-3-years-100826916340,2026-08-10T14:08:03Z
naukri,100826916339,Pharmacovigilance Project Coordinator,Naukri Healthcare Jobs,125059919,Leading Client,Pune,India,IN,+91,Not disclosed,,,,,2,7,full_time,Non Clinical,Pharmacovigilance,Pharmacovigilance,Pharmacovigilance,Pharmacovigilance=6,high,title|description,false,hospital,1061,"coordinator,clinical operations,medical writing,pharmaceutical industry,project management,medical,pharmaceutical,data management",,https://img.naukimg.com/logo_images/groups/v1/11912677.gif,2026-08-10,". Bachelors degree in a related field such as pharmacy,medicine,or life sciences. Minimum 2 years of experience in pharmacovigilance or project coordination. . Strong knowledge of pharmacovigilance regulations and guidelines. The ideal candidate will have a strong background in the pharmaceutical industry,with experience in pharmacovigilance and project coordination.",https://www.naukri.com/job-listings-pharmacovigilance-project-coordinator-naukri-healthcare-jobs-pune-2-to-7-years-100826916339,2026-08-10T14:08:03Z
naukri,100826916327,Clinical Research Professional,Naukri Healthcare Jobs,125059919,Leading Client,Bengaluru,India,IN,+91,Not disclosed,,,,,1,3,full_time,Non Clinical,Clinical Research,Clinical Research,Clinical Research,Clinical Research=11,high,title|skills|description,false,hospital,1137,"clinical research,pharmaceutical industry,project management,pharmaceutical,gcp,compliance,life sciences,research",,https://img.naukimg.com/logo_images/groups/v1/11912677.gif,2026-08-10,". Bachelors degree in Life Sciences or related field. Proven experience in clinical research,including protocol development and study management. . Strong knowledge of Good Clinical Practice (GCP) and regulatory requirements.",https://www.naukri.com/job-listings-clinical-research-professional-naukri-healthcare-jobs-bengaluru-1-to-3-years-100826916327,2026-08-10T14:08:03Z
naukri,100826916326,Regulatory Affairs Professional - Cosmetic,Naukri Healthcare Jobs,125059919,Leading Client,Mumbai,India,IN,+91,Not disclosed,,,,,2,6,full_time,Non Clinical,Regulatory Affairs,Regulatory Affairs,Regulatory Affairs,Regulatory Affairs=7,high,title|skills,false,hospital,1114,"regulatory affairs,time management skills,pharmaceutical,compliance,time management,life sciences,Science,Management",,https://img.naukimg.com/logo_images/groups/v1/11912677.gif,2026-08-10,"Effective communication and collaboration skills,with experience working with cross-functional teams. . Ability to work independently and make sound decisions with minimal supervision. . Strong organizational and time management skills,with the ability to prioritize tasks and manage multiple projects simultaneously.",https://www.naukri.com/job-listings-regulatory-affairs-professional-cosmetic-naukri-healthcare-jobs-mumbai-2-to-6-years-100826916326,2026-08-10T14:08:03Z
naukri,100826916325,Clinical Research Associate,Naukri Healthcare Jobs,125059919,Leading Client,Mumbai,India,IN,+91,Not disclosed,,,,,0,3,full_time,Non Clinical,Clinical Research,Clinical Research,Clinical Research,Clinical Research=10,high,title|skills|description,false,hospital,1137,"clinical research,medical writing,project management,medical,pharmaceutical,data management,biology,research",,https://img.naukimg.com/logo_images/groups/v1/11912677.gif,2026-08-10,". Bachelors degree in life sciences or a related field (e.g.,biology,pharmacy,medicine). Proven experience in clinical research,preferably in a pharmaceutical company setting. . Strong knowledge of Good Clinical Practice (GCP) principles and regulations governing clinical trials.",https://www.naukri.com/job-listings-clinical-research-associate-naukri-healthcare-jobs-mumbai-ahmedabad-bengaluru-0-to-3-years-100826916325,2026-08-10T14:08:03Z
naukri,100826016317,Vacancy For Lifescience & Paramedical Graduates For Medical Coding Job,Achievers Spot,732481,Achievers Spot,Hyderabad,India,IN,+91,3.25-4 Lacs PA,325000,400000,INR,per_annum,0,0,full_time,Non Clinical,Medical Coding,Medical Coding,Medical Coding,Medical Coding=7,high,title|description,false,hospital,1112,"lifescience,biotechnology,m.pharm,biology,b.pharm,physiotherapy,pharmacist,botany",450,https://img.naukimg.com/logo_images/groups/v1/462850.gif,2026-08-10,"Position: Medical Coder Ct: HR Deepa:7200179732 Medical Coding is the process of converting patient health information into alpha numeric codes. Coders take medial reports from doctors, which may include a patients condition, the doctors diagnosis, a prescription, and whatever procedures the doctor or healthcare provider performed on the patient, and turn that into a set of codes, which make up a crucial part of the medical claim. Eligibility: All (UG/PG) Life Science& Paramedical Graduates BDS BPT BHMS BAMS Siddha,Unani,Naturopathy {Dip Bsc Msc} Nursing/GNM {B.E M.E} Biomedical Engineering {B.tech,M.tech}Biotechnology Biochemistry Bioinformatics Microbiology Zoology and Advanced zoology Biology Botany Medical Lab Tech Plant biotechnology Pharmacy(B.Pharm M.pharm) Paramedical Physiotherapy Physician assistant Critical Care Technology Medical Biochemistry Medical Record Science Operation Theatre & Anaesthesia Technology {Bsc Msc Dip} Clinical Nutrition Human Genetics Medical Laboratory Technology Medical Sociology Epidemiology Molecular Virology Biostatistics Blood Banking Technology Regenerative Medicine Optom. Genetic Counseling Radiology & Imaging Technology Medical Biochemistry Medical Microbiology Clinical Care Technology Clinical Care Technology Medical Physics {Bsc Msc Dip} Accident & Emergency Care Technology Audiology & speech Language Pathology Cardiac Technology Cardio Pulmonary Perfusion Care Technology Critical Care Technology Dialysis Technology Neuro Electrophysiology Medical Sociology Nuclear Medicine Technology Operation Theatre & Anaesthesia Technology Optometry Physician Assistant Radiology Imaging Technology Radiotherapy Technology Medical Record Science Respiratory Therapy Fitness and Lifestyle Modifications Accident & Emergency Care Technology Critical Care Technology Nursing Aide Operation Theatre & Anaesthesia Technology Ophthalmic Nursing Assistant Medical Record Science Optometry Technology Radiology & Imaging Technology Medical Lab Technology Cardiac Non Invasive Technology Dialysis Technology Dentist Requirement: Knowledge in Anatomy and Physiology Good communication and interpersonal skills Basic Computer Skills Benefits System based job Weekly 5 days duty Day shift with Sat and Sun off Food and Cab provided by company Incentives based on performance Starting salary 12k to 25k with increment in 6 months for experienced. Abroad opportunities available Bonus for referring friends Medical expenses covered by company Provident Fund will be provided Gratuity after 5 yrs of work experience. Job Location: Chennai, Coimbatore, Vellore, Trichy, Cuddalore, Pondi Salem, Erode, Namakkal, Thanjavur, Nagercoil, Theni,Dindokal Thiruvannamalai, Villupuram, Karur, Tirunelveli,Kanniyakumari Tirupati, Kerala, AP,Tamilnadu,Telangana Reach Us: HR deepa:7200179732 Required Candidate profile Nursing Freshers Pharmacy Freshers Physiotherapy Dentist Life sciences Biotechnology Microbiology Biomedical Biochemistry Bioinformatics Botany Zoology GNM DGNM Physician assistant Anesthesia technician Perfusion Technology Medical coder Freshers Medical coding Freshers jobs in chennai Medical coding openings in chennai Wanted Medical coder Freshers jobs Medical coding Medical coder Medical coding Freshers Jobs in chennai Freshers jobs in chennai Jobs for freshers Nursing jobs for freshers Pharma jobs for Freshers Biotechology Jobs Microbiology jobs Biomedical jobs Bioinformatics jobs Bsc/Msc Jobs Biochemistry jobs Life science jobs in chennai Paramedical jobs in chennai Jobs in Tamilnadu Jobs in Pharmacy Jobs in Hospital GNM STAFF NURSE ANM STAFF NURSE GNM FEMALE STAFF NURSE DGNM FEMALE STAFF NURSE GNM MALE NURSE MALE STAFF NURSE NURSING JOBS IN CHENNAI Perks and Benefits Incentives 3000",https://www.naukri.com/job-listings-vacancy-for-lifescience-paramedical-graduates-for-medical-coding-achievers-spot-hyderabad-chennai-bengaluru-0-to-0-years-100826016317,2026-08-10T14:08:03Z
naukri,100826916314,Drug Safety Associate,Naukri Healthcare Jobs,125059919,Leading Client,Bengaluru,India,IN,+91,Not disclosed,,,,,1,3,full_time,Non Clinical,Pharmacovigilance,Pharmacovigilance,Pharmacovigilance|Regulatory Affairs,Pharmacovigilance=8;Regulatory Affairs=3,high,title|skills|description,false,hospital,1113,"drug safety,pharmaceutical industry,pharmaceutical,compliance,pharmaceutical regulations,regulatory affairs,pharmacy,communication and interpersonal skills",,https://img.naukimg.com/logo_images/groups/v1/11912677.gif,2026-08-10,". Bachelors degree in Pharmacy or a related field. Proven experience in drug safety,regulatory affairs,or a related field. . Strong knowledge of pharmaceutical regulations and industry standards.",https://www.naukri.com/job-listings-drug-safety-associate-naukri-healthcare-jobs-bengaluru-1-to-3-years-100826916314,2026-08-10T14:08:03Z
naukri,100826916311,Drug Regulatory Affairs Professional,Naukri Healthcare Jobs,125059919,Leading Client,Delhi / NCR,India,IN,+91,Not disclosed,,,,,2,7,full_time,Non Clinical,Regulatory Affairs,Regulatory Affairs,Regulatory Affairs,Regulatory Affairs=8,high,title|skills|description,false,hospital,1117,"regulatory affairs,marketing,r,project management,pharmaceutical,compliance,quality assurance,product development",,https://img.naukimg.com/logo_images/groups/v1/11912677.gif,2026-08-10,. Bachelors degree in Pharmacy (BPharm) or Masters degree in Science (MSc) Minimum 2 years of experience in drug regulatory affairs or a related field,https://www.naukri.com/job-listings-drug-regulatory-affairs-professional-naukri-healthcare-jobs-delhi-ncr-2-to-7-years-100826916311,2026-08-10T14:08:03Z
naukri,100826916308,Regulatory Affairs Officer,Naukri Healthcare Jobs,125059919,Leading Client,Verna,India,IN,+91,Not disclosed,,,,,2,5,full_time,Non Clinical,Regulatory Affairs,Regulatory Affairs,Regulatory Affairs,Regulatory Affairs=8,high,title|skills|description,false,hospital,1117,"regulatory affairs,pharmaceutical industry,project management,pharmaceutical,compliance,life sciences,Science,Management",,https://img.naukimg.com/logo_images/groups/v1/11912677.gif,2026-08-10,". Bachelors degree in Life Sciences or a related field Minimum 2 years of experience in regulatory affairs,preferably in the pharmaceutical industry The ideal candidate will have a strong background in regulatory affairs,with 2-5 years of experience",https://www.naukri.com/job-listings-regulatory-affairs-officer-naukri-healthcare-jobs-verna-2-to-5-years-100826916308,2026-08-10T14:08:03Z
naukri,100826916305,Pharmacovigilance Professional Professionals,Naukri Healthcare Jobs,125059919,Leading Client,Mumbai,India,IN,+91,Not disclosed,,,,,1,3,full_time,Non Clinical,Pharmacovigilance,Pharmacovigilance,Pharmacovigilance,Pharmacovigilance=7,high,title|skills,false,hospital,1112,"pharmacovigilance,marketing,safety management,medical,pharmaceutical,compliance,design,clinical trials",,https://img.naukimg.com/logo_images/groups/v1/11912677.gif,2026-08-10,"Experience with safety management systems and software applications. . Ability to collaborate with internal stakeholders,including clinicians,researchers,and other healthcare professionals",https://www.naukri.com/job-listings-pharmacovigilance-professional-professionals-naukri-healthcare-jobs-mumbai-1-to-3-years-100826916305,2026-08-10T14:08:03Z
naukri,100826916302,Clinical Research Associate,Naukri Healthcare Jobs,125059919,Leading Client,Madurai,India,IN,+91,Not disclosed,,,,,0,3,full_time,Non Clinical,Clinical Research,Clinical Research,Clinical Research,Clinical Research=10,high,title|skills|description,false,hospital,1137,"clinical research,medical writing,project management,medical,pharmaceutical,data management,biology,research",,https://img.naukimg.com/logo_images/groups/v1/11912677.gif,2026-08-10,". Bachelors degree in life sciences or a related field (e.g.,biology,pharmacy,medicine). Proven experience in clinical research,preferably in a pharmaceutical company setting. . Strong knowledge of Good Clinical Practice (GCP) principles and regulations governing clinical trials.",https://www.naukri.com/job-listings-clinical-research-associate-naukri-healthcare-jobs-madurai-0-to-3-years-100826916302,2026-08-10T14:08:03Z
naukri,100826916300,Regulatory Affairs Specialist - Medical Devices,Naukri Healthcare Jobs,125059919,Leading Client,Bengaluru,India,IN,+91,Not disclosed,,,,,2,6,full_time,Non Clinical,Regulatory Affairs,Regulatory Affairs,Regulatory Affairs,Regulatory Affairs=8,high,title|skills|description,false,hospital,1114,"regulatory affairs,medical,project management,pharmaceutical,r,medical devices,compliance,regulatory compliance",,https://img.naukimg.com/logo_images/groups/v1/11912677.gif,2026-08-10,". Bachelors degree in Life Sciences or a related field. Proven experience in regulatory affairs,preferably in the pharmaceutical or life sciences industry. . Strong knowledge of regulatory requirements for medical devices.",https://www.naukri.com/job-listings-regulatory-affairs-specialist-medical-devices-naukri-healthcare-jobs-bengaluru-2-to-6-years-100826916300,2026-08-10T14:08:03Z
naukri,100826916298,Clinical Programmer,Naukri Healthcare Jobs,125059919,Leading Client,Mumbai,India,IN,+91,Not disclosed,,,,,1,4,full_time,Non Clinical,Clinical Data Management,Clinical Data Management,Clinical Data Management|Clinical Research,Clinical Data Management=7;Clinical Research=5,high,title|description,false,hospital,1025,"programmer,data quality,database management,pharmaceutical,oracle,gcp,mathematics,compliance",,https://img.naukimg.com/logo_images/groups/v1/11912677.gif,2026-08-10,". Bachelors degree in Computer Science,Mathematics,or related field. The ideal candidate will have a strong background in clinical programming and experience working with cross-functional teams. Proven experience as a Clinical Programmer in a pharmaceutical company setting. . Strong knowledge of clinical trial protocols,ICH guidelines,and GCP principles.",https://www.naukri.com/job-listings-clinical-programmer-naukri-healthcare-jobs-mumbai-1-to-4-years-100826916298,2026-08-10T14:08:03Z
naukri,100826916295,Drug Safety Associate,Naukri Healthcare Jobs,125059919,Leading Client,Hyderabad,India,IN,+91,Not disclosed,,,,,1,3,full_time,Non Clinical,Pharmacovigilance,Pharmacovigilance,Pharmacovigilance|Regulatory Affairs,Pharmacovigilance=8;Regulatory Affairs=3,high,title|skills|description,false,hospital,1113,"drug safety,pharmaceutical industry,pharmaceutical,compliance,pharmaceutical regulations,regulatory affairs,pharmacy,communication and interpersonal skills",,https://img.naukimg.com/logo_images/groups/v1/11912677.gif,2026-08-10,". Bachelors degree in Pharmacy or a related field. Proven experience in drug safety,regulatory affairs,or a related field. . Strong knowledge of pharmaceutical regulations and industry standards.",https://www.naukri.com/job-listings-drug-safety-associate-naukri-healthcare-jobs-hyderabad-1-to-3-years-100826916295,2026-08-10T14:08:03Z
naukri,100826916293,Medical Advisor,Naukri Healthcare Jobs,125059919,Leading Client,Ahmedabad,India,IN,+91,Not disclosed,,,,,1,4,full_time,Non Clinical,MSL,MSL,MSL,MSL=5,high,title,false,hospital,1112,"medical,pharmaceutical industry,pharmaceutical,business growth,communication and interpersonal skills,healthcare,communication skills,Interpersonal skills",,https://img.naukimg.com/logo_images/groups/v1/11912677.gif,2026-08-10,"Experience working in a fast-paced environment,prioritizing multiple tasks and deadlines. . Strong attention to detail,with a focus on accuracy and quality in all work",https://www.naukri.com/job-listings-medical-advisor-naukri-healthcare-jobs-ahmedabad-1-to-4-years-100826916293,2026-08-10T14:08:03Z
naukri,100826916291,TMF Specialist,Naukri Healthcare Jobs,125059919,Leading Client,Hyderabad,India,IN,+91,Not disclosed,,,,,2,5,full_time,Non Clinical,TMF,TMF,TMF,TMF=8,high,title|skills|description,false,hospital,1109,"compliance,pharmaceutical,c,quality control,pharmaceutical regulations,life sciences,Regulations,Tmf",,https://img.naukimg.com/logo_images/groups/v1/11912677.gif,2026-08-10,Experience in managing transfer management files (TMF).,https://www.naukri.com/job-listings-tmf-specialist-naukri-healthcare-jobs-hyderabad-2-to-5-years-100826916291,2026-08-10T14:08:03Z
naukri,100826916289,Clinical Research & Healthcare Professional,Naukri Healthcare Jobs,125059919,Leading Client,Hyderabad,India,IN,+91,Not disclosed,,,,,1,4,full_time,Non Clinical,Clinical Research,Clinical Research,Clinical Research,Clinical Research=9,high,title|skills,false,hospital,1112,"healthcare,pharmaceutical,clinical research,compliance,design,clinical trials,life sciences,communication and interpersonal skills",,https://img.naukimg.com/logo_images/groups/v1/11912677.gif,2026-08-10,Experience working in the Pharmaceutical & Life Sciences industry.,https://www.naukri.com/job-listings-clinical-research-healthcare-professional-naukri-healthcare-jobs-hyderabad-1-to-4-years-100826916289,2026-08-10T14:08:03Z
naukri,100826916284,Pharmacovigilance Professional,Naukri Healthcare Jobs,125059919,Leading Client,Noida,India,IN,+91,Not disclosed,,,,,1,3,full_time,Non Clinical,Pharmacovigilance,Pharmacovigilance,Pharmacovigilance,Pharmacovigilance=8,high,title|skills|description,false,hospital,1112,"pharmacovigilance,pharmaceutical industry,pharmaceutical,compliance,pharmacy,communication and interpersonal skills,Interpersonal skills,Interpersonal",,https://img.naukimg.com/logo_images/groups/v1/11912677.gif,2026-08-10,". Bachelors degree in Pharmacy or a related field. Proven experience in pharmacovigilance,preferably in the pharmaceutical industry. . Strong knowledge of regulatory requirements and guidelines related to pharmacovigilance.",https://www.naukri.com/job-listings-pharmacovigilance-professional-naukri-healthcare-jobs-noida-1-to-3-years-100826916284,2026-08-10T14:08:03Z
naukri,100826916281,Pharmacovigilance Representative,Naukri Healthcare Jobs,125059919,Leading Client,Bengaluru,India,IN,+91,Not disclosed,,,,,0,2,full_time,Non Clinical,Pharmacovigilance,Pharmacovigilance,Pharmacovigilance,Pharmacovigilance=8,high,title|skills|description,false,hospital,1117,"pharmacovigilance,pharmaceutical industry,pharmaceutical,quality control,compliance,product development,regulatory affairs,pharmacy",,https://img.naukimg.com/logo_images/groups/v1/11912677.gif,2026-08-10,". Bachelors degree in a related field such as pharmacy,medicine,or life sciences. Proven experience in pharmacovigilance,preferably in the pharmaceutical industry. . Strong knowledge of pharmacovigilance regulations and industry standards.",https://www.naukri.com/job-listings-pharmacovigilance-representative-naukri-healthcare-jobs-bengaluru-0-to-2-years-100826916281,2026-08-10T14:08:03Z
naukri,100826916277,Pharmacovigilance Professional Operations,Naukri Healthcare Jobs,125059919,Leading Client,Hyderabad,India,IN,+91,Not disclosed,,,,,1,3,full_time,Non Clinical,Pharmacovigilance,Pharmacovigilance,Pharmacovigilance,Pharmacovigilance=8,high,title|skills|description,false,hospital,1144,"pharmacovigilance,risk assessment,pharmaceutical,operations,compliance,pharmaceutical regulations,life sciences,communication and interpersonal skills",,https://img.naukimg.com/logo_images/groups/v1/11912677.gif,2026-08-10,"Experience in pharmacovigilance operations,including risk assessment and mitigation.",https://www.naukri.com/job-listings-pharmacovigilance-professional-operations-naukri-healthcare-jobs-hyderabad-1-to-3-years-100826916277,2026-08-10T14:08:03Z
naukri,100826916274,Regulatory Affairs Trainee,Naukri Healthcare Jobs,125059919,Leading Client,Pune,India,IN,+91,Not disclosed,,,,,0,1,full_time,Non Clinical,Regulatory Affairs,Regulatory Affairs,Regulatory Affairs,Regulatory Affairs=9,high,title|skills|description,false,hospital,1114,"regulatory affairs,time management skills,pharmaceutical,time management,document management,content management,marketing,content management systems",,https://img.naukimg.com/logo_images/groups/v1/11912677.gif,2026-08-10,"We are looking for a highly motivated and detail-oriented individual to join our team as a Regulatory Affairs Trainee in the Pharmaceutical & Life Sciences industry. The ideal candidate will have a strong foundation in regulatory affairs and be eager to learn and grow with our company. Roles and Responsibility Assist in preparing and submitting regulatory documents, such as clinical trial applications and marketing authorizations. Conduct thorough reviews of regulatory submissions to ensure compliance with relevant laws and regulations. Collaborate with cross-functional teams, including legal, quality assurance, and product development, to ensure alignment with regulatory requirements. Develop and maintain relationships with regulatory authorities and other stakeholders. Stay up-to-date with changes in regulatory requirements and implement necessary updates to processes and procedures. Provide support for regulatory audits and inspections by gathering necessary documentation and information. Job Requirements Strong understanding of pharmaceutical regulatory affairs, including FDA, EMA, and ICH guidelines. Excellent analytical and problem-solving skills, with attention to detail and the ability to work under pressure. Effective communication and interpersonal skills, with the ability to collaborate with diverse stakeholders. Ability to prioritize tasks and manage multiple projects simultaneously in a fast-paced environment. Strong organizational and time management skills, with the ability to meet deadlines and deliver high-quality results. Familiarity with regulatory software and systems, such as electronic document management systems and content management systems.",https://www.naukri.com/job-listings-regulatory-affairs-trainee-naukri-healthcare-jobs-pune-0-to-1-years-100826916274,2026-08-10T14:08:03Z
naukri,100826916275,Pharmacovigilance Professional Aggregate Reporting,Naukri Healthcare Jobs,125059919,Leading Client,Mumbai,India,IN,+91,Not disclosed,,,,,2,7,full_time,Non Clinical,Pharmacovigilance,Pharmacovigilance,Pharmacovigilance,Pharmacovigilance=12,high,title|skills,false,hospital,1137,"pharmacovigilance,microsoft office,pharmaceutical,gcp,compliance,pharmaceutical regulations,pharmacy,life sciences",,https://img.naukimg.com/logo_images/groups/v1/11912677.gif,2026-08-10,". Bachelors degree in a relevant field,such as pharmacy or life sciences. Excellent analytical and problem-solving skills,with attention to detail. . Ability to work effectively in a team environment and communicate complex ideas clearly. . Proficiency in Microsoft Office and other software applications,particularly Excel and Word",https://www.naukri.com/job-listings-pharmacovigilance-professional-aggregate-reporting-naukri-healthcare-jobs-mumbai-2-to-7-years-100826916275,2026-08-10T14:08:03Z
naukri,100826916268,Senior Pharmacovigilance Associate,Naukri Healthcare Jobs,125059919,Leading Client,Bengaluru,India,IN,+91,Not disclosed,,,,,2,5,full_time,Non Clinical,Pharmacovigilance,Pharmacovigilance,Pharmacovigilance,Pharmacovigilance=9,high,title|skills|description,false,hospital,1112,"pharmacovigilance,pharmacovigilance associate,medical,pharmaceutical,compliance,pharmaceutical regulations,pharmacy,communication and interpersonal skills",,https://img.naukimg.com/logo_images/groups/v1/11912677.gif,2026-08-10,"We are looking for a highly skilled and experienced Senior Pharmacovigilance Associate to join our team at Ruputed Pharmaceutical Company. The ideal candidate will have a strong background in pharmacovigilance and 2-5 years of experience in the field. Roles and Responsibility Manage and process adverse event reports according to regulatory requirements. Conduct thorough reviews of medical records to ensure compliance with safety regulations. Collaborate with cross-functional teams to identify and mitigate potential safety risks. Develop and implement effective pharmacovigilance strategies to enhance patient safety. Provide training and guidance to internal stakeholders on pharmacovigilance best practices. Stay up-to-date with changing regulatory requirements and industry trends. Job Requirements Bachelor's degree in Pharmacy or related field. Minimum 2 years of experience in pharmacovigilance, preferably in a similar role. Strong knowledge of pharmaceutical regulations and guidelines. Excellent communication and interpersonal skills. Ability to work effectively in a fast-paced environment and meet deadlines. Proficient in using pharmacovigilance software and systems.",https://www.naukri.com/job-listings-senior-pharmacovigilance-associate-naukri-healthcare-jobs-bengaluru-2-to-5-years-100826916268,2026-08-10T14:08:03Z
naukri,100826916266,Clinical Research Coordinator,Naukri Healthcare Jobs,125059919,Leading Client,Pune,India,IN,+91,Not disclosed,,,,,0,3,full_time,Non Clinical,Clinical Research,Clinical Research,Clinical Research,Clinical Research=9,high,title|skills|description,false,hospital,1137,"coordinator,pharmaceutical industry,time management skills,pharmaceutical,time management,communication and interpersonal skills,research,clinical research",,https://img.naukimg.com/logo_images/groups/v1/11912677.gif,2026-08-10,. Bachelors degree in life sciences or a related field. Proven experience in clinical research coordination or a related field. . Strong knowledge of Good Clinical Practice (GCP) principles and regulations.,https://www.naukri.com/job-listings-clinical-research-coordinator-naukri-healthcare-jobs-pune-0-to-3-years-100826916266,2026-08-10T14:08:03Z
naukri,100826916265,Clinical Research Coordinator,Naukri Healthcare Jobs,125059919,Leading Client,Bengaluru,India,IN,+91,Not disclosed,,,,,0,3,full_time,Non Clinical,Clinical Research,Clinical Research,Clinical Research,Clinical Research=9,high,title|skills|description,false,hospital,1137,"coordinator,pharmaceutical industry,time management skills,pharmaceutical,time management,communication and interpersonal skills,research,clinical research",,https://img.naukimg.com/logo_images/groups/v1/11912677.gif,2026-08-10,. Bachelors degree in life sciences or a related field. Proven experience in clinical research coordination or a related field. . Strong knowledge of Good Clinical Practice (GCP) principles and regulations.,https://www.naukri.com/job-listings-clinical-research-coordinator-naukri-healthcare-jobs-bengaluru-0-to-3-years-100826916265,2026-08-10T14:08:03Z
naukri,100826916264,Clinical Research Coordinator,Naukri Healthcare Jobs,125059919,Leading Client,Udaipur,India,IN,+91,Not disclosed,,,,,0,3,full_time,Non Clinical,Clinical Research,Clinical Research,Clinical Research,Clinical Research=9,high,title|skills|description,false,hospital,1137,"coordinator,pharmaceutical industry,time management skills,pharmaceutical,time management,communication and interpersonal skills,research,clinical research",,https://img.naukimg.com/logo_images/groups/v1/11912677.gif,2026-08-10,. Bachelors degree in life sciences or a related field. Proven experience in clinical research coordination or a related field. . Strong knowledge of Good Clinical Practice (GCP) principles and regulations.,https://www.naukri.com/job-listings-clinical-research-coordinator-naukri-healthcare-jobs-udaipur-0-to-3-years-100826916264,2026-08-10T14:08:03Z
naukri,100826916262,Drug Safety Associate,Naukri Healthcare Jobs,125059919,Leading Client,Kochi,India,IN,+91,Not disclosed,,,,,1,3,full_time,Non Clinical,Pharmacovigilance,Pharmacovigilance,Pharmacovigilance|Regulatory Affairs,Pharmacovigilance=8;Regulatory Affairs=3,high,title|skills|description,false,hospital,1113,"drug safety,pharmaceutical industry,pharmaceutical,compliance,pharmaceutical regulations,regulatory affairs,pharmacy,communication and interpersonal skills",,https://img.naukimg.com/logo_images/groups/v1/11912677.gif,2026-08-10,". Bachelors degree in Pharmacy or a related field. Proven experience in drug safety,regulatory affairs,or a related field. . Strong knowledge of pharmaceutical regulations and industry standards.",https://www.naukri.com/job-listings-drug-safety-associate-naukri-healthcare-jobs-kochi-1-to-3-years-100826916262,2026-08-10T14:08:03Z
naukri,100826916259,Drug Safety Associate,Naukri Healthcare Jobs,125059919,Leading Client,Thane,India,IN,+91,Not disclosed,,,,,1,3,full_time,Non Clinical,Pharmacovigilance,Pharmacovigilance,Pharmacovigilance|Regulatory Affairs,Pharmacovigilance=8;Regulatory Affairs=3,high,title|skills|description,false,hospital,1113,"drug safety,pharmaceutical industry,pharmaceutical,compliance,pharmaceutical regulations,regulatory affairs,pharmacy,communication and interpersonal skills",,https://img.naukimg.com/logo_images/groups/v1/11912677.gif,2026-08-10,". Bachelors degree in Pharmacy or a related field. Proven experience in drug safety,regulatory affairs,or a related field. . Strong knowledge of pharmaceutical regulations and industry standards.",https://www.naukri.com/job-listings-drug-safety-associate-naukri-healthcare-jobs-thane-1-to-3-years-100826916259,2026-08-10T14:08:03Z
naukri,100826916247,Pharmacovigilance Executive,Naukri Healthcare Jobs,125059919,Leading Client,Ahmedabad,India,IN,+91,Not disclosed,,,,,0,2,full_time,Non Clinical,Pharmacovigilance,Pharmacovigilance,Pharmacovigilance,Pharmacovigilance=8,high,title|skills|description,false,hospital,1113,"pharmacovigilance,pharmaceutical,compliance,pharmacy,life sciences,Science",,https://img.naukimg.com/logo_images/groups/v1/11912677.gif,2026-08-10,". Bachelors degree in a relevant field such as pharmacy,medicine,or life sciences. Proven experience in pharmacovigilance,preferably in a pharmaceutical company setting. . Strong analytical and problem-solving skills,with attention to detail and the ability to interpret complex data.",https://www.naukri.com/job-listings-pharmacovigilance-executive-naukri-healthcare-jobs-ahmedabad-0-to-2-years-100826916247,2026-08-10T14:08:03Z
naukri,100826916237,Regulatory Affairs Specialist – CMC,Naukri Healthcare Jobs,125059919,Leading Client,Bengaluru,India,IN,+91,Not disclosed,,,,,1,4,full_time,Non Clinical,Regulatory Affairs,Regulatory Affairs,Regulatory Affairs,Regulatory Affairs=7,high,title|skills,false,hospital,1114,"Regulatory Affairs,Life Sciences,Compliance,Pharmacy,Pharmaceutical Regulations,Pharmaceutical,Marketing,Regulatory",,https://img.naukimg.com/logo_images/groups/v1/11912677.gif,2026-08-10,"Experience with regulatory software and systems is an asset. . Bachelors degree in a relevant field,such as pharmacy or life sciences",https://www.naukri.com/job-listings-regulatory-affairs-specialist-cmc-naukri-healthcare-jobs-bengaluru-1-to-4-years-100826916237,2026-08-10T14:08:03Z
naukri,100826916235,Central Monitoring Specialist – Clinical Data Management,Naukri Healthcare Jobs,125059919,Leading Client,Gurugram,India,IN,+91,Not disclosed,,,,,2,5,full_time,Non Clinical,Clinical Data Management,Clinical Data Management,Clinical Data Management,Clinical Data Management=7,high,title|skills,false,hospital,1018,"Compliance,Life Sciences,Business Growth,Pharmaceutical,Pharmaceuticals,Data management,Clinical,Management",,https://img.naukimg.com/logo_images/groups/v1/11912677.gif,2026-08-10,". Bachelors degree in a relevant field such as life sciences or pharmaceuticals. Proven experience in monitoring and analysis,preferably in a pharmaceutical setting. . Strong knowledge of regulatory requirements and industry standards.",https://www.naukri.com/job-listings-central-monitoring-specialist-clinical-data-management-naukri-healthcare-jobs-gurugram-2-to-5-years-100826916235,2026-08-10T14:08:03Z
naukri,100826916228,Regulatory Operations Associate,Naukri Healthcare Jobs,125059919,Leading Client,Gurugram,India,IN,+91,Not disclosed,,,,,1,4,full_time,Non Clinical,Regulatory Affairs,Regulatory Affairs,Regulatory Affairs,Regulatory Affairs=6,high,title|description,false,hospital,1117,"Operations,Life Sciences,Communication Skills,Compliance,Pharmacy,Pharmaceutical Industry,Pharmaceutical,Science",,https://img.naukimg.com/logo_images/groups/v1/11912677.gif,2026-08-10,". Bachelors degree in a relevant field,such as life sciences or pharmacy. Proven experience in regulatory operations,preferably in the pharmaceutical industry. . Strong understanding of regulatory requirements,including FDA,EMA,and other international regulations.",https://www.naukri.com/job-listings-regulatory-operations-associate-naukri-healthcare-jobs-gurugram-1-to-4-years-100826916228,2026-08-10T14:08:03Z
naukri,100826916221,Medical Writer – HEOR,Naukri Healthcare Jobs,125059919,Leading Client,Noida,India,IN,+91,Not disclosed,,,,,2,7,full_time,Non Clinical,Medical Writer,Medical Writer,Medical Writer|HEOR,Medical Writer=8;HEOR=5,high,title|skills|description,false,hospital,1112,"Medical,Life Sciences,Communication Skills,Medical Writer,Research,Pharmaceutical,Clinical Trials,Clinical",,https://img.naukimg.com/logo_images/groups/v1/11912677.gif,2026-08-10,We are looking for a skilled Medical Writer with 2 to 7 years of experience to join our team in the Pharmaceutical & Life Sciences industry,https://www.naukri.com/job-listings-medical-writer-heor-naukri-healthcare-jobs-noida-2-to-7-years-100826916221,2026-08-10T14:08:03Z
naukri,100826916217,Clinical Data Specialist,Naukri Healthcare Jobs,125059919,Leading Client,Mumbai,India,IN,+91,Not disclosed,,,,,2,7,full_time,Non Clinical,Clinical Data Management,Clinical Data Management,Clinical Data Management|Clinical Research,Clinical Data Management=11;Clinical Research=4,high,title|skills|description,false,hospital,1109,"Clinical Data,Compliance,Clinical Operations,Data Management,Data Capture,Pharmaceutical,Life Sciences,Communication Skills",,https://img.naukimg.com/logo_images/groups/v1/11912677.gif,2026-08-10,. Bachelors degree in life sciences or a related field. Minimum 2 years of experience in clinical data management or a related field. . Strong knowledge of Good Clinical Practice (GCP) regulations and guidelines. Experience with clinical trial data management systems and software.,https://www.naukri.com/job-listings-clinical-data-specialist-naukri-healthcare-jobs-mumbai-2-to-7-years-100826916217,2026-08-10T14:08:03Z
naukri,100826916210,Clinical Data Coder,Naukri Healthcare Jobs,125059919,Leading Client,Bengaluru,India,IN,+91,Not disclosed,,,,,1,4,full_time,Non Clinical,Clinical Data Management,Clinical Data Management,Clinical Data Management|Medical Coding,Clinical Data Management=9;Medical Coding=5,high,title|skills,false,hospital,1019,"Clinical Data,Life Sciences,Data Quality,Data Systems,Compliance,Data Management,Data Analysis,Pharmaceutical",,https://img.naukimg.com/logo_images/groups/v1/11912677.gif,2026-08-10,Experience with data analysis software and tools.,https://www.naukri.com/job-listings-clinical-data-coder-naukri-healthcare-jobs-bengaluru-1-to-4-years-100826916210,2026-08-10T14:08:03Z
naukri,100826916185,Documentation Executive,Naukri Healthcare Jobs,125059919,Leading Client,Sangareddy,India,IN,+91,Not disclosed,,,,,0,3,full_time,Non Clinical,Regulatory Affairs,Regulatory Affairs,Regulatory Affairs,Regulatory Affairs=3,medium,skills|description,false,hospital,1117,"Compliance,Life Sciences,Communication Skills,Regulatory Affairs,Pharmaceutical,Marketing,Regulatory,Documentation",,https://img.naukimg.com/logo_images/groups/v1/11912677.gif,2026-08-10,. Bachelors degree in any discipline relevant certifications or training programs are an asset. Proven experience in documentation and regulatory affairs within the Pharmaceutical & Life Sciences industry.,https://www.naukri.com/job-listings-documentation-executive-naukri-healthcare-jobs-sangareddy-0-to-3-years-100826916185,2026-08-10T14:08:03Z
naukri,100826916176,Clinical Data Manager,Naukri Healthcare Jobs,125059919,Leading Client,Mumbai,India,IN,+91,Not disclosed,,,,,3,6,full_time,Non Clinical,Clinical Data Management,Clinical Data Management,Clinical Data Management,Clinical Data Management=10,high,title|skills|description,false,hospital,1137,"Clinical Data,Life Sciences,Communication Skills,Leadership,Data Quality,Compliance,Data Management,Clinical Data Management",,https://img.naukimg.com/logo_images/groups/v1/11912677.gif,2026-08-10,Experience with clinical data management systems and software. . Strong attention to detail and ability to maintain high-quality standards,https://www.naukri.com/job-listings-clinical-data-manager-naukri-healthcare-jobs-mumbai-3-to-6-years-100826916176,2026-08-10T14:08:03Z
naukri,100826916175,"Clinical Data, PV & Regulatory Professional",Naukri Healthcare Jobs,125059919,Leading Client,Mumbai,India,IN,+91,Not disclosed,,,,,2,5,full_time,Non Clinical,Clinical Data Management,Clinical Data Management,Clinical Data Management|Pharmacovigilance,Clinical Data Management=9;Pharmacovigilance=8,high,title|skills,false,hospital,1109,"Clinical Data,Compliance,Pv,Data Management,Pharmaceutical,Clinical Trials,Life Sciences,Product Development",,https://img.naukimg.com/logo_images/groups/v1/11912677.gif,2026-08-10,"Experience with product validation (PV) and regulatory affairs,including FDA regulations and international regulatory frameworks.",https://www.naukri.com/job-listings-clinical-data-pv-regulatory-professional-naukri-healthcare-jobs-mumbai-2-to-5-years-100826916175,2026-08-10T14:08:03Z
naukri,100826916174,Trainee Medical Coder,Naukri Healthcare Jobs,125059919,Leading Client,Bengaluru,India,IN,+91,Not disclosed,,,,,0,1,full_time,Non Clinical,Medical Coding,Medical Coding,Medical Coding,Medical Coding=9,high,title|skills|description,false,hospital,1112,"Medical Coder,Life Sciences,Quality Improvement,Analytical Skills,Data Analysis And Reporting,Data Analysis,Healthcare,Medical",,https://img.naukimg.com/logo_images/groups/v1/11912677.gif,2026-08-10,"We are looking for a highly motivated and detail-oriented individual to join our team as a Trainee Medical Coder in the Pharmaceutical & Life Sciences industry. The ideal candidate will have excellent analytical skills, attention to detail, and a strong foundation in medical coding principles. Roles and Responsibility Accurately code patient data using various coding systems. Collaborate with healthcare professionals to clarify coding discrepancies. Develop and maintain expertise in medical coding guidelines and regulations. Participate in quality improvement initiatives to enhance coding accuracy. Provide support for data analysis and reporting purposes. Stay updated with changes in coding regulations and guidelines. Job Requirements Strong understanding of medical terminology and coding principles. Ability to work accurately and efficiently in a fast-paced environment. Excellent communication and interpersonal skills. Detail-oriented with strong analytical and problem-solving abilities. Familiarity with electronic health records (EHR) systems is an asset. Basic knowledge of pharmaceutical products and services is beneficial.",https://www.naukri.com/job-listings-trainee-medical-coder-naukri-healthcare-jobs-bengaluru-0-to-1-years-100826916174,2026-08-10T14:08:03Z
naukri,100826916170,Centralized Study Analyst,Naukri Healthcare Jobs,125059919,Leading Client,Bengaluru,India,IN,+91,Not disclosed,,,,,2,7,full_time,Non Clinical,Clinical Research,Clinical Research,Clinical Research,Clinical Research=3,medium,skills|description,false,hospital,1018,"Compliance,Life Sciences,Communication Skills,R,Data Quality,Sas,Gcp,Pharmacy",,https://img.naukimg.com/logo_images/groups/v1/11912677.gif,2026-08-10,". Bachelors degree in life sciences,pharmacy,or a related field. Ensure compliance with Good Clinical Practice (GCP) guidelines and regulatory requirements throughout all aspects of study conduct",https://www.naukri.com/job-listings-centralized-study-analyst-naukri-healthcare-jobs-bengaluru-2-to-7-years-100826916170,2026-08-10T14:08:03Z
naukri,100826916158,Medical Coding Executive,Naukri Healthcare Jobs,125059919,Leading Client,Jaipur,India,IN,+91,Not disclosed,,,,,0,2,full_time,Non Clinical,Medical Coding,Medical Coding,Medical Coding,Medical Coding=8,high,title|skills|description,false,hospital,1109,"Medical Coding,Life Sciences,Compliance,Im,Analytical Skills,Process Improvement,Healthcare,Medical",,https://img.naukimg.com/logo_images/groups/v1/11912677.gif,2026-08-10,We are looking for a highly skilled Medical Coding Executive to join our team at a reputed pharmaceutical company in the Pharmaceutical & Life Sciences industry. The ideal candidate will have a strong background in medical coding and excellent analytical skills. Roles and Responsibility Accurately code patient data using various coding systems. Review and update medical records for compliance with regulatory requirements. Collaborate with healthcare professionals to clarify coding discrepancies. Develop and implement efficient coding processes to enhance productivity. Maintain confidentiality and adhere to HIPAA guidelines. Stay updated with changes in coding regulations and guidelines. Job Requirements Strong knowledge of medical terminology and coding principles. Proficiency in using coding software and electronic health records. Excellent analytical and problem-solving skills. Ability to work accurately and efficiently in a fast-paced environment. Strong communication and interpersonal skills. Familiarity with quality control measures and process improvement initiatives.,https://www.naukri.com/job-listings-medical-coding-executive-naukri-healthcare-jobs-jaipur-0-to-2-years-100826916158,2026-08-10T14:08:03Z
naukri,100826916153,Medical Coding Executive,Naukri Healthcare Jobs,125059919,Leading Client,Chennai,India,IN,+91,Not disclosed,,,,,0,2,full_time,Non Clinical,Medical Coding,Medical Coding,Medical Coding,Medical Coding=8,high,title|skills|description,false,hospital,1109,"Medical Coding,Life Sciences,Compliance,Quality Improvement,Healthcare,Medical,Pharmaceutical,Communication And Interpersonal Skills",,https://img.naukimg.com/logo_images/groups/v1/11912677.gif,2026-08-10,We are looking for a highly skilled Medical Coding Executive to join our team at a reputed pharmaceutical company in the Pharmaceutical & Life Sciences industry. The ideal candidate will have a strong background in medical coding and be able to work efficiently in a fast-paced environment. Roles and Responsibility Accurately code patient data using various coding systems. Ensure compliance with regulatory requirements and industry standards. Collaborate with healthcare professionals to clarify coding discrepancies. Maintain confidentiality and adhere to HIPAA guidelines. Stay updated with changes in coding regulations and guidelines. Participate in quality improvement initiatives to enhance coding accuracy. Job Requirements Strong knowledge of medical coding principles and practices. Proficiency in using coding software and systems. Excellent analytical and problem-solving skills. Ability to work accurately under pressure and meet deadlines. Effective communication and interpersonal skills. Strong attention to detail and organizational skills.,https://www.naukri.com/job-listings-medical-coding-executive-naukri-healthcare-jobs-chennai-0-to-2-years-100826916153,2026-08-10T14:08:03Z
naukri,100826916146,Research Associate – ADL,Naukri Healthcare Jobs,125059919,Leading Client,Ahmedabad,India,IN,+91,Not disclosed,,,,,0,3,full_time,Public Health,Public Health Research,Clinical Research,Clinical Research,Clinical Research=5,high,title,false,hospital,1137,"Research,Life Sciences,Chemistry,Pharmacy,Data Analysis,Pharmaceutical Industry,Biology,Pharmaceutical",,https://img.naukimg.com/logo_images/groups/v1/11912677.gif,2026-08-10,". Bachelors degree in a relevant field such as biology,chemistry,or pharmacy. Proven experience in research and development,preferably in the pharmaceutical industry. . Strong understanding of experimental design,data analysis,and interpretation.",https://www.naukri.com/job-listings-research-associate-adl-naukri-healthcare-jobs-ahmedabad-0-to-3-years-100826916146,2026-08-10T14:08:03Z
naukri,100826916141,Case Processing Specialist,Naukri Healthcare Jobs,125059919,Leading Client,Mumbai,India,IN,+91,Not disclosed,,,,,1,4,full_time,Non Clinical,Pharmacovigilance,Pharmacovigilance,Pharmacovigilance,Pharmacovigilance=5,high,title,false,hospital,1012,"Compliance,Life Sciences,Customer Service,Time Management Skills,Time Management,Case Management,Pharmaceutical,Case",,https://img.naukimg.com/logo_images/groups/v1/11912677.gif,2026-08-10,Familiarity with industry-specific software and systems is an asset. . Bachelors degree in any discipline relevant certifications or training are desirable,https://www.naukri.com/job-listings-case-processing-specialist-naukri-healthcare-jobs-mumbai-1-to-4-years-100826916141,2026-08-10T14:08:03Z
naukri,100826916139,Safety Data Management Specialist,Naukri Healthcare Jobs,125059919,Leading Client,Mumbai,India,IN,+91,Not disclosed,,,,,3,6,full_time,Non Clinical,Clinical Data Management,Clinical Data Management,Clinical Data Management,Clinical Data Management=8,high,title|skills|description,false,hospital,1099,"Data Management,Life Sciences,Compliance,Pharmaceutical,Data Management Systems,Communication And Interpersonal Skills,Interpersonal skills,Interpersonal",,https://img.naukimg.com/logo_images/groups/v1/11912677.gif,2026-08-10,Experience with regulatory requirements related to safety data management.,https://www.naukri.com/job-listings-safety-data-management-specialist-naukri-healthcare-jobs-mumbai-3-to-6-years-100826916139,2026-08-10T14:08:03Z
naukri,100826916133,Study Delivery Associate,Naukri Healthcare Jobs,125059919,Leading Client,Hyderabad,India,IN,+91,Not disclosed,,,,,1,4,full_time,Non Clinical,Clinical Research,Clinical Research,Clinical Research,Clinical Research=3,medium,skills|description,false,hospital,1015,"Compliance,Life Sciences,Gcp,Data Management,Pharmaceutical Industry,Pharmaceutical,Science,Delivery",,https://img.naukimg.com/logo_images/groups/v1/11912677.gif,2026-08-10,". Bachelors degree in any discipline relevant certifications or training programs are an asset. Proven experience in study delivery management,preferably in the pharmaceutical industry. . Strong knowledge of Good Clinical Practice (GCP) principles and regulations.",https://www.naukri.com/job-listings-study-delivery-associate-naukri-healthcare-jobs-hyderabad-1-to-4-years-100826916133,2026-08-10T14:08:03Z
naukri,100826916125,Medical Information Specialist,Naukri Healthcare Jobs,125059919,Leading Client,Hyderabad,India,IN,+91,Not disclosed,,,,,1,4,full_time,Non Clinical,MSL,MSL,MSL,MSL=6,high,title|description,false,hospital,1112,"Medical,Life Sciences,Communication Skills,Patient Care,Compliance,Medical Software,Healthcare,Pharmaceutical",,https://img.naukimg.com/logo_images/groups/v1/11912677.gif,2026-08-10,"We are looking for a highly skilled and experienced Medical Information Specialist to join our team at a reputed pharmaceutical company in the Pharmaceutical & Life Sciences industry. The ideal candidate will have a strong background in medical information and a passion for delivering exceptional patient care. Roles and Responsibility Develop and implement comprehensive medical information strategies to support business objectives. Collaborate with cross-functional teams to ensure accurate and timely delivery of medical information products. Conduct thorough analysis of complex medical data to identify trends and areas for improvement. Create high-quality, engaging content for various medical audiences, including patients, healthcare professionals, and internal stakeholders. Stay up-to-date with industry developments and emerging trends in medical science and technology. Provide expert guidance on medical information matters, ensuring compliance with regulatory requirements and company policies. Job Requirements Strong understanding of medical terminology, anatomy, physiology, and pharmacology. Excellent analytical, problem-solving, and communication skills. Ability to work effectively in a fast-paced environment with multiple priorities and deadlines. Proficiency in using medical software applications, databases, and other relevant tools. Strong attention to detail with a focus on accuracy and quality. Ability to collaborate collaboratively as part of a multidisciplinary team.",https://www.naukri.com/job-listings-medical-information-specialist-naukri-healthcare-jobs-hyderabad-1-to-4-years-100826916125,2026-08-10T14:08:03Z
naukri,100826916122,Clinical Data Specialist,Naukri Healthcare Jobs,125059919,Leading Client,Kochi,India,IN,+91,Not disclosed,,,,,1,4,full_time,Non Clinical,Clinical Data Management,Clinical Data Management,Clinical Data Management,Clinical Data Management=10,high,title|skills|description,false,hospital,1109,"Clinical Data,Electronic Data Capture,Compliance,Clinical Operations,Data Management,Data Capture,Pharmaceutical,Life Sciences",,https://img.naukimg.com/logo_images/groups/v1/11912677.gif,2026-08-10,". Bachelors degree in a related field such as life sciences or pharmacy. Excellent analytical,problem-solving,and communication skills. . Ability to work effectively in a team environment and collaborate with stakeholders. . Proficiency in data management software and tools,such as electronic data capture systems",https://www.naukri.com/job-listings-clinical-data-specialist-naukri-healthcare-jobs-kochi-kolkata-bengaluru-1-to-4-years-100826916122,2026-08-10T14:08:03Z
naukri,100826016115,"Wanted BDS/MDS, BAMS, BHMS, BNYS, BUMS, BSMS For Medical Coding",Achievers Spot,732481,Achievers Spot,Kumbakonam,India,IN,+91,3.25-4.5 Lacs PA,325000,450000,INR,per_annum,0,0,full_time,Non Clinical,Medical Coding,Medical Coding,Medical Coding,Medical Coding=8,high,title|description,false,hospital,1112,"Dentist,Biotechnology,Ayurveda,Microbiology,Zoology,Gnm,Bpt,Biochemistry",500,https://img.naukimg.com/logo_images/groups/v1/462850.gif,2026-08-10,"Job Description Position: Medical Coder - Work from Home Ct: HR BHAVANI:7358126888 Job Description:Medical Coding is the process of conversion of text information related to healthcare services into numeric Diagnosis (Medical Problems) and Procedure (Treatments) Codes using ICD-10 CM and CPT code books. Requirement: knowledge in Anatomy and Physiology Good communication and interpersonal skills Basic Computer Skills No of vacancy: 500 Eligibility: Nursing GNM/DGNM Life science graduates Pharmacy Physician assistant Bio medical Engineers Bio chemistry Bio technology Bio informatics Micro biology Zoology and Advanced zoology Biology Botany Plant biotechnology Genetics Food and Nutrition Paramedical Physiotherapy M.Sc. Clinical Nutrition M.Sc. Human Genetics M.Sc. Medical Laboratory Technology M.Sc. Medical Sociology M.Sc. Epidemiology M.Sc. Molecular Virology M.Sc. Biostatistics M.Sc. Blood Banking Technology M.Sc. Rgnerative Medicine M.Optom. M.Sc. Genetic Counseling M.Sc. Radiolog & Imaging Technology M.Sc. Medical Biochemistry M.Sc, Medical Microbiology M.Sc. Clinical Care Technology M.Sc. Clinical Care Technology M.Sc. Medical Physics B.Sc. - Accident & Emergency Care Technology B.Sc. - Audiology & speech Language Pathology B.Sc. - Cardiac Technology B.Sc. - Cardio Pulmonary Perfusion Care Technology B.Sc. - Critical Care Technology B.Sc. - Dialysis Technology B.Sc. - Neuro Electrophysiology B.Sc. - M.L.T. B.Sc. - Medical Sociology B.Sc. - Nuclear Medicine Technology B.Sc. - Operation Theatre & Anaesthesia Technology Bachelor of Science in Optometry B.Sc. - Physician Assistant B.Sc. - Radiology Imaging Technology B.Sc. - Radiotherapy Technology B.Sc. - Medical Record Science B.Sc. - Respiratory Therapy B.Sc. - Fitness and Lifestyle Modifications Accident & Emergency Care Technology Critical Care Technology Nursing Aide Operation Theatre & Anaesthesia Technology Ophthalmic Nursing Assistant Medical Record Science Optometry Technology Radiology & Imaging Technology Medical Lab Technology Cardiac Non Invasive Technology Dialysis Technology Dentist Salary 15K to 17K (fresher) To 50K (experienced) Pm (Incentives && Benefits as per Corporate Standards) 4K fixed hike after six months Other Benefit: 1. Pick Up & Drop Facility 2. Food Facility 3. Day Shift 4. Weekend Off Reach us : HR BHAVANI:7358126888 Required Candidate profile Nursing Freshers Pharmacy Freshers Physiotherapy Dentist Life sciences Biotechnology Microbiology Biomedical Biochemistry Bioinformatics Botany Zoology GNM DGNM Physician assistant Anesthesia technician Perfusion Technology Medical coder Freshers Medical coding Freshers jobs in chennai Medical coding openings in chennai Wanted Medical coder Freshers jobs Medical coding Medical coder Medical coding Freshers Jobs in chennai Jobs for Passed outs Freshers jobs in chennai Jobs for freshers Nursing jobs for freshers Pharma jobs for Freshers Biotechology Jobs Microbiology jobs Biomedical jobs Bioinformatics jobs Bsc/Msc Jobs Biochemistry jobs Life science jobs in chennai Paramedical jobs in chennai Jobs in Tamilnadu Jobs in Pharmacy Jobs in Hospital Perks and Benefits Incentives & Benefits as per Corporate Standards",https://www.naukri.com/job-listings-wanted-bds-mds-bams-bhms-bnys-bums-bsms-for-medical-coding-achievers-spot-kumbakonam-thanjavur-chennai-0-to-0-years-100826016115,2026-08-10T14:08:03Z
naukri,100826916113,Research Associate,Naukri Healthcare Jobs,125059919,Leading Client,Mumbai,India,IN,+91,Not disclosed,,,,,0,2,full_time,Public Health,Public Health Research,Clinical Research,Clinical Research,Clinical Research=7,high,title|skills,false,hospital,1137,"Research,Life Sciences,Chemistry,Pharmacy,Pharmaceutical Industry,Biology,Pharmaceutical,Research Associate",,https://img.naukimg.com/logo_images/groups/v1/11912677.gif,2026-08-10,". Bachelors degree in a relevant field such as biology,chemistry,or pharmacy. Proven experience in research and development,preferably in the pharmaceutical industry. . Strong understanding of experimental design and statistical analysis.",https://www.naukri.com/job-listings-research-associate-naukri-healthcare-jobs-mumbai-0-to-2-years-100826916113,2026-08-10T14:08:03Z
naukri,100826916108,Pharmacovigilance Literature Specialist,Naukri Healthcare Jobs,125059919,Leading Client,Bengaluru,India,IN,+91,Not disclosed,,,,,0,3,full_time,Non Clinical,Pharmacovigilance,Pharmacovigilance,Pharmacovigilance,Pharmacovigilance=7,high,title|skills,false,hospital,1137,"Pharmacovigilance,Life Sciences,Communication Skills,Compliance,Database Management,Pharmaceutical,Literature,Science",,https://img.naukimg.com/logo_images/groups/v1/11912677.gif,2026-08-10,"Excellent analytical,problem-solving,and communication skills. . Ability to work independently and as part of a team. . Proficient in using database management software and other relevant tools. . Strong attention to detail and organizational skills. . Ability to prioritize tasks and meet deadlines in a fast-paced environment",https://www.naukri.com/job-listings-pharmacovigilance-literature-specialist-naukri-healthcare-jobs-bengaluru-0-to-3-years-100826916108,2026-08-10T14:08:03Z
naukri,100826916099,Medical Writer,Naukri Healthcare Jobs,125059919,Leading Client,Mumbai,India,IN,+91,Not disclosed,,,,,0,3,full_time,Non Clinical,Medical Writer,Medical Writer,Medical Writer,Medical Writer=8,high,title|skills|description,false,hospital,1113,"Medical,Medical Writer,Compliance,Templates,Biology,Research,Pharmaceutical,Life Sciences",,https://img.naukimg.com/logo_images/groups/v1/11912677.gif,2026-08-10,". Bachelors degree in a related field,such as biology,pharmacy,or medicine. Proven experience in medical writing,with a portfolio of published work. . Strong understanding of regulatory requirements and guidelines governing medical writing.",https://www.naukri.com/job-listings-medical-writer-naukri-healthcare-jobs-mumbai-0-to-3-years-100826916099,2026-08-10T14:08:03Z
naukri,100826916095,Clinical Data Professional,Naukri Healthcare Jobs,125059919,Leading Client,Mumbai,India,IN,+91,Not disclosed,,,,,2,7,full_time,Non Clinical,Clinical Data Management,Clinical Data Management,Clinical Data Management|Clinical Research,Clinical Data Management=11;Clinical Research=4,high,title|skills|description,false,hospital,1028,"Clinical Data,Compliance,Clinical Operations,Data Management,Data Capture,Pharmaceutical,Life Sciences,Communication Skills",,https://img.naukimg.com/logo_images/groups/v1/11912677.gif,2026-08-10,. Bachelors degree in life sciences or a related field. Minimum 2 years of experience in clinical data management or a related field. . Strong knowledge of Good Clinical Practice (GCP) regulations and guidelines. Experience with clinical trial data management systems and software.,https://www.naukri.com/job-listings-clinical-data-professional-naukri-healthcare-jobs-mumbai-2-to-7-years-100826916095,2026-08-10T14:08:03Z
naukri,100826916088,Pharmacovigilance and Regulatory Specialist,Naukri Healthcare Jobs,125059919,Leading Client,Mumbai,India,IN,+91,Not disclosed,,,,,1,3,full_time,Non Clinical,Pharmacovigilance,Pharmacovigilance,Pharmacovigilance|Regulatory Affairs|Clinical Research,Pharmacovigilance=7;Regulatory Affairs=7;Clinical Research=3,high,title|skills,false,hospital,1117,"Pharmacovigilance,Life Sciences,Time Management Skills,Time Management,Compliance,Regulatory Affairs,Gcp,Pharmaceutical",,https://img.naukimg.com/logo_images/groups/v1/11912677.gif,2026-08-10,"Experience with regulatory requirements,including FDA regulations and GCP guidelines.",https://www.naukri.com/job-listings-pharmacovigilance-and-regulatory-specialist-naukri-healthcare-jobs-mumbai-1-to-3-years-100826916088,2026-08-10T14:08:03Z
naukri,100826916080,Clinical Insights Analyst,Naukri Healthcare Jobs,125059919,Leading Client,Bengaluru,India,IN,+91,Not disclosed,,,,,1,4,full_time,Non Clinical,Clinical Research,Clinical Research,Clinical Research,Clinical Research=5,high,skills|description,false,hospital,1109,"Insights Analyst,Life Sciences,Communication Skills,Clinical Research,Data Management,Data Analysis,Clinical Trial Management,Research",,https://img.naukimg.com/logo_images/groups/v1/11912677.gif,2026-08-10,". Bachelors degree in a life sciences discipline or related field. Proven experience in clinical trial management,data analysis,and reporting. . Strong knowledge of clinical trial protocols,informed consent forms,and regulatory requirements.",https://www.naukri.com/job-listings-clinical-insights-analyst-naukri-healthcare-jobs-bengaluru-1-to-4-years-100826916080,2026-08-10T14:08:03Z
naukri,100826916077,Clinical Data Management Analyst,Naukri Healthcare Jobs,125059919,Leading Client,Bengaluru,India,IN,+91,Not disclosed,,,,,2,7,full_time,Non Clinical,Clinical Data Management,Clinical Data Management,Clinical Data Management|Clinical Research,Clinical Data Management=8;Clinical Research=7,high,title|skills|description,false,hospital,1018,"Data Management,Compliance,Clinical Operations,Data Capture,Pharmaceutical,Life Sciences,Communication Skills,Gcp",,https://img.naukimg.com/logo_images/groups/v1/11912677.gif,2026-08-10,". Bachelors degree in a related field such as life sciences,pharmacy,or computer science. Minimum 2 years of experience in clinical data management,preferably in a pharmaceutical company setting. . Strong knowledge of clinical trial regulations,GCP guidelines,and ICH standards.",https://www.naukri.com/job-listings-clinical-data-management-analyst-naukri-healthcare-jobs-bengaluru-2-to-7-years-100826916077,2026-08-10T14:08:03Z
naukri,100826916070,Clinical Data Specialist,Naukri Healthcare Jobs,125059919,Leading Client,Kochi,India,IN,+91,Not disclosed,,,,,2,7,full_time,Non Clinical,Clinical Data Management,Clinical Data Management,Clinical Data Management|Clinical Research,Clinical Data Management=11;Clinical Research=4,high,title|skills|description,false,hospital,1109,"Clinical Data,Compliance,Clinical Operations,Data Management,Data Capture,Pharmaceutical,Life Sciences,Communication Skills",,https://img.naukimg.com/logo_images/groups/v1/11912677.gif,2026-08-10,. Bachelors degree in life sciences or a related field. Minimum 2 years of experience in clinical data management or a related field. . Strong knowledge of Good Clinical Practice (GCP) regulations and guidelines. Experience with clinical trial data management systems and software.,https://www.naukri.com/job-listings-clinical-data-specialist-naukri-healthcare-jobs-kochi-thane-bengaluru-2-to-7-years-100826916070,2026-08-10T14:08:03Z
naukri,100826916069,Clinical Study Professional,Naukri Healthcare Jobs,125059919,Leading Client,Bengaluru,India,IN,+91,Not disclosed,,,,,1,4,full_time,Non Clinical,Clinical Research,Clinical Research,Clinical Research,Clinical Research=10,high,title|skills|description,false,hospital,1112,"Compliance,Life Sciences,Gcp,Pharmacy,Pharmaceutical,Quality Assurance,Communication And Interpersonal Skills,Interpersonal Skill",,https://img.naukimg.com/logo_images/groups/v1/11912677.gif,2026-08-10,". Bachelors degree in a related field such as life sciences or pharmacy. Ensure adherence to Good Clinical Practice (GCP) guidelines and regulatory requirements. Proven experience in clinical studies,preferably in a pharmaceutical company setting. . Strong knowledge of GCP guidelines,regulatory requirements,and ICH guidelines.",https://www.naukri.com/job-listings-clinical-study-professional-naukri-healthcare-jobs-bengaluru-1-to-4-years-100826916069,2026-08-10T14:08:03Z
naukri,100826916040,Medical Writer,Naukri Healthcare Jobs,125059919,Leading Client,New Delhi,India,IN,+91,Not disclosed,,,,,0,3,full_time,Non Clinical,Medical Writer,Medical Writer,Medical Writer,Medical Writer=10,high,title|skills|description,false,hospital,1112,"Medical,Life Sciences,Communication Skills,Medical Writer,Regulatory Affairs,Medical Writing,Research And Analysis,Research",,https://img.naukimg.com/logo_images/groups/v1/11912677.gif,2026-08-10,Familiarity with regulatory requirements and guidelines governing medical documentation is essential. . Proficiency in using document management systems and software applications relevant to medical writing. . A graduate or postgraduate degree in a life sciences discipline is required,https://www.naukri.com/job-listings-medical-writer-naukri-healthcare-jobs-new-delhi-0-to-3-years-100826916040,2026-08-10T14:08:03Z
naukri,100826916042,Regulatory Submission Specialist,Naukri Healthcare Jobs,125059919,Leading Client,Mumbai,India,IN,+91,Not disclosed,,,,,5,10,full_time,Non Clinical,Regulatory Affairs,Regulatory Affairs,Regulatory Affairs,Regulatory Affairs=8,high,title|skills|description,false,hospital,1114,"Compliance,Life Sciences,R,Regulatory Affairs,Pharmacy,Legal,Pharmaceutical Industry,Pharmaceutical",,https://img.naukimg.com/logo_images/groups/v1/11912677.gif,2026-08-10,". Bachelors degree in Pharmacy or related field advanced degree preferred. Minimum 5 years of experience in regulatory affairs,preferably in the pharmaceutical industry. . Strong knowledge of regulatory requirements,guidelines,and standards.",https://www.naukri.com/job-listings-regulatory-submission-specialist-naukri-healthcare-jobs-mumbai-5-to-10-years-100826916042,2026-08-10T14:08:03Z
naukri,100826916039,Clinical Data Coder,Naukri Healthcare Jobs,125059919,Leading Client,Kochi,India,IN,+91,Not disclosed,,,,,1,4,full_time,Non Clinical,Clinical Data Management,Clinical Data Management,Clinical Data Management|Medical Coding,Clinical Data Management=9;Medical Coding=5,high,title|skills,false,hospital,1019,"Clinical Data,Life Sciences,Data Quality,Data Systems,Compliance,Data Management,Data Analysis,Pharmaceutical",,https://img.naukimg.com/logo_images/groups/v1/11912677.gif,2026-08-10,Experience with data analysis software and tools.,https://www.naukri.com/job-listings-clinical-data-coder-naukri-healthcare-jobs-kochi-thane-bengaluru-1-to-4-years-100826916039,2026-08-10T14:08:03Z
naukri,100826916038,Aggregate Reporting and Risk Management Analyst,Naukri Healthcare Jobs,125059919,Leading Client,Hyderabad,India,IN,+91,Not disclosed,,,,,1,4,full_time,Non Clinical,Pharmacovigilance,Pharmacovigilance,Pharmacovigilance,Pharmacovigilance=5,high,title,false,hospital,1144,"Risk Management,Life Sciences,Compliance,Data Analysis,Process Improvement,Business Operations,Data Analysis Tools,Pharmaceutical",,https://img.naukimg.com/logo_images/groups/v1/11912677.gif,2026-08-10,Experience with risk management frameworks and methodologies. Excellent analytical and problem-solving skills with attention to detail. . Ability to work collaboratively in a team environment. . Strong communication and interpersonal skills. . Proficiency in data analysis tools and software,https://www.naukri.com/job-listings-aggregate-reporting-and-risk-management-analyst-naukri-healthcare-jobs-hyderabad-1-to-4-years-100826916038,2026-08-10T14:08:03Z
naukri,100826916030,Clinical Data Manager,Naukri Healthcare Jobs,125059919,Leading Client,Pune,India,IN,+91,Not disclosed,,,,,3,6,full_time,Non Clinical,Clinical Data Management,Clinical Data Management,Clinical Data Management,Clinical Data Management=10,high,title|skills|description,false,hospital,1137,"Clinical Data,Life Sciences,Communication Skills,Leadership,Data Quality,Compliance,Data Management,Clinical Data Management",,https://img.naukimg.com/logo_images/groups/v1/11912677.gif,2026-08-10,Experience with clinical data management systems and software. . Strong attention to detail and ability to maintain high-quality standards,https://www.naukri.com/job-listings-clinical-data-manager-naukri-healthcare-jobs-pune-3-to-6-years-100826916030,2026-08-10T14:08:03Z
naukri,100826916029,Research Associate,Naukri Healthcare Jobs,125059919,Leading Client,Hyderabad,India,IN,+91,Not disclosed,,,,,0,2,full_time,Public Health,Public Health Research,Clinical Research,Clinical Research,Clinical Research=7,high,title|skills,false,hospital,1137,"Research,Life Sciences,Chemistry,Pharmacy,Pharmaceutical Industry,Biology,Pharmaceutical,Research Associate",,https://img.naukimg.com/logo_images/groups/v1/11912677.gif,2026-08-10,". Bachelors degree in a relevant field such as biology,chemistry,or pharmacy. Proven experience in research and development,preferably in the pharmaceutical industry. . Strong understanding of experimental design and statistical analysis.",https://www.naukri.com/job-listings-research-associate-naukri-healthcare-jobs-hyderabad-0-to-2-years-100826916029,2026-08-10T14:08:03Z
naukri,100826916028,Centralized Study Analyst,Naukri Healthcare Jobs,125059919,Leading Client,Pune,India,IN,+91,Not disclosed,,,,,2,7,full_time,Non Clinical,Clinical Research,Clinical Research,Clinical Research,Clinical Research=6,high,skills|description,false,hospital,1018,"Compliance,Life Sciences,Communication Skills,Electronic Data Capture,Gcp,Clinical Trial Management,Data Capture,Medical",,https://img.naukimg.com/logo_images/groups/v1/11912677.gif,2026-08-10,. Bachelors degree in life sciences or a related field. Minimum 2 years of experience in clinical trial management and analysis. . Strong knowledge of Good Clinical Practice (GCP) principles and regulations. Experience with clinical trial management systems (CTMS) and electronic data capture (EDC).,https://www.naukri.com/job-listings-centralized-study-analyst-naukri-healthcare-jobs-pune-2-to-7-years-100826916028,2026-08-10T14:08:03Z
naukri,100826916023,Research Associate,Naukri Healthcare Jobs,125059919,Leading Client,Hosur,India,IN,+91,Not disclosed,,,,,0,2,full_time,Public Health,Public Health Research,Clinical Research,Clinical Research,Clinical Research=7,high,title|skills,false,hospital,1137,"Research,Life Sciences,Chemistry,Pharmacy,Pharmaceutical Industry,Biology,Pharmaceutical,Research Associate",,https://img.naukimg.com/logo_images/groups/v1/11912677.gif,2026-08-10,". Bachelors degree in a relevant field such as biology,chemistry,or pharmacy. Proven experience in research and development,preferably in the pharmaceutical industry. . Strong understanding of experimental design and statistical analysis.",https://www.naukri.com/job-listings-research-associate-naukri-healthcare-jobs-hosur-0-to-2-years-100826916023,2026-08-10T14:08:03Z
naukri,100826916021,Medical Writer,Naukri Healthcare Jobs,125059919,Leading Client,Bengaluru,India,IN,+91,Not disclosed,,,,,0,3,full_time,Non Clinical,Medical Writer,Medical Writer,Medical Writer|Regulatory Affairs,Medical Writer=9;Regulatory Affairs=3,high,title|skills|description,false,hospital,1112,"Medical,Life Sciences,Communication Skills,Medical Writer,Time Management Skills,Time Management,Compliance,Regulatory Affairs",,https://img.naukimg.com/logo_images/groups/v1/11912677.gif,2026-08-10,"We are looking for a highly skilled Medical Writer to join our team at a reputed pharmaceutical company in the Pharmaceutical & Life Sciences industry. The ideal candidate will have a strong background in medical writing and a passion for creating high-quality content. Roles and Responsibility Develop and maintain accurate, up-to-date, and well-structured medical documents, including clinical trial reports, protocols, and investigator's brochures. Collaborate with cross-functional teams, including clinicians, researchers, and regulatory affairs professionals, to ensure timely delivery of high-quality documents. Conduct thorough research and analysis of complex medical information to create clear and concise documents that meet regulatory requirements. Ensure compliance with regulatory guidelines and company standards for document preparation and submission. Edit and review documents created by others to ensure accuracy, clarity, and consistency. Stay current with industry trends and developments in medical science and technology to continuously improve document quality. Job Requirements Strong understanding of medical terminology, anatomy, physiology, and pharmacology. Excellent writing, editing, and communication skills, with the ability to convey complex information clearly and concisely. Ability to work independently and as part of a team, with strong organizational and time management skills. Familiarity with regulatory requirements for document preparation and submission. Strong analytical and problem-solving skills, with attention to detail and the ability to identify errors or inconsistencies. Ability to adapt to changing priorities and deadlines in a fast-paced environment.",https://www.naukri.com/job-listings-medical-writer-naukri-healthcare-jobs-bengaluru-0-to-3-years-100826916021,2026-08-10T14:08:03Z
naukri,100826916019,Clinical Data Specialist,Naukri Healthcare Jobs,125059919,Leading Client,Bengaluru,India,IN,+91,Not disclosed,,,,,2,7,full_time,Non Clinical,Clinical Data Management,Clinical Data Management,Clinical Data Management|Clinical Research,Clinical Data Management=10;Clinical Research=3,high,title|skills|description,false,hospital,1109,"Clinical Data,Compliance,Clinical Operations,Data Management,Data Capture,Pharmaceutical,Life Sciences,Communication Skills",,https://img.naukimg.com/logo_images/groups/v1/11912677.gif,2026-08-10,". Bachelors degree in life sciences,pharmacy,or a related field. Minimum 2 years of experience in clinical data management,preferably in a pharmaceutical company setting. . Strong knowledge of Good Clinical Practice (GCP) guidelines and regulatory requirements.",https://www.naukri.com/job-listings-clinical-data-specialist-naukri-healthcare-jobs-bengaluru-2-to-7-years-100826916019,2026-08-10T14:08:03Z
naukri,100826916018,Clinical Data Manager,Naukri Healthcare Jobs,125059919,Leading Client,Bengaluru,India,IN,+91,Not disclosed,,,,,3,6,full_time,Non Clinical,Clinical Data Management,Clinical Data Management,Clinical Data Management,Clinical Data Management=10,high,title|skills|description,false,hospital,1137,"Clinical Data,Life Sciences,Communication Skills,Leadership,Data Quality,Compliance,Data Management,Clinical Data Management",,https://img.naukimg.com/logo_images/groups/v1/11912677.gif,2026-08-10,Experience with clinical data management systems and software. . Strong attention to detail and ability to maintain high-quality standards,https://www.naukri.com/job-listings-clinical-data-manager-naukri-healthcare-jobs-bengaluru-3-to-6-years-100826916018,2026-08-10T14:08:03Z
naukri,100826916013,Research Associate,Naukri Healthcare Jobs,125059919,Leading Client,Bengaluru,India,IN,+91,Not disclosed,,,,,0,2,full_time,Public Health,Public Health Research,Clinical Research,Clinical Research,Clinical Research=7,high,title|skills,false,hospital,1137,"Research,Life Sciences,Chemistry,Pharmacy,Pharmaceutical Industry,Biology,Pharmaceutical,Research Associate",,https://img.naukimg.com/logo_images/groups/v1/11912677.gif,2026-08-10,". Bachelors degree in a relevant field such as biology,chemistry,or pharmacy. Proven experience in research and development,preferably in the pharmaceutical industry. . Strong understanding of experimental design and statistical analysis.",https://www.naukri.com/job-listings-research-associate-naukri-healthcare-jobs-bengaluru-0-to-2-years-100826916013,2026-08-10T14:08:03Z
naukri,100826915992,Medical Writer,Naukri Healthcare Jobs,125059919,Leading Client,Ahmedabad,India,IN,+91,Not disclosed,,,,,0,3,full_time,Non Clinical,Medical Writer,Medical Writer,Medical Writer,Medical Writer=8,high,title|skills|description,false,hospital,1113,"Medical,Medical Writer,Compliance,Clinical Operations,Data Management,Biology,Research,Pharmaceutical",,https://img.naukimg.com/logo_images/groups/v1/11912677.gif,2026-08-10,". Bachelors degree in a related field,such as biology,pharmacy,or medicine. Proven experience in medical writing,with a portfolio of published work. . Strong understanding of regulatory requirements and guidelines governing medical documentation.",https://www.naukri.com/job-listings-medical-writer-naukri-healthcare-jobs-ahmedabad-0-to-3-years-100826915992,2026-08-10T14:08:03Z
naukri,100826915991,Digital Medical Science Liaison (MSL),Naukri Healthcare Jobs,125059919,Leading Client,Mumbai,India,IN,+91,Not disclosed,,,,,2,5,full_time,Non Clinical,MSL,MSL,MSL,MSL=10,high,title,false,hospital,1047,"Medical,Analytical Skills,Media,Digital Marketing,Pharmaceutical,Communication And Interpersonal Skills,Marketing,Life Sciences",,https://img.naukimg.com/logo_images/groups/v1/11912677.gif,2026-08-10,Experience with digital marketing and social media platforms is an asset. . Bachelors degree in a life sciences discipline or related field,https://www.naukri.com/job-listings-digital-medical-science-liaison-msl-naukri-healthcare-jobs-mumbai-2-to-5-years-100826915991,2026-08-10T14:08:03Z
naukri,100826915980,Entry‑Level Pharma Associate,Naukri Healthcare Jobs,125059919,Leading Client,Ahmedabad,India,IN,+91,Not disclosed,,,,,0,2,full_time,Non Clinical,Clinical Research,Clinical Research,Clinical Research,Clinical Research=5,high,skills|description,false,hospital,1065,"Pharma,Compliance,Gcp,Pharmacy,Pharmaceutical,Clinical Trials,Communication And Interpersonal Skills,Quality Control",,https://img.naukimg.com/logo_images/groups/v1/11912677.gif,2026-08-10,. Bachelors degree in Pharmacy or related field. . Strong understanding of pharma principles and practices. Familiarity with Good Clinical Practice (GCP) guidelines and regulatory requirements,https://www.naukri.com/job-listings-entry-level-pharma-associate-naukri-healthcare-jobs-ahmedabad-0-to-2-years-100826915980,2026-08-10T14:08:03Z
naukri,100826915966,Safety Officer,Naukri Healthcare Jobs,125059919,Leading Client,Ahmedabad,India,IN,+91,Not disclosed,,,,,1,4,full_time,Non Clinical,Pharmacovigilance,Pharmacovigilance,Pharmacovigilance,Pharmacovigilance=5,high,title,false,hospital,1099,"Compliance,Safety Management,Pharmaceutical Industry,Pharmaceutical,Regulatory Compliance,Communication And Interpersonal Skills,Interpersonal Skill,Management",,https://img.naukimg.com/logo_images/groups/v1/11912677.gif,2026-08-10,Experience with safety management software and systems. . Ability to lead and motivate teams to achieve safety goals,https://www.naukri.com/job-listings-safety-officer-naukri-healthcare-jobs-ahmedabad-1-to-4-years-100826915966,2026-08-10T14:08:03Z
naukri,100826915960,Clinical Operations & TMF Specialist,Naukri Healthcare Jobs,125059919,Leading Client,Gurugram,India,IN,+91,Not disclosed,,,,,2,5,full_time,Non Clinical,Clinical Research,Clinical Research,Clinical Research|TMF,Clinical Research=11;TMF=5,high,title|skills|description,false,hospital,1112,"Clinical Operations,Compliance,Project Management,Gcp,Pharmacy,Pharmaceutical Industry,Biology,Pharmaceutical",,https://img.naukimg.com/logo_images/groups/v1/11912677.gif,2026-08-10,". Bachelors degree in a relevant field,such as biology or pharmacy. Proven experience in clinical operations,preferably in the pharmaceutical industry. . Strong knowledge of Good Clinical Practice (GCP) regulations and guidelines.",https://www.naukri.com/job-listings-clinical-operations-tmf-specialist-naukri-healthcare-jobs-gurugram-2-to-5-years-100826915960,2026-08-10T14:08:03Z
naukri,100826915938,Pharmacovigilance Specialist,Naukri Healthcare Jobs,125059919,Leading Client,Ahmedabad,India,IN,+91,Not disclosed,,,,,1,3,full_time,Non Clinical,Pharmacovigilance,Pharmacovigilance,Pharmacovigilance,Pharmacovigilance=7,high,title|skills,false,hospital,1109,"Pharmacovigilance,Compliance,Analytical Skills,Medical,Pharmaceutical,Analytics,Analytical,Analytical Skill",,https://img.naukimg.com/logo_images/groups/v1/11912677.gif,2026-08-10,Excellent analytical and problem-solving skills. . Ability to work effectively in a fast-paced environment. . Strong communication and collaboration skills. . Proficient in using relevant software and tools. . Ability to maintain confidentiality and handle sensitive information,https://www.naukri.com/job-listings-pharmacovigilance-specialist-naukri-healthcare-jobs-ahmedabad-1-to-3-years-100826915938,2026-08-10T14:08:03Z
naukri,100826915940,Regulatory Affairs,Naukri Healthcare Jobs,125059919,Leading Client,Ahmedabad,India,IN,+91,Not disclosed,,,,,3,7,full_time,Non Clinical,Regulatory Affairs,Regulatory Affairs,Regulatory Affairs,Regulatory Affairs=5,high,title,false,hospital,1112,"Market Research,Tracking Systems,Negotiation Skills,Research,Pharmaceutical,Recruitment,Communication Skills,Healthcare",,https://img.naukimg.com/logo_images/groups/v1/11912677.gif,2026-08-10,"Experience with recruitment software and tools,such as applicant tracking systems. . A graduate degree is required for this position Proven experience in the pharmaceutical industry,preferably in a recruitment or business development role. . Strong knowledge of the healthcare industry,including current trends and challenges.",https://www.naukri.com/job-listings-regulatory-affairs-naukri-healthcare-jobs-ahmedabad-3-to-7-years-100826915940,2026-08-10T14:08:03Z
naukri,100826915921,Regulatory Affairs Specialist,Naukri Healthcare Jobs,125059919,Leading Client,Hyderabad,India,IN,+91,Not disclosed,,,,,5,10,full_time,Non Clinical,Regulatory Affairs,Regulatory Affairs,Regulatory Affairs|Clinical Research,Regulatory Affairs=8;Clinical Research=3,high,title|skills|description,false,hospital,1114,"Regulatory Affairs,Life Sciences,Communication Skills,Compliance,Clinical Operations,Legal,Healthcare,Pharmaceutical",,https://img.naukimg.com/logo_images/groups/v1/11912677.gif,2026-08-10,". Bachelors degree in Life Sciences or related field required advanced degree preferred. Minimum 5 years of experience in regulatory affairs or a related field. . Strong knowledge of FDA regulations,ICH guidelines,and other applicable regulations.",https://www.naukri.com/job-listings-regulatory-affairs-specialist-naukri-healthcare-jobs-hyderabad-5-to-10-years-100826915921,2026-08-10T14:08:03Z
naukri,100826915877,Regulatory Affairs Specialist,Naukri Healthcare Jobs,125059919,Leading Client,Chandigarh,India,IN,+91,Not disclosed,,,,,2,5,full_time,Non Clinical,Regulatory Affairs,Regulatory Affairs,Regulatory Affairs,Regulatory Affairs=7,high,title|skills,false,hospital,1114,"Regulatory Affairs,Communication Skills,Compliance,Healthcare,Pharmaceutical,Communication And Interpersonal Skills,Interpersonal,Interpersonal Skill",,https://img.naukimg.com/logo_images/groups/v1/11912677.gif,2026-08-10,Experience working with regulatory authorities and stakeholders. . Strong attention to detail and organizational skills,https://www.naukri.com/job-listings-regulatory-affairs-specialist-naukri-healthcare-jobs-chandigarh-2-to-5-years-100826915877,2026-08-10T14:08:03Z
naukri,100826915878,Regulatory Affairs Specialist,Naukri Healthcare Jobs,125059919,Leading Client,Ankleshwar,India,IN,+91,Not disclosed,,,,,2,5,full_time,Non Clinical,Regulatory Affairs,Regulatory Affairs,Regulatory Affairs,Regulatory Affairs=7,high,title|skills,false,hospital,1117,"Regulatory Affairs,Biology,Research,Pharmaceutical,Communication And Interpersonal Skills,Research Projects,Chemistry,Pharmacy",,https://img.naukimg.com/logo_images/groups/v1/11912677.gif,2026-08-10,". Bachelors degree in a relevant field such as biology,chemistry,or pharmacy. Proven experience in research and development,preferably in the pharmaceutical industry. . Strong understanding of experimental design and statistical analysis.",https://www.naukri.com/job-listings-regulatory-affairs-specialist-naukri-healthcare-jobs-ankleshwar-2-to-5-years-100826915878,2026-08-10T14:08:03Z
naukri,100826915870,CDM Programmer I (SAS),Naukri Healthcare Jobs,125059919,Leading Client,Mumbai,India,IN,+91,Not disclosed,,,,,2,5,full_time,Non Clinical,Clinical Data Management,Clinical Data Management,Clinical Data Management,Clinical Data Management=3,medium,skills|description,false,hospital,1028,"Programmer,Data Validation,Sas,Compliance,Data Management,Programming,Pharmaceutical,Life Sciences",,https://img.naukimg.com/logo_images/groups/v1/11912677.gif,2026-08-10,Excellent problem-solving skills and attention to detail are essential. . Ability to work collaboratively in a team environment. . Strong communication and interpersonal skills are necessary. Experience working with clinical trial data management systems is required.,https://www.naukri.com/job-listings-cdm-programmer-i-sas-naukri-healthcare-jobs-mumbai-2-to-5-years-100826915870,2026-08-10T14:08:03Z
naukri,100826915862,Regulatory Affairs Specialist,Naukri Healthcare Jobs,125059919,Leading Client,Mumbai,India,IN,+91,Not disclosed,,,,,2,5,full_time,Non Clinical,Regulatory Affairs,Regulatory Affairs,Regulatory Affairs,Regulatory Affairs=7,high,title|skills,false,hospital,1114,"Regulatory Affairs,Life Sciences,Compliance,Healthcare,Pharmaceutical,Communication And Interpersonal Skills,Marketing,Interpersonal Skill",,https://img.naukimg.com/logo_images/groups/v1/11912677.gif,2026-08-10,Experience with regulatory software and systems is an advantage. . Bachelors degree in Life Sciences or a related field,https://www.naukri.com/job-listings-regulatory-affairs-specialist-naukri-healthcare-jobs-mumbai-2-to-5-years-100826915862,2026-08-10T14:08:03Z
naukri,100826915830,Regulatory Affairs Specialist,Naukri Healthcare Jobs,125059919,Leading Client,Surendranagar,India,IN,+91,Not disclosed,,,,,2,5,full_time,Non Clinical,Regulatory Affairs,Regulatory Affairs,Regulatory Affairs,Regulatory Affairs=7,high,title|skills,false,hospital,1117,"Regulatory Affairs,Chemistry,Pharmacy,Pharmaceutical Industry,Biology,Research,Pharmaceutical,Statistical Analysis",,https://img.naukimg.com/logo_images/groups/v1/11912677.gif,2026-08-10,". Bachelors degree in a relevant field such as biology,chemistry,or pharmacy. Proven experience in research and development,preferably in the pharmaceutical industry. . Strong understanding of experimental design and statistical analysis.",https://www.naukri.com/job-listings-regulatory-affairs-specialist-naukri-healthcare-jobs-surendranagar-2-to-5-years-100826915830,2026-08-10T14:08:03Z
naukri,100826915828,Regulatory Affairs Specialist,Naukri Healthcare Jobs,125059919,Leading Client,Ahmedabad,India,IN,+91,Not disclosed,,,,,2,5,full_time,Non Clinical,Regulatory Affairs,Regulatory Affairs,Regulatory Affairs|Clinical Research,Regulatory Affairs=8;Clinical Research=3,high,title|skills|description,false,hospital,1114,"Regulatory Affairs,Compliance,Clinical Operations,Legal,Pharmaceutical,Marketing,Life Sciences,Product Development",,https://img.naukimg.com/logo_images/groups/v1/11912677.gif,2026-08-10,". Bachelors degree in Life Sciences or a related field. Proven experience in regulatory affairs within the pharmaceutical industry. . Strong knowledge of FDA regulations,ICH guidelines,and other applicable regulations.",https://www.naukri.com/job-listings-regulatory-affairs-specialist-naukri-healthcare-jobs-ahmedabad-2-to-5-years-100826915828,2026-08-10T14:08:03Z
naukri,100826915822,Senior Regulatory Affairs Associate,Naukri Healthcare Jobs,125059919,Leading Client,Hyderabad,India,IN,+91,Not disclosed,,,,,2,5,full_time,Non Clinical,Regulatory Affairs,Regulatory Affairs,Regulatory Affairs|Clinical Research,Regulatory Affairs=8;Clinical Research=4,high,title|skills|description,false,hospital,1114,"Regulatory Affairs,Compliance,Clinical Operations,Legal,Pharmaceutical,Marketing,Life Sciences,Communication Skills",,https://img.naukimg.com/logo_images/groups/v1/11912677.gif,2026-08-10,". Bachelors degree in Life Sciences or a related field. Minimum 2 years of experience in regulatory affairs,preferably in the pharmaceutical industry. . Strong knowledge of FDA regulations,GCP guidelines,and ICH guidelines.",https://www.naukri.com/job-listings-senior-regulatory-affairs-associate-naukri-healthcare-jobs-hyderabad-2-to-5-years-100826915822,2026-08-10T14:08:03Z
naukri,100826915815,Clinical Research Coordinator,Naukri Healthcare Jobs,125059919,Leading Client,Chennai,India,IN,+91,Not disclosed,,,,,0,3,full_time,Non Clinical,Clinical Research,Clinical Research,Clinical Research,Clinical Research=10,high,title|skills|description,false,hospital,1137,"Coordinator,Compliance,Clinical Research Coordinator,Data Management,Research,Pharmaceutical,Clinical Trials,Communication And Interpersonal Skills",,https://img.naukimg.com/logo_images/groups/v1/11912677.gif,2026-08-10,". Bachelors degree in life sciences or a related field Excellent communication and interpersonal skills,with the ability to build strong relationships with internal and external stakeholders. . Ability to prioritize tasks and manage multiple projects simultaneously in a dynamic environment. . Proficiency in using computer systems and software applications relevant to clinical research",https://www.naukri.com/job-listings-clinical-research-coordinator-naukri-healthcare-jobs-chennai-0-to-3-years-100826915815,2026-08-10T14:08:03Z
naukri,100826915801,Injectable Production Specialist,Naukri Healthcare Jobs,125059919,Leading Client,Vadodara,India,IN,+91,Not disclosed,,,,,2,7,full_time,Non Clinical,Regulatory Affairs,Regulatory Affairs,Regulatory Affairs,Regulatory Affairs=3,medium,skills|description,false,hospital,1055,"Compliance,Regulatory Affairs,Project Management,Technical Support,Pharmaceutical Industry,Manufacturing,Research,Pharmaceutical",,https://img.naukimg.com/logo_images/groups/v1/11912677.gif,2026-08-10,Experience with regulatory affairs and quality control measures.,https://www.naukri.com/job-listings-injectable-production-specialist-naukri-healthcare-jobs-vadodara-2-to-7-years-100826915801,2026-08-10T14:08:03Z
naukri,100826015800,Medical Coding Executive,Achievers Spot,732481,Achievers Spot,Madurai,India,IN,+91,4-4.75 Lacs PA,400000,475000,INR,per_annum,0,0,full_time,Non Clinical,Medical Coding,Medical Coding,Medical Coding,Medical Coding=7,high,title|skills,false,hospital,1112,"Medical Coding Jobs,gnm,medical coding trainee,medical coding executive,Medicine,Life Sciences,medical coding,paramedical",500,https://img.naukimg.com/logo_images/groups/v1/462850.gif,2026-08-10,Day shift with Sat and Sun off MALE STAFF NURSE . All (UG / PG) Life Science& Paramedical Graduates Pharmacy(BPharm M.pharm) Nursing Freshers . Pharmacy Freshers . Physiotherapy . Dentist . Life sciences . Biotechnology . Microbiology . Biomedical . Biochemistry . Bioinformatics . Botany . Zoology . GNM . DGNM . Requirement: .,https://www.naukri.com/job-listings-medical-coding-executive-achievers-spot-madurai-hyderabad-chennai-0-to-0-years-100826015800,2026-08-10T14:08:03Z
naukri,100826915794,CTA Professional,Naukri Healthcare Jobs,125059919,Leading Client,New Delhi,India,IN,+91,Not disclosed,,,,,2,4,full_time,Non Clinical,Clinical Research,Medical Writer,Medical Writer,Medical Writer=3,medium,skills|description,false,hospital,1062,"Compliance,Regulatory Affairs,Project Management,Medical Writing,Pharmacy,Data Analysis,Medical,Pharmaceutical Industry",,https://img.naukimg.com/logo_images/groups/v1/11912677.gif,2026-08-10,"Experience with medical writing,CTMS (Clinical Trials Management System),and other relevant software applications. . Bachelors degree in a related field such as biology,pharmacy,or medicine",https://www.naukri.com/job-listings-cta-professional-naukri-healthcare-jobs-new-delhi-2-to-4-years-100826915794,2026-08-10T14:08:03Z
naukri,100826915783,Clinical Research Coordinator,Naukri Healthcare Jobs,125059919,Leading Client,Ahmedabad,India,IN,+91,Not disclosed,,,,,0,3,full_time,Non Clinical,Clinical Research,Clinical Research,Clinical Research,Clinical Research=11,high,title|skills|description,false,hospital,1137,"Coordinator,Compliance,Clinical Research Coordinator,Data Management,Research,Pharmaceutical,Clinical Trials,Life Sciences",,https://img.naukimg.com/logo_images/groups/v1/11912677.gif,2026-08-10,". Bachelors degree in life sciences or a related field. Proven experience in clinical research coordination,preferably in a pharmaceutical company setting. . Strong understanding of Good Clinical Practice (GCP) principles and regulations.",https://www.naukri.com/job-listings-clinical-research-coordinator-naukri-healthcare-jobs-ahmedabad-0-to-3-years-100826915783,2026-08-10T14:08:03Z
naukri,100826915774,Pharmacovigilance Specialist,Naukri Healthcare Jobs,125059919,Leading Client,Vadodara,India,IN,+91,Not disclosed,,,,,1,3,full_time,Non Clinical,Pharmacovigilance,Pharmacovigilance,Pharmacovigilance,Pharmacovigilance=7,high,title|skills,false,hospital,1109,"Pharmacovigilance,Communication Skills,Compliance,Medical",,https://img.naukimg.com/logo_images/groups/v1/11912677.gif,2026-08-10,"Experience working in a regulated environment,such as FDA or EMA. . Strong attention to detail and organizational skills",https://www.naukri.com/job-listings-pharmacovigilance-specialist-naukri-healthcare-jobs-vadodara-1-to-3-years-100826915774,2026-08-10T14:08:03Z
naukri,100826915752,Regulatory Affairs Specialist,Naukri Healthcare Jobs,125059919,Leading Client,New Delhi,India,IN,+91,Not disclosed,,,,,2,5,full_time,Non Clinical,Regulatory Affairs,Regulatory Affairs,Regulatory Affairs,Regulatory Affairs=7,high,title|skills,false,hospital,1117,"Regulatory Affairs,Chemistry,Pharmacy,Pharmaceutical Industry,Biology,Research,Pharmaceutical,Statistical Analysis",,https://img.naukimg.com/logo_images/groups/v1/11912677.gif,2026-08-10,". Bachelors degree in a relevant field such as biology,chemistry,or pharmacy. Proven experience in research and development,preferably in the pharmaceutical industry. . Strong understanding of experimental design and statistical analysis.",https://www.naukri.com/job-listings-regulatory-affairs-specialist-naukri-healthcare-jobs-new-delhi-2-to-5-years-100826915752,2026-08-10T14:08:03Z
naukri,100826915727,Pharmacovigilance Associate,Naukri Healthcare Jobs,125059919,Leading Client,Bengaluru,India,IN,+91,Not disclosed,,,,,2,7,full_time,Non Clinical,Pharmacovigilance,Pharmacovigilance,Pharmacovigilance,Pharmacovigilance=7,high,title|skills,false,hospital,1028,"Pharmaceutical Industry,Communication Skills,Pharmacovigilance Associate,pharmacological principles,Pharmaceutical,Pharmacovigilance",,https://img.naukimg.com/logo_images/groups/v1/11912677.gif,2026-08-10,. Masters degree in Pharmacology or related field Minimum 2 years of experience in pharmacology or a related field,https://www.naukri.com/job-listings-pharmacovigilance-associate-naukri-healthcare-jobs-bengaluru-2-to-7-years-100826915727,2026-08-10T14:08:03Z
naukri,100826915725,Regulatory Affairs Executive,Naukri Healthcare Jobs,125059919,Leading Client,Ahmedabad,India,IN,+91,Not disclosed,,,,,0,2,full_time,Non Clinical,Regulatory Affairs,Regulatory Affairs,Regulatory Affairs,Regulatory Affairs=5,high,title,false,hospital,1113,"Pharmacist,Pharmacy,Counseling,Healthcare,Pharmaceutical Industry,Pharmaceutical,Communication And Interpersonal Skills,Pharmaceuticals",,https://img.naukimg.com/logo_images/groups/v1/11912677.gif,2026-08-10,". Strong knowledge of pharmaceuticals and medicine is essential. Maintain confidentiality and handle sensitive information with discretion. . Proficiency in using pharmacy software and technology is expected. . A relevant educational background,such as a BPharm or MPharm degree,is required",https://www.naukri.com/job-listings-regulatory-affairs-executive-naukri-healthcare-jobs-ahmedabad-0-to-2-years-100826915725,2026-08-10T14:08:03Z
naukri,100826915715,Regulatory Affairs,Naukri Healthcare Jobs,125059919,Leading Client,Gurugram,India,IN,+91,Not disclosed,,,,,3,7,full_time,Non Clinical,Regulatory Affairs,Regulatory Affairs,Regulatory Affairs,Regulatory Affairs=5,high,title,false,hospital,1039,"Recruitment,Tracking Systems,Communication Skills,Negotiation Skills,Healthcare,Pharmaceutical Industry,Pharmaceutical,Applicant Tracking Systems",,https://img.naukimg.com/logo_images/groups/v1/11912677.gif,2026-08-10,"Proven experience in recruitment or a related field,preferably in the pharmaceutical industry. . Strong knowledge of the healthcare sector,including current trends and developments.",https://www.naukri.com/job-listings-regulatory-affairs-naukri-healthcare-jobs-gurugram-3-to-7-years-100826915715,2026-08-10T14:08:03Z
naukri,100826915693,Pharmacovigilance/Drug Safety Professional,Naukri Healthcare Jobs,125059919,Leading Client,Ahmedabad,India,IN,+91,Not disclosed,,,,,1,4,full_time,Non Clinical,Pharmacovigilance,Pharmacovigilance,Pharmacovigilance,Pharmacovigilance=14,high,title|skills,false,hospital,1109,"Drug Safety,Communication Skills,Healthcare Software,Healthcare,Medical,Pharmacovigilance,Pharmaceutical,Clinical Trials",,https://img.naukimg.com/logo_images/groups/v1/11912677.gif,2026-08-10,Experience working with electronic health records systems and other healthcare software.,https://www.naukri.com/job-listings-pharmacovigilance-drug-safety-professional-naukri-healthcare-jobs-ahmedabad-1-to-4-years-100826915693,2026-08-10T14:08:03Z
naukri,100826915214,Regulatory affairs Professional,Medipharma Konnect,123841891,Leading Client,Mumbai,India,IN,+91,Not disclosed,,,,,1,6,full_time,Non Clinical,Regulatory Affairs,Regulatory Affairs,Regulatory Affairs,Regulatory Affairs=7,high,title|skills,false,pharma,1109,"Regulatory affairs,qa,qc,compliance,administration,pharmacovigilance,Quality assurance,Regulatory",,https://img.naukimg.com/logo_images/groups/v1/2567818.gif,2026-08-10,"Experience in international market registrations (CIS,Africa,LATAM,etc.)",https://www.naukri.com/job-listings-regulatory-affairs-professional-medi-pharma-konnect-mumbai-ahmedabad-1-to-6-years-100826915214,2026-08-10T14:08:03Z
naukri,100826015068,"Jobs For Bsc Botany, Msc Botany, Biology, Zoology For Medical Coding",Achievers Spot,732481,Achievers Spot,Chennai,India,IN,+91,3.25-4.5 Lacs PA,325000,450000,INR,per_annum,0,1,full_time,Non Clinical,Medical Coding,Medical Coding,Medical Coding,Medical Coding=7,high,title|description,false,hospital,1112,"Botany,Industrial Microbiology,msc biology,Pharmaceutics,Molecular Biology,Zoology,Biology,bsc biology",500,https://img.naukimg.com/logo_images/groups/v1/462850.gif,2026-08-10,"Position: Medical Coder Ct Ct: HR HR DEEPA:7200179732 Medical Coding is the process of converting patient health information into alpha numeric codes. Coders take medial reports from doctors, which may include a patients condition, the doctors diagnosis, a prescription, and whatever procedures the doctor or healthcare provider performed on the patient, and turn that into a set of codes, which make up a crucial part of the medical claim. Eligibility: All (UG/PG) Life Science& Paramedical Graduates BDS BPT BHMS BAMS Siddha,Unani,Naturopathy {Dip Bsc Msc} Nursing/GNM {B.E M.E} Biomedical Engineering {B.tech,M.tech}Biotechnology Biochemistry Bioinformatics Microbiology Zoology and Advanced zoology Biology Botany Medical Lab Tech Plant biotechnology Pharmacy(B.Pharm M.pharm) Paramedical Physiotherapy Physician assistant Critical Care Technology Medical Biochemistry Medical Record Science Operation Theatre & Anaesthesia Technology {Bsc Msc Dip} Clinical Nutrition Human Genetics Medical Laboratory Technology Medical Sociology Epidemiology Molecular Virology Biostatistics Blood Banking Technology Regenerative Medicine Optom. Genetic Counseling Radiology & Imaging Technology Medical Biochemistry Medical Microbiology Clinical Care Technology Clinical Care Technology Medical Physics {Bsc Msc Dip} Accident & Emergency Care Technology Audiology & speech Language Pathology Cardiac Technology Cardio Pulmonary Perfusion Care Technology Critical Care Technology Dialysis Technology Neuro Electrophysiology Medical Sociology Nuclear Medicine Technology Operation Theatre & Anaesthesia Technology Optometry Physician Assistant Radiology Imaging Technology Radiotherapy Technology Medical Record Science Respiratory Therapy Fitness and Lifestyle Modifications Accident & Emergency Care Technology Critical Care Technology Nursing Aide Operation Theatre & Anaesthesia Technology Ophthalmic Nursing Assistant Medical Record Science Optometry Technology Radiology & Imaging Technology Medical Lab Technology Cardiac Non Invasive Technology Dialysis Technology Dentist Requirement: Knowledge in Anatomy and Physiology Good communication and interpersonal skills Basic Computer Skills Benefits System based job Weekly 5 days duty Day shift with Sat and Sun off Food and Cab provided by company Incentives based on performance Starting salary 12k to 25k with increment in 6 months for experienced. Abroad opportunities available Bonus for referring friends Medical expenses covered by company Provident Fund will be provided Gratuity after 5 yrs of work experience. Job Location: Chennai, Coimbatore, Vellore, Trichy, Cuddalore, Pondi Salem, Erode, Namakkal, Thanjavur, Nagercoil, Theni,Dindokal Thiruvannamalai, Villupuram, Karur, Tirunelveli,Kanniyakumari Tirupati, Kerala, AP,Tamilnadu,Telangana Reach Us: HR DEEPA:7200179732 Required Candidate profile Nursing Freshers Pharmacy Freshers Physiotherapy Dentist Life sciences Biotechnology Microbiology Biomedical Biochemistry Bioinformatics Botany Zoology GNM DGNM Physician assistant Anesthesia technician Perfusion Technology Medical coder Freshers Medical coding Freshers jobs in chennai Medical coding openings in chennai Wanted Medical coder Freshers jobs Medical coding Medical coder Medical coding Freshers Jobs in chennai Freshers jobs in chennai Jobs for freshers Nursing jobs for freshers Pharma jobs for Freshers Biotechology Jobs Microbiology jobs Biomedical jobs Bioinformatics jobs Bsc/Msc Jobs Biochemistry jobs Life science jobs in chennai Paramedical jobs in chennai Jobs in Tamilnadu Jobs in Pharmacy Jobs in Hospital GNM STAFF NURSE ANM STAFF NURSE GNM FEMALE STAFF NURSE DGNM FEMALE STAFF N GNM MALE NURSE MALE STAFF NURSE NURSING JOBS IN CHENNAI Perks and Benefits Incentive 3000",https://www.naukri.com/job-listings-jobs-for-bsc-botany-msc-botany-biology-zoology-for-medical-coding-achievers-spot-chennai-kanyakumari-vellore-0-to-1-years-100826015068,2026-08-10T14:08:03Z
naukri,100826014831,Clinical Research Coordinator,Proxima Skills Training Consulting Services,125184785,,Ahmedabad,India,IN,+91,6-7 Lacs PA,600000,700000,INR,per_annum,0,0,full_time,Non Clinical,Clinical Research,Clinical Research,Clinical Research|Clinical Data Management,Clinical Research=15;Clinical Data Management=4,high,title|skills|description,false,hospital,1112,"Biotechnology,Health Care Services,Clinical Research,Clinical Operations,Clinical,Clinical Data Management,Clinical Trials,Data management",1000,https://img.naukimg.com/logo_images/groups/v1/12414750.gif,2026-08-10,"Track and report adverse events and serious adverse events as required Participate in audits and inspections when required Required Skills: . Good understanding of Clinical Research,ICH-GCP,clinical trial processes,and research ethics Good attention to detail and ability to manage multiple tasks",https://www.naukri.com/job-listings-clinical-research-coordinator-proxima-skills-training-consulting-services-ahmedabad-chennai-bengaluru-0-to-0-years-100826014831,2026-08-10T14:08:03Z
naukri,100826014729,Hiring For Same day surgery QA/QC,Access Healthcare,911802,,Chennai,India,IN,+91,Not disclosed,,,,,2,5,full_time,Non Clinical,Medical Coding,Medical Coding,Medical Coding,Medical Coding=8,high,skills|description,false,hospital,1109,"Same Day Surgery,SDS,Otho surgery,Medical Coding,Ccs,Surgery,CPC,ICD",10,https://img.naukimg.com/logo_images/groups/v1/2750596.gif,2026-08-10,"Certification is mandatory (CPC,CRC,CCS) Minimum 2+ years of experience in Same day Surgery Immediate Joiner only",https://www.naukri.com/job-listings-hiring-for-same-day-surgery-qa-qc-access-healthcare-chennai-2-to-5-years-100826014729,2026-08-10T14:08:03Z
naukri,100826014557,Hiring For SDS - Surgery QA,Access Healthcare,911802,,Chennai,India,IN,+91,Not disclosed,,,,,2,5,full_time,Non Clinical,Medical Coding,Medical Coding,Medical Coding,Medical Coding=8,high,skills|description,false,hospital,1112,"Same Day Surgery,SDS,Otho surgery,Medical Coding,Ccs,Surgery,CPC,ICD",10,https://img.naukimg.com/logo_images/groups/v1/2750596.gif,2026-08-10,"Certification is mandatory (CPC,CRC,CCS) Minimum 2+ years of experience in Same day Surgery Immediate Joiner only",https://www.naukri.com/job-listings-hiring-for-sds-surgery-qa-access-healthcare-chennai-2-to-5-years-100826014557,2026-08-10T14:08:03Z
naukri,080826015590,"Hiring For ""Clinical Development - Medidata Rave""",HCLTech,838417,,Hybrid - Hyderabad,India,IN,+91,10-20 Lacs PA,1000000,2000000,INR,per_annum,5,10,full_time,Non Clinical,Clinical Data Management,Clinical Data Management,Clinical Data Management|Clinical Research,Clinical Data Management=16;Clinical Research=8,high,title|skills|description,false,hospital,1112,"Medidata Rave,SQL,Clinical Development,Rave,Hiring,Clinical,Development",3,https://img.naukimg.com/logo_images/groups/v1/194354.gif,2026-08-10,"Greetings from HCL! Currently Hiring for "" Clinical Development -Medidata Rave"" Experience - 7-10 years Location - Hyderabad / Chennai / Noida / Pune / Bangalore Notice period- Immediate to 30 days Only CTC - Can be discussed JD Must Haves Experience in the Clinical Development area, especially on Medidata Rave suite (preferably also back-end/ DB) Experience supporting systems and working with ticketing systems (i.e. Service Now) Python intermediate knowledge (RPA support and ad-hoc ) Java Basic knowledge (JAR file for authentication) Troubleshooting analysis advanced-expert skills Microsoft SQL Server stored procedures development intermediate level SQL advanced-expert skills API – REST webservices -intermediate level Nice to haves Tableau intermediate level SAS language, intermediate level GIT - intermediate level Atlassian : Bitbucket, Jira, Confluence - intermediate level VisualCron – basic level (cron scheduling tool) MSDOS command line basic level Experience in building IWR trials If Interested, please share below details along with updated resume Name- contact Number- Email ID- Total Experience- Relevant Experience- Current company- Preferred location- Notice Period- Current CTC- Expected CTC- Skill- Offer If Any - Interested candidate please drop mail to ""kushmathattanda.baby@hcltech.com"" Regards, Kushma kushmathattanda.baby@hcltech.com",https://www.naukri.com/job-listings-hiring-for-clinical-development-medidata-rave-hcltech-hyderabad-chennai-bengaluru-5-to-10-years-080826015590,2026-08-10T14:08:03Z
naukri,100826014411,Openings For E/M coding specialist,Acurus,442641,,Chennai,India,IN,+91,2.5-3.5 Lacs PA,250000,350000,INR,per_annum,2,5,full_time,Non Clinical,Medical Coding,Medical Coding,Medical Coding,Medical Coding=8,high,title|skills|description,false,hospital,1112,"CPC Certified,E/M coding,E/M,CPC,US Healthcare,Coding,M,Healthcare",2,https://img.naukimg.com/logo_images/groups/v1/101534.gif,2026-08-10,"1. Should have exp in E/M coding. 2. Certification in CPC is mandatory. 3. Exp in Multispecialty and surgical coding would be an added advantage. Interested candidates can share their cv to 9384813918 Regards, Acurus",https://www.naukri.com/job-listings-openings-for-e-m-coding-specialist-acurus-chennai-2-to-5-years-100826014411,2026-08-10T14:08:03Z
naukri,100826014234,Hiring For SDS - Same Day Surgery QA,Access Healthcare,911802,,Chennai,India,IN,+91,Not disclosed,,,,,2,5,full_time,Non Clinical,Medical Coding,Medical Coding,Medical Coding,Medical Coding=8,high,skills|description,false,hospital,1112,"Same Day Surgery,SDS,Otho surgery,Medical Coding,Ccs,Surgery,CPC,ICD",10,https://img.naukimg.com/logo_images/groups/v1/2750596.gif,2026-08-10,"Certification is mandatory (CPC,CRC,CCS) Minimum 2+ years of experience in Same day Surgery Immediate Joiner only",https://www.naukri.com/job-listings-hiring-for-sds-same-day-surgery-qa-access-healthcare-chennai-2-to-5-years-100826014234,2026-08-10T14:08:03Z
naukri,100826014232,Hiring For SDS - Same Day Surgery Coder,Access Healthcare,911802,,Chennai,India,IN,+91,Not disclosed,,,,,2,5,full_time,Non Clinical,Medical Coding,Medical Coding,Medical Coding,Medical Coding=13,high,title|skills|description,false,hospital,1109,"Same Day Surgery,SDS,Otho surgery,Medical Coding,Ccs,Surgery,CPC,ICD",10,https://img.naukimg.com/logo_images/groups/v1/2750596.gif,2026-08-10,"Certification is mandatory (CPC,CRC,CCS) Minimum 2+ years of experience in Same day Surgery Immediate Joiner only",https://www.naukri.com/job-listings-hiring-for-sds-same-day-surgery-coder-access-healthcare-chennai-2-to-5-years-100826014232,2026-08-10T14:08:03Z
naukri,220626017049,Assistant Manager - E&M Medical Coding,CorroHealth,742605,,Noida,India,IN,+91,Not disclosed,,,,,6,11,full_time,Non Clinical,Medical Coding,Medical Coding,Medical Coding,Medical Coding=11,high,title|skills|description,false,hospital,1167,"E&M,Medical Coding,MM,Management,Medical,E,M,Coding",,https://img.naukimg.com/logo_images/groups/v1/8172399.gif,2026-08-10,"Bachelors degree in Life Sciences,Healthcare Management,Pharmacy,Nursing,or a related field Certified coding credential preferred (CPC,CCS,COC,CIC,or equivalent) Required Skills 5 8 years of medical coding experience with at least 1 2 years in a team lead or supervisory role Experience in specialty coding (e.g.,HCC,E&M,Surgery,Radiology,ED,Inpatient,Outpatient)",https://www.naukri.com/job-listings-assistant-manager-e-m-medical-coding-corrohealth-noida-6-to-11-years-220626017049,2026-08-10T14:08:03Z
naukri,100826012764,Opportunity For Medical Coders & Sr Medical Coder - Bangalore !!!,INFINX,2461068,,Bangalore Rural,India,IN,+91,1-4.5 Lacs PA,100000,450000,INR,per_annum,2,5,full_time,Non Clinical,Medical Coding,Medical Coding,Medical Coding,Medical Coding=12,high,title|skills,false,hospital,1109,"Coding,Surgery,SR,Medical coding,Medical",,https://img.naukimg.com/logo_images/groups/v1/4668391.gif,2026-08-10,"Bachelors degree desired,or any equivalent combination of education and experience Excellent written and oral communication skills required to represent Infinx Clients Claims management and / or customer service experience desired Experience 13 years experience in Coding. . .",https://www.naukri.com/job-listings-opportunity-for-medical-coders-sr-medical-coder-bangalore-infinx-bangalore-rural-bengaluru-2-to-5-years-100826012764,2026-08-10T14:08:03Z
naukri,100826010695,WE ARE Hiring / Certified Medical Coders / Bangalore /15 LPA,Axis Services,896244,,Hyderabad,India,IN,+91,6-15 Lacs PA,600000,1500000,INR,per_annum,1,5,full_time,Non Clinical,Medical Coding,Medical Coding,Medical Coding,Medical Coding=13,high,title|skills|description,false,hospital,1109,"Surgery,CPC,ortho,cradio,Medical Coding,ivr with cardio,ivr,Medical coder",25,https://img.naukimg.com/logo_images/groups/v1/178464.gif,2026-08-10,WE ARE HIRING CERTIFIED MEDICAL CODERS BANGALORE . Bangalore Work From Office (WFO) Relevant Medical Coding Certification is mandatory. 30 45 days notice period acceptable. Up to 30% hike on current CTC. Walk-in Interview. Minimum 1+ year of relevant Medical Coding experience.,https://www.naukri.com/job-listings-we-are-hiring-certified-medical-coders-bangalore-15-lpa-axis-services-hyderabad-bengaluru-1-to-5-years-100826010695,2026-08-10T14:08:03Z
naukri,100826009676,Regulatory Manager,Orbit Pharmaceuticals,7066943,,Ahmedabad,India,IN,+91,Not disclosed,,,,,7,12,full_time,Non Clinical,Regulatory Affairs,Regulatory Affairs,Regulatory Affairs,Regulatory Affairs=8,high,title|skills|description,false,pharma,1112,"Regulatory Affairs,Life Sciences,Pharmaceutical,Regulatory Compliance,Science,Management,Regulatory,Compliance",,https://img.naukimg.com/logo_images/groups/v1/5845718.gif,2026-08-10,"Asst Manager-Regulatory Affairs. Department: Regulatory Affairs. Job Location: Ahmedabad. Job Type: Full Time. Job Purpose. Bachelors or Masters degree in Pharmacy,Pharmaceutical Sciences,Life Sciences,or a related scientific discipline A postgraduate qualification in Regulatory Affairs or a related field would be advantageous. Experience 6+ Years experience",https://www.naukri.com/job-listings-regulatory-manager-orbit-pharmaceuticals-ahmedabad-7-to-12-years-100826009676,2026-08-10T14:08:03Z
naukri,100826009590,Medical coding trainee,CorroHealth,742605,,Noida,India,IN,+91,Not disclosed,,,,,0,0,full_time,Non Clinical,Medical Coding,Medical Coding,Medical Coding,Medical Coding=8,high,title|skills|description,false,hospital,1112,"Nursing,Nursing Education,Fresher Hiring,Hiring,Coding,Medical coding,Education,Medical",15,https://img.naukimg.com/logo_images/groups/v1/8172399.gif,2026-08-10,Eligibility Criteria: BSc.Nursing graduates only Minimum 60% in Graduation Excellent opportunity for fresh BSc.Nursing graduates looking to start their career in Medical Coding Good communication skills,https://www.naukri.com/job-listings-medical-coding-trainee-corrohealth-noida-0-to-0-years-100826009590,2026-08-10T14:08:03Z
naukri,060826011166,HCC Coder Opening - Chennai & Hyderabad,Access Healthcare,911802,,Hyderabad,India,IN,+91,1.25-3.75 Lacs PA,125000,375000,INR,per_annum,1,3,full_time,Non Clinical,Medical Coding,Medical Coding,Medical Coding,Medical Coding=20,high,title|skills|description,false,hospital,1112,"Hcc,Medical Coding,Ccs,CRC,Medical coder,CPT,ICD,Cic",100,https://img.naukimg.com/logo_images/groups/v1/2750596.gif,2026-08-10,Eligibility . Role: Certified HCC Coder. Experience: Minimum 1 year. Certification: Mandatory,https://www.naukri.com/job-listings-hcc-coder-opening-chennai-hyderabad-access-healthcare-hyderabad-chennai-1-to-3-years-060826011166,2026-08-10T14:08:03Z
naukri,100826009478,Hiring HCC Medical Coders,Access Healthcare,911802,,Hyderabad,India,IN,+91,3-4.25 Lacs PA,300000,425000,INR,per_annum,1,3,full_time,Non Clinical,Medical Coding,Medical Coding,Medical Coding,Medical Coding=20,high,title|skills|description,false,hospital,1112,"Hcc Coding,Hcc,Ccs,CPC,Medical Coding,Hiring,Cc,Coding",100,https://img.naukimg.com/logo_images/groups/v1/2750596.gif,2026-08-10,Eligibility . Role: Certified HCC Coder. Experience: Minimum 1 year. Certification: Mandatory,https://www.naukri.com/job-listings-hiring-hcc-medical-coders-access-healthcare-hyderabad-chennai-1-to-3-years-100826009478,2026-08-10T14:08:03Z
naukri,100826009305,HCC Non Certified,Access Healthcare,911802,,Chennai,India,IN,+91,Not disclosed,,,,,1,3,full_time,Non Clinical,Medical Coding,Medical Coding,Medical Coding,Medical Coding=11,high,title|skills|description,false,hospital,1109,"Hcc,CPT,Medical Coding Jobs,Medical Records,Hcc Coding,ICD,Medical Coding,Certified",100,https://img.naukimg.com/logo_images/groups/v1/2750596.gif,2026-08-10,Openings for HCC Non Certified Coder . Experience: 10 month to 2yrs .,https://www.naukri.com/job-listings-hcc-non-certified-access-healthcare-chennai-1-to-3-years-100826009305,2026-08-10T14:08:03Z
naukri,100826009276,HCC Non Certified,Access Healthcare,911802,,Chennai,India,IN,+91,Not disclosed,,,,,1,3,full_time,Non Clinical,Medical Coding,Medical Coding,Medical Coding,Medical Coding=11,high,title|skills|description,false,hospital,1109,"Hcc,CPT,Medical Coding Jobs,Medical Records,Hcc Coding,ICD,Medical Coding,Certified",100,https://img.naukimg.com/logo_images/groups/v1/2750596.gif,2026-08-10,Openings for HCC Non Certified Coder . Experience: 10 month to 2yrs .,https://www.naukri.com/job-listings-hcc-non-certified-access-healthcare-chennai-1-to-3-years-100826009276,2026-08-10T14:08:03Z
naukri,100826009219,Hiring HCC Medical Coders,Access Healthcare,911802,,Hyderabad,India,IN,+91,3-4.25 Lacs PA,300000,425000,INR,per_annum,1,3,full_time,Non Clinical,Medical Coding,Medical Coding,Medical Coding,Medical Coding=20,high,title|skills|description,false,hospital,1112,"Hcc Coding,Hcc,Ccs,CPC,Medical Coding,Hiring,Cc,Coding",100,https://img.naukimg.com/logo_images/groups/v1/2750596.gif,2026-08-10,Eligibility . Role: Certified HCC Coder. Experience: Minimum 1 year. Certification: Mandatory,https://www.naukri.com/job-listings-hiring-hcc-medical-coders-access-healthcare-hyderabad-chennai-1-to-3-years-100826009219,2026-08-10T14:08:03Z
naukri,100826009146,Hiring For HCC Certified coder,Access Healthcare,911802,,Hyderabad,India,IN,+91,Not disclosed,,,,,1,3,full_time,Non Clinical,Medical Coding,Medical Coding,Medical Coding,Medical Coding=18,high,title|skills|description,false,hospital,1109,"HCPCS,Medical Coding,Medical Terminology,CPT,CPC,Hcc Coding,ICD,Coding",90,https://img.naukimg.com/logo_images/groups/v1/2750596.gif,2026-08-10,Hiring for HCC Certified Coder,https://www.naukri.com/job-listings-hiring-for-hcc-certified-coder-access-healthcare-hyderabad-1-to-3-years-100826009146,2026-08-10T14:08:03Z
naukri,100826009112,Hiring For HCC Certified coder,Access Healthcare,911802,,Hyderabad,India,IN,+91,Not disclosed,,,,,1,3,full_time,Non Clinical,Medical Coding,Medical Coding,Medical Coding,Medical Coding=18,high,title|skills|description,false,hospital,1109,"HCPCS,Medical Coding,Medical Terminology,CPT,CPC,Hcc Coding,ICD,Coding",90,https://img.naukimg.com/logo_images/groups/v1/2750596.gif,2026-08-10,Hiring for HCC Certified Coder,https://www.naukri.com/job-listings-hiring-for-hcc-certified-coder-access-healthcare-hyderabad-1-to-3-years-100826009112,2026-08-10T14:08:03Z
naukri,100826009084,Hiring HCC Coder,Access Healthcare,911802,,Hyderabad,India,IN,+91,Not disclosed,,,,,1,2,full_time,Non Clinical,Medical Coding,Medical Coding,Medical Coding,Medical Coding=24,high,title|skills|description,false,hospital,1112,"Hcc Coding,Ccs,CRC,CPC,medical coder,Hcc,Medical Coding,Coding",150,https://img.naukimg.com/logo_images/groups/v1/2750596.gif,2026-08-10,"Hiring . HCC Coder- Certified . Hcc Coder Certified - 1+ Year above . Location- Hyderabad . Notice period Acceptable . CRC,CPC,CCS Any One Certification mandatory. .",https://www.naukri.com/job-listings-hiring-hcc-coder-access-healthcare-hyderabad-1-to-2-years-100826009084,2026-08-10T14:08:03Z
naukri,100826008955,Nutrition Officer (Similar To Medical Representative),Nestle,2052,,Kurnool,India,IN,+91,Not disclosed,,,,,1,6,full_time,Public Health,Public Health Nutrition,Public Health,Public Health,Public Health=5,high,title,false,hospital,1065,"Medical Sales,Pharma Marketing,Pharmaceutical Sales,Healthcare Sales,Pharma Selling,Medical Marketing,Sales Promotion,Hospital Sales",3,https://img.naukimg.com/logo_images/groups/v1/4036.gif,2026-08-10,Graduate with at least 1 year of experience in a field sales role in either a Nutrition company or the pharmaceutical industry,https://www.naukri.com/job-listings-nutrition-officer-similar-to-medical-representative-nestle-kurnool-chennai-coimbatore-1-to-6-years-100826008955,2026-08-10T14:08:03Z
naukri,070126029115,PACS Admin,Medpace Clinical Research India,123847269,,Navi Mumbai,India,IN,+91,Not disclosed,,,,,1,2,full_time,Non Clinical,Clinical Research,Clinical Research,Clinical Research,Clinical Research=3,medium,description,false,pharma,1073,"Administration,Compliance,Access,Clinical,Workflow,EMR,Research,Security",,https://img.naukimg.com/logo_images/groups/v1/4725119.gif,2026-08-10,"Title Our corporate activities are growing rapidly, and we are currently seeking a full-time, office based PACS Admin to join our Imaging team in Mumbai. This position will work on a team to accomplish tasks and projects that are instrumental to the company’s success. If you want an exciting career where you use your previous expertise and can develop and grow your career even further, then this is the opportunity for you. Overview Medpace is a full-service clinical contract research organization (CRO) providing phase l-lV clinical development services to the biotechnology, pharmaceutical, and medical device industries. Our mission is to accelerate the global development of safe and effective medical therapeutics through the advancement of clinical research. We leverage in-country regulatory and therapeutic expertise across all major therapeutic areas including oncology, cardiology, metabolic, endocrinology, central nervous system, and anti-viral and anti-infective. Headquartered in Cincinnati, Ohio, we employ more than 6,500 people across 40+ countries. Responsibilities Serve as the project lead for implementing imaging and ECG applications. Administer and support PACS functionalities including 'Image workflow management', 'Image data archiving', DICOM Communication' and other related PACS activities. Ensure medical imaging system design, interface functionality, and clinical processes are coordinated and functioning effectively. Perform medical imaging and ECG commercial off-the-shelf applications maintenance and testing. Deliver hands-on training for medical imaging applications to internal and external users. Participate in the testing and implementation of clinical applications where medical imaging applications integrate with those clinical applications. Work with end users (internal and external) as a subject matter expert on medical imaging applications to ensure users can access workstations and images. Promote medical imaging application security and confidentiality and help ensure compliance. Coordinate with Medpace IT for any system requirement, security and maintenance as needed. Provide DICOM standard guideline and de-identification best practice to operation and system development team. Qualifications Bachelor's degree in information technology or equivalent, and 4+ years of related experience (Healthcare IT is a plus) Basic knowledge of DICOM standard and DICOM communication Competent in installation and troubleshooting of software. Capable and willing to continuously and rapidly self-learn new technology. When you join Medpace, you become part of an innovative team that brings cutting-edge therapies to market while building a meaningful and rewarding career focused on scientific excellence and improving patient outcomes around the world through continuous learning and cross-functional collaboration. Purpose-Driven Work Work alongside physicians, scientists, and industry-leading experts committed to advancing the global development of medical therapeutics through clinical research excellence Collaborative Culture Contribute to an interactive team environment that empowers decision making, creative thinking, and continuous learning through open communication and mutual trust. Leadership throughout Medpace is both accessible and approachable Continuous Growth & Development Office based environment with on-site mentors Defined career paths with clear advancement opportunities Industry renowned onboarding and training programs designed to accelerate professional development Ongoing training and continuous learning opportunities throughout your career An environment that encourages employees to influence change, contribute ideas, and grow quickly Other Employee Benefits Competitive compensation programs that recognize and reward performance Comprehensive health, wellness, retirement, and PTO benefits Office based culture with occasional WFH that provides flexibility for eligible positions after training Company-sponsored social events Please note benefits may vary based on country. What to Expect Next A Medpace team member will review your application and if your profile matches our current needs, you will be contacted for an interview. While we review all applications carefully, we are unable to respond to every applicant, and only candidates selected for interviews will be contacted.",https://www.naukri.com/job-listings-pacs-admin-medpace-clinical-research-india-navi-mumbai-1-to-2-years-070126029115,2026-08-10T14:08:03Z
naukri,150726027035,Infection Control Nurse,Narayan Medical College,6499320,,Sasaram,India,IN,+91,Not disclosed,,,,,2,5,full_time,Public Health,Infection Prevention & Control,Public Health,Public Health,Public Health=9,high,title|skills|description,false,hospital,1111,"ICU,Emergency,OT,Intensive Care,Control,Nursing,Infection Control",4,https://img.naukimg.com/logo_images/groups/v1/530130.gif,2026-08-10,"Certification or formal training in Infection Prevention & Control (IPC) will be an added advantage Preferred candidate profile Minimum 25 years of hospital experience,preferably in Infection Control,ICU,OT,or Quality Good knowledge of NABH standards,biomedical waste management,HAI surveillance,and infection control protocols",https://www.naukri.com/job-listings-infection-control-nurse-narayan-medical-college-sasaram-2-to-5-years-150726027035,2026-08-10T14:08:03Z
naukri,100726019392,Trainer Coding -E/M,Global Healthcare Billing Partners,4055006,,Chennai,India,IN,+91,Not disclosed,,,,,5,7,full_time,Non Clinical,Medical Coding,Medical Coding,Medical Coding,Medical Coding=4,medium,skills|description,false,hospital,1112,"ED Coding,E/M,Surgery,Surgery Coding,ED,SDS,Medical Coding,ER Coding",,https://img.naukimg.com/logo_images/groups/v1/4598205.gif,2026-08-10,"Greetings From Global Healthcare Billing Partners Pvt Ltd!!!! Hiring: Medical Coding Trainer - E/M Experience: 5+ Years Location: Velachery, Chennai Certification: CPC Mandatory Joining: Immediate Joiners Preferred We are looking for an experienced Medical Coding Trainer with strong expertise in E/M. The ideal candidate should have excellent English communication skills and proven experience in training internal teams across multiple coding domains. Key Requirements Minimum 5+ years of experience in Medical Coding In-depth knowledge of E/M CPC certification is mandatory Strong communication and training delivery skills Ability to handle batches, assessments, and performance monitoring Immediate joiners preferred Job Location Velachery, Chennai If this sounds like you, wed love to connect! Interested candidate contact to 8925808591- Janapriyaa HR Regards Janapriyaa HR Global HR Team 8925808591",https://www.naukri.com/job-listings-trainer-coding-e-m-global-healthcare-billing-partners-chennai-5-to-7-years-100726019392,2026-08-10T14:08:03Z
naukri,060726005537,Hiring HCC Coder,Access Healthcare,911802,,Hyderabad,India,IN,+91,Not disclosed,,,,,1,2,full_time,Non Clinical,Medical Coding,Medical Coding,Medical Coding,Medical Coding=24,high,title|skills|description,false,hospital,1112,"Hcc Coding,Ccs,CRC,CPC,medical coder,Hcc,Medical Coding,Hiring",150,https://img.naukimg.com/logo_images/groups/v1/2750596.gif,2026-08-10,"Hiring . HCC Coder- Certified . Hcc Coder Certified - 1+ Year above . Location- Hyderabad . Notice period Acceptable . CRC,CPC,CCS Any One Certification mandatory. .",https://www.naukri.com/job-listings-hiring-hcc-coder-access-healthcare-hyderabad-1-to-2-years-060726005537,2026-08-10T14:08:03Z
naukri,100826004329,Hiring For SDS - Same Day Surgery Coder,Access Healthcare,911802,,Chennai,India,IN,+91,Not disclosed,,,,,2,5,full_time,Non Clinical,Medical Coding,Medical Coding,Medical Coding,Medical Coding=13,high,title|skills|description,false,hospital,1109,"Same Day Surgery,SDS,Otho surgery,Medical Coding,Ccs,Surgery,CPC,ICD",10,https://img.naukimg.com/logo_images/groups/v1/2750596.gif,2026-08-10,"Certification is mandatory (CPC,CRC,CCS) Minimum 2+ years of experience in Same day Surgery Immediate Joiner only",https://www.naukri.com/job-listings-hiring-for-sds-same-day-surgery-coder-access-healthcare-chennai-2-to-5-years-100826004329,2026-08-10T14:08:03Z
naukri,100826004126,R1RCM hiring Denials-Chennai/HYD/Noida,R1 RCM,758337,,Noida,India,IN,+91,Not disclosed,,,,,4,6,full_time,Non Clinical,Medical Coding,Medical Coding,Medical Coding,Medical Coding=8,high,skills|description,false,hospital,1112,"cpc,Denial,Medical Coding,Denial Coding,Ccs,Denials,Medical,Hiring",20,https://img.naukimg.com/logo_images/groups/v1/2483944.gif,2026-08-10,"shift timings: 8 am to 5 pm CPC / CCS certification mandatory for coders Hiring for Denials coding . Coders with minimum 2 years of experience only mention your Name,total years of experience,current company,notice,current CTC,expected CTC",https://www.naukri.com/job-listings-r1rcm-hiring-denials-chennai-hyd-noida-r1-rcm-noida-hyderabad-chennai-4-to-6-years-100826004126,2026-08-10T14:08:03Z
naukri,300726025853,Hiring For HCC Certified coder,Access Healthcare,911802,,Hyderabad,India,IN,+91,Not disclosed,,,,,1,3,full_time,Non Clinical,Medical Coding,Medical Coding,Medical Coding,Medical Coding=18,high,title|skills|description,false,hospital,1109,"HCPCS,Medical Coding,Medical Terminology,CPT,CPC,Hcc Coding,ICD,Hiring",90,https://img.naukimg.com/logo_images/groups/v1/2750596.gif,2026-08-10,Hiring for HCC Certified Coder,https://www.naukri.com/job-listings-hiring-for-hcc-certified-coder-access-healthcare-hyderabad-1-to-3-years-300726025853,2026-08-10T14:08:03Z
naukri,300726020001,Hiring HCC Medical Coders,Access Healthcare,911802,,Hyderabad,India,IN,+91,3-4.25 Lacs PA,300000,425000,INR,per_annum,1,3,full_time,Non Clinical,Medical Coding,Medical Coding,Medical Coding,Medical Coding=20,high,title|skills|description,false,hospital,1112,"Hcc,Ccs,CPC,Hcc Coding,Medical Coding,Hiring,Cc,Coding",100,https://img.naukimg.com/logo_images/groups/v1/2750596.gif,2026-08-10,Eligibility . Role: Certified HCC Coder. Experience: Minimum 1 year. Certification: Mandatory,https://www.naukri.com/job-listings-hiring-hcc-medical-coders-access-healthcare-hyderabad-chennai-1-to-3-years-300726020001,2026-08-10T14:08:03Z
naukri,100826003927,Hiring HCC Medical Coders,Access Healthcare,911802,,Hyderabad,India,IN,+91,3-4.25 Lacs PA,300000,425000,INR,per_annum,1,3,full_time,Non Clinical,Medical Coding,Medical Coding,Medical Coding,Medical Coding=20,high,title|skills|description,false,hospital,1112,"Hcc Coding,Hcc,Ccs,CPC,Medical Coding,Medical,Hiring,Coding",100,https://img.naukimg.com/logo_images/groups/v1/2750596.gif,2026-08-10,Eligibility . Role: Certified HCC Coder. Experience: Minimum 1 year. Certification: Mandatory,https://www.naukri.com/job-listings-hiring-hcc-medical-coders-access-healthcare-hyderabad-chennai-1-to-3-years-100826003927,2026-08-10T14:08:03Z
naukri,100826003862,We are Hiring For HCC Certified medical coders,Access Healthcare,911802,,Hyderabad,India,IN,+91,1.5-3 Lacs PA,150000,300000,INR,per_annum,1,2,full_time,Non Clinical,Medical Coding,Medical Coding,Medical Coding,Medical Coding=22,high,title|skills|description,false,hospital,1112,"Medical coder,Hcc Coding,Hcc,ICD,CPC Certified,Medical Coding,Hiring,Certified",200,https://img.naukimg.com/logo_images/groups/v1/2750596.gif,2026-08-10,"Access healthcare hiring for the following positions: 1. HCC Certified Medical Coder- Up to 30k In hand Minimum 1+ year of experience in HCC coding 2. Quality Analyst (HCC)- Up to 34k In hand Minimum 2+ years of experience in HCC coding with Quality Analyst (QA) knowledge Eligibility: Mandatory Certification: CPC / CPC-A / CRC / CCS Work Location: Hyderabad Work From Office (WFO) Immediate joiners or candidates with up to 30 days' notice period preferred Relieving letter is not required If you're interested, please share your updated resume. WhatsApp Only: 7825827715",https://www.naukri.com/job-listings-we-are-hiring-for-hcc-certified-medical-coders-access-healthcare-hyderabad-1-to-2-years-100826003862,2026-08-10T14:08:03Z
naukri,100826003304,R1RCM hiring ED Facility coders-Noida,R1 RCM,758337,,Noida,India,IN,+91,Not disclosed,,,,,4,6,full_time,Non Clinical,Medical Coding,Medical Coding,Medical Coding,Medical Coding=8,high,skills|description,false,hospital,1112,"cpc,ED Facility,Medical Coding,ED,Ccs,Surgery,Coding,Hiring",20,https://img.naukimg.com/logo_images/groups/v1/2483944.gif,2026-08-10,"shift timings: 8 am to 5 pm CPC / CCS certification mandatory for coders Coders with minimum 3 years of experience only mention your Name,total years of experience,current company,notice,current CTC,expected CTC",https://www.naukri.com/job-listings-r1rcm-hiring-ed-facility-coders-noida-r1-rcm-noida-4-to-6-years-100826003304,2026-08-10T14:08:03Z
naukri,100826001202,Walk-in || Infection Control Nurse,Sahrudaya Health Care,2666312,,Pune,India,IN,+91,3.5-5 Lacs PA,350000,500000,INR,per_annum,3,6,full_time,Public Health,Infection Prevention & Control,Public Health,Public Health,Public Health=8,high,title|skills|description,false,hospital,1111,"Icn,Infection Control,NABH,Accreditation,Hospital,Nursing,Control",,https://img.naukimg.com/logo_images/groups/v1/4794437.gif,2026-08-10,"Preferred candidate profile Minimum 3+ years of relevant hospital experience Experience in Infection Prevention & Control preferred Good communication,observation,documentation,and analytical skills",https://www.naukri.com/job-listings-infection-control-nurse-sahrudaya-health-care-pune-3-to-6-years-100826001202,2026-08-10T14:08:03Z
naukri,080826015611,Medical Coding - IPDRG Coder,XBP Global,749529,,Navi Mumbai,India,IN,+91,Not disclosed,,,,,3,5,full_time,Non Clinical,Medical Coding,Medical Coding,Medical Coding,Medical Coding=17,high,title|skills|description,false,hospital,1112,"Ipdrg Coding,Coding,Medical,Medical coding,IP Drg",10,https://img.naukimg.com/logo_images/groups/v1/1135398.gif,2026-08-08,"Experience : 3 - 5 Years with Certification Certification : AAPC or AHIMA Certification (CPC,COC,CIC,CCS) Anyone WFO only Good exposure in ICD Guidelines Good hands on exposure MS DRG,APR DRG,PCS,PDX Sections and CC / MCC Sections Good is New Born Charts",https://www.naukri.com/job-listings-medical-coding-ipdrg-coder-xbp-global-navi-mumbai-thanjavur-chennai-3-to-5-years-080826015611,2026-08-10T14:08:03Z
naukri,080826015580,Medical Coding - IPDRG Team Leader,XBP Global,749529,,Chennai,India,IN,+91,Not disclosed,,,,,8,11,full_time,Non Clinical,Medical Coding,Medical Coding,Medical Coding,Medical Coding=12,high,title|skills|description,false,hospital,1112,"IP Drg,Coding,IP,Leadership,Team,Medical coding,Medical,Drg",,https://img.naukimg.com/logo_images/groups/v1/1135398.gif,2026-08-08,. CPC / CIC / CCS or equivalent certification mandatory 12 years of experience in medical coding,https://www.naukri.com/job-listings-medical-coding-ipdrg-team-leader-xbp-global-chennai-8-to-11-years-080826015580,2026-08-10T14:08:03Z
naukri,080826015523,Clinical Data Annotator,Fusion CX,123967687,,Hybrid - Kolkata,India,IN,+91,Not disclosed,,,,,0,5,full_time,Non Clinical,Clinical Data Management,Clinical Data Management,Clinical Data Management,Clinical Data Management=7,high,title|skills,false,hospital,1020,"Image Processing,Medical Imaging,Clinical Data Management,Annotation,Clinical Data,Object Detection,Pattern Recognition,Imaging",,https://img.naukimg.com/logo_images/groups/v1/4657707.gif,2026-08-08,"Role & responsibilities *Clinical video annotation *Review and interpret clinical images, documents, medical records, physician notes, diagnostic reports, and other healthcare data. *Annotate and label clinical information according to established annotation guidelines and project requirements. *Identify and classify clinically relevant information *Perform medical entity recognition, classification, normalization, and information extraction. *Review and annotate negation, uncertainty, severity, and clinical context where applicable. *Perform quality checks on annotated datasets and correct inconsistencies. *Escalate ambiguous or clinically complex cases to Clinical SMEs or project leads. *Maintain high standards of accuracy, consistency, and completeness across annotation tasks. *Follow project-specific clinical annotation guidelines, workflows, and quality standards. *Provide feedback on annotation guidelines where clinical terminology or documentation patterns require clarification. Preferred candidate profile *Bachelor's degree in Medicine, Nursing, Allied Health Sciences, Life Sciences, or a related healthcare discipline. *Medical Students can apply *Medical knowledge of anatomy *Strong understanding of clinical terminology and medical documentation. *Strong clinical reading and comprehension skills. *Ability to interpret physician notes, medical records, diagnostic reports, and clinical narratives. *Excellent attention to detail. *Ability to follow structured annotation guidelines consistently. *Strong written and verbal communication skills. *Basic computer literacy and familiarity with spreadsheets and web-based data annotation platforms.",https://www.naukri.com/job-listings-clinical-data-annotator-fusion-cx-limited-kolkata-0-to-5-years-080826015523,2026-08-10T14:08:03Z
naukri,100826021943,Administration Officer,PSA Chemicals And Pharmaceuticals,728519,,Navi Mumbai,India,IN,+91,2-4 Lacs PA,200000,400000,INR,per_annum,2,4,full_time,Non Clinical,Clinical Data Management,Clinical Data Management,Clinical Data Management,Clinical Data Management=3,medium,skills|description,false,pharma,1073,"Admin Activities,Payroll Management,Ticket Booking,Office Management,Utility Management,Courier Management,Travel Arrangements,Accounts Handling",,https://img.naukimg.com/logo_images/groups/v1/4617893.gif,2026-08-10,"JOB DESCRIPTION Position: Officer Administration, Accounts & Data Entry Department: Administration / Finance & Accounts Designation: Admin Officer – Accounts & Data Entry Reporting To: AGM – Corporate Quality Assurance & Head Office Operations / Designee & Management Location: Head Office Employment Type: Full-Time 1. JOB PURPOSE To support day-to-day office administration, accounts-related data entry, documentation, record maintenance and coordination activities, ensuring accuracy, timely completion and proper maintenance of confidential company records. 2. KEY RESPONSIBILITIES A. Accounts & Data Entry Enter and maintain accounting, purchase, sales, expense and other financial data in Tally/ERP/Accounting Software and MS Excel. Prepare and maintain payment, receipt, expense and other accounting-related records. Assist in preparation and checking of invoices, vouchers, debit/credit notes and supporting documents. Verify data entered against source documents and ensure accuracy and completeness. Maintain petty cash records and assist in routine cash/expense reconciliation. Assist Accounts team in preparation of statements, schedules and MIS reports. Maintain vendor/customer master data and update records as authorized. Assist in reconciliation of invoices, payments and outstanding balances. Scan, file and maintain soft copies and physical records of accounting documents. B. Administration Handle routine office administration and documentation activities. Maintain office files, registers, records and correspondence. Coordinate with internal departments, vendors, service providers and other external parties for routine administrative matters. Assist in office stationery, consumables and other administrative requirements. Maintain records of office expenses, bills, quotations and service-related documents. Support travel, courier, dispatch and other office coordination activities. Assist in maintaining employee-related administrative records, wherever required. Ensure proper filing and retrieval of documents. C. MIS & Reporting Prepare routine daily/weekly/monthly MIS reports as assigned. Maintain Excel-based trackers, databases and registers. Support management with accurate and timely data for decision-making. Identify discrepancies in data/documents and report them to the concerned person. D. Documentation & Compliance Ensure proper documentation and traceability of records. Maintain confidentiality of financial, commercial, employee and company information. Follow applicable company SOPs, policies and administrative procedures. Ensure documents are properly authorized before processing. Support internal/external audits by providing required records and documents under supervision. 3. REQUIRED SKILLS Good working knowledge of MS Excel, MS Word and email communication. Working knowledge of Tally/ERP/Accounting Software. Good typing and data-entry skills with high accuracy. Basic understanding of accounting principles, invoices, vouchers and reconciliations. Good documentation and filing skills. Ability to maintain confidentiality of company information. Good coordination and communication skills. Ability to handle multiple routine tasks within defined timelines. Attention to detail and numerical accuracy. 4. EDUCATIONAL QUALIFICATION Minimum: Any Graduate / B.Com preferred. Candidates with qualifications such as B.Com, BBA, M.Com or equivalent with relevant experience may be considered. 5. EXPERIENCE Preferred Experience: 2–4 years in Administration, Accounts Data Entry, Back Office, MIS or similar role. Experience in pharmaceutical/manufacturing/healthcare companies will be an added advantage. 6. PERSONAL ATTRIBUTES Honest and trustworthy. Systematic and organized approach to work. Strong attention to detail. Good discipline and punctuality. Willingness to learn and take responsibility. Ability to work independently as well as coordinate with different departments. Professional conduct and appropriate workplace etiquette. 7. KEY PERFORMANCE INDICATORS (KPIs) Accuracy of accounting and data entries. Timely completion of assigned reports and documentation. Accuracy and completeness of records. Timely processing and filing of invoices/vouchers/documents. Maintenance of updated administrative records. Compliance with company procedures and reporting requirements. Responsiveness and coordination with internal/external stakeholders. 8. AUTHORITY & LIMITATIONS The position shall perform activities within the authority delegated by Management. The employee shall not independently approve payments, financial transactions, purchase commitments, accounting adjustments or confidential documents unless specifically authorized by Management. 9. CONFIDENTIALITY The employee shall maintain strict confidentiality of all company information, including financial data, employee records, customer/vendor information, commercial information, passwords, documents and other confidential business information, and shall not disclose or share such information without proper authorization. 10. GENERAL The above responsibilities are indicative and not exhaustive. Management may assign additional duties and responsibilities related to Administration, Accounts, MIS, Documentation and Data Entry based on organizational requirements.",https://www.naukri.com/job-listings-administration-officer-psa-chemicals-and-pharmaceuticals-navi-mumbai-2-to-4-years-100826021943,2026-08-10T14:08:03Z
