country_name,country_code,country_dial_code,city_name,company_name,company_type,company_logo,company_about,title,description,job_type,category,application_url,posted_at,min_experience,max_experience,min_salary,max_salary,salary_period,salary_currency,is_active,expires_at
India,IN,+91,Varanasi,Linking Jobs,hospital,https://img.naukimg.com/logo_images/groups/v1/2307972.gif,,"Neurologist For Varanasi, Uttar Pradesh","Required Consultant Neurologist in Multispeciality Hospital Location- Haridwar, Uttarakhand Call or Whatsapp- 9569820837, 7897900209 Regards Priya Linking Jobs",full_time,doctors,https://www.naukri.com/job-listings-neurologist-for-varanasi-uttar-pradesh-linking-jobs-varanasi-2-to-7-years-080826013823,2026-08-08,2,7,4500000,6000000,per_annum,INR,true,
Saudi Arabia,SA,+966,Saudi Arabia,Good Fellow Foreign Services Agency,hospital,https://img.naukimg.com/logo_images/groups/v1/20536.gif,,Doctor,"We are currently recruiting Senior Consultants,Consultants & Senior Specialists / Senior Registrars for Ministry of Health Health Holding Company,Riyadh,Saudi Arabia Specialties Required: Critical Care Mandatory: Foreign Fellowship is required Greetings from Good Fellow Foreign Services!",full_time,doctors,https://www.naukri.com/job-listings-doctor-good-fellow-foreign-services-agency-saudi-arabia-3-to-8-years-080826013819,2026-08-08,3,8,,,,,true,
India,IN,+91,Nashik,Centre For Sight,hospital,https://img.naukimg.com/logo_images/groups/v1/67060.gif,,Optometrist ( Super Urgent Opening),Preferred candidate profile . B-Optometry / D-Optometry with 1-2 years of experience in working as optometrist . .,full_time,non_clinical,https://www.naukri.com/job-listings-optometrist-super-urgent-opening-centre-for-sight-nashik-pune-mumbai-all-areas-0-to-5-years-080826013778,2026-08-08,0,5,350000,400000,per_annum,INR,true,
India,IN,+91,Jamshedpur,Pacific Asia Consulting Expertise,hospital,https://img.naukimg.com/logo_images/groups/v1/704188.gif,,Radiologist Consultant,"Vacancy for consultant Radiologist Jharkhand : Jamshedpur Punjab:Jalandhar,Moga,Amritsar,Bathinda Assam:Tezpur Rajasthan:Sagwara,Sirohi Haryana:Sirsa,Bahadurgarh Metro:Delhi To apply: pacemadhav@gmail.com & 6239541599 PACE HR Associate Madhav Sally",full_time,doctors,https://www.naukri.com/job-listings-radiologist-consultant-pacific-asia-consulting-expertise-jamshedpur-sagwara-sirohi-0-to-5-years-080826013777,2026-08-08,0,5,3750000,6500000,per_annum,INR,true,
India,IN,+91,Hyderabad,Axis Services,hospital,https://img.naukimg.com/logo_images/groups/v1/178464.gif,,Hiring || Cardio & IVR Surgery  Medical coders  || Hyderabad ||,Eligibility Criteria. * Certification is mandatory. . * Minimum 1+ year of relevant experience in Cardi & Ivr is mandatory. * Notice - 0- 60 days,full_time,non_clinical,https://www.naukri.com/job-listings-hiring-cardio-ivr-surgery-medical-coders-hyderabad-axis-services-hyderabad-1-to-6-years-080826013708,2026-08-08,1,6,500000,1200000,per_annum,INR,true,
India,IN,+91,Hyderabad,Access Healthcare,hospital,https://img.naukimg.com/logo_images/groups/v1/2750596.gif,,We are Hiring For HCC Certified medical coders,"Access healthcare hiring for the following positions: 1. HCC Certified Medical Coder- Up to 30k In hand Minimum 1+ year of experience in HCC coding 2. Quality Analyst (HCC)- Up to 34k In hand Minimum 2+ years of experience in HCC coding with Quality Analyst (QA) knowledge Eligibility: Mandatory Certification: CPC / CPC-A / CRC / CCS Work Location: Hyderabad Work From Office (WFO) Immediate joiners or candidates with up to 30 days' notice period preferred Relieving letter is not required If you're interested, please share your updated resume. WhatsApp Only: 9490545235",full_time,non_clinical,https://www.naukri.com/job-listings-we-are-hiring-for-hcc-certified-medical-coders-access-healthcare-hyderabad-1-to-2-years-080826013639,2026-08-08,1,2,150000,300000,per_annum,INR,true,
India,IN,+91,Jhalawar,Ang Placement And Staffing Solutions,hospital,https://img.naukimg.com/logo_images/groups/v1/6543249.gif,,Cardiologist,"Good morning,and Greetings from ANG Placements,Indias leading Medical Placement Consulting firm. Respecting your busy and valued schedule,we would like to share a career opportunity for the position of Compensation: Minimum Slab Upto 0 LPM + Incentives + Accommodation Benefits . (Final packages are negotiable based on skills and experience) . Key Responsibilities :-",full_time,doctors,https://www.naukri.com/job-listings-cardiologist-ang-placement-and-staffing-solutions-jhalawar-burhanpur-rajkot-1-to-6-years-080826013615,2026-08-08,1,6,5500000,10000000,per_annum,INR,true,
India,IN,+91,Haridwar,Linking Jobs,hospital,https://img.naukimg.com/logo_images/groups/v1/2307972.gif,,"Anaesthetist For Haridwar, Uttarakhand","Required Anaesthesiologist for OT in Multispeciality Hospital Location- Haridwar, Uttarakhand Call or Whatsapp- 9569820837, 7897900209 Regards Priya Linking Jobs",full_time,doctors,https://www.naukri.com/job-listings-anaesthetist-for-haridwar-uttarakhand-linking-jobs-haridwar-1-to-6-years-080826013584,2026-08-08,1,6,3000000,3500000,per_annum,INR,true,
India,IN,+91,Nizamabad,Dishha Staffing Services,hospital,https://img.naukimg.com/logo_images/groups/v1/11531310.gif,,General Surgeon Consultant,4 years of experience in performing laparoscopic surgeries,full_time,doctors,https://www.naukri.com/job-listings-general-surgeon-consultant-dishha-staffing-services-nizamabad-1-to-4-years-080826013582,2026-08-08,1,4,200000,250000,per_annum,INR,true,
India,IN,+91,Haridwar,Linking Jobs,hospital,https://img.naukimg.com/logo_images/groups/v1/2307972.gif,,"Neurosurgeon For Haridwar, Uttarakhand","Required Neurosurgen in Multispeciality Hospital Location- Haridwar, Uttarakhand Call or Whatsapp- 9569820837, 7897900209 Regards Priya Linking Jobs",full_time,doctors,https://www.naukri.com/job-listings-neurosurgeon-for-haridwar-uttarakhand-linking-jobs-haridwar-2-to-7-years-080826013483,2026-08-08,2,7,5000000,7000000,per_annum,INR,true,
Germany,DE,+49,Germany,HealthCon,hospital,https://img.naukimg.com/logo_images/groups/v1/3195648.gif,,MBBS - Physician Assistant - Hospital - Germany,DESIGNATION: Physician Assistant - Hospital - Germany QUALIFICATION: MBBS(Foreign MBBS-FMG required) Language: B2 level (75% sponsorship) Refundable security deposit LOCATION: Germany (Full-time) SALARY: 2.5 to 5 lakhs CONTACT: 8800524595/9217229994Negotiable,full_time,doctors,https://www.naukri.com/job-listings-mbbs-physician-assistant-hospital-germany-healthcon-germany-0-to-5-years-080826013471,2026-08-08,0,5,,,,,true,
India,IN,+91,Remote,Tekone It Services,hospital,https://img.naukimg.com/logo_images/groups/v1/6755879.gif,,Senior Clinical Post-Market Surveillance Specialist,". 10+ years of experience in Clinical Affairs,Post-Market Surveillance,Clinical Evaluation,Medical Safety,or related medical-device functions Preferred candidate profile",full_time,non_clinical,https://www.naukri.com/job-listings-senior-clinical-post-market-surveillance-specialist-tekone-it-services-india-10-to-20-years-080826013452,2026-08-08,10,20,,,,,true,
India,IN,+91,Bareilly,Amrach Consulting Services,hospital,https://img.naukimg.com/logo_images/groups/v1/11637606.gif,,Ophthalmology - Senior Resident & Assistant Professor,"II We are Hiring II Ophthalmology - Senior Resident & Assistant Professor Provide clinical care to patients with general medical conditions Teach medical students in the classroom and clinical settings Participate in academic activities such as seminars, conferences, and workshops Supervise and mentor junior residents and medical students Perform administrative tasks as assigned by the department head Monitoring and providing general care to patients on hospital wards and in outpatient clinics. Admitting patients requiring special care, followed by investigations and treatment. Examining and talking to patients to diagnose their medical conditions. Carrying out specific procedures, e.g. Performing operations and specialist investigations. Teaching and supervising junior doctors and medical students. Qualification - MBBS, MS/DNB Free Accommodation within Campus Salary - 18 L - 30 L (Negotiable) Share CV @ hr@amrach.com Thanks & Regards; Amrach Consulting Services LLP Call@ 9105521331 WhatsApp@ 9105521331",full_time,doctors,https://www.naukri.com/job-listings-ophthalmology-senior-resident-assistant-professor-amrach-consulting-services-bareilly-0-to-5-years-080826013440,2026-08-08,0,5,1800000,2750000,per_annum,INR,true,
India,IN,+91,New Delhi,Max Healthcare,hospital,https://img.naukimg.com/logo_images/groups/v1/95822.gif,,Senior Resident/ Attending Consultant - MAMBS Anaesthesia,Role & responsibilities :Senior Resident / Attending Consultant - MAMBS Anaesthesia Preferred candidate profile : MD/DNB (Anaesthesiology) with experience between 0 to 3 Years post specialisation.,full_time,doctors,https://www.naukri.com/job-listings-senior-resident-attending-consultant-mambs-anaesthesia-max-healthcare-new-delhi-0-to-3-years-080826013433,2026-08-08,0,3,,,,,true,
India,IN,+91,Bareilly,Amrach Consulting Services,hospital,https://img.naukimg.com/logo_images/groups/v1/11637606.gif,,Gynecology - Senior Resident & Assistant Professor,"II We are Hiring II Gynaecology - Senior Resident & Assistant Professor Provide clinical care to patients with general medical conditions Teach medical students in the classroom and clinical settings Participate in academic activities such as seminars, conferences, and workshops Supervise and mentor junior residents and medical students Perform administrative tasks as assigned by the department head Monitoring and providing general care to patients on hospital wards and in outpatient clinics. Admitting patients requiring special care, followed by investigations and treatment. Examining and talking to patients to diagnose their medical conditions. Carrying out specific procedures, e.g. Performing operations and specialist investigations. Teaching and supervising junior doctors and medical students. Qualification - MBBS, MS/DNB Free Accommodation within Campus Salary - 18 L - 30 L (Negotiable) Share CV - hr@amrach.com Thanks & Regards; Amrach Consulting Services LLP Call@ 9105521331 WhatsApp@ 9105521331",full_time,doctors,https://www.naukri.com/job-listings-gynecology-senior-resident-assistant-professor-amrach-consulting-services-bareilly-0-to-5-years-080826013404,2026-08-08,0,5,2000000,3000000,per_annum,INR,true,
India,IN,+91,Sitapur,Recmasters,hospital,https://img.naukimg.com/logo_images/groups/v1/91174.gif,,"Hiring Anaesthetist near Lucknow, UP","Urgent requirement of Anaesthesiologist in Lakhimpur (near Lucknow), UP Position - Consultant Anaesthetist Charitable Hospital Specialisation MD/ DNB in Anaesthsiology Salary negotiable Contact for more details. Akanksha 9041479508/ 7347489001",full_time,doctors,https://www.naukri.com/job-listings-hiring-anaesthetist-near-lucknow-up-recmasters-sitapur-lakhimpur-0-to-5-years-080826013372,2026-08-08,0,5,,,,,true,
India,IN,+91,Bareilly,Amrach Consulting Services,hospital,https://img.naukimg.com/logo_images/groups/v1/11637606.gif,,General Surgery - Senior Resident & Assistant Professor,"II We are Hiring II General Surgery - Senior Resident & Assistant Professor Provide clinical care to patients with general medical conditions Teach medical students in the classroom and clinical settings Participate in academic activities such as seminars, conferences, and workshops Supervise and mentor junior residents and medical students Perform administrative tasks as assigned by the department head Monitoring and providing general care to patients on hospital wards and in outpatient clinics. Admitting patients requiring special care, followed by investigations and treatment. Examining and talking to patients to diagnose their medical conditions. Carrying out specific procedures, e.g. Performing operations and specialist investigations. Teaching and supervising junior doctors and medical students. Qualification - MBBS, MS/DNB Free Accommodation within Campus Salary - 18 L - 30 L (Negotiable) Share CV @ hr@amrach.com Thanks & Regards; Amrach Consulting Services LLP Call@ 9105521331 WhatsApp@ 9105521331",full_time,doctors,https://www.naukri.com/job-listings-general-surgery-senior-resident-assistant-professor-amrach-consulting-services-bareilly-0-to-5-years-080826013369,2026-08-08,0,5,2000000,3000000,per_annum,INR,true,
India,IN,+91,Chennai(Tondiarpet),the Aligner Company,hospital,https://img.naukimg.com/logo_images/groups/v1/3252622.gif,,Medical Sales Representative,"With a patient-first approach,were committed to transforming the way people experience orthodontic care and helping them achieve their best smiles. Role Description . Master / Bachelors degree in Business,Healthcare,or related field . 3 Experience in Sales and Sales Operations within the healthcare or orthodontic industry",full_time,non_clinical,https://www.naukri.com/job-listings-medical-sales-representative-the-aligner-company-chennai-0-to-4-years-080826013362,2026-08-08,0,4,400000,600000,per_annum,INR,true,
India,IN,+91,Valsad,Vishwakarma Consultancy,hospital,https://img.naukimg.com/logo_images/groups/v1/607634.gif,,DM Cardiologist Min 2-10 fo Super Speciality Hospital  valsad,"A DM super-specialty cardiologist diagnoses, treats, and manages complex heart and blood vessel disorders. Their core job responsibilities involve patient clinical care, performing advanced cardiac procedures, and guiding prevention strategies.",full_time,doctors,https://www.naukri.com/job-listings-dm-cardiologist-min-2-10-fo-super-speciality-hospital-valsad-vishwakarma-consultancy-valsad-2-to-7-years-040826031561,2026-08-08,2,7,5000000,8000000,per_annum,INR,true,
India,IN,+91,New Delhi,Max Healthcare,hospital,https://img.naukimg.com/logo_images/groups/v1/95822.gif,,Associate Consultant - Neurosurgery,Role & responsibilities : Associate Consultant - Neurosurgery Preferred candidate profile : (M.Ch/DrNB) - Neurosurgery with experience upto 2 Years post specialization.,full_time,doctors,https://www.naukri.com/job-listings-associate-consultant-neurosurgery-max-healthcare-new-delhi-0-to-2-years-080826013357,2026-08-08,0,2,,,,,true,
India,IN,+91,Sitapur,Recmasters,hospital,https://img.naukimg.com/logo_images/groups/v1/91174.gif,,"Ophthalmologist required near Lakhimpur, Uttar Pradesh","We have urgent requirement of Ophthalmologist Location near Lakhimpur, Uttar Pradesh Position Consultant Phaco surgeon Experience in phacoemulsification MS/DNB Salary Negotiable Contact us Akanksha 7347489001",full_time,doctors,https://www.naukri.com/job-listings-ophthalmologist-required-near-lakhimpur-uttar-pradesh-recmasters-sitapur-lakhimpur-pilibhit-1-to-6-years-080826013350,2026-08-08,1,6,,,,,true,
India,IN,+91,Kanpur,Recmasters,hospital,https://img.naukimg.com/logo_images/groups/v1/91174.gif,,Cardiologist required in Jaipur,Urgently required Cardiologist in Jaipur Salary Negotiable Position Consultant Interventional Cardiologist. Call 7347489001 for details. Qualification DM/DNB in Cardiology Akanksha 9041479508,full_time,doctors,https://www.naukri.com/job-listings-cardiologist-required-in-jaipur-recmasters-kanpur-ranchi-jaipur-0-to-5-years-030826016537,2026-08-08,0,5,,,,,true,
India,IN,+91,Pune,Deenanath Mangeshkar Hospital & Research Center,hospital,https://img.naukimg.com/logo_images/groups/v1/1830776.gif,,X Ray Technician,Radiology Technician is a 1st level professional Technician in the Radio Diagnostic area. The person at this position will have to carry out all diagnostic tests and procedures assigned during the duty shift. To do routine X-ray and other procedures.,full_time,non_clinical,https://www.naukri.com/job-listings-x-ray-technician-deenanath-mangeshkar-hospital-research-center-pune-0-to-5-years-080826013340,2026-08-08,0,5,,,,,true,
India,IN,+91,Lakhimpur,Recmasters,hospital,https://img.naukimg.com/logo_images/groups/v1/91174.gif,,Hiring Anaesthetist / Critical Care in Jaipur,"Urgent requirement of Anaesthesiologist/ Critical care in Jaipur, Rajasthan. Position - Consultant Specialisation MD/ DNB in Anaesthsiology (Fellowship) Salary negotiable Contact for more details. Akanksha 9041479508/ 7347489001",full_time,doctors,https://www.naukri.com/job-listings-hiring-anaesthetist-critical-care-in-jaipur-recmasters-lakhimpur-lucknow-jaipur-0-to-5-years-030826017116,2026-08-08,0,5,,,,,true,
India,IN,+91,Kanpur,Recmasters,hospital,https://img.naukimg.com/logo_images/groups/v1/91174.gif,,"Surgical Oncologist required in Jaipur, Rajasthan","Urgent opening for Surgical Oncologist in Jaipur, Rajasthan Position: Consultant Surgical Oncologist Location Jaipur Exp:1 year min Qual: Mch/ DNB (Surgical oncology) For more details call/WhatsApp Akanksha on 7347489001",full_time,doctors,https://www.naukri.com/job-listings-surgical-oncologist-required-in-jaipur-rajasthan-recmasters-kanpur-jaipur-1-to-6-years-030826016921,2026-08-08,1,6,,,,,true,
India,IN,+91,Bareilly,Amrach Consulting Services,hospital,https://img.naukimg.com/logo_images/groups/v1/11637606.gif,,General Medicine - Senior Resident & Assistant Professor,"II We are Hiring II General Medicine - Senior Resident & Assistant Professor Provide clinical care to patients with general medical conditions Teach medical students in the classroom and clinical settings Participate in academic activities such as seminars, conferences, and workshops Supervise and mentor junior residents and medical students Perform administrative tasks as assigned by the department head Monitoring and providing general care to patients on hospital wards and in outpatient clinics. Admitting patients requiring special care, followed by investigations and treatment. Examining and talking to patients to diagnose their medical conditions. Carrying out specific procedures, e.g. Performing operations and specialist investigations. Teaching and supervising junior doctors and medical students. Qualification - MBBS, MD/DNB Free Accommodation within Campus Salary - 26 L - 36 L (Negotiable) Share CV- hr@amrach.com Thanks & Regards; Amrach Consulting Services LLP Call@ 9105521331 WhatsApp@ 9105521331",full_time,doctors,https://www.naukri.com/job-listings-general-medicine-senior-resident-assistant-professor-amrach-consulting-services-bareilly-0-to-5-years-080826013331,2026-08-08,0,5,2500000,3750000,per_annum,INR,true,
India,IN,+91,Chennai,MIOT International,hospital,https://img.naukimg.com/logo_images/groups/v1/11928.gif,,Medical Transcriptionist,"Candidate Profile: . Qualification: Any Graduate Freshers with relevant skills and the right attitude may also apply This is an excellent opportunity for professionals who have a good understanding of medical terminology,strong communication skills,and a passion for delivering a positive patient experience Experience: 05 Years . Good typing skills",full_time,non_clinical,https://www.naukri.com/job-listings-medical-transcriptionist-miot-international-chennai-0-to-5-years-080826013298,2026-08-08,0,5,,,,,true,
India,IN,+91,New Delhi(New Friends Colony),Access Partners,hospital,https://img.naukimg.com/logo_images/groups/v1/1621552.gif,,Operations And Recruitment Manager,"Hiring: Healthcare Recruiter & Operations | New Delhi. 3–6 yrs healthcare recruitment mandatory. End-to-end hiring, sourcing, screening, interview coordination & operations. Hospital/healthcare staffing experience only.",full_time,non_clinical,https://www.naukri.com/job-listings-operations-and-recruitment-manager-access-partners-new-delhi-2-to-6-years-080826013283,2026-08-08,2,6,300000,700000,per_annum,INR,true,
India,IN,+91,Hybrid - Hyderabad,Airvin Skills,hospital,https://img.naukimg.com/logo_images/groups/v1/9181901.gif,,Clinical Data Coordinator,"The Clinical Data Coordinator (Intern / Fresher Level) plays a crucial role in ensuring the integrity and quality of clinical trial data Fresher Recent graduate with a degree in life sciences,statistics,computer science,health informatics,or a related field Prior experience in a healthcare or research setting Experience with data quality review and query management",full_time,non_clinical,https://www.naukri.com/job-listings-clinical-data-coordinator-airvin-skills-hyderabad-chennai-bengaluru-0-to-0-years-080826013196,2026-08-08,0,0,,,,,true,
India,IN,+91,Pune(Swar Gate),Medi Probe Services,hospital,https://img.naukimg.com/logo_images/groups/v1/4932279.gif,,Vertical Head,•Strong knowledge of Health Insurance Claims– Reimbursement & Cashless. •Experience in TPA/ Health Insurance Operations. •Strong expertise in multi-location team and operations management. •Excellent knowledge of TAT & SLA Management.,full_time,non_clinical,https://www.naukri.com/job-listings-vertical-head-medi-probe-services-pune-5-to-10-years-080826013097,2026-08-08,5,10,600000,1000000,per_annum,INR,true,
India,IN,+91,Jalandhar,Rx Placement Services Sriganganagar,hospital,https://img.naukimg.com/logo_images/groups/v1/11885831.gif,,Radiologist Consultant,Radiologists are medical professionals that are specialists in the field of medical imaging. Radiologists work with medical imaging technology in order to diagnose and treat diseases and injuries.,full_time,doctors,https://www.naukri.com/job-listings-radiologist-consultant-rx-placement-services-sriganganagar-jalandhar-haridwar-udaipur-dehradun-rishikesh-moga-0-to-5-years-080826013003,2026-08-08,0,5,5000000,6000000,per_annum,INR,true,
India,IN,+91,Mumbai Suburban,Surya Hospital,hospital,https://img.naukimg.com/logo_images/groups/v1/143318.gif,,2D Echo Technician,"Diploma / Certification in Cardiology / Echocardiography preferred. . Strong knowledge of cardiac anatomy,physiology,and pathophysiology",full_time,non_clinical,https://www.naukri.com/job-listings-2d-echo-technician-surya-hospital-mumbai-suburban-navi-mumbai-mumbai-all-areas-1-to-6-years-080826012965,2026-08-08,1,6,300000,600000,per_annum,INR,true,
India,IN,+91,Chennai,GBR Fertility Centre,hospital,https://img.naukimg.com/logo_images/groups/v1/7432385.gif,,Hospital Marketing Executive (Pharma Sales / MR Background Preferred),"Education: Any Graduate (BPharma,BSc,or BBA / MBA in Marketing is an added advantage) Required Candidate Profile: . Location: Must have strong geographical knowledge of the assigned local territory Travel: Must own a two-wheeler and possess a valid driving license for daily field visits",full_time,non_clinical,https://www.naukri.com/job-listings-hospital-marketing-executive-pharma-sales-mr-background-preferred-gbr-fertility-centre-chennai-1-to-5-years-080826012933,2026-08-08,1,5,300000,450000,per_annum,INR,true,
India,IN,+91,Hisar,White Bulb Technologies India,hospital,https://img.naukimg.com/logo_images/groups/v1/4770445.gif,,Consultant Nephrologist | DM/DNB@Hisar,"Diagnose and manage kidney disorders, dialysis and renal cases. Handle OPD/IPD/emergencies, develop treatment plans, monitor patients, maintain records and coordinate comprehensive nephrology care.DM/DNB in Nephrology with relevant experience. Strong expertise in kidney care, dialysis, renal disorders and patient management. Good clinical decision-making and communication skills.",full_time,doctors,https://www.naukri.com/job-listings-consultant-nephrologist-dm-dnb-hisar-white-bulb-technologies-india-hisar-2-to-5-years-080826012885,2026-08-08,2,5,4500000,7000000,per_annum,INR,true,
India,IN,+91,Mumbai,Mega Hr Consultant,hospital,https://img.naukimg.com/logo_images/groups/v1/568722.gif,,Icu Registrar,"ICU patient management, monitoring critically ill patients, emergency management, ventilator management, airway management, central line procedures, coordination with consultants, and handling day/night ICU duties.",full_time,doctors,https://www.naukri.com/job-listings-icu-registrar-mega-hr-consultant-mumbai-all-areas-0-to-4-years-080826012842,2026-08-08,0,4,1500000,1800000,per_annum,INR,true,
India,IN,+91,Hisar,White Bulb Technologies India,hospital,https://img.naukimg.com/logo_images/groups/v1/4770445.gif,,Urologist Consultant,"Diagnose and treat urological disorders, perform surgical/minimally invasive procedures, manage OPD/IPD/emergencies, monitor patients, maintain records, and coordinate care.M.Ch./DNB in Urology with relevant experience. Strong clinical and surgical skills with expertise in urological procedures, patient management, OPD/IPD and emergency care.",full_time,doctors,https://www.naukri.com/job-listings-urologist-consultant-white-bulb-technologies-india-hisar-1-to-3-years-080826012783,2026-08-08,1,3,5000000,8500000,per_annum,INR,true,
India,IN,+91,Hybrid - Hyderabad,Airvin Skills,hospital,https://img.naukimg.com/logo_images/groups/v1/9181901.gif,,Regulatory Affairs Associate,"We are looking for a passionate and detail-oriented Regulatory Affairs Specialist (Fresher) to join our life sciences and healthcare compliance team This role offers a great opportunity for recent graduates in pharmacy,biotechnology,life sciences,or related fields to begin their careers in the pharmaceutical and healthcare regulatory sector Preferred Skills (Good to Have): .",full_time,non_clinical,https://www.naukri.com/job-listings-regulatory-affairs-associate-airvin-skills-hyderabad-chennai-bengaluru-0-to-0-years-080826012750,2026-08-08,0,0,,,,,true,
India,IN,+91,Bengaluru,Mega Hr Consultant,hospital,https://img.naukimg.com/logo_images/groups/v1/568722.gif,,Registrar Anaesthesia,• Pre-operative assessment and patient preparation • Assist in administering general and regional anaesthesia • Post-operative care and pain management • Handle emergency cases and airway management • Coordinate with surgeons and other ..,full_time,doctors,https://www.naukri.com/job-listings-registrar-anaesthesia-mega-hr-consultant-bengaluru-0-to-4-years-080826012743,2026-08-08,0,4,1500000,1800000,per_annum,INR,true,
India,IN,+91,Bengaluru,Narayana Health (NH),hospital,https://img.naukimg.com/logo_images/groups/v1/565512.gif,,Senior Registrar,Perform procedures independently only when appropriately credentialed and authorized.,full_time,doctors,https://www.naukri.com/job-listings-senior-registrar-narayana-health-nh-bengaluru-1-to-2-years-080826012690,2026-08-08,1,2,,,,,true,
India,IN,+91,Hyderabad(Nanakramguda),Apollo Hospitals,hospital,https://img.naukimg.com/logo_images/groups/v1/16486.gif,,Gynecology - Registrar,"The Registrar of Obstetrics & Gynaecology is responsible for providing comprehensive medical care to women across outpatient,inpatient,labour room,emergency,and operation theatre settings Participate in on-call duties,night shifts,weekends,and public holidays as per departmental roster Experience in managing obstetric emergencies and labour room is preferred. Experience",full_time,doctors,https://www.naukri.com/job-listings-gynecology-registrar-apollo-hospitals-hyderabad-0-to-4-years-080826012555,2026-08-08,0,4,1300000,1600000,per_annum,INR,true,
India,IN,+91,Ratnagiri(Lanja),Infigo Eyecare Hospitals,hospital,https://img.naukimg.com/logo_images/groups/v1/9079943.gif,,Operation Theatre Nurse,"Role & responsibilities Prepare and change beddings, towels, pillows that will be used by patients. Deliver messages from the doctors to the patients or vice versa. Assist patients with their demands and needs. Collect used medicine bottles, needles, gloves to dispatch. Prepare the dose of the patients. Takes and records patients temperature, blood pressures and respiration rates. Follow all infection control processes & protocols. Assistant Staff Nurse in patient preparation. Assistant Staff Nurse in in administration of medication. Assistant Staff Nurse in completing all nursing documentation. Preparation of all trolleys in respective areas. Stock and inventory of IOL, consumable equipment and instruments. Follow and maintain HIC and Environment surveillance reports. Preparing the Incident report. Preparing EMR as per the guidelines of NABH and other documentation. CSSD related responsibilities and maintain documentation. Co-ordinate with Anesthetist for surgeries.",full_time,nurses,https://www.naukri.com/job-listings-operation-theatre-nurse-infigo-eyecare-hospitals-ratnagiri-virar-palghar-0-to-6-years-080826012539,2026-08-08,0,6,125000,600000,per_annum,INR,true,
India,IN,+91,Madhyapradesh,Job Finder Hr Consultancy Guntur,hospital,https://img.naukimg.com/logo_images/groups/v1/11720483.gif,,Consultant Pathologist - DCP / MD / DNB - M.P,Need Pathologist for Multispeciality Hospitals Experience: Any Salary: 1 .5 L to 2 L / Month Location: Madhyapradesh - OtheerQualification: MD ( Pathology ) with any experience Should be able to join asap You can Whatsapp your details on 6301665306Salary Negotiable,full_time,doctors,https://www.naukri.com/job-listings-consultant-pathologist-dcp-md-dnb-m-p-finder-hr-consultancy-guntur-madhyapradesh-0-to-5-years-080826012458,2026-08-08,0,5,,,,,true,
India,IN,+91,Chhindwara,Job Finder Hr Consultancy Guntur,hospital,https://img.naukimg.com/logo_images/groups/v1/11720483.gif,,Consultant ENT Surgeon - MS / DNB - MAdhya Pradesh,Consultant ENT Surgeon - Urgent requirement for Multi speciality hospitals Experience: NA Salary: upto 2L / Month ( As per skills ) Location: Chhindwara - M.PQualification: MS / DNB ( ENT ) Should be able to join asap You can Whatsapp your details on 6301665306Salary Negotiable,full_time,doctors,https://www.naukri.com/job-listings-consultant-ent-surgeon-ms-dnb-madhya-pradesh-finder-hr-consultancy-guntur-chhindwara-0-to-5-years-080826012414,2026-08-08,0,5,1800000,2500000,per_annum,INR,true,
Saudi Arabia,SA,+966,Saudi Arabia,Good Fellow Foreign Services Agency,hospital,https://img.naukimg.com/logo_images/groups/v1/20536.gif,,Consultant Maternal & Fetal Medicine,"Good Fellow Foreign Services is recruiting experienced medical professionals for reputed Ministry of Health Riyadh,Saudi Arabia. Position-Consultant Maternal & Fetal Medicine (MFM) Department-Obstetrics & Gynecology Exp.- Minimum 5 years Mandatory: Foreign Fellowship is required",full_time,doctors,https://www.naukri.com/job-listings-consultant-maternal-fetal-medicine-good-fellow-foreign-services-agency-saudi-arabia-3-to-8-years-080826012386,2026-08-08,3,8,,,,,true,
India,IN,+91,Ambattur,Akas Medical Equipment,hospital,https://img.naukimg.com/logo_images/groups/v1/47830.gif,,Mechanical Design and Development Engineer,"Job Descriptions Direct Company Hiring | Design Engineer R&D Location: Ambattur, Chennai Department: Research & Development (R&D) Employment Type: Full-Time | On Roll Experience: 1 to 3 Years Area of Experience : Product Design & Development Qualification: B.E. Mechanical Engineering CTC: 1.80 LPA to 4.0 LPA Shape the Future of Medical Technology with AKAS Medical Equipment AKAS Medical Equipment is one of India's leading medical device manufacturers, delivering innovative healthcare solutions including Infusion Pumps, Syringe Pumps, Patient Monitors, Blood & Fluid Warmers, DVT Pumps, and other advanced medical technologies. We are looking for a passionate Mechanical Design Engineer who enjoys transforming ideas into innovative products and wants to build a rewarding career in medical device product development. Your Role As a Design Engineer, you will be responsible for designing, developing, validating, and improving mechanical components and plastic parts for next-generation medical devices. You will work closely with cross-functional teams throughout the complete product development lifecycle. Key Responsibilities Design mechanical components, plastic parts, sub-assemblies, and complete product assemblies using Creo Parametric. Create accurate 3D models, manufacturing drawings, assembly drawings, and Bills of Materials (BOM). Develop engineering concepts based on product specifications and functional requirements. Improve existing designs through prototype testing, validation, and manufacturing feedback. Apply GD&T, DFM, DFA, tolerance analysis, and engineering best practices. Support prototype development, product validation, and functional testing. Collaborate with Manufacturing, Quality, Purchase, and R&D teams. Prepare and maintain engineering documentation and design records. Required Technical Skills CAD Software Creo Parametric (Mandatory) Mechanical Design Skills 3D Modeling Plastic Part Design Assembly Design Engineering Drawings & Drafting GD&T BOM Preparation DFM (Design for Manufacturability) DFA (Design for Assembly) Tolerance Analysis Material Selection Prototype Development Product Validation Design Documentation Preferred Knowledge Mechanical Engineering Fundamentals Plastic Product Design Product Development Life Cycle (PDLC) ISO / ASME Engineering Standards Medical Device Manufacturing (Preferred) Qualifications Bachelor's Degree (B.E.) in Mechanical Engineering. 1 to 3 years of experience in Mechanical Design or Product Development. Hands-on experience in plastic component design is preferred. Strong analytical and problem-solving skills. Good communication and teamwork abilities. Passion for product innovation and engineering excellence. Employee Benefits Performance-Based Incentives Project Completion Incentives Longevity Bonus Health Insurance Provident Fund (PF) Paid Sick Leave & Paid Time Off Mobile/Cell Phone Reimbursement Technical & Soft Skills Training Team Outings & Employee Engagement Activities Excellent Career",full_time,non_clinical,https://www.naukri.com/job-listings-mechanical-design-and-development-engineer-akas-medical-equipment-ambattur-chennai-0-to-2-years-080826012361,2026-08-08,0,2,250000,500000,per_annum,INR,true,
India,IN,+91,Hybrid - Hyderabad,Optum,hospital,https://img.naukimg.com/logo_images/groups/v1/4847169.gif,,"AI or ML Engineer - Python, Scikit Learn, TensorFlow or PyTorch","Bachelors or Masters degree in Computer Science,Data Science,Statistics,or a related field 2+ years of experience in Data Science,AI / ML,or a similar role Experience with the full life cycle of AI / ML projects,including EDA,model development,tuning,and drift analysis Hands-on experience in delivering production-grade AI / ML projects",full_time,non_clinical,https://www.naukri.com/job-listings-ai-or-ml-engineer-python-scikit-learn-tensorflow-or-pytorch-optum-hyderabad-7-to-11-years-080826012254,2026-08-08,7,11,3000000,4500000,per_annum,INR,true,
India,IN,+91,Dharmsala,Quadaple,hospital,https://img.naukimg.com/logo_images/groups/v1/11753409.gif,,Anesthesiologist Job In Top Hospital In Dharamshala Himachal Pradesh,Anesthesiologist Job In Top Hospital In Dharamshala Himachal Pradesh. Good Salary + Growth Will Be Provided. Please Email CV at quadaple@gmail.com Thanks,full_time,doctors,https://www.naukri.com/job-listings-anesthesiologist-in-top-hospital-in-dharamshala-himachal-pradesh-quadaple-dharmsala-0-to-5-years-080826012179,2026-08-08,0,5,3000000,4000000,per_annum,INR,true,
India,IN,+91,Kolkata,Pharmasolution Placement,pharma,https://img.naukimg.com/logo_images/groups/v1/6244073.gif,,Area Sales Manager,"Minimum 1 -5 years of exp as a RSM in a single company or 4 - 6 years of exp as MR in same company can alsobe eligible as Aspiring ASM or Deputy ASM. Knowladge in MS office Two wheeler is mandatory Segment - Acute (handling Gen , Gyne, Pedia etc)",full_time,non_clinical,https://www.naukri.com/job-listings-area-sales-manager-pharmasolution-placement-kolkata-panskura-malda-howrah-2-to-7-years-080826012143,2026-08-08,2,7,450000,700000,per_annum,INR,true,
India,IN,+91,Guwahati,Pharmasolution Placement,pharma,https://img.naukimg.com/logo_images/groups/v1/6244073.gif,,Regional Sales Manager,Minimum 2 -5 years of exp as a RSM in a single company or 4 - 6 years of exp as ASM in same company can also be eligible as Aspiring RSM or Deputy RSM Knowladge in MS office,full_time,non_clinical,https://www.naukri.com/job-listings-regional-sales-manager-pharmasolution-placement-guwahati-kolkata-malda-3-to-8-years-080826012093,2026-08-08,3,8,800000,900000,per_annum,INR,true,
India,IN,+91,Dehradun(Krishna Nagar),Shree Vardhmaan Services Lucknow,pharma,https://img.naukimg.com/logo_images/groups/v1/11720629.gif,,Hospital Pharmacist,We are reputed pharma retail chain of north India. Having multiple HOSPITAL PHARMACIES in the city and candidates with knowledge in pharma stores can apply.Candidates having experience in a pharmacy or medical store OR good freshers can only apply. Please call me at 8604445111For detail call me at 8604445111,full_time,pharmacists,https://www.naukri.com/job-listings-hospital-pharmacist-shree-vardhmaan-services-lucknow-dehradun-faridabad-jaipur-jodhpur-0-to-5-years-080826011986,2026-08-08,0,5,175000,250000,per_annum,INR,true,
India,IN,+91,Hybrid - Gurugram,Legato,hospital,https://img.naukimg.com/logo_images/groups/v1/4608615.gif,,Tech Lead- AI,"A regular in Fortune 500 list,Elevance Health ranked 18 in Gail Boudreaux,President and CEO of Elevance Health has been a consistent name in the Fortune list of most powerful women and currently holds 81st rank on this list QUALIFICATION . Bachelors or Masters degree in Computer Science,Artificial Intelligence,Data Science,Engineering,or a related field Requirement Type",full_time,non_clinical,https://www.naukri.com/job-listings-tech-lead-ai-legato-gurugram-bengaluru-8-to-13-years-080826011936,2026-08-08,8,13,,,,,true,
India,IN,+91,New Delhi(Moti Nagar),Healthmap Diagnostics,pharma,https://img.naukimg.com/logo_images/groups/v1/4730785.gif,,Quality Officer,"Bachelors / Masters degree in Healthcare,Radiology,or Life Sciences Preferred Candidate Profile 5 years of experience in radiology / diagnostics quality",full_time,non_clinical,https://www.naukri.com/job-listings-quality-officer-healthmap-diagnostics-new-delhi-1-to-5-years-150426032742,2026-08-08,1,5,350000,550000,per_annum,INR,true,
India,IN,+91,Pune,Ruby Hall Clinic (RHC),hospital,https://img.naukimg.com/logo_images/groups/v1/4598711.gif,,PICU In-charge - Pediatrics,"Role: Pediatrician . Industry Type: Medical Services / Hospital . Department: Healthcare & Life Sciences . Employment Type: Full Time,PermanentRole . Category: Doctor Ensure compliance with hospital policies and protocols. . PICU Consultant & Incharge (Pediatrics) - MD or DNB (Pediatrics) minimun 3-6 Years of experience. .",full_time,doctors,https://www.naukri.com/job-listings-picu-in-charge-pediatrics-ruby-hall-clinic-rhc-pune-3-to-6-years-190626004655,2026-08-08,3,6,,,,,true,
India,IN,+91,Pune,Ruby Hall Clinic (RHC),hospital,https://img.naukimg.com/logo_images/groups/v1/4598711.gif,,Sr. Registrar / Resident Doctor - Pediatrics at Ruby Hall Clinic,"Job Details : Participate in daily rounds of pediatric patients, assessments of clinical status and documentation of current, complete records and Patients File. Managing Pediatric patients & Performing Critical Care Procedures to Pediatric patients . Performing emergency resuscitation. Patient Counseling. Required Candidate profile Associate Consultants / Sr. Registrar (Pediatrics) - MD or DNB (Pediatrics) / CPS / Diploma in Pediatrics Perks and Benefits Best & Negotiable in Hospital Industry If interested please contact 020 66455684 or send CV on hr@rubyhall.com Contact Person : Ms. Swati Patkar - Sr Manager HR",full_time,doctors,https://www.naukri.com/job-listings-sr-registrar-resident-doctor-pediatrics-at-ruby-hall-clinic-ruby-hall-clinic-rhc-pune-0-to-2-years-051025002925,2026-08-08,0,2,,,,,true,
India,IN,+91,Shirur,Ruby Hall Clinic (RHC),hospital,https://img.naukimg.com/logo_images/groups/v1/4598711.gif,,Clinical Assistant - (BAMS / BHMS ),Write transfer and discharge notes on case paper as per requirement Any other work as and when required Preferred candidate profile . BAMS / BHMS with 1 Year & above experience,full_time,non_clinical,https://www.naukri.com/job-listings-clinical-assistant-bams-bhms-ruby-hall-clinic-rhc-shirur-0-to-4-years-091024016939,2026-08-08,0,4,,,,,true,
India,IN,+91,Pune,Ruby Hall Clinic (RHC),hospital,https://img.naukimg.com/logo_images/groups/v1/4598711.gif,,Clinical Assistant (BAMS/ BHMS )- Casualty,Preferred candidate profile BAMS / BHMS with Fresher & above experience Write transfer and discharge notes on case paper as per requirement Any other work as and when required,full_time,non_clinical,https://www.naukri.com/job-listings-clinical-assistant-bams-bhms-casualty-ruby-hall-clinic-rhc-pune-0-to-3-years-110724008020,2026-08-08,0,3,,,,,true,
India,IN,+91,Kolkata,Convate Consultancy Services,hospital,https://img.naukimg.com/logo_images/groups/v1/4670495.gif,,Nuclear Medicine Doctor,Experience: 0 to 10 years . Qualification: MD / DNB in Nuclear Medicine from a recognised institution,full_time,doctors,https://www.naukri.com/job-listings-nuclear-medicine-doctor-convate-consultancy-services-kolkata-durgapur-howrah-0-to-5-years-080826011785,2026-08-08,0,5,,,,,true,
India,IN,+91,Hybrid - Gurugram,Legato,hospital,https://img.naukimg.com/logo_images/groups/v1/4608615.gif,,Tech Lead- Java,"It is the largest managed health care company in the Blue Cross Blue Shield (BCBS) Association serving more than 112 million individuals across 14 states. . A regular in Fortune 500 list,Elevance Health ranked 18 in Gail Boudreaux,President and CEO of Elevance Health has been a consistent name in the Fortune list of most powerful women and currently holds 81st rank on this list",full_time,non_clinical,https://www.naukri.com/job-listings-tech-lead-java-legato-gurugram-bengaluru-8-to-13-years-080826011687,2026-08-08,8,13,,,,,true,
India,IN,+91,Bengaluru,Abita Innovations,hospital,https://img.naukimg.com/logo_images/groups/v1/6206147.gif,,Chief General Dentist,Responsibilities: 5+ Years after BDS/MDS with 2 to 3 years of experience in clinical dentistry * Collaborate with sales team on product development. * Ensure compliance with regulatory standards. * Oversee dental product line strategy & execution.,full_time,doctors,https://www.naukri.com/job-listings-chief-general-dentist-abita-innovations-bengaluru-2-to-4-years-080826011684,2026-08-08,2,4,720000,840000,per_annum,INR,true,
India,IN,+91,Patna,Amiga Informatics,hospital,https://img.naukimg.com/logo_images/groups/v1/612158.gif,,Dresser (Medical) Trainer,"Candidates with prior experience as a *Healthcare / Nursing Trainer or Dresser (Medical) Trainer* will be preferred ### Salary. *Salary will be decided based on the candidates qualification,relevant experience,skills,and performance during the interview.*",full_time,non_clinical,https://www.naukri.com/job-listings-dresser-medical-trainer-amiga-informatics-patna-4-to-9-years-080826011682,2026-08-08,4,9,150000,600000,per_annum,INR,true,
India,IN,+91,Raipur,Cafyo Management Solution,hospital,https://img.naukimg.com/logo_images/groups/v1/3021900.gif,,CTVS Surgeon,we are looking for a CTVS Surgeon for Raipur based hospitak,full_time,doctors,https://www.naukri.com/job-listings-ctvs-surgeon-cafyo-management-solution-raipur-0-to-5-years-080826011653,2026-08-08,0,5,2500000,4000000,per_annum,INR,true,
India,IN,+91,Gurugram,Medanta,hospital,https://img.naukimg.com/logo_images/groups/v1/388114.gif,,Walk-in || Medical Transcriptionist,Graduate is must Preferred candidate profile,full_time,non_clinical,https://www.naukri.com/job-listings-medical-transcriptionist-medanta-gurugram-1-to-3-years-080826011615,2026-08-08,1,3,,,,,true,
India,IN,+91,Chennai(Pallikaranai),Shai Health,hospital,https://img.naukimg.com/logo_images/groups/v1/11424010.gif,,Walk-in || Immediate Hiring! AR Caller (PB & HB),Willingness to work night shifts aligned with CHT / PST 1 to 4 years of experience in AR calling within the US Healthcare sector is required Experience with UB-04 for Hospital billing and CMS-1500 for Physician Billing Candidate having work experience in Hospital billing will be added advantage,full_time,non_clinical,https://www.naukri.com/job-listings-immediate-hiring-ar-caller-pb-hb-shai-health-chennai-1-to-4-years-080826011613,2026-08-08,1,4,,,,,true,
India,IN,+91,Jaipur,Narayana Health (NH),hospital,https://img.naukimg.com/logo_images/groups/v1/565512.gif,,Clinical Instructor,Maintain current BLS and ACLS certification Maintain required educational and clinical competencies. . Identify and pursue opportunities to develop staff in diverse roles. . .,full_time,non_clinical,https://www.naukri.com/job-listings-clinical-instructor-narayana-health-nh-jaipur-3-to-5-years-080826011560,2026-08-08,3,5,,,,,true,
India,IN,+91,Bareilly,Pathfinders Global(P) Ltd,hospital,https://img.naukimg.com/logo_images/groups/v1/8603813.gif,,Consultant Neuclear Medicine,Neuclear Medicine Required Medical Colleges & Hospital We are looking for Neuclear Medicine for reputed Medical Colleges & Hospitals across multiple locations Immediate joining preferred.,full_time,doctors,https://www.naukri.com/job-listings-consultant-neuclear-medicine-pathfinders-global-p-ltd-bareilly-vijayawada-meerut-0-to-5-years-080826011477,2026-08-08,0,5,,,,,true,
India,IN,+91,Ghatshila,Convate Consultancy Services,hospital,https://img.naukimg.com/logo_images/groups/v1/4670495.gif,,Senior Resident Radiation Oncologist,Experience: 0 to 3 Years,full_time,doctors,https://www.naukri.com/job-listings-senior-resident-radiation-oncologist-convate-consultancy-services-ghatshila-jamshedpur-ranchi-0-to-3-years-080826011453,2026-08-08,0,3,,,,,true,
India,IN,+91,Varanasi,Right Training And Placement Solutions,hospital,https://img.naukimg.com/logo_images/groups/v1/970528.gif,,Intensivist,"Participate in code blue response team activations and provide emergency anesthesia services when required. Maintain accurate records of patient data,medication administration,and test results. . Desired Candidate Profile . 0-5 years of experience in critical care medicine (CCM),intensive care unit (ICU),or related field. . MBBS degree from a recognized institution",full_time,doctors,https://www.naukri.com/job-listings-intensivist-right-training-and-placement-solutions-varanasi-0-to-5-years-080826011435,2026-08-08,0,5,1800000,3000000,per_annum,INR,true,
India,IN,+91,Mumbai,Gratitude India,hospital,https://img.naukimg.com/logo_images/groups/v1/280968.gif,,Medical Reviewer Physician,Strong knowledge of Pharmacovigilance adverse event review causality assessment medical coding case narratives SUSARs regulatory compliance and drug safety Excellent medical decision making communication follow up query management and multidiscipline Mandatory profile: MBBS doctor with at least 2 years of clinical and / or Pharmacovigilance experience,full_time,doctors,https://www.naukri.com/job-listings-medical-reviewer-physician-gratitude-india-mumbai-ahmedabad-bengaluru-2-to-5-years-080826011423,2026-08-08,2,5,80000,100000,per_annum,INR,true,
India,IN,+91,Varanasi,Right Training And Placement Solutions,hospital,https://img.naukimg.com/logo_images/groups/v1/970528.gif,,Resident Medical Officer (MBBS) || Varanasi,"Participate in quality improvement initiatives to enhance patient satisfaction and clinical outcomes. . Desired Candidate Profile . MBBS degree from a recognized institution. . 1-5 years of experience in a similar role or internship program. . Strong knowledge of medical principles,practices,and procedures.",full_time,doctors,https://www.naukri.com/job-listings-resident-medical-officer-mbbs-varanasi-right-training-and-placement-solutions-varanasi-1-to-6-years-080826011380,2026-08-08,1,6,850000,1200000,per_annum,INR,true,
India,IN,+91,Hyderabad,Softline Recruitment Solutions,hospital,https://img.naukimg.com/logo_images/groups/v1/3624362.gif,,ICU Consultant / Critical Care Consultant,"Manage critically ill patients in the ICU. Diagnose and treat life-threatening medical conditions. Manage patients requiring ventilator and respiratory support. Perform and supervise ICU procedures such as central lines, location:pan india",full_time,doctors,https://www.naukri.com/job-listings-icu-consultant-critical-care-consultant-softline-recruitment-solutions-hyderabad-chennai-bengaluru-0-to-5-years-080826011336,2026-08-08,0,5,850000,1200000,per_annum,INR,true,
India,IN,+91,Chennai(Adyar +5),Dr.Kamakshi Memorial Hospital,hospital,https://img.naukimg.com/logo_images/groups/v1/4591653.gif,,Walk-in || Consultant Pediatrician - MBBS(TNMC Reg)+ PG - Location: OMR Chennai,Preferred candidate profile . Qual: MBBS (TNMC / MCI Registered) + PG - MD Pediatrics. Duty Timings can be discussed at the time of interview. . Salary: As per the industry standards.,full_time,doctors,https://www.naukri.com/job-listings-consultant-pediatrician-mbbs-tnmc-reg-pg-location-omr-chennai-dr-kamakshi-memorial-hospital-chennai-0-to-5-years-260326035470,2026-08-08,0,5,,,,,true,
India,IN,+91,Chennai(Adyar),Recpoc Management Consultants,hospital,https://img.naukimg.com/logo_images/groups/v1/12099284.gif,,Dental Assistant,Service oriented Nursing Diploma Holder Strong orientation for patient care and support. Willing to work between 9:30 am and 7:00 pmPeople Friendly Good orientation in patient care and support. Willing to learn and upgrade constantly.Premium Dentistry Service Provider,full_time,non_clinical,https://www.naukri.com/job-listings-dental-assistant-recpoc-management-consultants-chennai-0-to-2-years-080826011291,2026-08-08,0,2,175000,200000,per_annum,INR,true,
India,IN,+91,Mumbai,Advani Olickal Healthcare Services,hospital,https://img.naukimg.com/logo_images/groups/v1/12423922.gif,,Walk-in || Staff Nurse,".Administer chemotherapy, immunotherapy, targeted therapy, and supportive medications as per protocols. Perform PICC lines, ports flushing, central venous catheters. Ensure safe handling & administration of cytotoxic drugs follow by infection controlNursing registration certificate. 2 Female 2 Male",full_time,nurses,https://www.naukri.com/job-listings-staff-nurse-advani-olickal-healthcare-services-mumbai-panvel-navi-mumbai-1-to-4-years-070826009296,2026-08-08,1,4,275000,450000,per_annum,INR,true,
India,IN,+91,New Delhi,TPS Consultants,hospital,https://img.naukimg.com/logo_images/groups/v1/3420114.gif,,Need Consultant General Surgeon For Hospital In Delhi.,"Need Consultant General Surgeon For Hospital In Delhi , Bahadurgarh, Charkhi Dadri Education - MS/DNB Experience - 5-6years Salary -2.5 - 3 lpm (Nego) Email - tpsconsultants0023@gmail.com Contact - 7827971106",full_time,doctors,https://www.naukri.com/job-listings-need-consultant-general-surgeon-for-hospital-in-delhi-tps-consultants-new-delhi-5-to-6-years-080826011260,2026-08-08,5,6,2500000,3500000,per_annum,INR,true,
India,IN,+91,Vijayawada,Pathfinders Global(P) Ltd,hospital,https://img.naukimg.com/logo_images/groups/v1/8603813.gif,,SR/AP/Associate Professor/Professor/Consultant - Gastroenterologist,Full Time - Call - 92181 05975 . SR / AP/Associate Professor / Professor/Consultant Gastroenterology Required @Medical colleges & Hospital,full_time,doctors,https://www.naukri.com/job-listings-sr-ap-associate-professor-professor-consultant-gastroenterologist-pathfinders-global-p-ltd-vijayawada-kanpur-lucknow-0-to-5-years-080826011254,2026-08-08,0,5,,,,,true,
India,IN,+91,Udaipur,Pathfinders Global(P) Ltd,hospital,https://img.naukimg.com/logo_images/groups/v1/8603813.gif,,Hospital and Medical College - Nephrologist,Contact / WhatsApp - 9218105974 . Nephrologist Required for Hospitals & Medical Colleges,full_time,doctors,https://www.naukri.com/job-listings-hospital-and-medical-college-nephrologist-pathfinders-global-p-ltd-udaipur-varanasi-delhi-ncr-0-to-5-years-080826011250,2026-08-08,0,5,,,,,true,
India,IN,+91,Hyderabad(Madhapur),Adyahr Business Services,hospital,https://img.naukimg.com/logo_images/groups/v1/11072182.gif,,Hiring MBBS Doctor | Dermatology & Hair Clinic !!,"Female candidates are strongly encouraged to apply Experience: 02 Years Freshers Welcome An excellent opportunity for MBBS graduates interested in Dermatology,Aesthetics & Hair Care to build their career in a growing wellness clinic. How to Apply: Send your updated CV via WhatsApp or contact us directly",full_time,doctors,https://www.naukri.com/job-listings-hiring-mbbs-doctor-dermatology-hair-clinic-adyahr-business-services-hyderabad-0-to-2-years-080826011168,2026-08-08,0,2,,,,,true,
India,IN,+91,Chennai(Adyar),Recpoc Management Consultants,hospital,https://img.naukimg.com/logo_images/groups/v1/12099284.gif,,Dentist (Digital),Should be Interested in Digital workflows Preference will be given to applicants residing in and around Adyar Either has experience in (OR) willing to learn:Digital Implant Planning & Autocad Good fluency in english Good computer skills Good learning,full_time,doctors,https://www.naukri.com/job-listings-dentist-digital-recpoc-management-consultants-chennai-0-to-5-years-080826011154,2026-08-08,0,5,175000,225000,per_annum,INR,true,
India,IN,+91,Siliguri,Pharmasolution Placement,pharma,https://img.naukimg.com/logo_images/groups/v1/6244073.gif,,Zonal Sales Manager,"Minimum 3-4 years of exp as a RSM in a single company or 2 - 3 years of exp as ZSM in same company Same area exposure is mandatory Segment - Acute (handling Gen , Gyne, Pedia etc)",full_time,non_clinical,https://www.naukri.com/job-listings-zonal-sales-manager-pharmasolution-placement-siliguri-bardhaman-malda-3-to-8-years-080826011138,2026-08-08,3,8,1100000,1200000,per_annum,INR,true,
India,IN,+91,Patna,"Jay Prabha Medanta Hospital, Patna",hospital,https://img.naukimg.com/logo_images/groups/v1/388114.gif,,Associate Director Medical Oncology,Minimum 6-11 years of experience working as an Associate Professor / Professor in Medical Oncology department,full_time,doctors,https://www.naukri.com/job-listings-associate-director-medical-oncology-jay-prabha-medanta-hospital-patna-patna-6-to-11-years-080826011068,2026-08-08,6,11,,,,,true,
India,IN,+91,Palakkad,Talent Walk Placement,hospital,https://img.naukimg.com/logo_images/groups/v1/6125365.gif,,"Wanted Anatomy Professor  , Physiology Professor , Forensic Professor","for your Reputed Medical College in Salem,Bangalore,Chennai,Trichy,Coimbatore Palakkad,KGF,Cochin Salary 2,00,000 to 4,00,000 or Negotiable.Male / Female Candidates",full_time,non_clinical,https://www.naukri.com/job-listings-wanted-anatomy-professor-physiology-professor-forensic-professor-talent-walk-placement-palakkad-salem-chennai-4-to-8-years-080826010962,2026-08-08,4,8,2250000,3750000,per_annum,INR,true,
India,IN,+91,Jabalpur,Grand Consultants,hospital,https://img.naukimg.com/logo_images/groups/v1/213306.gif,,DM Critical Care Required at Jabalpur Madhya Pradesh Min. 5 Yrs,DM Critical Care Required at Jabalpur Madhya Pradesh Min. 5 Yrs Experience Req Salary 7.5 Lakhs + Accommodation Contact Mr Mohit - 9216999555 Mr Arnav - 7837780722 Email: doctorsplacements@gmail.com www.doctorsplacements.com,full_time,doctors,https://www.naukri.com/job-listings-dm-critical-care-required-at-jabalpur-madhya-pradesh-min-5-yrs-grand-consultants-jabalpur-batala-amritsar-0-to-5-years-080826010926,2026-08-08,0,5,8000000,9000000,per_annum,INR,true,
India,IN,+91,Patna,"Jay Prabha Medanta Hospital, Patna",hospital,https://img.naukimg.com/logo_images/groups/v1/388114.gif,,Head & Neck Surgical Oncology,"Roles and Responsibilities Perform surgical procedures for head and neck cancer patients, including tonsillectomies, adenoidectomies, and other surgeries related to ear, nose, throat, and larynx. Conduct pre-operative assessments and develop treatment plans for patients with complex cases of head and neck cancer. Collaborate with multidisciplinary teams to provide comprehensive care to patients undergoing surgical oncology treatments. Stay up-to-date with latest advancements in surgical techniques and technologies used in head and neck oncology. Participate in quality improvement initiatives to enhance patient outcomes and reduce complications. Desired Candidate Profile 3-8 years of experience as a Consultant DrNB/MCh/Surgical Oncologist specializing in Head & Neck Surgery. M.B.B.S. degree from an Indian institute of repute followed by Medical-MS/MD (ENT) or equivalent qualification. Strong knowledge of oncology principles, particularly those relevant to the head and neck region. Excellent communication skills for effective interaction with patients, families, and healthcare professionals.",full_time,doctors,https://www.naukri.com/job-listings-head-neck-surgical-oncology-jay-prabha-medanta-hospital-patna-patna-3-to-8-years-080826010911,2026-08-08,3,8,,,,,true,
India,IN,+91,Budaun,Neom Advisors,hospital,https://img.naukimg.com/logo_images/groups/v1/5382100.gif,,Consultant Pathologist || Chief of Lab || Pathologist,Work : Routine and hematology no histopathology 8.5 hrs shift Full time permanent job Slide assessment will be done Interested can whatsapp at 9682185990Medical Insurance Annual leaves Yearly appraisal,full_time,doctors,https://www.naukri.com/job-listings-consultant-pathologist-chief-of-lab-pathologist-neom-advisors-budaun-howrah-1-to-4-years-080826010909,2026-08-08,1,4,,,,,true,
India,IN,+91,Tinsukia,Zeelab Pharmacy,pharma,https://img.naukimg.com/logo_images/groups/v1/10571610.gif,,Pharmacist,"We are looking for pharmacist who are well versed with understanding prescription, dosage forms, medicine dispensary, Inventory management. Must have done efficient operation of billing systems. For more reach to HR – Shubham Madaan at 8076979524Incentives",full_time,pharmacists,https://www.naukri.com/job-listings-pharmacist-zeelab-pharmacy-tinsukia-guntur-jamshedpur-1-to-5-years-080826010908,2026-08-08,1,5,100000,286000,per_annum,INR,true,
India,IN,+91,Chennai(Mambakkam +2),Dr.Kamakshi Memorial Hospital,hospital,https://img.naukimg.com/logo_images/groups/v1/4591653.gif,,Walk-in || Duty Medical Officer - MBBS(TNMC Reg)- 6 To 7.5 LPA-Loc: Siruseri OMR,Rotational Shift includes night duty Preferred candidate profile 5 years of Experience,full_time,doctors,https://www.naukri.com/job-listings-duty-medical-officer-mbbs-tnmc-reg-6-to-7-5-lpa-loc-siruseri-omr-dr-kamakshi-memorial-hospital-chennai-0-to-5-years-210326008598,2026-08-08,0,5,600000,750000,per_annum,INR,true,
India,IN,+91,Salem,Talent Walk Placement,hospital,https://img.naukimg.com/logo_images/groups/v1/6125365.gif,,"Wanted Surgical Gastro , Medical Gastro ,Neurologist , Neuro surgeon ,","for your reputed Hospital in Coimbatore,Salem,Bangalore,Hosur,Chennai,Tiruppur,Palakkad,Kasargode Kerala Salary 2,00,000 to 4,00,000 or Negotiable.Male / Female Candidates Freshers / Experienced Candidate",full_time,doctors,https://www.naukri.com/job-listings-wanted-surgical-gastro-medical-gastro-neurologist-neuro-surgeon-talent-walk-placement-salem-chennai-coimbatore-0-to-5-years-080826010793,2026-08-08,0,5,2250000,3750000,per_annum,INR,true,
India,IN,+91,Ahmedabad(Changodar),Cubit Lifesciences Llp,pharma,https://img.naukimg.com/logo_images/groups/v1/6212069.gif,,Public Relationship Officer,Graduate in any discipline. Coordinate with regulatory authorities for required permissions Required Skills: . Good communication and interpersonal skills,full_time,non_clinical,https://www.naukri.com/job-listings-public-relationship-officer-cubit-lifesciences-llp-ahmedabad-1-to-5-years-080826010721,2026-08-08,1,5,275000,300000,per_annum,INR,true,
India,IN,+91,Gurugram,Apollo Knowledge Ventures Limited,hospital,https://img.naukimg.com/logo_images/groups/v1/4580365.gif,,Urgent Hiring RMO Apollo Gurugrqam,Willingness to work in rotational shifts Freshers can also apply! MBBS from a recognized medical college Fresh MBBS graduates are encouraged to apply Experience: 0 5 Years Good clinical and communication skills,full_time,doctors,https://www.naukri.com/job-listings-urgent-hiring-rmo-apollo-gurugrqam-apollo-knowledge-ventures-limited-gurugram-0-to-3-years-080826010710,2026-08-08,0,3,,,,,true,
India,IN,+91,Chennai(Mambakkam +1),Dr.Kamakshi Memorial Hospital,hospital,https://img.naukimg.com/logo_images/groups/v1/4591653.gif,,"Walkin-PCC/GRO/PRO/Billing/Ward Secretary- 0-10yrs- Siruseri,Mambakkam","Walkin Interview - Mon to Sat (11am to 3pm) - Interview Location: Siruseri (Near SIPCOT IT Entrance) Dr. Kamakshi Memorial Hospital, No: 6/484, Rajiv Gandhi Salai, OMR, opposite Sipcot Entrance, Siruseri, Chennai, Tamil Nadu 600130. Map link https://maps.app.goo.gl/tqmipcbY3ZMSJfr56 Contact: Naveenkumar / Surya- HR - omrhr@drkmh.com - 7825853055 ----------------------------------------------------------------------------------------- Work Location: 1. Siruseri (Near SIPCOT IT Entrance) or 2. Mambakkam (SBIOA) Preferred candidate profile: Qualification: Any Graduate/Post Graduate Experience: 0 to 10 years. Pleasant looking with good communication (Male/Female) Must follow hospital grooming standards and uniform policy. Preferable to have typewriting skills. Rotational Shifts including night duties. Immediate Joiners are preferred. 1. Guest Relations Officer: Job Description: Greets patients and patient visitors, determines nature/ purpose of visit, and directs them accordingly. Be aware of your surroundings and of the patients in the waiting room. Be aware of which doctors and nurses are currently working in the building and whether they have arrived for their clinics. Observe clinics running late and advice patients waiting and offer apologies. Receive and make telephone calls as required. Phones must be answered within 3 rings and no more. Divert calls and take messages, ensuring accuracy of detail and prompt appropriate delivery. Be polite and helpful at ALL times. If a patients behaviour becomes unacceptably abusive refer the call to your manager. Do not shout or respond in a rude manner to the patient. Information about Hospital, such as location of departments/offices, employees within the organization or services provided. Handles patients registration, all clinical booking procedures, schedules appointments and does follow ups. Verifies all insurance benefits assigned to the Hospital to determine whether insurance coverage meets the standards as per the Hospital policy. Maintains departmental records and files and takes care of Department equipment. Participates in departmental meetings and related in-service educational programmes. Makes bed assignments in collaboration with the Nursing units, based on patient preference, condition and diagnosis. Ensure that all new patients are registered onto the computer system promptly and accurately, this should be on the same day that they attend the practice to register. Coordinating with Housekeeping for room cleaning. Coordinating with maintenance department for room maintenance work. Coordinating with Emergency staff for Admission. Arranging transport to wards. Reporting to Head of the Department. 2. Patient Care Coordinator: Job Description: Guide and assist the Patients in their visits to hospital. Resolve the Patients queries by being single point of contact. Guidance and counseling to the patients and their families. Help the Patients & relatives in taking admission and billing process. Upda",full_time,non_clinical,https://www.naukri.com/job-listings-walkin-pcc-gro-pro-billing-ward-secretary-0-10yrs-siruseri-mambakkam-dr-kamakshi-memorial-hospital-chennai-0-to-5-years-111223005825,2026-08-08,0,5,225000,350000,per_annum,INR,true,
India,IN,+91,Karnal(Sector 6),Cingulate Healthcare,hospital,https://img.naukimg.com/logo_images/groups/v1/12157008.gif,,Medical Representative,"Responsibilities: We are looking for passionate and result-driven Medical Representatives to join our growing team at Cingulate Healthcare Promote and sell the company’s pharmaceutical products to doctors, clinics, and hospitals.",full_time,non_clinical,https://www.naukri.com/job-listings-medical-representative-cingulate-healthcare-karnal-1-to-5-years-080826010695,2026-08-08,1,5,240000,480000,per_annum,INR,true,
India,IN,+91,Chennai,Savista,hospital,https://img.naukimg.com/logo_images/groups/v1/6013316.gif,,Hiring Experienced AR callers,We are hiring Experienced AR Callers with a minimum of 2 years of AR calling experience Notice Period: Immediate joiners preferred Mandatory Skill: . Hands-on experience with Athena software is mandatory,full_time,non_clinical,https://www.naukri.com/job-listings-hiring-experienced-ar-callers-savista-chennai-2-to-5-years-080826010693,2026-08-08,2,5,,,,,true,
India,IN,+91,Chennai,Vasantha Subaramanian Hospitals,hospital,https://img.naukimg.com/logo_images/groups/v1/8642143.gif,,Walk-in || Opening For Medical Typist @VS Hospitals,Female candidates are preferred Complete assigned typing work within the required timelines Handle multiple reports and prioritize urgent documentation as required Preferred candidate profile . Experience - 2 to 7 years,full_time,non_clinical,https://www.naukri.com/job-listings-opening-for-medical-typist-vs-hospitals-vasantha-subaramanian-hospitals-chennai-3-to-7-years-080826010682,2026-08-08,3,7,,,,,true,
India,IN,+91,Chennai,Proxima Skills Training Consulting Services,hospital,https://img.naukimg.com/logo_images/groups/v1/12414750.gif,,Drug Safety Associate,"Role & responsibilities As a Drug Safety Associate / Pharmacovigilance Associate, you will be involved in adverse event case processing, safety data entry, and regulatorycompliant reporting under the guidance of senior safety specialists.medipharmsolutions+2 Key Responsibilities: Receive, review and process Individual Case Safety Reports (ICSRs) from clinical trials and postmarketing sources.biotecnika+2 Perform data entry of adverse events into pharmacovigilance / safety databases with high accuracy and timelines.himalayas+2 Perform MedDRA coding of adverse events, drugs and medical history (training will be provided).cliniminds+2 Assist in the preparation of case narratives, followup queries and basic safety reports for regulatory submission.biotecnika+1 Support literature surveillance and safety information tracking as per project requirements.bcri+1 Maintain documentation, follow SOPs / work instructions and ensure compliance with global drug safety regulations.iicrm+2 Work closely with senior Drug Safety / PV team members on quality checks and continuous improvement",full_time,non_clinical,https://www.naukri.com/job-listings-drug-safety-associate-proxima-skills-training-consulting-services-chennai-bengaluru-mumbai-all-areas-0-to-0-years-080826010669,2026-08-08,0,0,400000,400000,per_annum,INR,true,
India,IN,+91,New Delhi(Chirag Delhi),MV Mokshi Wellness,hospital,https://img.naukimg.com/logo_images/groups/v1/12481856.gif,,Walk-in || Physiotherapist Doctor,Bachelor s or Master s degree in Physiotherapy (BPT / MPT) Willingness to learn advanced rehabilitation and manual therapy techniques Freshers with strong clinical skills and the right attitude may also apply. What We re Looking For. Sports / MSK rehabilitation experience will be preferred Good communication and interpersonal skills,full_time,non_clinical,https://www.naukri.com/job-listings-physiotherapist-doctor-mv-mokshi-wellness-new-delhi-0-to-5-years-080826010665,2026-08-08,0,5,175000,300000,per_annum,INR,true,
India,IN,+91,New Delhi(Malviya Nagar),Zaymed Healthcare India,hospital,https://img.naukimg.com/logo_images/groups/v1/11790935.gif,,Pharmacist,"Dispense prescription and OTC medicines Counsel patients on proper medicine use and dosage Manage pharmacy inventory, stock, and expiry check Handle billing and daily pharmacy operations Coordinate medicine orders and home delivery when required.",full_time,pharmacists,https://www.naukri.com/job-listings-pharmacist-zaymed-healthcare-india-new-delhi-1-to-3-years-080826010657,2026-08-08,1,3,144000,216000,per_annum,INR,true,
India,IN,+91,Chennai,Dr.Kamakshi Memorial Hospital,hospital,https://img.naukimg.com/logo_images/groups/v1/4591653.gif,,Walkin-Nursing-CTVS/Cath/ER/ICU/OT/Labour/Ward - 0-8yrs - Siruseri,"WALKIN DIRECTLY TO SIRUSERI UNIT (MON TO SAT - Between 11am to 1pm) Dr. Kamakshi Memorial Hospital, No: 6/484, Rajiv Gandhi Salai, OMR, opposite Sipcot Entrance, Siruseri, Chennai, Tamil Nadu 600130. https://maps.app.goo.gl/koSfeCF1in3in5Yd9 ANM / REGISTERED STAFF NURSE (BSc / DGNM) Preferred candidate profile Qualification: ANM / DHA/ DNA / BSc Nursing / DGNM with (Nursing Registration) Freshers without Registration will be hired as Trainee Experience: 0 to 8 years Should be pleasant looking and well disciplined. Should able to work for minimum 2 years. Immediate joiners preferred. Role & responsibilities: Admission and discharge of patients. To maintain the personal hygiene of the patients, including bathing, care of mouth, back, nails, hair etc. Care of pressure points as needed. To assist the patient in elimination, offering and removing the bed pans and urinals. Bed making. Assist in feeding the weak and debilitated patients. Ensuring ordering of therapeutic Diet through computer requests as instructed by consultant for patients. Coordination with physiotherapy, ambulation and rehabilitation departments. Carry-out patients teaching and demonstration according to the need. Counselling the patients and relatives. Care of the dying and dead. Administration of medicine and injections to the patients. Administration of intravenous injections, infusion and transfusion. Observing, recording and reporting of vital signs e.g. T.P.R. and blood pressure. Carry out technical procedures, such as Naso-gastric intubation, gastric lavage, oxygen therapy, Dressings and irrigations, Enema, Catheterisation, hot and cold applications, suction etc. Collecting, labelling and dispatch of specimens. Preparation for and assistance in clinical tests and medical/ surgical procedures. Observation, recording and reporting of all procedures and tests. Escorting serious patients to and from the department/ wards. Patient education in case of discharge. Handing over and taking over charge of patients and ward inventory in each shift. Maintenance of therapeutic environment in the ward. Keeping the ward clean and tidy. Maintaining the cleanliness of dressing trolleys, cupboards, apparatus, etc. Care of clean and soiled linen. Disinfection of linen, beds, and fumigation of rooms etc. Preparation of rooms, trolleys and sets for procedures. Indenting of surgical supplies Maintaining interpersonal relationship with patients, relatives and health team members Orientation of new staff/ students Demonstration and guidance to student nurses Participation in staff education and staff meetings Participation in professional activities Demonstration and supervision of domestic staff Report about the medico legal cases if any admitted in the ward Any other duty that may be assigned by ward incharge/supervisor from time to time. Reporting any untoward incidents to ward in-charge. Any other duties as assigned by the Management from time to time. Perks and benefits Salary as per industry st",full_time,nurses,https://www.naukri.com/job-listings-walkin-nursing-ctvs-cath-er-icu-ot-labour-ward-0-8yrs-siruseri-dr-kamakshi-memorial-hospital-chennai-siruseri-0-to-5-years-210326008703,2026-08-08,0,5,250000,400000,per_annum,INR,true,
Ireland,IE,+353,Ireland,USI Global Recruitment,hospital,https://img.naukimg.com/logo_images/groups/v1/10705420.gif,,Nursing Care Assistant Ireland Visa Sponsorship,Minimum 2 years of nursing experience Willingness to relocate and work in Ireland Good communication and interpersonal skills,full_time,nurses,https://www.naukri.com/job-listings-nursing-care-assistant-ireland-visa-sponsorship-usi-global-recruitment-ireland-2-to-6-years-080826010622,2026-08-08,2,6,,,,,true,
India,IN,+91,Banas Kantha(Palanpur),BK Cancer Center,hospital,https://img.naukimg.com/logo_images/groups/v1/12484606.gif,,Medical Officer,"Roles and Responsibilities Conduct physical examinations, take medical histories, and order diagnostic tests as needed. Collaborate with other healthcare professionals to ensure comprehensive patient care. Maintain accurate records of patient interactions, treatments, and outcomes. Prepare and Initiate treatment for all admitted patients",full_time,doctors,https://www.naukri.com/job-listings-medical-officer-bk-cancer-center-banas-kantha-0-to-2-years-080826010514,2026-08-08,0,2,,,,,true,
India,IN,+91,Nizamabad,Wellesta Healthcare,hospital,https://img.naukimg.com/logo_images/groups/v1/981936.gif,,Medical Representative,"Job Title: Medical Representative / Brand Executive (Field Work) Company: Wellesta Healthcare Pvt. Ltd. Job Summary: This is a field-based role responsible for promoting the companys products to healthcare professionals, achieving sales targets, and building strong relationships with doctors, chemists, and stockists within the assigned territory. Key Responsibilities: Promote products to doctors and other healthcare professionals (HCPs) Achieve monthly sales and coverage targets Conduct product detailing and basic scientific discussions Cover the assigned territory and ensure regular visits to doctors and chemists Ensure product availability at chemists and stockists (POB generation) Build and maintain strong relationships with doctors, chemists, and stockists Monitor and report competitor activities Submit daily call reports and expense statements on time Adhere to company policies and code of conduct",full_time,non_clinical,https://www.naukri.com/job-listings-medical-representative-wellesta-healthcare-nizamabad-0-to-1-years-080826010501,2026-08-08,0,1,300000,350000,per_annum,INR,true,
India,IN,+91,Kolkata,Dr Lal PathLabs,hospital,https://img.naukimg.com/logo_images/groups/v1/1253476.gif,,Consultant Biochemist- Kolkata,Prior Experience / Background : 3-7 years,full_time,doctors,https://www.naukri.com/job-listings-consultant-biochemist-kolkata-dr-lal-pathlabs-kolkata-3-to-7-years-080826010423,2026-08-08,3,7,,,,,true,
India,IN,+91,New Delhi(Greater Kailash),Sight Avenue,hospital,https://img.naukimg.com/logo_images/groups/v1/6062923.gif,,Urgently Required: Retina Consultant and  Glaucoma Consultant,"Retina Consultant and Glaucoma Consultant • MS/DNB with Fellowship in Retina , Post-fellowship clinical experience preferred. • MS/DNB with Fellowship in Surgical Glaucoma.",full_time,doctors,https://www.naukri.com/job-listings-urgently-required-retina-consultant-and-glaucoma-consultant-sight-avenue-new-delhi-3-to-8-years-080826010421,2026-08-08,3,8,,,,,true,
India,IN,+91,Udaipur,Pathfinders Global(P) Ltd,hospital,https://img.naukimg.com/logo_images/groups/v1/8603813.gif,,SR/ AP/ Associate Professor/ Professor - Physiology,Call - 9218173752 . SR/ AP/ Associate Professor/ Professor- Physiology Required in @Medical colleges,full_time,non_clinical,https://www.naukri.com/job-listings-sr-ap-associate-professor-professor-physiology-pathfinders-global-p-ltd-udaipur-bhopal-gaya-0-to-5-years-080826010347,2026-08-08,0,5,,,,,true,
India,IN,+91,Hodal,Grand Consultants,hospital,https://img.naukimg.com/logo_images/groups/v1/213306.gif,,Gynecologist Vacancies Batala Punjab Salary 3.5 Lakhs Accommodation,Gynecologist Vacancies Batala Punjab Salary 3.5 Lakhs + Accommodation Contact - Mr. Mohit - 9216999555 - Mr. Arnav - 7837780722 - Email: doctorsplacements@gmail.com - Website: www.doctorsplacements.com,full_time,doctors,https://www.naukri.com/job-listings-gynecologist-vacancies-batala-punjab-salary-3-5-lakhs-accommodation-grand-consultants-hodal-batala-tohana-0-to-5-years-080826010345,2026-08-08,0,5,3500000,4500000,per_annum,INR,true,
India,IN,+91,Remote,Therexcell Lifesciences,pharma,https://img.naukimg.com/logo_images/groups/v1/12473640.gif,,Area Pharma Sales Manager,Preferred candidate profile -,full_time,non_clinical,https://www.naukri.com/job-listings-area-pharma-sales-manager-therexcell-lifesciences-private-limited-mumbai-all-areas-4-to-6-years-080826010337,2026-08-08,4,6,,,,,true,
India,IN,+91,Nizamabad,Dishha Staffing Services,hospital,https://img.naukimg.com/logo_images/groups/v1/11531310.gif,,General Medicine Consultant,DNB (Diplomate National Board) certification in General Medicine or equivalent qualification 4 years of experience in general medicine practice,full_time,doctors,https://www.naukri.com/job-listings-general-medicine-consultant-dishha-staffing-services-nizamabad-1-to-4-years-080826010334,2026-08-08,1,4,200000,250000,per_annum,INR,true,
India,IN,+91,Guwahati,G N R C,hospital,https://img.naukimg.com/logo_images/groups/v1/4597057.gif,,Clinical Cardiologist,"GNRC Group of Hospitals ,Guwahati is looking for full time Clinical Cardiologist who can manage IPD and cardiac patients and perform 2D Echo . Interested professionals can share their resumes :careers@gnrchospitals.com Contact No:6000468844",full_time,doctors,https://www.naukri.com/job-listings-clinical-cardiologist-g-n-r-c-guwahati-4-to-8-years-080826010326,2026-08-08,4,8,,,,,true,
India,IN,+91,Pune,Busisol Sourcing (India),hospital,https://img.naukimg.com/logo_images/groups/v1/4585229.gif,,Registered Nurse,"Nursing Degree: Holds a valid GNM or BSc Nursing certification Language Command: Must possess excellent,fluent spoken and written English skills to interact with the care team Track Record: A minimum of 2+ years in a professional clinical or hospital setting Digital Literacy: Comfortable using basic computer software for logging medical records. Professional Experience",full_time,nurses,https://www.naukri.com/job-listings-registered-nurse-busisol-sourcing-india-pune-any-2-to-5-years-080826010271,2026-08-08,2,5,400000,700000,per_annum,INR,true,
India,IN,+91,Lucknow,Thyrocare,hospital,https://img.naukimg.com/logo_images/groups/v1/4634985.gif,,MD Microbiology PART TIME(Chennai & Lucknow),Shift Timings- 2 hrs shift (10 AM to 12 PM),part_time,doctors,https://www.naukri.com/job-listings-md-microbiology-part-time-chennai-lucknow-thyrocare-lucknow-chennai-1-to-5-years-080826010247,2026-08-08,1,5,,,,,true,
India,IN,+91,Chhata,Idd Research Solutions,hospital,https://img.naukimg.com/logo_images/groups/v1/9776508.gif,,Walk-in || Staff Nurse,"Patients Care, Treatment , file Management",full_time,nurses,https://www.naukri.com/job-listings-staff-nurse-idd-research-solutions-chhata-2-to-5-years-080826010212,2026-08-08,2,5,,,,,true,
India,IN,+91,Sirsa,Grand Consultants,hospital,https://img.naukimg.com/logo_images/groups/v1/213306.gif,,Cardiologist Required at  Gadchiroli Maharashtra Fully Furnished,Cardiologist Required at Gadchiroli Maharashtra Fully Furnished Accommodation Contact: Mr. Mohit 9216999555 Mr. Arnav 7837780722 Email: doctorsplacements@gmail.com www.doctorsplacements.com,full_time,doctors,https://www.naukri.com/job-listings-cardiologist-required-at-gadchiroli-maharashtra-fully-furnished-grand-consultants-sirsa-gadchiroli-amritsar-0-to-5-years-080826010184,2026-08-08,0,5,1000000,1200000,per_annum,INR,true,
India,IN,+91,New Delhi,Rajiv Gandhi Cancer Institute and Research Centre,hospital,https://img.naukimg.com/logo_images/groups/v1/2366124.gif,,Consultant- Pain & Palliative Medicine,Desig. -Consultant- Pain & Palliative Medicine Quali.- MD- Palliative Medicine / MD- Anaesthesiology with PDCC- Pain Management / Fellowship in Palliative Care Exp.- 5 to 10 yrs. Share CV on careers@rgcirc.org,full_time,doctors,https://www.naukri.com/job-listings-consultant-pain-palliative-medicine-rajiv-gandhi-cancer-institute-and-research-centre-new-delhi-5-to-10-years-080826010177,2026-08-08,5,10,,,,,true,
India,IN,+91,Chennai,Shree Varma,hospital,https://img.naukimg.com/logo_images/groups/v1/7595201.gif,,Walk-in || Nurse,"Role & responsibilities 1.Provide nursing care to patients according to their medical and Ayurvedic treatment plans.Role & responsibilities 2.Assist Ayurvedic doctors during consultations, procedures, and treatments. 3.Maintain accurate patient files, nursing notes, treatment records, and medication charts. 4.Educate patients and their attendants regarding medication, diet, treatment procedures, and after-care instructions. 5.Maintain patient confidentiality and professional standards.",full_time,nurses,https://www.naukri.com/job-listings-nurse-shree-varma-chennai-0-to-2-years-080826010130,2026-08-08,0,2,225000,276000,per_annum,INR,true,
India,IN,+91,Kolkata,Humaquest Consulting,hospital,https://img.naukimg.com/logo_images/groups/v1/11720639.gif,,Para Vet,"We are seeking a compassionate and skilled Paravet to support our veterinary team in delivering high-quality patient care across multiple specialties. The ideal candidate will assist veterinarians with clinical procedures, patient handling, diagnostics, treatment administration, and client communication while maintaining high standards of animal welfare and hospital hygiene. Assist veterinarians during consultations, surgeries, and emergency procedures. • Restrain and handle animals safely and humanely. • Prepare patients, instruments, and equipment for examinations and surgical procedures. • Administer medications, vaccines, and treatments as directed by veterinarians. • Collect and process laboratory samples and assist with diagnostic imaging. • Monitor hospitalized patients and maintain accurate medical records. • Educate pet owners on basic animal care, medication administration, and post-treatment instructions. • Ensure cleanliness, sterilization, and inventory management of clinical areas and equipment.",full_time,non_clinical,https://www.naukri.com/job-listings-para-vet-humaquest-consulting-kolkata-1-to-6-years-080826010124,2026-08-08,1,6,100000,350000,per_annum,INR,true,
India,IN,+91,Kenya,Global Jobs Consultants,hospital,https://img.naukimg.com/logo_images/groups/v1/3031844.gif,,Anesthetist/ Intensivist in Kenya,"Anesthetist working with multi specialty team in OT for specialties like orthopedics, surgery, OBGYN for a hospital in Kenya. Manage a two bed medical/ surgical ICU. Must be able to work independently . Good tax free salary plus perks",full_time,doctors,https://www.naukri.com/job-listings-anesthetist-intensivist-in-kenya-global-jobs-consultants-kenya-tanzania-ghana-3-to-8-years-080826010110,2026-08-08,3,8,6000000,7000000,per_annum,INR,true,
India,IN,+91,Bengaluru,Narayana Health (NH),hospital,https://img.naukimg.com/logo_images/groups/v1/565512.gif,,Pharmacist,Gender: Open to both male and female candidates . Preferred candidate profile . Education: B Pharm or D. Pharm . Experience: Freshers and experienced candidates are welcome .,full_time,pharmacists,https://www.naukri.com/job-listings-pharmacist-narayana-health-nh-bengaluru-1-to-4-years-080826010102,2026-08-08,1,4,,,,,true,
India,IN,+91,Chennai,Talent Corner Hr Services,hospital,https://img.naukimg.com/logo_images/groups/v1/721166.gif,,Inside Sales Executive,"share structured market intelligence with the team willingness to maintain rigorous data hygiene in Zoho CRM on a daily basis Good to Have (Not Mandatory) Prior sales experience in hospitality,wellness,fitness equipment,or luxury lifestyle products Experience selling capital equipment,turnkey installations,or premium experiential products as opposed to consumables or FMCG",full_time,non_clinical,https://www.naukri.com/job-listings-inside-sales-executive-talent-corner-hr-services-chennai-2-to-5-years-080826010071,2026-08-08,2,5,500000,800000,per_annum,INR,true,
India,IN,+91,Bhubaneswar,Kalinga Hospital,hospital,https://img.naukimg.com/logo_images/groups/v1/2855020.gif,,Mbbs Doctor,"Role & responsibilities Conduct patient consultations and obtain detailed medical histories. Perform physical examinations and assess patients' medical conditions. Diagnose common illnesses and medical conditions. Prescribe medications and treatment plans as appropriate. Order and interpret relevant laboratory tests and diagnostic investigations. Provide emergency and first-line medical care when required. Monitor patients' progress and modify treatment plans when necessary. Refer patients to specialists or other healthcare professionals when appropriate. Maintain accurate and confidential patient medical records. Educate patients and their families about diseases, medications, treatment, and preventive healthcare. Follow established clinical protocols, hospital policies, and medical guidelines. Maintain professional and ethical standards in all patient interactions. Work collaboratively with nurses, specialists, technicians, and other healthcare staff. Participate in clinical meetings, training programs, and continuing medical education. Ensure proper infection-control and patient-safety practices. Required Qualifications MBBS (Bachelor of Medicine, Bachelor of Surgery) from a recognized medical institution. Valid medical registration with the relevant medical council/authority. Completion of internship as required by applicable regulations. Current authorization/licence to practice medicine. Preferred candidate profile Fresh MBBS graduates/interns may be considered, depending on the position and applicable regulations. Previous experience in a hospital, clinic, emergency department, or primary-care setting is an advantage.",full_time,doctors,https://www.naukri.com/job-listings-mbbs-doctor-kalinga-hospital-bhubaneswar-0-to-5-years-080826009851,2026-08-08,0,5,600000,1000000,per_annum,INR,true,
India,IN,+91,Lucknow(Ashiyana),The Kids Clinic,hospital,https://img.naukimg.com/logo_images/groups/v1/1335020.gif,,"Walk-in || Hiring Nurses For Cloudnine Hospital - Bhandup, Mumbai","We hire only Female Candidates Candidates with relevant Experience ( NICU,OT,Labour Room and Ward ) Urgent Requirement for ICN,OT Incharge,Ward Incharge,Labour Room Nurses,NICU Nurses,OT Nurses,NICU Incharge,Ward Nurses Preferred GNMs and ANMs Required Nurse Managers",full_time,non_clinical,https://www.naukri.com/job-listings-hiring-nurses-for-cloudnine-hospital-bhandup-mumbai-the-kids-clinic-lucknow-1-to-6-years-080826010046,2026-08-08,1,6,,,,,true,
India,IN,+91,Mumbai(Mira Road),Wockhardt Hospitals,hospital,https://img.naukimg.com/logo_images/groups/v1/38294.gif,,Medical Record Executive,- Any Graduate / Diploma in Medical Record. Required Education - Minimum 1+ years in relevant field. Technical competencies,full_time,non_clinical,https://www.naukri.com/job-listings-medical-record-executive-wockhardt-hospitals-mumbai-0-to-5-years-090724011617,2026-08-08,0,5,,,,,true,
India,IN,+91,Bengaluru(Chamarajapet),Brindhavvan Areion Hospital,hospital,https://img.naukimg.com/logo_images/groups/v1/1914584.gif,,Walk-in || Pharmacy Aide,"Pharmacy Aide Role & Responsibilities Assist the Pharmacist/Pharmacy In-Charge in day-to-day pharmacy operations. Support dispensing of medicines under the supervision of a qualified pharmacist. Receive, arrange, label, and store medicines and pharmacy supplies properly. Assist in maintaining FEFO (First Expiry, First Out) stock rotation. Check medicine names, quantities, batch numbers, and expiry dates during stock handling. Assist with daily and monthly physical stock verification. Report shortages, damaged items, near-expiry and expired medicines to the Pharmacy In-Charge. Maintain cleanliness and proper organization of pharmacy shelves and storage areas. Assist with pharmacy stock entries, issue/return records, and HMIS/software transactions. Support preparation of pharmacy indents and stock requirements. Assist in receiving medicines from stores/vendors and verifying quantities against documents. Support segregation and documentation of expired, damaged, or returned medicines. Coordinate with nursing stations, wards, OT, ICU, casualty, and other departments for medicine requirements. Maintain proper documentation and filing of pharmacy records. Follow hospital SOPs, infection-control practices, medication-safety procedures, and quality standards. Maintain confidentiality of patient and hospital information. Perform other pharmacy-related duties assigned by the Pharmacist/Pharmacy In-Charge. Preferred Candidate Profile Qualification: D.Pharm / B.Pharm preferred; Pharmacy Assistant/Aide candidates with relevant hospital experience may also be considered. Experience: 13 years of experience in a hospital pharmacy or retail pharmacy preferred. Basic knowledge of medicine names, dosage forms, storage requirements, and expiry management. Knowledge of FEFO/FIFO and inventory management. Basic computer knowledge and familiarity with HMIS/Pharmacy software preferred. Good communication and interpersonal skills. Ability to work effectively with doctors, nurses, pharmacists, and hospital departments. Good attention to detail and accuracy in stock handling. Willingness to work in rotational shifts, including weekends/holidays when required. Ability to work as part of a team and follow hospital policies and instructions. Candidates with NABH-accredited hospital experience will be preferred. Perks & Benefits Competitive salary based on qualification and experience. Opportunity to work in a multispecialty hospital environment. Professional learning and career-development opportunities. On-the-job training and exposure to hospital pharmacy operations. Supportive and professional work environment. Employee welfare benefits as per hospital policy. Provident Fund (PF) and ESI benefits, wherever applicable. Paid leave and weekly off as per hospital policy. Opportunities for internal growth and career advancement. Recognition for good performance and contribution. Staff accommodation/, if provided by the hospital, as per hospital policy. Role & responsibilities",full_time,pharmacists,https://www.naukri.com/job-listings-pharmacy-aide-brindhavvan-areion-hospital-bengaluru-5-to-10-years-080826010032,2026-08-08,5,10,200000,475000,per_annum,INR,true,
India,IN,+91,Chennai(Kodambakkam),99yellow ( Hiring for client - GlobalPharma Healthcare ),pharma,https://img.naukimg.com/logo_images/groups/v1/3497580.gif,,Executive Assistant To Managing Director,"We are looking for an Executive Assistant to the Managing Director, who would provide administrative and operational support directly to the senior leadership, including calendar management, managing their E-mails, scheduling meetings for them, etc.",full_time,non_clinical,https://www.naukri.com/job-listings-executive-assistant-to-managing-director-99yellow-hiring-for-client-globalpharma-healthcare-chennai-0-to-3-years-080826010021,2026-08-08,0,3,100000,275000,per_annum,INR,true,
India,IN,+91,Lucknow(Ashiyana),The Kids Clinic,hospital,https://img.naukimg.com/logo_images/groups/v1/1335020.gif,,"Walk-in || Hiring Lab Tech For Cloudnine Hospital - Bhandup, Mumbai",Segregate and analyze samples and process for required investigation Collect mail IDs for dispatching reports as per requirement,full_time,non_clinical,https://www.naukri.com/job-listings-walk-in-hiring-lab-tech-for-cloudnine-hospital-bhandup-mumbai-the-kids-clinic-lucknow-1-to-6-years-080826010009,2026-08-08,1,6,100000,400000,per_annum,INR,true,
India,IN,+91,Lucknow(Ashiyana),The Kids Clinic,hospital,https://img.naukimg.com/logo_images/groups/v1/1335020.gif,,"Walk-in || Hiring Pharmacist For Cloudnine Hospital - Bhandup, Mumbai","Job Purpose: Compound and dispense medications following prescriptions issued by physicians, dentists, or other authorized medical practitioners. Job Responsibilities: Dispense and prepare new prescriptions and/or refill updates the computerized record system and ensures that accuracy of medications dispensed for distribution to patients. Medication should only be issued on receiving a receipt for the same. Communicate in a cordial manner with physicians and patients. Then the pharmacist must counsel and educate patients on the effect, dosage and administration. The pharmacist has to ensure that the medications are given under sterile conditions and that the storage is as per drug container specifications. The medication must be checked to ensure the proper dosage is being provided and that the form is appropriate as well (e.g., cream, tablet, inhaler). Answer patient questions (queries) Order and purchase pharmaceutical supplies, medical supplies, and drugs, maintaining stock and storing and handling it properly. Maintain records, such as pharmacy files, patient profiles, charge system files, inventories Collaborate with other health care professionals to plan, monitor, review, and evaluate the quality and effectiveness of drugs and drug regimens, providing advice on drug applications and characteristics. Provide guidance and training to pharmacy interns. Offer health promotion and prevention activities, for example, training people to use devices such as blood pressure or diabetes monitors. Prepare sterile solutions and infusions for use in surgical procedures Plan, implement, and maintain procedures for mixing, packaging, and labeling pharmaceuticals, according to policy and legal requirements, to ensure quality, security, and proper disposal. Reviews and interprets physicians drug orders for clarity, rationality, dosage form, allergies, interactions, incompatibility, etc. Check the validity of each drugs being distributed/sold (ie, Expiration and Manufacturing date) It is the responsibility of a hospital Pharmacist to ensure proper, safe and cost effective usage of medicines. He should have been able to advise the patients regarding the doctor prescribed pharmaceuticals. Responsible for the the management of a pharmacy and its staff. Maintains count of narcotic and controlled drugs and pertinent records. Make ward rounds either with or without the doctor to play an active role in the treatment process in terms of drug prescription Maintains stock medication and pharmacy inventory and ensures shipments of medications, and other items Updates the Narcotics and Controlled Drugs Destruction files. Compiles and faxes destruction lists to the dangerous Drugs Bureau for authorization to destroy narcotics and controlled drugs. Before the medicines are bought should see that the budget for them is adequate. medicines are stored appropriately. Participates in educational research projects/studies. Interested Candidates can share their CVs at Hr@cloudni",full_time,pharmacists,https://www.naukri.com/job-listings-walk-in-hiring-pharmacist-for-cloudnine-hospital-bhandup-mumbai-the-kids-clinic-lucknow-1-to-6-years-080826009977,2026-08-08,1,6,150000,475000,per_annum,INR,true,
India,IN,+91,Hybrid - Hyderabad,Infosys,hospital,https://img.naukimg.com/logo_images/groups/v1/13832.gif,,Mobile Testing Engineer - PAN INDIA @ Infosys,"EXP RANGE : 4 TO 10 YEARS Location : Hyderabad Job Summary We are looking for a skilled Mobile Application Tester to ensure the quality, performance, and usability of mobile applications across Android and iOS platforms. The candidate will be responsible for manual and automation testing of mobile apps to deliver high-quality user experiences. Key Responsibilities Analyze requirements and create test plans, test scenarios, and test cases for mobile applications Perform manual testing on Android and iOS devices Execute functional, regression, smoke, sanity, UAT, and exploratory testing Test mobile-specific features such as: Push notifications App installation/uninstallation Device compatibility Network conditions (2G/3G/4G/5G/Wi-Fi) Validate UI/UX, gestures, screen resolutions, and orientations Perform compatibility testing across devices, OS versions, and screen sizes Log, track, and retest defects using tools like JIRA, Bugzilla, Azure DevOps Collaborate with developers, product owners, and designers in Agile/Scrum teams Perform API testing for mobile-backend communication Validate app performance, stability, and battery usage Required Skills Mobile Testing Skills Strong experience in Android and iOS application testing Knowledge of mobile app life cycle Understanding of mobile UX guidelines (Material Design, iOS HIG) Experience with real devices and emulators/simulators Tools & Technologies Test management tools: JIRA, TestRail, ALM API testing tools: Postman, Charles Proxy, Fiddler Device cloud platforms: BrowserStack, Sauce Labs, Firebase Test Lab Automation (Preferred) Experience with Appium (Android & iOS) Knowledge of: Selenium + Appium TestNG / JUnit / Cucumber Familiarity with CI/CD pipelines (Jenkins, GitHub Actions, Azure DevOps) Basic knowledge of Java / Python / JavaScript Performance & Security (Nice to Have) Mobile performance testing using JMeter, LoadRunner Knowledge of mobile security testing (OWASP Mobile Top 10) Experience testing offline/online sync scenarios Soft Skills Strong analytical and problem-solving skills Excellent communication and documentation skills Ability to work independently and in teams Attention to detail and quality mindset Preferred Qualifications ISTQB / Mobile Testing Certification (optional) Experience with Agile/Scrum methodologies Experience in banking, e-commerce, healthcare, or fintech mobile appsRole & responsibilities Preferred candidate profile",full_time,non_clinical,https://www.naukri.com/job-listings-mobile-testing-engineer-pan-india-infosys-infosys-hyderabad-chennai-bengaluru-4-to-9-years-310726028534,2026-08-08,4,9,,,,,true,
India,IN,+91,Kannur,Migrate Medico,hospital,https://img.naukimg.com/logo_images/groups/v1/9057819.gif,,"Anesthesiologist JOB IN Kannur, Kerala, INDIA","ANESTHESIOLOGIST JOB IN KANNUR, KERALA, INDIA Designation: CONSULTANT ANAESTHESIOLOGIST Qualification: MD/DNB /Diploma in ANAESTHESIA Required Experience:0-4 years Male/female Malayalam Speaking doctors Only Duty Time: 8 hrs",full_time,doctors,https://www.naukri.com/job-listings-anesthesiologist-in-kannur-kerala-india-migrate-medico-kannur-0-to-4-years-080826009933,2026-08-08,0,4,1800000,2500000,per_annum,INR,true,
India,IN,+91,Hybrid - Hyderabad,Infosys,hospital,https://img.naukimg.com/logo_images/groups/v1/13832.gif,,Mobile Testing Engineer - PAN INDIA,"EXP RANGE : 4 TO 10 YEARS Job Summary We are looking for a skilled Mobile Application Tester to ensure the quality, performance, and usability of mobile applications across Android and iOS platforms. The candidate will be responsible for manual and automation testing of mobile apps to deliver high-quality user experiences. Key Responsibilities Analyze requirements and create test plans, test scenarios, and test cases for mobile applications Perform manual testing on Android and iOS devices Execute functional, regression, smoke, sanity, UAT, and exploratory testing Test mobile-specific features such as: Push notifications App installation/uninstallation Device compatibility Network conditions (2G/3G/4G/5G/Wi-Fi) Validate UI/UX, gestures, screen resolutions, and orientations Perform compatibility testing across devices, OS versions, and screen sizes Log, track, and retest defects using tools like JIRA, Bugzilla, Azure DevOps Collaborate with developers, product owners, and designers in Agile/Scrum teams Perform API testing for mobile-backend communication Validate app performance, stability, and battery usage Required Skills Mobile Testing Skills Strong experience in Android and iOS application testing Knowledge of mobile app life cycle Understanding of mobile UX guidelines (Material Design, iOS HIG) Experience with real devices and emulators/simulators Tools & Technologies Test management tools: JIRA, TestRail, ALM API testing tools: Postman, Charles Proxy, Fiddler Device cloud platforms: BrowserStack, Sauce Labs, Firebase Test Lab Automation (Preferred) Experience with Appium (Android & iOS) Knowledge of: Selenium + Appium TestNG / JUnit / Cucumber Familiarity with CI/CD pipelines (Jenkins, GitHub Actions, Azure DevOps) Basic knowledge of Java / Python / JavaScript Performance & Security (Nice to Have) Mobile performance testing using JMeter, LoadRunner Knowledge of mobile security testing (OWASP Mobile Top 10) Experience testing offline/online sync scenarios Soft Skills Strong analytical and problem-solving skills Excellent communication and documentation skills Ability to work independently and in teams Attention to detail and quality mindset Preferred Qualifications ISTQB / Mobile Testing Certification (optional) Experience with Agile/Scrum methodologies Experience in banking, e-commerce, healthcare, or fintech mobile appsRole & responsibilities Preferred candidate profile",full_time,non_clinical,https://www.naukri.com/job-listings-mobile-testing-engineer-pan-india-infosys-hyderabad-pune-bengaluru-4-to-9-years-300726030979,2026-08-08,4,9,,,,,true,
India,IN,+91,Churu,Tripti Agarwal,hospital,https://img.naukimg.com/logo_images/groups/v1/10481308.gif,,mbbs doctor vacancy near churu,A very good vacancy for mbbs doctors near churu in sidhmukh location in rajasthan in amulti speciality hospital with good salary package followed by accomodation if interested please contact 8100230011,full_time,doctors,https://www.naukri.com/job-listings-mbbs-doctor-vacancy-near-churu-tripti-agarwal-churu-0-to-2-years-250426002557,2026-08-08,0,2,600000,1000000,per_annum,INR,true,
India,IN,+91,Chennai,Lifecell,hospital,https://img.naukimg.com/logo_images/groups/v1/667314.gif,,Executive-Biochemistry,"The major responsibilities include: 1. Responsible for overall responsibility for Clinical laboratory department. 2. To ensure that all the equipments are maintained well in the department. 3. Ensuring timely completion of lab investigation and furnishing authenticated reports to the patients. 4. To process the daily QC activities for all instruments handled. 5. Responsible for management of reagents and materials in the department. 6. To ensure the tests are performed based on test requisition form. 7. To process and report generation in softwares. 8. In absence of Executive, Junior Executive/Senior executive will be responsible for performing the activities in the lab and vice versa. 9. To ensure the delivering the reports. 10. Any other work assigned by the superior time to time to time. Kindly share your resume: Rasigapriya (HR)-8754226500 Email Id: rasigapriya.r@lifecell.in Stay Updated Follow here close updates - Lifecell International - Hot Vacancies & Direct Hiring Channel channel on WhatsApp: https://whatsapp.com/channel/0029VbCDF4j05MUaAHuiSs0l",full_time,non_clinical,https://www.naukri.com/job-listings-executive-biochemistry-lifecell-chennai-0-to-5-years-250426012296,2026-08-08,0,5,,,,,true,
India,IN,+91,Chennai,Lifecell,hospital,https://img.naukimg.com/logo_images/groups/v1/667314.gif,,Executive-MCG(Transplant),Both Male & Female perferred Candidate should be ready to work in all shifts. To organize and intend lab supplies including reagents whenever required Preferred candidate profile . .,full_time,non_clinical,https://www.naukri.com/job-listings-executive-mcg-transplant-lifecell-chennai-0-to-5-years-050626004973,2026-08-08,0,5,,,,,true,
India,IN,+91,Chennai(Vandalur Kelambakkam Road),Lifecell,hospital,https://img.naukimg.com/logo_images/groups/v1/667314.gif,,Executive / Sr. Executive Cytogenetics,"Exposure to NABL / ISO 15189 lab operations preferred. . Meticulous documentation and keen attention to detail. . Strong team collaboration and communication skills. Practical experience in tissue culture,karyotyping,and FISH.",full_time,non_clinical,https://www.naukri.com/job-listings-executive-sr-executive-cytogenetics-lifecell-chennai-4-to-9-years-250625010114,2026-08-08,4,9,,,,,true,
India,IN,+91,Idukki,Migrate Medico,hospital,https://img.naukimg.com/logo_images/groups/v1/9057819.gif,,"Radiologist JOB IN Idukki, Kerala, INDIA","RADIOLOGIST JOB IN IDUKKI, KERALA, INDIA Designation: CONSULTANT RADIOLOGIST Qualification: MD or DMRD or DNB Radiology 1-10 experience Male or Female doctors Language Required: Any language Duty Time:8hrs Modalities available – USG, CT, MRI",full_time,doctors,https://www.naukri.com/job-listings-radiologist-in-idukki-kerala-india-migrate-medico-idukki-1-to-6-years-080826009890,2026-08-08,1,6,3500000,4500000,per_annum,INR,true,
India,IN,+91,Panipat(Israna),NC Medical College & Hospital,hospital,https://img.naukimg.com/logo_images/groups/v1/4836315.gif,,Professor and Head of Department,"Providing academic leadership by guiding Postgraduate students in their thesis work,research activities,and overall clinical training Formulating and implementing duty rosters,and judiciously assigning postings of faculty,senior residents,and postgraduate students across all subspecialties and functional areas within the department Preferred candidate profile",full_time,non_clinical,https://www.naukri.com/job-listings-professor-and-head-of-department-nc-medical-college-hospital-panipat-8-to-13-years-280726010090,2026-08-08,8,13,6000000,6600000,per_annum,INR,true,
India,IN,+91,Chengalpattu,Lifecell,hospital,https://img.naukimg.com/logo_images/groups/v1/667314.gif,,Sr Executive - Accession,Rotational shifts including night shifts Location: Chennai(Vandalur to Kelambakkam road - Opposite to VIT College) Receive the samples and process sample separation and segregation for the required test,full_time,non_clinical,https://www.naukri.com/job-listings-sr-executive-accession-lifecell-chengalpattu-chennai-kanchipuram-0-to-4-years-130326013983,2026-08-08,0,4,,,,,true,
India,IN,+91,Malappuram,Migrate Medico,hospital,https://img.naukimg.com/logo_images/groups/v1/9057819.gif,,"Radiologist JOB IN Malappuram, Kerala, INDIA","RADIOLOGIST JOB IN MALAPPURAM, KERALA,INDIA Designation:CONSULTANT RADIOLOGIST Qualification:MD or DMRD or DNB Radiology 1-5experienced Female /male Malayalam speaking doctors Machine Model-MINDRAY Consona N7 Ultrasound System",full_time,doctors,https://www.naukri.com/job-listings-radiologist-in-malappuram-kerala-india-migrate-medico-malappuram-1-to-5-years-080826009815,2026-08-08,1,5,3500000,4500000,per_annum,INR,true,
India,IN,+91,Proddatur,Invok Hr,hospital,https://img.naukimg.com/logo_images/groups/v1/8372691.gif,,Radiologist Consultant,Discussing complex cases with referring doctors whenever required Explain relevant imaging findings / procedures to patients and attendants when required,full_time,doctors,https://www.naukri.com/job-listings-radiologist-consultant-invok-hr-proddatur-3-to-8-years-080826009809,2026-08-08,3,8,3500000,5000000,per_annum,INR,true,
India,IN,+91,Asansol,Right Training And Placement Solutions,hospital,https://img.naukimg.com/logo_images/groups/v1/970528.gif,,Neurosurgeon,Preferred candidate profile . Qualification Required: MCh / DNB. .,full_time,doctors,https://www.naukri.com/job-listings-neurosurgeon-right-training-and-placement-solutions-asansol-durgapur-0-to-5-years-020726010664,2026-08-08,0,5,6000000,8500000,per_annum,INR,true,
India,IN,+91,Udaipur,Right Training And Placement Solutions,hospital,https://img.naukimg.com/logo_images/groups/v1/970528.gif,,Radiologist Consultant,Preferred candidate profile . Qualification Required: MD / DNB/Diploma. .,full_time,doctors,https://www.naukri.com/job-listings-radiologist-consultant-right-training-and-placement-solutions-udaipur-banswara-0-to-3-years-020726006190,2026-08-08,0,3,5000000,6000000,per_annum,INR,true,
India,IN,+91,Bengaluru(Chamarajapet),Brindhavvan Areion Hospital,hospital,https://img.naukimg.com/logo_images/groups/v1/1914584.gif,,Walk-in || Front Office Executive,"Maintain proper handover between shifts and ensure smooth front-office operations Willingness to work in rotational shifts,including weekends / holidays,as required Shift duty allowance / other applicable benefits as per hospital policy Graduate / Diploma in Commerce,Hospital Administration,Healthcare Management or related field Preferred Candidate Profile",full_time,non_clinical,https://www.naukri.com/job-listings-front-office-executive-brindhavvan-areion-hospital-bengaluru-2-to-6-years-080826009772,2026-08-08,2,6,175000,375000,per_annum,INR,true,
India,IN,+91,Hyderabad,Axis Services,hospital,https://img.naukimg.com/logo_images/groups/v1/178464.gif,,Hiring AR - Caller PB/HB Upto 8LPA || 8K Fixed allowances || Hyderabad,Graduation Mandatory Minimum 1+ Year Experience in AR Calling PB / HB Immediate Joiners Preferred,full_time,non_clinical,https://www.naukri.com/job-listings-hiring-ar-caller-pb-hb-upto-8lpa-8k-fixed-allowances-hyderabad-axis-services-hyderabad-1-to-5-years-080826009762,2026-08-08,1,5,350000,800000,per_annum,INR,true,
India,IN,+91,Sirsa,Grand Consultants,hospital,https://img.naukimg.com/logo_images/groups/v1/213306.gif,,Anaesthesiologist Required Azamgarh UP Salary 3 To 5 Lakhs,Anaesthesiologist Required Azamgarh UP Salary 3 to 5 Lakhs + Accommodation Varanasi UP Salary 3 Lakhs + Share Contact Us: Mr. Mohit: 9216999555 Mr. Arnav: 7837780722 Email:doctorsplacements@gmail.com Website: www.doctorsplacements.com,full_time,doctors,https://www.naukri.com/job-listings-anaesthesiologist-required-azamgarh-up-salary-3-to-5-lakhs-grand-consultants-sirsa-varanasi-azamgarh-jabalpur-palampur-gadchiroli-charkhi-dadri-amritsar-shahjahanpur-0-to-5-years-080826009711,2026-08-08,0,5,5000000,6000000,per_annum,INR,true,
India,IN,+91,Malappuram,Migrate Medico,hospital,https://img.naukimg.com/logo_images/groups/v1/9057819.gif,,"General Surgeon JOB IN Malappuram,Kerala,INDIA","GENERAL SURGEON JOB IN MALAPPURAM,KERALA,INDIA Designation:CONSULTANT GENERAL SURGEON Qualification:MS/DNB General Surgery 1-10 years Experienced Male/Female Malayalam speaking Doctors preferred Type of Duty: OP/IP/OT",full_time,doctors,https://www.naukri.com/job-listings-general-surgeon-in-malappuram-kerala-india-migrate-medico-malappuram-1-to-6-years-080826009709,2026-08-08,1,6,2500000,3000000,per_annum,INR,true,
India,IN,+91,Lucknow,Ang Placement And Staffing Solutions,hospital,https://img.naukimg.com/logo_images/groups/v1/6543249.gif,,Radiologist,"Good morning,and Greetings from ANG Placements,Indias leading Medical Placement Consulting firm. Respecting your busy and valued schedule,we would like to share an opportunity for the position of Compensation: Minimum Slab Upto 0 LPM + Incentives + Accommodation Benefits . (Final packages are negotiable based on skills and experience)",full_time,doctors,https://www.naukri.com/job-listings-radiologist-ang-placement-and-staffing-solutions-lucknow-anand-bhilwara-1-to-6-years-080826009708,2026-08-08,1,6,4500000,7500000,per_annum,INR,true,
India,IN,+91,Mumbai Suburban,SNDEV HEALTHCARE LIMITED,hospital,https://img.naukimg.com/logo_images/groups/v1/12257872.gif,,"Senior Purchase Executive/AM- Pharmaceutical, OSD, Kandivali (Charkop)","Knowledge of pharma procurement,RM / PM specifications,and vendor qualification. . ERP knowledge . Good communication and documentation skills. Experience : 6-12 years (Pharma industry preferred). Key Responsibilities: .",full_time,non_clinical,https://www.naukri.com/job-listings-senior-purchase-executive-am-pharmaceutical-osd-kandivali-charkop-sndev-healthcare-limited-mumbai-suburban-6-to-11-years-210426037137,2026-08-08,6,11,,,,,true,
India,IN,+91,Malappuram,Migrate Medico,hospital,https://img.naukimg.com/logo_images/groups/v1/9057819.gif,,"Dermatologist JOB IN Malappuram, Kerala, INDIA","DERMATOLOGIST JOB IN MALAPPURAM, KERALA, INDIA Designation: CONSULTANT DERMATOLOGIST Qualification: MD in Dermatology or DDVL 1-5 years Experienced Gender: Female/ male Malayalam speaking Doctors preferred Duty Time: part time",full_time,doctors,https://www.naukri.com/job-listings-dermatologist-in-malappuram-kerala-india-migrate-medico-malappuram-1-to-5-years-080826009663,2026-08-08,1,5,1200000,1900000,per_annum,INR,true,
India,IN,+91,Kolkata,Apollo Knowledge Ventures Limited,hospital,https://img.naukimg.com/logo_images/groups/v1/4580365.gif,,Staff Nurse For Home Care,"Duty Hrs: 12 & 24hrs (Rotational Shift) Experience- 1 Years and above (Fresher can also apply) Urgent Requirement of Apollo home care in Delhi,Kolkata & Bangalore,Indore,Guwahati,Mysore,Bangalore,Chennai",full_time,nurses,https://www.naukri.com/job-listings-staff-nurse-for-home-care-apollo-knowledge-ventures-limited-kolkata-hyderabad-delhi-ncr-0-to-5-years-080826009660,2026-08-08,0,5,200000,500000,per_annum,INR,true,
India,IN,+91,Jamshedpur,Jinga,hospital,https://img.naukimg.com/logo_images/groups/v1/997204.gif,,Community Medical Officer(MBBS Doctor),Minimum two years of experience after internship Experience of having worked in the field of community-based screening for common cancers shall be preferred Experience of having worked with large data shall be preferred,full_time,doctors,https://www.naukri.com/job-listings-community-medical-officer-mbbs-doctor-jinga-jamshedpur-0-to-4-years-080826009639,2026-08-08,0,4,800000,1200000,per_annum,INR,true,
India,IN,+91,Mumbai(Bhandup Village +2),The Kids Clinic,hospital,https://img.naukimg.com/logo_images/groups/v1/1335020.gif,,"Walk-in || Hiring Pharmacist For Cloudnine Hospital - Bhandup, Mumbai","Job Purpose: Compound and dispense medications following prescriptions issued by physicians, dentists, or other authorized medical practitioners. Job Responsibilities: Dispense and prepare new prescriptions and/or refill updates the computerized record system and ensures that accuracy of medications dispensed for distribution to patients. Medication should only be issued on receiving a receipt for the same. Communicate in a cordial manner with physicians and patients. Then the pharmacist must counsel and educate patients on the effect, dosage and administration. The pharmacist has to ensure that the medications are given under sterile conditions and that the storage is as per drug container specifications. The medication must be checked to ensure the proper dosage is being provided and that the form is appropriate as well (e.g., cream, tablet, inhaler). Answer patient questions (queries) Order and purchase pharmaceutical supplies, medical supplies, and drugs, maintaining stock and storing and handling it properly. Maintain records, such as pharmacy files, patient profiles, charge system files, inventories Collaborate with other health care professionals to plan, monitor, review, and evaluate the quality and effectiveness of drugs and drug regimens, providing advice on drug applications and characteristics. Provide guidance and training to pharmacy interns. Offer health promotion and prevention activities, for example, training people to use devices such as blood pressure or diabetes monitors. Prepare sterile solutions and infusions for use in surgical procedures Plan, implement, and maintain procedures for mixing, packaging, and labeling pharmaceuticals, according to policy and legal requirements, to ensure quality, security, and proper disposal. Reviews and interprets physicians drug orders for clarity, rationality, dosage form, allergies, interactions, incompatibility, etc. Check the validity of each drugs being distributed/sold (ie, Expiration and Manufacturing date) It is the responsibility of a hospital Pharmacist to ensure proper, safe and cost effective usage of medicines. He should have been able to advise the patients regarding the doctor prescribed pharmaceuticals. Responsible for the the management of a pharmacy and its staff. Maintains count of narcotic and controlled drugs and pertinent records. Make ward rounds either with or without the doctor to play an active role in the treatment process in terms of drug prescription Maintains stock medication and pharmacy inventory and ensures shipments of medications, and other items Updates the Narcotics and Controlled Drugs Destruction files. Compiles and faxes destruction lists to the dangerous Drugs Bureau for authorization to destroy narcotics and controlled drugs. Before the medicines are bought should see that the budget for them is adequate. medicines are stored appropriately. Participates in educational research projects/studies. Interested Candidates can share their CVs at Hr@cloudni",full_time,pharmacists,https://www.naukri.com/job-listings-walk-in-hiring-pharmacist-for-cloudnine-hospital-bhandup-mumbai-the-kids-clinic-mumbai-all-areas-1-to-6-years-080826009337,2026-08-08,1,6,150000,475000,per_annum,INR,true,
India,IN,+91,Jamshedpur,Convate Consultancy Services,hospital,https://img.naukimg.com/logo_images/groups/v1/4670495.gif,,Anesthetist Consultant,"Role & responsibilities Palliative care, OT Surgery, Onco Aneasthesia Preferred candidate profile",full_time,doctors,https://www.naukri.com/job-listings-anesthetist-consultant-convate-consultancy-services-jamshedpur-0-to-1-years-080826009486,2026-08-08,0,1,,,,,true,
India,IN,+91,Hyderabad,Blue Chip Hr Solutions,hospital,https://img.naukimg.com/logo_images/groups/v1/331798.gif,,AR Callers / Senior AR For Leading Medical Billing Co.,Candidate must have experience in AR Calling Denial Management US Healthcare. Candidate must have knowledge either in Physician billing or Hospital billing Denials Immediate joiners preferred Shift timings: Willing to work in Night shiftCandidate should have good communication skills Pl contact 6385161155 6385125442 6385161134 7397231733 7305155583 7358789001,full_time,non_clinical,https://www.naukri.com/job-listings-ar-callers-senior-ar-for-leading-medical-billing-co-blue-chip-hr-solutions-hyderabad-chennai-bengaluru-1-to-5-years-111125035087,2026-08-08,1,5,300000,550000,per_annum,INR,true,
India,IN,+91,Chennai(Mogappair West),Blue Chip Hr Solutions,hospital,https://img.naukimg.com/logo_images/groups/v1/331798.gif,,Huge Openings For AR Analyst &Charge Entry Role,Experience: 1+ year in AR Analyst/ Charge Entry Location: West Mogappair Shift: Day Shift Work From Office Relieving Not mandatory Direct Walk-in InterviewExperience in an AR Analyst or Charge entry role Ready to Join Immediately Contact: 6385161155 6385125442 6385161134 7397231733 7305155583 7358789001,full_time,non_clinical,https://www.naukri.com/job-listings-huge-openings-for-ar-analyst-charge-entry-role-blue-chip-hr-solutions-chennai-1-to-6-years-060326015600,2026-08-08,1,6,,,,,true,
India,IN,+91,Hyderabad,Blue Chip Hr Solutions,hospital,https://img.naukimg.com/logo_images/groups/v1/331798.gif,,Hiring AR caller in Mysore Location - Only Immediate Joiners,AR Calling Denial Management US Healthcare. Candidate must have Exp in AR calling Immediate joiners preferred Shift timings: Willing to work in Night shift Contact 6385161155 6385125442 6385161134 7397231733 7305155583 7358789001Interest can reach out 6385161155 6385125442 6385161134 7397231733 7305155583 7358789001,full_time,non_clinical,https://www.naukri.com/job-listings-hiring-ar-caller-in-mysore-location-only-immediate-joiners-blue-chip-hr-solutions-hyderabad-mysuru-bengaluru-1-to-5-years-130526044839,2026-08-08,1,5,200000,500000,per_annum,INR,true,
India,IN,+91,Chennai,Blue Chip Hr Solutions,hospital,https://img.naukimg.com/logo_images/groups/v1/331798.gif,,Hiring AR Analyst For Medical Billing,Immediate openings for AR Analyst Location: Chennai Exp : Min 1 year in Ar Analyst Strong knowledge in denials Reliving not mandatory Immediate joiners preferred Direct Walkin Only 10 openingsInterested candidates pl call for more details 6385161155 6385125442 6385161134 7397231733 7305155583,full_time,non_clinical,https://www.naukri.com/job-listings-hiring-ar-analyst-for-medical-billing-blue-chip-hr-solutions-chennai-1-to-6-years-110726012355,2026-08-08,1,6,150000,400000,per_annum,INR,true,
India,IN,+91,Bhuj,Ang Placement And Staffing Solutions,hospital,https://img.naukimg.com/logo_images/groups/v1/6543249.gif,,Critical Care,"Good morning,and Greetings from ANG Placements,Indias leading Medical Placement Consulting firm. Respecting your busy and valued schedule,we would like to share a career opportunity for the position of Compensation: Minimum Slab - Upto 0 LPM+ Incentives + Accommodation 0 to 10 years . No of Positions: 12 (0 to 03 Years Experience: 06 03 to 05 Years Experience: .",full_time,non_clinical,https://www.naukri.com/job-listings-critical-care-ang-placement-and-staffing-solutions-bhuj-moradabad-raipur-0-to-5-years-080826009458,2026-08-08,0,5,3500000,5000000,per_annum,INR,true,
India,IN,+91,Navi Mumbai,The Kids Clinic,hospital,https://img.naukimg.com/logo_images/groups/v1/1335020.gif,,"Walk-in || Hiring Lab Tech For Cloudnine Hospital - Bhandup, Mumbai",Segregate and analyze samples and process for required investigation Collect mail IDs for dispatching reports as per requirement,full_time,non_clinical,https://www.naukri.com/job-listings-walk-in-hiring-lab-tech-for-cloudnine-hospital-bhandup-mumbai-the-kids-clinic-navi-mumbai-mumbai-all-areas-1-to-6-years-080826009440,2026-08-08,1,6,100000,400000,per_annum,INR,true,
India,IN,+91,Noida,Metro Mas Hospital,hospital,https://img.naukimg.com/logo_images/groups/v1/4662597.gif,,Resident Medical Officer,"Key responsibilities include responding to medical emergencies, coordinating with emergency teams, and collaborating with other healthcare professionals.",full_time,doctors,https://www.naukri.com/job-listings-resident-medical-officer-metro-hospitals-heart-institute-noida-greater-noida-delhi-ncr-1-to-2-years-280625019170,2026-08-08,1,2,,,,,true,
India,IN,+91,Mumbai(Mira Road +1),Wockhardt Hospitals,hospital,https://img.naukimg.com/logo_images/groups/v1/38294.gif,,Medical Administration - Head,"- Act as Custodian for Clinical protocols at unit level and ensure high standards of patient care - Manage and ensure coordination within medical and non-medical services to deliver on service quality standards - Define and implement Performance Parameters for Doctors & Consultants - Responsible for implementation and adherence to SOPs in all Clinical Specialties, conducting regular Medical Audits on an ongoing basis. - Ensure that proper Standard Operative Procedures are in place for the efficient admission, care & discharge of patients - Set up & ensure the regular functioning of clinical committees, in consultation with the Centre Head. - Be part of various committees as maybe required or nominated from time to time. - Monitor Diagnostic facilities to ensure service quality levels - Ensure proper upkeep & confidentiality of medical records & patient documentation",full_time,non_clinical,https://www.naukri.com/job-listings-medical-administration-head-wockhardt-hospitals-mumbai-7-to-12-years-200626008498,2026-08-08,7,12,,,,,true,
India,IN,+91,Gurugram(Sector 24 +1),Neelkanth Hospital,hospital,https://img.naukimg.com/logo_images/groups/v1/2854000.gif,,Call Center Executive,"Familiarity with Zoho CRM is preferred Escalate medical or clinical questions to the appropriate doctor / clinical team rather than providing medical advice independently. s . 1-3 years of experience in telecalling,call centre,patient counselling,healthcare sales,IVF / fertility,hospital,or clinic operations Good verbal communication skills in English and Hindi",full_time,non_clinical,https://www.naukri.com/job-listings-call-center-executive-neelkanth-hospital-gurugram-1-to-3-years-080826009395,2026-08-08,1,3,225000,375000,per_annum,INR,true,
India,IN,+91,Noida(Bhangel),Yatharth Super Speciality Hospitals,hospital,https://img.naukimg.com/logo_images/groups/v1/7402905.gif,,Nursing Superintendent,Experience in NABH-accredited multi-specialty or super-specialty hospitals (500+ beds preferred) Proficient in Hospital Information Systems (HIS) and Microsoft Office Preferred candidate profile . MSc Nursing / BSc Nursing with valid Nursing Council Registration,full_time,nurses,https://www.naukri.com/job-listings-nursing-superintendent-yatharth-super-speciality-hospitals-noida-13-to-20-years-150626009936,2026-08-08,13,20,,,,,true,
India,IN,+91,Chittaurgarh,Ang Placement And Staffing Solutions,hospital,https://img.naukimg.com/logo_images/groups/v1/6543249.gif,,GI Surgeon,"Good morning,and Greetings from ANG Placements,Indias leading Medical Placement Consulting firm. Respecting your busy and valued schedule,we would like to share a career opportunity for the position of Key Requirement for the Position . No Qualification Required: MBBS / MS / DNB / Fellowship in GI Surgery or equivalent Experience: 0-10 years .",full_time,doctors,https://www.naukri.com/job-listings-gi-surgeon-ang-placement-and-staffing-solutions-chittaurgarh-bhilwara-raipur-1-to-6-years-080826009370,2026-08-08,1,6,5500000,9500000,per_annum,INR,true,
India,IN,+91,New Delhi,Anvka Healthcare,hospital,https://img.naukimg.com/logo_images/groups/v1/12395687.gif,,Walk-in || Nursing Officer - Homecare,"Maintain punctuality and adhere to scheduled visits,including 8-hour,12-hour,or 24-hour duty shifts as assigned Provide emergency first aid and basic life support (BLS) until advanced medical assistance is available,when required Participate in quality improvement initiatives,patient satisfaction programs,and internal audits as required",full_time,nurses,https://www.naukri.com/job-listings-nursing-officer-homecare-anvka-healthcare-new-delhi-gurugram-delhi-ncr-1-to-6-years-240726017787,2026-08-08,1,6,300000,700000,per_annum,INR,true,
India,IN,+91,Nanded,Progenesis Ivf,hospital,https://img.naukimg.com/logo_images/groups/v1/8313159.gif,,Gynaecologist,1. Basic Infertility experience 2. USG 3. IUI 4. OPU and ET,full_time,doctors,https://www.naukri.com/job-listings-gynaecologist-progenesis-ivf-nanded-latur-0-to-6-years-200226024239,2026-08-08,0,6,,,,,true,
India,IN,+91,Varanasi,Pathfinders Global(P) Ltd,hospital,https://img.naukimg.com/logo_images/groups/v1/8603813.gif,,"Hospital and Medical College - Nephrologist , Neurologist , Urologist","Hospitals & Medical Colleges @ 7827524074 . Qualification- DM / MCH Nephrologist,Neurologist,Urologist Required for .",full_time,doctors,https://www.naukri.com/job-listings-hospital-and-medical-college-nephrologist-neurologist-urologist-pathfinders-global-p-ltd-varanasi-kanpur-mathura-0-to-5-years-060826031762,2026-08-08,0,5,,,,,true,
India,IN,+91,Chennai(Vandalur),One Health Hsopital,hospital,https://img.naukimg.com/logo_images/groups/v1/8086209.gif,,Pharmacist,"A Pharmacist accurately dispenses prescribed medications, counsels patients on correct usage and side effects, and manages drug inventory to ensure safe and effective healthcare delivery",full_time,pharmacists,https://www.naukri.com/job-listings-pharmacist-one-health-hsopital-chennai-0-to-2-years-080826009160,2026-08-08,0,2,180000,228000,per_annum,INR,true,
India,IN,+91,Delhi / NCR,Lifecell,hospital,https://img.naukimg.com/logo_images/groups/v1/667314.gif,,Sample Executive - Repro Allied,"Roles and Responsibilities Manage collections process from start to finish, ensuring timely payment from customers. Coordinate with internal teams for smooth execution of collection activities. Conduct sample collection at customer locations as per schedule. Maintain accurate records of all transactions and communications. Ensure compliance with company policies and procedures.",full_time,non_clinical,https://www.naukri.com/job-listings-sample-executive-repro-allied-lifecell-delhi-ncr-1-to-2-years-080826009135,2026-08-08,1,2,250000,325000,per_annum,INR,true,
India,IN,+91,Pune(Shirgaon),Ang Placement And Staffing Solutions,hospital,https://img.naukimg.com/logo_images/groups/v1/6543249.gif,,Medical Oncologist,"Good morning,and Greetings from ANG Placements,Indias leading Medical Placement Consulting firm. Respecting your busy and valued schedule,we would like to share a career opportunity for the position of",full_time,doctors,https://www.naukri.com/job-listings-medical-oncologist-ang-placement-and-staffing-solutions-pune-raipur-jodhpur-0-to-5-years-080826009117,2026-08-08,0,5,9500000,10000000,per_annum,INR,true,
India,IN,+91,Ghumarwin,TPS Consultants,hospital,https://img.naukimg.com/logo_images/groups/v1/3420114.gif,,Urgent Need Consultant General Medicine For Hospital in Ghumarwin.,Urgent Need Consultant General Medicine For Hospital in Ghumarwin. Himachal Pradesh & Hisar Education - MD/DNB Experience - 1 - 5 years Salary - 2.5 - 3 lpm Email - tpsconsultants0023@gmail.com Contact - 7827971106,full_time,doctors,https://www.naukri.com/job-listings-urgent-need-consultant-general-medicine-for-hospital-in-ghumarwin-tps-consultants-ghumarwin-3-to-5-years-080826009017,2026-08-08,3,5,3500000,4000000,per_annum,INR,true,
India,IN,+91,Durg,Ang Placement And Staffing Solutions,hospital,https://img.naukimg.com/logo_images/groups/v1/6543249.gif,,Emergency Medicine,"Good morning,and Greetings from ANG Placements,Indias leading Medical Placement Consulting firm. Respecting your busy and valued schedule,we would like to share a career opportunity for the position of",full_time,doctors,https://www.naukri.com/job-listings-emergency-medicine-ang-placement-and-staffing-solutions-durg-bhilai-raipur-1-to-6-years-080826009008,2026-08-08,1,6,3500000,4500000,per_annum,INR,true,
India,IN,+91,Faridabad,AGS Consultants,hospital,https://img.naukimg.com/logo_images/groups/v1/6286795.gif,,Walk-in || supply chain and procurement manager,"experience in purchase or supply chain Experience in pharmaceutical distribution healthcare, medical supplies, surgical products or hospital procurement will be preferred. Strong negotiation vendor management inventory management MS Excel MIS and ERP",full_time,non_clinical,https://www.naukri.com/job-listings-supply-chain-and-procurement-manager-ags-consultants-faridabad-ahmedabad-5-to-6-years-080826009005,2026-08-08,5,6,900000,1000000,per_annum,INR,true,
India,IN,+91,Ghumarwin,TPS Consultants,hospital,https://img.naukimg.com/logo_images/groups/v1/3420114.gif,,Need Consultant General Surgeon For Hospital In Himanchal Pradesh.,"Need Consultant General Surgeon For Hospital In Himanchal & Delhi & Bahadurgarh, Charkhi Dadri Education - MS/DNB Experience - 2 - 5 years Salary - 2.5 - 3 lpm (Nego) Email - tpsconsultants0023@gmail.com Contact - 7827971106",full_time,doctors,https://www.naukri.com/job-listings-need-consultant-general-surgeon-for-hospital-in-himanchal-pradesh-tps-consultants-ghumarwin-3-to-5-years-080826008972,2026-08-08,3,5,2500000,3000000,per_annum,INR,true,
India,IN,+91,Bengaluru,MVJ Medical College and Research Hospital (MVJMC & RH),hospital,https://img.naukimg.com/logo_images/groups/v1/4664949.gif,,Clinical Psychologist,"RCI-registered Clinical Psychologist required at MVJ Medical College & Research Hospital. Responsibilities include psychological assessments, diagnosis, psychotherapy, counseling, case documentation, and collaborating with multidisciplinary teams.",full_time,non_clinical,https://www.naukri.com/job-listings-clinical-psychologist-mvj-medical-college-and-research-hospital-mvjmc-rh-bengaluru-0-to-2-years-240726009557,2026-08-08,0,2,60000,80000,per_annum,INR,true,
India,IN,+91,Kolkata(North Dumdum +1),Health Pillar Hospitals,hospital,https://img.naukimg.com/logo_images/groups/v1/12406873.gif,,Medical Transcriber,"Role & responsibilities Audio Transcription: Accurately transcribe dictated audio recordings from physicians, nurses, and other healthcare professionals into formal medical reports, clinical summaries, and administrative correspondence. Medical Terminology Proficiency: Demonstrate a deep, fluent understanding of complex medical terminology, anatomy, physiology, pharmacology, and diagnostic procedures to ensure absolute accuracy in documentation. Electronic Health Record (EHR) Integration: Efficiently input, update, and maintain transcribed documents directly into the facility's EHR systems and digital database platforms. Quality Assurance & Editing: Review and edit translated text for proper grammar, spelling, punctuation, and clarity, ensuring the final output matches the exact intent of the dictating clinician. Compliance & Data Privacy: Strictly adhere to healthcare privacy laws (such as HIPAA) and institutional policies regarding patient data confidentiality and secure information handling. Data Consistency Checking: Identify and flag clear inconsistencies, ambiguities, or missing information within clinical dictations, proactively consulting with the medical staff for clarification. High-Speed Technical Typing: Maintain a high words-per-minute typing speed with a low error rate, utilizing specialized equipment like foot pedals, dictation software, and ergonomic text-expansion tools. Standardized Formatting: Format all clinical documents including discharge summaries, operative reports, history and physical (H&P) examinations, and referral letters-according to institutional templates and medical layout guidelines. Turnaround Time Management: Prioritize urgent dictations (such as stat reports or critical care summaries) to meet strict departmental turnaround times and ensure continuity of patient care. Administrative Support: Assist with secondary administrative typing duties, archiving digital medical records, and maintaining accurate logs of transcribed files for department performance tracking.",full_time,non_clinical,https://www.naukri.com/job-listings-medical-transcriber-health-pillar-hospitals-kolkata-north-dum-dum-0-to-4-years-080826008935,2026-08-08,0,4,,,,,true,
India,IN,+91,Buldana,Progenesis Ivf,hospital,https://img.naukimg.com/logo_images/groups/v1/8313159.gif,,Gynaecologist,1. Basic Infertility experience 2. USG 3. IUI 4. OPU and ET,full_time,doctors,https://www.naukri.com/job-listings-gynaecologist-progenesis-ivf-buldana-akola-amravati-0-to-6-years-140226012862,2026-08-08,0,6,,,,,true,
India,IN,+91,Satna,MP Birla Hospital,hospital,https://img.naukimg.com/logo_images/groups/v1/4517906.gif,,Critical Care Technician For Nuro ICU,The Critical Care Technician – Neuro ICU is responsible for assisting doctors and nursing staff in providing comprehensive care to critically ill neurological patients.,full_time,non_clinical,https://www.naukri.com/job-listings-critical-care-technician-for-nuro-icu-mp-birla-hospital-satna-2-to-5-years-080826008855,2026-08-08,2,5,200000,350000,per_annum,INR,true,
India,IN,+91,Palwal,Centre For Sight,hospital,https://img.naukimg.com/logo_images/groups/v1/67060.gif,,Counsellor,"Graduate in any discipline preferred Experience: 1 5 years preferred Location: As per Centre For Sight requirement. About the Role. We are looking for a compassionate,confident,and patient-focused Counsellor to join Centre For Sight Participate in patient-awareness activities and counselling initiatives when required. Required Skills",full_time,non_clinical,https://www.naukri.com/job-listings-counsellor-centre-for-sight-palwal-1-to-4-years-080826008846,2026-08-08,1,4,,,,,true,
India,IN,+91,Jaipur(Mansarovar),Pineq Technology Labs,pharma,https://img.naukimg.com/logo_images/groups/v1/12002673.gif,,Customer Support Executive,Shifts: Rotational Education: Graduate or undergraduate candidates are welcome Experience: At least 6+ months in a call centre or BPO environment,full_time,non_clinical,https://www.naukri.com/job-listings-customer-support-executive-pineq-technology-labs-jaipur-1-to-3-years-070826035339,2026-08-08,1,3,,,,,true,
India,IN,+91,Pune,Surya Hospital,hospital,https://img.naukimg.com/logo_images/groups/v1/143318.gif,,Manager ON DUTY,"Roles and Responsibilities Manage daily operations of the hospital, ensuring smooth functioning of all departments. Oversee patient care services, including admission, discharge, and transfer processes. Lead a team of nurses and other staff members to achieve departmental goals and objectives. Develop and implement policies, procedures, and protocols for effective patient care delivery. Ensure compliance with regulatory requirements and maintain high standards of quality assurance.",full_time,non_clinical,https://www.naukri.com/job-listings-manager-on-duty-surya-hospital-pune-5-to-10-years-080526016865,2026-08-08,5,10,500000,700000,per_annum,INR,true,
India,IN,+91,Kolkata,Apollo Knowledge Ventures Limited,hospital,https://img.naukimg.com/logo_images/groups/v1/4580365.gif,,Staff Nurse,Freshers and experienced candidates are encouraged to apply. Freshers & Experienced candidates can apply,full_time,nurses,https://www.naukri.com/job-listings-staff-nurse-apollo-knowledge-ventures-limited-kolkata-bengaluru-delhi-ncr-0-to-5-years-080826008794,2026-08-08,0,5,275000,775000,per_annum,INR,true,
India,IN,+91,Ahmedabad(Rajoda),Biomatrix Healthcare,hospital,https://img.naukimg.com/logo_images/groups/v1/4915201.gif,,Process Validation - QA,"Review manufacturing processes,batch records,process parameters,and critical process parameters (CPPs)",full_time,non_clinical,https://www.naukri.com/job-listings-process-validation-qa-biomatrix-healthcare-pvt-ltd-ahmedabad-4-to-6-years-080826008675,2026-08-08,4,6,500000,700000,per_annum,INR,true,
India,IN,+91,Hyderabad,Apollo Knowledge Ventures Limited,hospital,https://img.naukimg.com/logo_images/groups/v1/4580365.gif,,Walk-in || Product Advisor,maximum range at all times to ensure customers feel welcome and to contribute to a positive overall. shopping experience,full_time,non_clinical,https://www.naukri.com/job-listings-product-advisor-apollo-knowledge-ventures-limited-hyderabad-0-to-5-years-080826008669,2026-08-08,0,5,200000,300000,per_annum,INR,true,
India,IN,+91,Chhindwara,Eepic Management,hospital,https://img.naukimg.com/logo_images/groups/v1/2947484.gif,,Staff Nurse _ GNM/BSc Nurse,"Position - Staff Nurse ( ICU /OPD/IPD ) Qua;ification: ANM/GNM/Bsc Nursing Salary: 10,000 – 25,000 per month (Based on Qualification & Experience) Job Location : Singrauli and Chhindwara, Madhya Pradesh",full_time,nurses,https://www.naukri.com/job-listings-staff-nurse-gnm-bsc-nurse-eepic-management-chhindwara-singrauli-1-to-4-years-080826008579,2026-08-08,1,4,125000,300000,per_annum,INR,true,
India,IN,+91,Hyderabad,Apollo Knowledge Ventures Limited,hospital,https://img.naukimg.com/logo_images/groups/v1/4580365.gif,,Walk-in || Trainee Pharmacist,"Job description: We are Looking for Trainee Pharmacist (Male) for join our team. Interested candidates can contact Rohan(HR): 8977013753 - Only Male candidates are accepted - B.pharm, M.pharm, Diploma in Pharmacy - Locations Hyderabad(Positions are available all over Hyderabad and exact location will be finalized at interview as per candidate interest) Profile: Trainee Pharmacist Gender: Male Qualification: D. Pharma / B. Pharma / M. Pharma must Duty Hours: 9 hours (Rotational shifts for male candidates) Experience: Freshers are highly preferred Salary: 12,500 13,500 per month + Incentives Interview Mode: Face to Face Job Types: Full-time, Permanent, Fresher Benefits: Flexible schedule Health insurance Life insurance Paid sick time Paid time off Provident Fund Benefits: Health insurance Life insurance Provident Fund",full_time,pharmacists,https://www.naukri.com/job-listings-trainee-pharmacist-apollo-knowledge-ventures-limited-hyderabad-0-to-5-years-080826008525,2026-08-08,0,5,150000,175000,per_annum,INR,true,
India,IN,+91,Patiala,Vedic Hr Solutions,hospital,https://img.naukimg.com/logo_images/groups/v1/8115863.gif,,Senior Manager | Sales Team Handling | Urgent Hiring | Axis Group,Mo-9879879075 Education : Any Graduate With Good Communication Age : 23 to 40 years (Freshers dont apply) Experience : Must 1+ years of field Sales / Banking / Finance / Insurance Locality : Should be Local,full_time,non_clinical,https://www.naukri.com/job-listings-senior-manager-sales-team-handling-urgent-hiring-axis-group-vedic-hr-solutions-patiala-abohar-moga-2-to-6-years-080826008480,2026-08-08,2,6,250000,400000,per_annum,INR,true,
India,IN,+91,Hyderabad,Apollo Knowledge Ventures Limited,hospital,https://img.naukimg.com/logo_images/groups/v1/4580365.gif,,Pharmacist Trainee(Male),"Job description: We are Looking for Trainee Pharmacist (Male) for join our team. Interested candidates can contact Rohan(HR): 8977013753 - Only Male candidates are accepted - B.pharm, M.pharm, Diploma in Pharmacy - Locations Hyderabad(Positions are available all over Hyderabad and exact location will be finalized at interview as per candidate interest) Profile: Trainee Pharmacist Gender: Male Qualification: D. Pharma / B. Pharma / M. Pharma must Duty Hours: 9 hours (Rotational shifts for male candidates) Experience: Freshers are highly preferred Salary: 12,500 13,500 per month + Incentives Interview Mode: Face to Face Job Types: Full-time, Permanent, Fresher Benefits: Flexible schedule Health insurance Life insurance Paid sick time Paid time off Provident Fund Benefits: Health insurance Life insurance Provident Fund",full_time,pharmacists,https://www.naukri.com/job-listings-pharmacist-trainee-male-apollo-knowledge-ventures-limited-hyderabad-0-to-5-years-080826008326,2026-08-08,0,5,150000,175000,per_annum,INR,true,
India,IN,+91,Hyderabad,Apollo Knowledge Ventures Limited,hospital,https://img.naukimg.com/logo_images/groups/v1/4580365.gif,,Walk-in || Pharmacist,"Gender: Male & Female both can apply Duty Hours: 9 hours (Rotational shifts for male candidates) Qualification: D. Pharma / B Pharma / M Pharma Experience: Freshers with registration are highly preferred Job Types: Full-time,Permanent,Fresher. Benefits: . Work Location: In person. License / Certification: . PCI (Required) . .",full_time,pharmacists,https://www.naukri.com/job-listings-pharmacist-apollo-knowledge-ventures-limited-hyderabad-0-to-5-years-080826008241,2026-08-08,0,5,200000,325000,per_annum,INR,true,
India,IN,+91,Mehsana,Supro Consulting,hospital,https://img.naukimg.com/logo_images/groups/v1/2709992.gif,,Sales And Marketing Manager,• Recruit adviser • Generate business through the advisers • Lead the team of advisers and done the field work • Motivate them to achieve targets • Provide training and guidance to them.,full_time,non_clinical,https://www.naukri.com/job-listings-sales-and-marketing-manager-supro-consulting-mehsana-bhuj-palanpur-2-to-7-years-080826008047,2026-08-08,2,7,300000,400000,per_annum,INR,true,
India,IN,+91,Siliguri,Manipal Hospitals,hospital,https://img.naukimg.com/logo_images/groups/v1/4070.gif,,Oncologist - Surgical Oncology,"Roles and Responsibilities Provide surgical oncology services to patients, including consultations, diagnosis, treatment planning, and management of cancer cases. Perform surgeries for various types of cancers such as breast, lung, liver, pancreas, prostate, etc. Collaborate with other healthcare professionals to develop comprehensive care plans for patients undergoing chemotherapy or radiation therapy. Conduct pre-operative assessments and post-operative follow-ups to ensure optimal patient outcomes. Stay up-to-date with latest advancements in surgical oncology techniques and technologies.",full_time,doctors,https://www.naukri.com/job-listings-oncologist-surgical-oncology-manipal-hospitals-siliguri-3-to-6-years-240726025120,2026-08-08,3,6,7000000,7500000,per_annum,INR,true,
India,IN,+91,Hyderabad,Talentboon Consulting,hospital,https://img.naukimg.com/logo_images/groups/v1/7526911.gif,,Pre Authorization,"Coordinate with providers and internal teams to collect required clinical documentation Preferred candidate profile . 1 to 4 years of experience into Pre-Authorization,Calling,Follow-up,Initiation. .",full_time,non_clinical,https://www.naukri.com/job-listings-pre-authorization-talentboon-consulting-hyderabad-1-to-4-years-080826007963,2026-08-08,1,4,200000,450000,per_annum,INR,true,
India,IN,+91,Noida(Sector 2),Medicoll Learning Pvt Ltd,hospital,https://img.naukimg.com/logo_images/groups/v1/4870989.gif,,Medicoll Counselor,"Urgent Hiring for Medicoll Counsellor Job Description: Position: Medicoll Counsellor Exp: 2-6 years of experience in Medical Admissions Counselling, Medical Education, Healthcare Training, Edtech, or Student Counselling. Bachelor's degree is must. Job Location: Noida Industry: Edtech | Medical Education | Healthcare Training About the Company: We are a leading Medical Education and Healthcare Training organization committed to empowering doctors, students, and healthcare professionals through Fellowship, Certification, and Skill Enhancement Programs designed by renowned medical experts. We are seeking a motivated and knowledgeable Medical Counselor to guide prospective students and healthcare professionals in selecting appropriate educational programs. The candidate will be responsible for counseling leads, understanding their academic and career goals, and helping them make informed decisions regarding medical, healthcare, and allied health education courses. Key Responsibilities: Counsel prospective students through phone calls, video consultations, emails, and chats. Counsel Doctors and medical professionals on fellowship programs, Cosmetology, Aesthetic Medicine, Critical Care, Cardiology, Nephrology for skill enhancement. Understand student profiles, educational background, and career aspirations. Provide detailed information about medical, healthcare, nursing, paramedical, and allied health programs. Guide candidates through the admission and enrollment process. Follow up with leads generated through marketing campaigns and referrals. Maintain accurate records of student interactions in CRM systems. Achieve monthly admission and conversion targets. Address student and parent queries regarding course curriculum, career opportunities, fees, and placements. Coordinate with academic, admissions, and operations teams to ensure a smooth onboarding experience. Stay updated on trends in medical education, entrance exams, licensing requirements, and healthcare careers. Preferred Qualifications: Experience in Edtech, medical education, healthcare training, or admissions counseling. Required Skills: Excellent communication skills in English and Hindi. Strong counselling, interpersonal, negotiation, and relationship management skills. Target-oriented with proficiency in CRM and MS Office. Well-organized, customer-focused, and able to work in a fast-paced environment. Key Performance Indicators (KPIs) Admission & Revenue Targets Lead-to-Enrolment Conversion CRM Accuracy Candidate Satisfaction Follow-up Compliance Preferred Industry Experience in Life Sciences, Healthcare, Pharmacy, Nursing, Allied Health Sciences, or Hospital Management. For more reach to HR - Arvind Verma at +91 7428571962 or share me your CV at hrarvind942@gmail.com.",full_time,non_clinical,https://www.naukri.com/job-listings-medicoll-counselor-medicoll-learning-pvt-ltd-noida-2-to-5-years-210726024649,2026-08-08,2,5,,,,,true,
India,IN,+91,Hyderabad,Apollo Knowledge Ventures Limited,hospital,https://img.naukimg.com/logo_images/groups/v1/4580365.gif,,Pharmacist,"Job description: Urgent Requirement Pharmacist at Apollo Retail Pharmacy For any queries please contact Rohan(HR): 8977013753 Profile: Pharmacist for retail Pharmacy only License/Certification: License/ PCI (Required) Gender: Male & Female both can apply Locations: Hyderabad, Chennai, Bangalore Qualification: D. Pharma / B. Pharma / M. Pharma Duty Hours: 9 hours (Rotational shifts for male candidates) Experience: Freshers with registration are highly preferred Registration: State Pharmacy Registration is mandatory Salary: 16,000 – 25000 per month Interview Mode: Job Types: Full-time, Permanent, Fresher Benefits: Flexible schedule Health insurance Life insurance Paid sick time Paid time off Provident Fund",full_time,pharmacists,https://www.naukri.com/job-listings-pharmacist-apollo-knowledge-ventures-limited-hyderabad-0-to-5-years-080826007955,2026-08-08,0,5,200000,300000,per_annum,INR,true,
India,IN,+91,Panchkula,Alchemist Group of Hospitals,hospital,https://img.naukimg.com/logo_images/groups/v1/4666529.gif,,Consultant Pathology,"Maintain accurate records of patient data and test results. . Desired Candidate Profile . 3-8 years of experience in pathology consultancy or related field. . Medical-MS / MD degree from a recognized institution. . Diplomate of National Board (DNB) in Pathology preferred but not mandatory. . Strong knowledge of histopathology,MD pathology,and clinical pathology principles",full_time,doctors,https://www.naukri.com/job-listings-consultant-pathology-alchemist-group-of-hospitals-panchkula-3-to-8-years-080826007853,2026-08-08,3,8,,,,,true,
India,IN,+91,Durgapur,IQ City Medical College Hospital,hospital,https://img.naukimg.com/logo_images/groups/v1/4386548.gif,,Consultant Cardiologist,"Participate in emergency duties,on-call services,and hospital clinical activities as required",full_time,doctors,https://www.naukri.com/job-listings-consultant-cardiologist-iq-city-medical-college-hospital-durgapur-0-to-5-years-080826007777,2026-08-08,0,5,,,,,true,
India,IN,+91,Pune,Skill Managemnet Services Pune,hospital,https://img.naukimg.com/logo_images/groups/v1/11720581.gif,,Resident Medical Officer - Ward,"Job Responsibilities: Monitor and manage admitted patients in the ward Maintain accurate patient records and documentation Coordinate with consultants, nurses, and other departments Assist in procedures and treatment planning Call: HR 8625807674Job Title: Ward RMO (Resident Medical Officer) Location: Pune Qualification: BAMS BHMS with MMC Registration Experience: 1-3 yrs Willing to do Rotational Duties",full_time,doctors,https://www.naukri.com/job-listings-resident-medical-officer-ward-skill-managemnet-services-pune-pune-1-to-3-years-101025019091,2026-08-08,1,3,,,,,true,
India,IN,+91,Pimpri-Chinchwad,Skill Managemnet Services Pune,hospital,https://img.naukimg.com/logo_images/groups/v1/11720581.gif,,Icu Medical Officer,Willing to do Rotational Shift . MMC Regsitation mandatory . Proficient in managing critically ill patients under consultant supervision while maintaining high standards of safety and clinical excellence. Preferred candidate profile . Qualification: BAMS / BHMS with PGDEMS. Expereince: 2 to 6 Yrs in ICU .,full_time,doctors,https://www.naukri.com/job-listings-icu-medical-officer-skill-managemnet-services-pune-pimpri-chinchwad-pune-2-to-6-years-120626005723,2026-08-08,2,6,350000,600000,per_annum,INR,true,
India,IN,+91,Noida,Suisan Services,hospital,https://img.naukimg.com/logo_images/groups/v1/11671130.gif,,Nutritionist - Wellness Expert & Brand Representative,"Nutrition / Dietetics / Food Science / Life Sciences / Microbiology / Biotechnology . Strong academic interest in gut health,probiotics,and clinical nutrition preferred . Freshers or candidates with up to 1 year of relevant exposure (internship / field work) Required Skills & Competencies . On field Experience: 01 Year",full_time,non_clinical,https://www.naukri.com/job-listings-nutritionist-wellness-expert-brand-representative-suisan-services-noida-greater-noida-delhi-ncr-0-to-2-years-011025021175,2026-08-08,0,2,300000,500000,per_annum,INR,true,
Canada,CA,+1,Canada,Dinesh Overseas Consultancy,hospital,https://img.naukimg.com/logo_images/groups/v1/4505634.gif,,Lab Technician,"Design and execute laboratory testing according standard procedures, make observations and interpret findings Conduct experiments under defined conditions to verify/reject various types of hypotheses using refined scientific methods",full_time,non_clinical,https://www.naukri.com/job-listings-lab-technician-freelancer-dinesh-singh-canada-1-to-4-years-220822001315,2026-08-08,1,4,40000,55000,per_annum,USD,true,
India,IN,+91,New Delhi(Saket),Acephysio And Healthcare,hospital,https://img.naukimg.com/logo_images/groups/v1/12464114.gif,,Physiotherapist Specialist,Responsibilities: Collaborate with healthcare team on patient care plans. Conduct neurological assessments using physiotherapy techniques. Develop personalized treatment programs for patients.,full_time,non_clinical,https://www.naukri.com/job-listings-physiotherapist-specialist-acephysio-and-healthcare-new-delhi-2-to-7-years-080826007266,2026-08-08,2,7,480000,600000,per_annum,INR,true,
India,IN,+91,Kochi(Ernakulam South),V G Saraf Memorial Hospital,hospital,https://img.naukimg.com/logo_images/groups/v1/12484396.gif,,Hospital Administrator,We are looking for an experienced Hospital Administrator to oversee the day-to-day administration of our hospital and lead operational improvements across all departments.,full_time,non_clinical,https://www.naukri.com/job-listings-hospital-administrator-v-g-saraf-memorial-hospital-kochi-3-to-8-years-080826007219,2026-08-08,3,8,420000,780000,per_annum,INR,true,
India,IN,+91,Chennai(Mylapore),JH Rehabilitation,hospital,https://img.naukimg.com/logo_images/groups/v1/9652583.gif,,Operation Theatre Nurse,Maintain OT stock levels and raise indents for consumables / equipment as needed . Qualification: GNM / BSc Nursing with OT / Labour Room experience preferred valid nursing council registration required,full_time,nurses,https://www.naukri.com/job-listings-operation-theatre-nurse-jh-rehabilitation-chennai-0-to-6-years-080826007173,2026-08-08,0,6,100000,400000,per_annum,INR,true,
India,IN,+91,Ahmedabad(Rajoda),Biomatrix Healthcare,hospital,https://img.naukimg.com/logo_images/groups/v1/4915201.gif,,Manager- Raw Material Stores - (Formulation),"Roles and Responsibilities Manage inventory levels, including receiving, storing, and issuing materials. Ensure accurate stock records through regular audits and reporting. Oversee material receipt processes to ensure timely delivery of goods. Coordinate with vendors for procurement of raw materials and supplies. Maintain store cleanliness and organization to promote efficient operations. Desired Candidate Profile Strong knowledge of dispensing, inventory management, material receipt, cGMP compliance and Regulatory Audits",full_time,non_clinical,https://www.naukri.com/job-listings-manager-raw-material-stores-formulation-biomatrix-healthcare-ahmedabad-12-to-20-years-080826007160,2026-08-08,12,20,,,,,true,
India,IN,+91,Hybrid - Hyderabad,Infosys,hospital,https://img.naukimg.com/logo_images/groups/v1/13832.gif,,Mobile Testing Engineer - PAN INDIA @ Infosys,"EXP RANGE : 4 TO 10 YEARS Location : Hyderabad Job Summary We are looking for a skilled Mobile Application Tester to ensure the quality, performance, and usability of mobile applications across Android and iOS platforms. The candidate will be responsible for manual and automation testing of mobile apps to deliver high-quality user experiences. Key Responsibilities Analyze requirements and create test plans, test scenarios, and test cases for mobile applications Perform manual testing on Android and iOS devices Execute functional, regression, smoke, sanity, UAT, and exploratory testing Test mobile-specific features such as: Push notifications App installation/uninstallation Device compatibility Network conditions (2G/3G/4G/5G/Wi-Fi) Validate UI/UX, gestures, screen resolutions, and orientations Perform compatibility testing across devices, OS versions, and screen sizes Log, track, and retest defects using tools like JIRA, Bugzilla, Azure DevOps Collaborate with developers, product owners, and designers in Agile/Scrum teams Perform API testing for mobile-backend communication Validate app performance, stability, and battery usage Required Skills Mobile Testing Skills Strong experience in Android and iOS application testing Knowledge of mobile app life cycle Understanding of mobile UX guidelines (Material Design, iOS HIG) Experience with real devices and emulators/simulators Tools & Technologies Test management tools: JIRA, TestRail, ALM API testing tools: Postman, Charles Proxy, Fiddler Device cloud platforms: BrowserStack, Sauce Labs, Firebase Test Lab Automation (Preferred) Experience with Appium (Android & iOS) Knowledge of: Selenium + Appium TestNG / JUnit / Cucumber Familiarity with CI/CD pipelines (Jenkins, GitHub Actions, Azure DevOps) Basic knowledge of Java / Python / JavaScript Performance & Security (Nice to Have) Mobile performance testing using JMeter, LoadRunner Knowledge of mobile security testing (OWASP Mobile Top 10) Experience testing offline/online sync scenarios Soft Skills Strong analytical and problem-solving skills Excellent communication and documentation skills Ability to work independently and in teams Attention to detail and quality mindset Preferred Qualifications ISTQB / Mobile Testing Certification (optional) Experience with Agile/Scrum methodologies Experience in banking, e-commerce, healthcare, or fintech mobile appsRole & responsibilities Preferred candidate profile",full_time,non_clinical,https://www.naukri.com/job-listings-mobile-testing-engineer-pan-india-infosys-infosys-hyderabad-chennai-bengaluru-4-to-9-years-080526028632,2026-08-08,4,9,,,,,true,
India,IN,+91,New Delhi,Jain Hospital,hospital,https://img.naukimg.com/logo_images/groups/v1/741274.gif,,Operation Theatre Technician,"Preparing and maintaining the operation theatre, assisting during surgical procedure and ensuring the safety and well being of patients.",full_time,non_clinical,https://www.naukri.com/job-listings-operation-theatre-technician-jain-hospital-new-delhi-5-to-7-years-200726001011,2026-08-08,5,7,200000,350000,per_annum,INR,true,
India,IN,+91,Tirora,Adani Group,hospital,https://img.naukimg.com/logo_images/groups/v1/763714.gif,,Field Medical Officer,"Qualifications and Experience . .Educational Qualification: MBBS degree from a recognized medical institution,with CIH / AFIH/DIH Certification Respond promptly to medical emergencies,providing necessary treatment and coordinating with external medical services as required Work Experience (Range of years): minimum",full_time,doctors,https://www.naukri.com/job-listings-field-medical-officer-adani-group-tirora-10-to-15-years-080826000240,2026-08-07,10,15,,,,,true,
India,IN,+91,Remote,IQVIA,hospital,https://img.naukimg.com/logo_images/groups/v1/3248522.gif,,Medical Safety Director,"Role Name - Medical Safety Director. Education Qualification - MBBS / MD. . Work Location - Pan India. . Work Mode - Home Based. . Years of exp - 12+ yrs of PV exp,7+ yrs in AR and Signal. . Skillset - In depth experience in writing and reviewing Aggregate reports,Signal management,Clinical trial docs",full_time,non_clinical,https://www.naukri.com/job-listings-medical-safety-director-iqvia-bengaluru-10-to-20-years-030726011408,2026-08-07,10,20,,,,,true,
India,IN,+91,Remote,IQVIA,hospital,https://img.naukimg.com/logo_images/groups/v1/3248522.gif,,Associate Medical Safety Director,"Role Name - Medical Safety Director. Education Qualification - MBBS / MD. . Work Location - Pan India. . Work Mode - Home Based. . Years of exp - 7+ yrs of PV exp,3+ yrs in AR and Signal. . Skillset - In depth experience in writing and reviewing Aggregate reports,Signal management,Clinical trial docs 24-hour medical support as required on assigned projects",full_time,non_clinical,https://www.naukri.com/job-listings-associate-medical-safety-director-iqvia-bengaluru-8-to-13-years-030726011539,2026-08-07,8,13,,,,,true,
India,IN,+91,ambernath,Inventia Healthcare,hospital,https://img.naukimg.com/logo_images/groups/v1/1104760.gif,,Assistant Manager,Assure qualification activity should be online & within time frame Assure requalification activity should be completed as per the schedule.,full_time,non_clinical,https://www.naukri.com/job-listings-assistant-manager-inventia-healthcare-ambernath-5-to-9-years-070826017263,2026-08-07,5,9,,,,,true,
India,IN,+91,Amritsar,Amandeep Hospital,hospital,https://img.naukimg.com/logo_images/groups/v1/2147656.gif,,Physiotherapist,"The Physiotherapist is responsible for delivering physiotherapy treatment to patients with physical disabilities, injuries, post-operative conditions, neurological disorders, cardiopulmonary illnesses, and musculoskeletal problems..The Physiotherapist works closely with consultants other healthcare professionals and ensuring compliance with hospital policies,",full_time,non_clinical,https://www.naukri.com/job-listings-physiotherapist-amandeep-hospital-amritsar-7-to-12-years-070826008930,2026-08-07,7,12,200000,375000,per_annum,INR,true,
India,IN,+91,Ahmedabad(Gota),Connote Healthcare,hospital,https://img.naukimg.com/logo_images/groups/v1/10306356.gif,,International Business Development Manager,"We hire assets, not employees Job Title: Business Development Manager International (Pharma) Location: Gota, Ahmedabad Experience Required: 3-5 Years Industry: Pharmaceuticals Job Summary: We are seeking a dynamic and results-driven Business Development Manager – International with 3-5 years of experience in the pharmaceutical industry. The ideal candidate will have a strong science background and proven expertise in developing international markets, particularly in Africa, Latin America, and Southeast Asia. Experience in finished pharmaceutical formulations (FDF) is highly preferred. The role will focus on expanding the company’s international presence, identifying new business opportunities, managing distributor partnerships, and driving revenue growth across assigned territories. Key Responsibilities: Identify, evaluate, and develop new business opportunities in international markets (Africa, Latin America, Southeast Asia). Develop and manage relationships with distributors, agents, and key stakeholders. Drive sales growth of finished pharmaceutical products in assigned territories. Lead market entry strategies, product registrations, and tender participation. Negotiate commercial agreements, pricing, and contracts with international partners. Conduct market research and competitor analysis to identify growth opportunities. Coordinate with regulatory, supply chain, and manufacturing teams to ensure smooth execution. Achieve revenue targets and ensure sustainable business expansion. Represent the company at international exhibitions, trade fairs, and business meetings. Monitor market trends, regulatory changes, and industry developments. Qualifications & Requirements: Bachelor’s or Master’s degree in Pharmacy, Life Sciences, Biotechnology, or related scientific field (MBA preferred). 3-5 years of experience in the pharmaceutical industry. Strong experience in international business development. Proven exposure to Africa, Latin America, and Southeast Asia markets. Experience in finished pharmaceutical products (FDF) is highly preferred. Knowledge of international regulatory frameworks and tender business. Strong negotiation and communication skills. Ability to travel internationally as required.",full_time,non_clinical,https://www.naukri.com/job-listings-international-business-development-manager-connote-healthcare-ahmedabad-3-to-5-years-070826025070,2026-08-07,3,5,1000000,1200000,per_annum,INR,true,
India,IN,+91,Coimbatore,Omega Healthcare,hospital,https://img.naukimg.com/logo_images/groups/v1/644276.gif,,Walk-in || Omega is hiring fresher AR Associate(Immediate joiners) at CBE,Eligibility -Only Graduates,full_time,non_clinical,https://www.naukri.com/job-listings-omega-is-hiring-fresher-ar-associate-immediate-joiners-at-cbe-omega-healthcare-coimbatore-0-to-2-years-060826010871,2026-08-07,0,2,125000,275000,per_annum,INR,true,
India,IN,+91,Chennai(Anna Nagar East +7),Apollo Health and Lifestyle (AHLL),hospital,https://img.naukimg.com/logo_images/groups/v1/51940.gif,,Staff Nurse / Male,"This opportunity is work in an OPD based environment wherein,job shifts will always be Day Shifts Gender: male Timings: Rotational shifts ( 7AM TO 4PM / 11AM TO 8PM) Freshers can also apply (however,preference will be from 1- 5 years) This would be an excellent career movement for young Nursing professionals with hands on experience managing patients",full_time,nurses,https://www.naukri.com/job-listings-staff-nurse-male-apollo-health-and-lifestyle-ahll-chennai-1-to-6-years-100525004578,2026-08-07,1,6,,,,,true,
India,IN,+91,Pune(Kharadi),Optum,hospital,https://img.naukimg.com/logo_images/groups/v1/4847169.gif,,Walk-in || Collections Representative - AR Calling - RCM Denial Management,"Graduate Degree - Any Graduate . Able to analyze EOBs and denials at a claim level,in addition they should find trends impacting dollar and #s,leading to process improvements . Proficient in MS Office software Proven ability to use good judgment and critical thinking skills Uses good judgment and critical thinking skills",full_time,non_clinical,https://www.naukri.com/job-listings-collections-representative-ar-calling-rcm-denial-management-optum-pune-1-to-4-years-070826038587,2026-08-07,1,4,,,,,true,
India,IN,+91,Chennai,MIOT International,hospital,https://img.naukimg.com/logo_images/groups/v1/11928.gif,,Junior Doctor -Critical Care,The ideal candidate should have 0-2 years of experience in managing Critical ICU cases and must be proficient in Advanced Life Support,full_time,doctors,https://www.naukri.com/job-listings-junior-doctor-critical-care-miot-international-chennai-0-to-2-years-150726025430,2026-08-07,0,2,,,,,true,
India,IN,+91,Chennai,MIOT International,hospital,https://img.naukimg.com/logo_images/groups/v1/11928.gif,,Clinical Biochemist,Freshers with 1 year minimum can apply,full_time,non_clinical,https://www.naukri.com/job-listings-clinical-biochemist-miot-international-chennai-1-to-3-years-210726027837,2026-08-07,1,3,,,,,true,
India,IN,+91,Chennai,MIOT International,hospital,https://img.naukimg.com/logo_images/groups/v1/11928.gif,,Radiologist,Experience: 2 -6 Years,full_time,doctors,https://www.naukri.com/job-listings-radiologist-miot-international-chennai-0-to-6-years-070826034511,2026-08-07,0,6,,,,,true,
India,IN,+91,Navi Mumbai,Eclat Health Solutions,hospital,https://img.naukimg.com/logo_images/groups/v1/4660237.gif,,Urjent Hiring For Ed Facility Coder/QA,Responsibilities: Maintain confidentiality at all times Collaborate with healthcare team on coding queries Accurately code medical records using Ed Facility software Meet deadlines for submission of codes,full_time,non_clinical,https://www.naukri.com/job-listings-urjent-hiring-for-ed-facility-coder-qa-eclat-health-solutions-navi-mumbai-2-to-6-years-070826038212,2026-08-07,2,6,300000,800000,per_annum,INR,true,
India,IN,+91,Bangladesh,Rhea Healthcare,hospital,,,Embryologist,Proper data collection and update for the presentations at the monthly result meetings of the clinics and whenever required,full_time,doctors,https://www.naukri.com/job-listings-embryologist-rhea-healthcare-bangladesh-5-to-8-years-080826000062,2026-08-07,5,8,,,,,true,
India,IN,+91,Hyderabad,Modernsignal Services,hospital,https://img.naukimg.com/logo_images/groups/v1/12484334.gif,,"Technology Principal, Medical & Operations","Strategic partner bridging Clinical/Ops leadership and technology Owns a 12 - 24 month vision (EMR, RCM, patient engagement) starts from business vision AI Savvy Presents roadmaps and capability assessments directly to C suite",full_time,non_clinical,https://www.naukri.com/job-listings-technology-principal-medical-operations-modernsignal-services-hyderabad-10-to-20-years-080826000034,2026-08-07,10,20,1440000,3600000,per_annum,INR,true,
India,IN,+91,Beawar,Shree Parshvanath Jain Hospital And Research Center,hospital,https://img.naukimg.com/logo_images/groups/v1/12399887.gif,,Radiologist,Responsibilities: * Perform USG & Interpret imaging results accurately * Collaborate with healthcare team on diagnosis and treatment plans * Maintain patient confidentiality at all times,full_time,doctors,https://www.naukri.com/job-listings-radiologist-shree-parshvanath-jain-hospital-and-research-center-beawar-0-to-5-years-070826040299,2026-08-07,0,5,3600000,7200000,per_annum,INR,true,
India,IN,+91,Beawar,Shree Parshvanath Jain Hospital And Research Center,hospital,https://img.naukimg.com/logo_images/groups/v1/12399887.gif,,General Surgeon,"Roles and Responsibilities Perform laparoscopic surgeries with precision and accuracy. Conduct pre-operative assessments, develop treatment plans, and provide post-operative care to patients. Collaborate with other medical professionals to ensure seamless patient care. Stay updated on latest advancements in general surgery techniques and technologies. Maintain accurate records of patient treatments and outcomes.",full_time,doctors,https://www.naukri.com/job-listings-general-surgeon-shree-parshvanath-jain-hospital-and-research-center-beawar-0-to-5-years-070826040275,2026-08-07,0,5,,,,,true,
India,IN,+91,Beawar,Shree Parshvanath Jain Hospital And Research Center,hospital,https://img.naukimg.com/logo_images/groups/v1/12399887.gif,,Ophthalmologist,"Roles and Responsibilities Perform cataract surgeries using phacoemulsification techniques. Diagnose and treat various eye conditions including glaucoma, retina, and cornea. Collaborate with other medical professionals to provide comprehensive patient care. Stay updated with latest advancements in ophthalmology through continuous learning and training.",full_time,doctors,https://www.naukri.com/job-listings-ophthalmologist-shree-parshvanath-jain-hospital-and-research-center-beawar-0-to-5-years-070826040256,2026-08-07,0,5,,,,,true,
India,IN,+91,Mumbai Suburban,Sir Hn Reliance Foundation Hospital,hospital,https://img.naukimg.com/logo_images/groups/v1/4660015.gif,,Manager/Senior Manager Lab Operations,"Candidate Profile . Masters Degree in Medical Laboratory Technology (MLT),Life Sciences,Microbiology,Biochemistry,or related field. . MBA Hospital Administration / Healthcare Management preferred. . 8-15 years of experience in hospital laboratory operations,including team leadership responsibilities. Preferred Industry",full_time,non_clinical,https://www.naukri.com/job-listings-manager-senior-manager-lab-operations-sir-hn-reliance-foundation-hospital-mumbai-suburban-5-to-20-years-070826040207,2026-08-07,5,20,1000000,1800000,per_annum,INR,true,
India,IN,+91,Chennai,Savista,hospital,https://img.naukimg.com/logo_images/groups/v1/6013316.gif,,Hiring Experienced AR callers,Proficiency in MS Excel and MS Office Required Experience & Skills Minimum 2+ years of experience in Accounts Receivable (US Healthcare) Hands on experience with insurance calling and AR follow ups Good typing speed and keyboard proficiency Experience is Athena software mandatory,full_time,non_clinical,https://www.naukri.com/job-listings-hiring-experienced-ar-callers-savista-chennai-2-to-4-years-070526033148,2026-08-07,2,4,,,,,true,
India,IN,+91,Navi Mumbai,Gebbs Healthcare Solutions,hospital,https://img.naukimg.com/logo_images/groups/v1/948366.gif,,Sr. Manager Training - Medical Billing  US Healthcare,"Shift Time: 6pm to 3am . Master s or Bachelor s Degree. Leadership: Prior experience in leading and managing a large training department,demonstrating strong leadership and strategic planning abilities. . .",full_time,non_clinical,https://www.naukri.com/job-listings-sr-manager-training-medical-billing-us-healthcare-gebbs-healthcare-solutions-navi-mumbai-11-to-15-years-070826039887,2026-08-07,11,15,,,,,true,
India,IN,+91,Indore,Arham Aesthetics Skin Hair Laser Clinic,hospital,https://img.naukimg.com/logo_images/groups/v1/12477820.gif,,Clinic administrator + Receptionist,Responsibilities: Greet visitors & clients Maintain front desk organization Schedule appointments & meetings Manage phone calls & messages Provide administrative support Dispense medicine,full_time,non_clinical,https://www.naukri.com/job-listings-clinic-administrator-receptionist-arham-aesthetics-skin-hair-laser-clinic-indore-0-to-2-years-070826039877,2026-08-07,0,2,50000,125000,per_annum,INR,true,
India,IN,+91,Hyderabad,Elephanthook Technologies (opc),hospital,https://img.naukimg.com/logo_images/groups/v1/12167454.gif,,Lead Quality Analyst Medical Scribing & Transcription,"Res: Audit AI-generated medical documentation Ensure clinical accuracy and quality Review transcripts against audio Analyze quality metrics Coach production teams Follow client guidelines Monitor Precision, Recall, and F1 quality metrics",full_time,non_clinical,https://www.naukri.com/job-listings-lead-quality-analyst-medical-scribing-transcription-elephanthook-technologies-opc-hyderabad-5-to-8-years-070826039842,2026-08-07,5,8,960000,1200000,per_annum,INR,true,
India,IN,+91,Hyderabad,Syneos Health,hospital,https://img.naukimg.com/logo_images/groups/v1/7740739.gif,,Sr Statistical Programmer(ADaM & TLF),"Role & responsibilities Job Responsibilities Uses SAS or other software to develop custom programming code to generate summary tables, data listings, graphs and derived datasets as specified in the statistical analysis plan and programming specifications. Works to ensure that outputs meet quality standards and project requirements. Performs validation programming and works with other Programmers, Biostatisticians, and other project team members to resolve discrepancies or any findings. Keeps project team members informed of programming progress and issues requiring their attention. Follow applicable SOPs, WIs, and relevant regulatory guidelines (e.g. ICH). Maintains well organized, complete, and up-to-date project documentation, testing, and verification/quality control documents and programs ensuring inspection readiness. Manages scheduling and time constraints across multiple projects at a time, sets goals based on priorities from management, and adapts to timeline or priority changes by reorganizing daily workload. Develops specifications for datasets and outputs of any complexity according to statistical and sponsor requirements. Anticipates and addresses potential programming issues, reflects forethought, establishes the basis for efficient programming and accurately defines all variables to be accepted by peer review and sponsor/requestor with little rework. Prepares in advance for internal meetings, contributes ideas, and demonstrates respect for opinions of others. Conducts effective internal meetings (appropriate in format, frequency and attendance). Distributes relevant information in advance. Ensures minutes are promptly and accurately distributed. Follows action items through to completion, and maintains order and focus of meetings, working toward consensus. Displays willingness to work with others and assist with projects and initiatives as necessary to meet the needs of the business. Negotiates and establishes accurate time estimates for completion of study programming activities with internal team members and statistical programming management, and completes project programming activities within timeframe allotted. Acts as the lead statistical programmer. Directs the programming activities of other programming personnel and monitors progress on programming deliverables. Reviews project documentation such as Statistical Analysis Plan, mock shells, programming specifications, annotated CRFs, and SAS database design. Provides feedback to the appropriate project team members which reflects forethought and reduces inefficiencies in programming activities. Participates in sponsor meetings, kickoff meetings, and bid defense meetings as statistical programming representative, as required by sponsor. Contributes to the mentoring of programming personnel through developing training courses, presenting training materials, reviewing work, and providing feedback or guiding new associates in process. Transfers deliverables. Performs other work-r",full_time,non_clinical,https://www.naukri.com/job-listings-sr-statistical-programmer-adam-tlf-syneos-health-hyderabad-5-to-10-years-070826039807,2026-08-07,5,10,,,,,true,
India,IN,+91,Pune,Tata Consultancy Services,hospital,https://img.naukimg.com/logo_images/groups/v1/223346.gif,,Salesforce Integration Developers,"Expertise with Salesforce APIs,batch integration,Strong knowledge of REST / SOAP APIs,OAuth,MuleSoft and Named Credentials Preferred candidate profile . In-depth experience with Salesforce Heath Cloud and healthcare compliance standards Experience with healthcare data standards (HL7 / FHIR) and systems like SAP or Veeva",full_time,non_clinical,https://www.naukri.com/job-listings-salesforce-integration-developers-tata-consultancy-services-pune-4-to-6-years-070826039803,2026-08-07,4,6,,,,,true,
India,IN,+91,Surat(Vesu),Pulkit Mukesh Jain,hospital,https://img.naukimg.com/logo_images/groups/v1/12443992.gif,,Male Panchkarma Therapist,Responsibilities: Provide Ayurvedic/Naturopathic consultations as needed. Conduct Panchakarma treatments with expertise. Collaborate with healthcare team on patient care plans.,full_time,non_clinical,https://www.naukri.com/job-listings-male-panchkarma-therapist-pulkit-mukesh-jain-surat-0-to-1-years-010726012370,2026-08-07,0,1,150000,200000,per_annum,INR,true,
India,IN,+91,Remote,Syneos Health,hospital,https://img.naukimg.com/logo_images/groups/v1/7740739.gif,,Sr Statistical Programmer(ADaM & TLF),"Role & responsibilities Job Responsibilities Uses SAS or other software to develop custom programming code to generate summary tables, data listings, graphs and derived datasets as specified in the statistical analysis plan and programming specifications. Works to ensure that outputs meet quality standards and project requirements. Performs validation programming and works with other Programmers, Biostatisticians, and other project team members to resolve discrepancies or any findings. Keeps project team members informed of programming progress and issues requiring their attention. Follow applicable SOPs, WIs, and relevant regulatory guidelines (e.g. ICH). Maintains well organized, complete, and up-to-date project documentation, testing, and verification/quality control documents and programs ensuring inspection readiness. Manages scheduling and time constraints across multiple projects at a time, sets goals based on priorities from management, and adapts to timeline or priority changes by reorganizing daily workload. Develops specifications for datasets and outputs of any complexity according to statistical and sponsor requirements. Anticipates and addresses potential programming issues, reflects forethought, establishes the basis for efficient programming and accurately defines all variables to be accepted by peer review and sponsor/requestor with little rework. Prepares in advance for internal meetings, contributes ideas, and demonstrates respect for opinions of others. Conducts effective internal meetings (appropriate in format, frequency and attendance). Distributes relevant information in advance. Ensures minutes are promptly and accurately distributed. Follows action items through to completion, and maintains order and focus of meetings, working toward consensus. Displays willingness to work with others and assist with projects and initiatives as necessary to meet the needs of the business. Negotiates and establishes accurate time estimates for completion of study programming activities with internal team members and statistical programming management, and completes project programming activities within timeframe allotted. Acts as the lead statistical programmer. Directs the programming activities of other programming personnel and monitors progress on programming deliverables. Reviews project documentation such as Statistical Analysis Plan, mock shells, programming specifications, annotated CRFs, and SAS database design. Provides feedback to the appropriate project team members which reflects forethought and reduces inefficiencies in programming activities. Participates in sponsor meetings, kickoff meetings, and bid defense meetings as statistical programming representative, as required by sponsor. Contributes to the mentoring of programming personnel through developing training courses, presenting training materials, reviewing work, and providing feedback or guiding new associates in process. Transfers deliverables. Performs other work-r",full_time,non_clinical,https://www.naukri.com/job-listings-sr-statistical-programmer-adam-tlf-syneos-health-hyderabad-5-to-10-years-070826039769,2026-08-07,5,10,,,,,true,
India,IN,+91,Noida,Bejobbed Incorporation,hospital,https://img.naukimg.com/logo_images/groups/v1/3497294.gif,,. Head Sales For a leading Homeopathic & Healthcare Firm,"Drive P&L,sales strategies,mentor teams,build pharmacy / distributor partnerships,and establish strong doctor connect 15 - 20 yrs exp of OTC product sales across channels including Chemists,have good doctor connect",full_time,non_clinical,https://www.naukri.com/job-listings-head-sales-for-a-leading-homeopathic-healthcare-firm-bejobbed-incorporation-noida-delhi-ncr-15-to-24-years-070826039764,2026-08-07,15,24,5000000,6500000,per_annum,INR,true,
India,IN,+91,Gurugram,Grand Consultants,hospital,https://img.naukimg.com/logo_images/groups/v1/213306.gif,,Surgical Gastroenterologist Required at  Gurgaon Haryana  Salary 5 To,Surgical Gastroenterologist Required at Gurgaon Haryana Salary 5 to 7 Lakhs Bathinda Punjab Salary 4 to 5 Lakhs Contact: Mr. Mohit - 9216999555 Mr. Arnav - 7837780722 Email: doctorsplacements@gmail.com www.doctorsplacements.com,full_time,doctors,https://www.naukri.com/job-listings-surgical-gastroenterologist-required-at-gurgaon-haryana-salary-5-to-grand-consultants-gurugram-bathinda-0-to-5-years-070826039759,2026-08-07,0,5,7500000,8500000,per_annum,INR,true,
India,IN,+91,Ahmedabad,Interactive Manpower Solutions,hospital,https://img.naukimg.com/logo_images/groups/v1/4658085.gif,,UK Recruiter,"Shift Options: . UK Shift: 12:30 PM 10:00 PM Rotational Shift: Includes Saturday-Sunday working,with any two weekdays off (Monday-Friday) Enjoy the work-life balance of a five-day workweek (for UK shift roles) Educational Qualification: . Graduate in any discipline Experience: Should be fluent in English Communication / Experience in Recruitment",full_time,non_clinical,https://www.naukri.com/job-listings-uk-recruiter-interactive-manpower-solutions-ahmedabad-0-to-3-years-080725006583,2026-08-07,0,3,125000,400000,per_annum,INR,true,
India,IN,+91,Panipat,Grand Consultants,hospital,https://img.naukimg.com/logo_images/groups/v1/213306.gif,,MD Medicine required at Lucknow UP Salary 2 Lakhs + Accommodation,MD Medicine required at Lucknow UP Salary 2 Lakhs + Accommodation Sirsa Haryana Salary 3.5 to 4 Lakhs Contact (Call/Whatsapp) Mr. Mohit - 9216999555 Mr. Arnav - 7837780722 Email: doctorsplacements@gmail.com www.doctorsplacements.com,full_time,doctors,https://www.naukri.com/job-listings-md-medicine-required-at-lucknow-up-salary-2-lakhs-accommodation-grand-consultants-panipat-sirsa-hoshiarpur-gadchiroli-lucknow-amreli-jhajjar-sonipat-amritsar-0-to-5-years-070826039622,2026-08-07,0,5,2000000,2500000,per_annum,INR,true,
India,IN,+91,Hyderabad,KERA BOND,hospital,https://img.naukimg.com/logo_images/groups/v1/9456795.gif,,Medical Representative,Responsibilities: * Build strong relationships with healthcare professionals * Promote products through effective communication * Meet monthly sales targets and report results,full_time,non_clinical,https://www.naukri.com/job-listings-medical-representative-kera-bond-hyderabad-2-to-6-years-070826039579,2026-08-07,2,6,300000,360000,per_annum,INR,true,
India,IN,+91,Hoshiarpur,Grand Consultants,hospital,https://img.naukimg.com/logo_images/groups/v1/213306.gif,,Ophthalmologist Required at  Hoshiarpur Punjab  Salary 3 Lakhs + Share,Ophthalmologist Required at Hoshiarpur Punjab Salary 3 Lakhs + Share Potential 4 Lakhs + Furnished Accommodation Contact: Mr. Mohit - 9216999555 Mr Arnav - 7837780722 Email: doctorsplacements@gmail.com www.doctorsplacements.com,full_time,doctors,https://www.naukri.com/job-listings-ophthalmologist-required-at-hoshiarpur-punjab-salary-3-lakhs-share-grand-consultants-hoshiarpur-amritsar-moga-0-to-5-years-070826039494,2026-08-07,0,5,3500000,4500000,per_annum,INR,true,
India,IN,+91,Hyderabad,Optum,hospital,https://img.naukimg.com/logo_images/groups/v1/4847169.gif,,Walk-in || AR Calling - Hospital Billing/RCM Denial Management,"The AR Associate is responsible for the accounts receivable aspects of the client-focused revenue cycle operations and must display in-depth knowledge of and execute all standard operating procedures (SOPs) as well as communicating issues, trends, concerns and suggestions to leadership. Primary Responsibilities: Review outstanding insurance balances to identify and resolve issues preventing finalization of claim payment; including coordinating with payers, patients and clients when appropriate Analyze and trend data, recommending solutions to improve first pass denial rates and reduce age of overall AR Accounts Receivable Specialist that has an ""understanding"" of the whole accounting cycle / claim life cycle Ensure all workflow items are completed within the set turn-around-time within quality expectations Able to analyze EOBs and denials at a claim level in addition they should find trends impacting dollar and #''s, leading to process improvements Perform other duties as assigned Comply with the terms and conditions of the employment contract, company policies and procedures, and any and all directives (such as, but not limited to, transfer and/or re-assignment to different work locations, change in teams and/or work shifts, policies in regards to flexibility of work benefits and/or work environment, alternative work arrangements, and other decisions that may arise due to the changing business environment). The Company may adopt, vary or rescind these policies and directives in its absolute discretion and without any limitation (implied or otherwise) on its ability to do so Required Qualifications: Graduate 12+ months and above experience in healthcare accounts receivable (Denial Management); Mandate: Hospital Billing experience Functional knowledge of HIPAA rules and regulations and experience related to privacy laws, access and release of information Solid knowledge of medical insurance (HMO, PPO, Medicare, Medicaid, Private Payers) In-depth working knowledge of the various applications associated with the workflows Solid knowledge and use of the American English language skills with neutral accent Proficient in MS Office software; particularly Excel and Outlook Proven ability to communicate effectively with all internal and external clients Proven ability to use good judgment and critical thinking skills; ability to identify and resolve problems Proven efficient and accurate keyboard/typing skills Proven solid work ethic and a high level of professionalism with a commitment to client/patient satisfaction.",full_time,non_clinical,https://www.naukri.com/job-listings-ar-calling-hospital-billing-rcm-denial-management-optum-hyderabad-1-to-5-years-030826005457,2026-08-07,1,5,,,,,true,
India,IN,+91,Chennai,AnnexMed,hospital,https://img.naukimg.com/logo_images/groups/v1/4580123.gif,,Hiring For Experienced AR Calling!!,"Required Skills . Good verbal and written English communication skills Familiarity with CPT,ICD-10,and HCPCS coding concepts (preferred)",full_time,non_clinical,https://www.naukri.com/job-listings-hiring-for-experienced-ar-calling-annexmed-chennai-1-to-5-years-070826039445,2026-08-07,1,5,,,,,true,
India,IN,+91,Chennai,AGS Health,hospital,https://img.naukimg.com/logo_images/groups/v1/2187308.gif,,Walk-in || Opening For AR Caller - Behavioral Health Experienced,Shift Timing: 5 PM to 2 AM Should be comfortable working with Night shifts Should have basic knowledge of the entire RCM (Revenue Cycle Management) Required Skills: . Minimum 1year of experience in AR calling with Behavioral Health billing Calling experience on Denial Management - Physician Billing / Hospital Billing Good Communication skills,full_time,non_clinical,https://www.naukri.com/job-listings-opening-for-ar-caller-behavioral-health-experienced-ags-health-chennai-1-to-5-years-070826039432,2026-08-07,1,5,,,,,true,
India,IN,+91,Chennai,AnnexMed,hospital,https://img.naukimg.com/logo_images/groups/v1/4580123.gif,,Walk-in || Hiring Experienced AR Analyst,Minimum 1 yrs of experience into respective specialty. *Good knowledge in medical terminology Experience:1 -4 Years .,full_time,non_clinical,https://www.naukri.com/job-listings-hiring-experienced-ar-analyst-annexmed-chennai-1-to-5-years-070826039431,2026-08-07,1,5,,,,,true,
India,IN,+91,Chennai,Med-metrix,hospital,https://img.naukimg.com/logo_images/groups/v1/11074760.gif,,Walk-in || MMX -AR Callers- Walk-in interview from Aug (10 To 13),"Med-Metrix - AR Caller PB/HB Walk-in interview from Aug(10 to 13), 2026 Interview date: Aug (10 to 13), 2026 Walk-in time: 3.30 PM to 5.30 PM Interview Address :7th Floor, Millenia Business Park II, 4A Campus,143, Dr. M.G.R. Road, Kandanchavadi, Perungudi, Chennai, Tamil Nadu 600096, India Contact Person :Arun T Contact Number : +91 7904110585 Preferred candidate profile : AR Caller (1 to 3) Years - (US Health care) Physician Billing (PB) & Hospital Billing (HB) With minimum 1+ year's of Healthcare Account Receivable/Collections in a BPO setting or environment (claims payments processing, claims status and tracking, Medical Billing, AR Follow ups, Denials and Appeals-outbound healthcare providers) Experienced on medical billing/ AR Calling. Background in calling insurance (Payer) to verify claim status and payment dispute. Must be amenable to work night shifts. Note : Please mention (Arun HR ) at the top of the resume while stepping in for interview ! Perks and benefits : CAB Facility (Two way) Incentives Salary good in the Industry Captive Organization For more details, Please share your resume to Arun HR-7904110585 or athanulingam@med-metrix.com Thanks & Regards Arun Thanulingam Recruitment Specialist",full_time,non_clinical,https://www.naukri.com/job-listings-mmx-ar-callers-walk-in-interview-from-aug-10-to-13-med-metrix-chennai-1-to-3-years-070826039377,2026-08-07,1,3,,,,,true,
India,IN,+91,Chennai,Sun Pharma,pharma,https://img.naukimg.com/logo_images/groups/v1/241236.gif,,Regional Sales Manager,Education: Any Graduate Business prospecting Ability to anticipate the requirements of business and develop required action plan to achieve the same Experience: 10 years of pharma selling with 2 - 3 years as Second Line,full_time,non_clinical,https://www.naukri.com/job-listings-regional-sales-manager-sun-pharma-chennai-8-to-13-years-070826039370,2026-08-07,8,13,1300000,2250000,per_annum,INR,true,
India,IN,+91,Batala,Grand Consultants,hospital,https://img.naukimg.com/logo_images/groups/v1/213306.gif,,Gynecologist Vacancies Lucknow UP Salary 2 Lakhs + Accommodation,*Gynecologist Vacancies* Lucknow UP Salary 2 Lakhs + Accommodation Batala Punjab Salary 3.5 Lakhs *Contact* - Mr. Mohit - 9216999555 - Mr. Arnav - 7837780722 - Email: doctorsplacements@gmail.com - Website: www.doctorsplacements.com,full_time,doctors,https://www.naukri.com/job-listings-gynecologist-vacancies-lucknow-up-salary-2-lakhs-accommodation-grand-consultants-batala-lucknow-tohana-0-to-5-years-070826039337,2026-08-07,0,5,2000000,2500000,per_annum,INR,true,
India,IN,+91,Hybrid - Hyderabad,Manpowergroup Services India,hospital,https://img.naukimg.com/logo_images/groups/v1/6542981.gif,,Senior Data Integration Analyst,"At least 3 years experience in clinical data management and more than 1 years in external data integration and mapping Strong experience with CDM and related regulations (incl Bachelor or Master of Science degree or above,preferably in a life science or mathematics-related area (e.g.,Pharmaceutical,medical,or mathematics,computer science or similar technical fields)",full_time,non_clinical,https://www.naukri.com/job-listings-senior-data-integration-analyst-manpowergroup-services-india-hyderabad-4-to-6-years-070826039285,2026-08-07,4,6,800000,1500000,per_annum,INR,true,
India,IN,+91,Chennai,Globallogic,hospital,https://img.naukimg.com/logo_images/groups/v1/360296.gif,,Senior Full Stack Software Engineer,"React Ecosystem: Strong React hooks,state management (Zustand / Redux),Node.js,and modern tooling (Vite). . Data Visualization: Building polished,information-dense charts and UI components (Recharts,D3,or comparable). . Data Fetching: Experience with TanStack React Query or comparable tools. . SQL & Data Layer",full_time,non_clinical,https://www.naukri.com/job-listings-senior-full-stack-software-engineer-globallogic-chennai-bengaluru-5-to-10-years-070826039231,2026-08-07,5,10,,,,,true,
India,IN,+91,Bengaluru(Harohalli),Bizapt Solutions,hospital,https://img.naukimg.com/logo_images/groups/v1/3591740.gif,,Senior/Principal Scientist -Peptide,"Led peptide programs route selection, SPPS/LPPS/hybrid strategy, scale-up, tech transfer Deep analytical ownership: RP-HPLC/UPLC method dev & validation, impurity profiling, MS characterization, peptide mapping, chiral/counter-ion analysis.Regulatory-grade documentation — method validation protocols, specs, stability, DMF/CMC input Track record of taking molecules from gram to kg / commercial scale.",full_time,non_clinical,https://www.naukri.com/job-listings-senior-principal-scientist-peptide-bizapt-solutions-bengaluru-10-to-15-years-070826039157,2026-08-07,10,15,,,,,true,
India,IN,+91,Lucknow,Grand Consultants,hospital,https://img.naukimg.com/logo_images/groups/v1/213306.gif,,General & Laparoscopic Surgeon Required at Lucknow UP Salary 2 Lakhs,General & Laparoscopic Surgeon Required at Lucknow UP Salary 2 Lakhs + Accommodation Contact: Mr. Mohit 9216999555 Mr. Arnav 7837780722 Email: doctorsplacements@gmail.com www.doctorsplacements.com,full_time,doctors,https://www.naukri.com/job-listings-general-laparoscopic-surgeon-required-at-lucknow-up-salary-2-lakhs-grand-consultants-lucknow-tohana-amritsar-0-to-5-years-070826039152,2026-08-07,0,5,2000000,2500000,per_annum,INR,true,
India,IN,+91,Noida(Sector 32),Dynamics Of Movement Life Sciences,pharma,https://img.naukimg.com/logo_images/groups/v1/11818811.gif,,Senior Physiotherapist,DMPhysios is looking for Senior Physiotherapist for its center located in Wave City Center Noida. Conducting complex mobilization techniques. Spine Rehabilitation Planning and organizing physiotherapy and fitness programs.,full_time,non_clinical,https://www.naukri.com/job-listings-senior-physiotherapist-dynamics-of-movement-life-sciences-noida-4-to-9-years-070826039053,2026-08-07,4,9,360000,420000,per_annum,INR,true,
India,IN,+91,Hyderabad,Wissen Technology,hospital,https://img.naukimg.com/logo_images/groups/v1/3689664.gif,,Full Stack Engineer,Required Skills: . . 4 to 15 years of experience in software engineering frameworks. . . Proficiency in TypeScript and a deep understanding of React components. . . . Must Have Skills: . . Strong front-end and back-end software configuration expertise. . . Experience : 6 - 10 Years Solid working experience with Node.js environments. . .,full_time,non_clinical,https://www.naukri.com/job-listings-full-stack-engineer-wissen-technology-hyderabad-6-to-10-years-070826039052,2026-08-07,6,10,,,,,true,
India,IN,+91,Mumbai(Dadar),Torrent Pharmaceuticals,pharma,https://img.naukimg.com/logo_images/groups/v1/275530.gif,,Brand Manager For Consumer Healthcare Division,Experience of minimum 5 years in skincare/ baby care categories,full_time,non_clinical,https://www.naukri.com/job-listings-brand-manager-for-consumer-healthcare-division-torrent-pharmaceuticals-mumbai-all-areas-5-to-9-years-070826039045,2026-08-07,5,9,2000000,2500000,per_annum,INR,true,
India,IN,+91,Chennai(Kilpauk),Samara Vision Centre,hospital,https://img.naukimg.com/logo_images/groups/v1/5716234.gif,,Ophthalmologist,"Preferred candidate profile . Soft spoken,good natured,empathetic,skillful young ophthalmologists looking to understand and develop their patient management skills. . .",full_time,doctors,https://www.naukri.com/job-listings-ophthalmologist-samara-vision-centre-chennai-0-to-3-years-070826039020,2026-08-07,0,3,350000,500000,per_annum,INR,true,
India,IN,+91,Hybrid - Hyderabad,Manpowergroup Services India,hospital,https://img.naukimg.com/logo_images/groups/v1/6542981.gif,,Principal Data Standards Analyst,"Preferred CDISC certification in one of more of the models) Bachelor s degree or above,preferably in Life Science or related field Expected Experience: . At least 7-8 years of relevant professional experience in Pharmaceutical Industry,with strong involvement in the clinical data flow,specialized in Data Standards Management",full_time,non_clinical,https://www.naukri.com/job-listings-principal-data-standards-analyst-manpowergroup-services-india-hyderabad-7-to-9-years-070826039019,2026-08-07,7,9,1000000,1500000,per_annum,INR,true,
India,IN,+91,Rohtak,Grand Consultants,hospital,https://img.naukimg.com/logo_images/groups/v1/213306.gif,,Gastroenterologist Required at Amritsar Punjab Salary 6 To 8 Lakhs,Gastroenterologist Required at Amritsar Punjab Salary 6 to 8 Lakhs Jabalpur Madhya Pradesh Min. 5 Yrs Experience Req Contact : Mr. Mohit- 9216999555 Mr. Arnav- 7837780722 Email: doctorsplacements@gmail.com www.doctorsplacements.com,full_time,doctors,https://www.naukri.com/job-listings-gastroenterologist-required-at-amritsar-punjab-salary-6-to-8-lakhs-grand-consultants-rohtak-jabalpur-amritsar-0-to-5-years-070826038921,2026-08-07,0,5,9000000,10000000,per_annum,INR,true,
India,IN,+91,Moga(Bagha Purana),Capitol Hospital,hospital,https://img.naukimg.com/logo_images/groups/v1/2137950.gif,,Medicine Specialist,Preferred candidate profile . .,full_time,non_clinical,https://www.naukri.com/job-listings-medicine-specialist-capitol-hospital-moga-1-to-6-years-070826038849,2026-08-07,1,6,175000,400000,per_annum,INR,true,
India,IN,+91,Bareilly,Amrach Consulting Services,hospital,https://img.naukimg.com/logo_images/groups/v1/11637606.gif,,Critical Care Physician,"II We are Hiring II Critical Care Physician Provide emergency medical treatment and care to critically ill patients in the ICU. Diagnose and manage complex medical conditions, including respiratory failure, sepsis, and organ failure. Perform and interpret diagnostic tests to assess patients' conditions. Develop and implement individualized treatment plans in consultation with a multidisciplinary team. Monitor patient progress and adjust treatment protocols as necessary. Communicate effectively with patients' families regarding medical conditions and care plans. Participate in daily rounds and contribute to medical discussions and decision-making. Ensure the highest standards of patient safety and quality of care. Stay up-to-date with the latest medical research, tools, and techniques in critical care medicine. Qualification - MBBS, DM/DNB Free Accommodation within Campus Salary - 42 L - 60 L (Negotiable) Share CV @ hr@amrach.com Thanks & Regards; Amrach Consulting Services LLP Call@ 9105521331 WhatsApp@ 9105521331",full_time,doctors,https://www.naukri.com/job-listings-critical-care-physician-amrach-consulting-services-bareilly-shahjahanpur-0-to-5-years-070826038823,2026-08-07,0,5,5500000,6000000,per_annum,INR,true,
India,IN,+91,Balotra,Himalaya Medical Barmer,hospital,https://img.naukimg.com/logo_images/groups/v1/12189436.gif,,Paediatrician,"looking for a dedicated, compassionate pediatrician to be responsible for the medical care of children from infancy to adolescence. The Prescribing and administering treatments, therapies, medications, vaccinations, & other specialized medical care.MD / DNB In pediatrics & fellowship in Neonatology / PICU",full_time,doctors,https://www.naukri.com/job-listings-paediatrician-himalaya-medical-barmer-balotra-1-to-5-years-100226044439,2026-08-07,1,5,2500000,3000000,per_annum,INR,true,
India,IN,+91,Bengaluru,Narayana Health (NH),hospital,https://img.naukimg.com/logo_images/groups/v1/565512.gif,,Senior Registrar,"Perform rotational shifts,night duties,weekend duties,and on-call responsibilities as assigned Valid Medical Council registration. . Fellowship or prior experience in Paediatric Hematology & Oncology is desirable",full_time,doctors,https://www.naukri.com/job-listings-senior-registrar-narayana-health-nh-bengaluru-1-to-2-years-070826038704,2026-08-07,1,2,,,,,true,
India,IN,+91,Moga(Bagha Purana),Capitol Hospital,hospital,https://img.naukimg.com/logo_images/groups/v1/2137950.gif,,Urologist Consultant,"Perform surgical procedures including prostatectomies,vasectomies,and other surgeries to treat various conditions affecting the male reproductive system.",full_time,doctors,https://www.naukri.com/job-listings-urologist-consultant-capitol-hospital-moga-1-to-6-years-070826038637,2026-08-07,1,6,400000,750000,per_annum,INR,true,
India,IN,+91,Hyderabad,Palni,hospital,https://img.naukimg.com/logo_images/groups/v1/3983724.gif,,Databricks Technical Lead,"Key Responsibilities Customer Architecture and Pre-sales Lead executive and technical discovery workshops; translate business outcomes and non-functional requirements into Data + AI roadmaps and target architectures. Architect end-to-end solutions covering ingestion, batch and streaming pipelines, lakehouse storage, governance, data warehousing, analytics, ML/GenAI and operational applications. Define phased migrations from legacy warehouses, Hadoop, cloud data platforms and ETL estates to Databricks. Lead technical solutioning for proposals, demonstrations, RFP/RFI responses, estimates and proofs of value; clearly articulate business value and architectural trade-offs. Collaborate with sales, delivery, cloud partners and Databricks account teams on joint pursuits and co-sell readiness. Delivery Governance and Practice Building Provide architecture governance from pursuit through production, including design, security, performance, cost and operational-readiness reviews. Guide CI/CD, infrastructure as code, environment strategy, testing, observability, release management and production support. Define the practice roadmap, skills matrix, certification plan and hiring profile; mentor architects, data engineers and technical leads. Create reusable reference architectures, discovery and estimation templates, demos, accelerators and technical playbooks. Databricks Platform Expertise Core Lakehouse, Data Engineering and Governance Delta Lake and lakehouse design: ACID transactions, schema evolution, Change Data Feed, optimization and Medallion or domain data-product patterns. Unity Catalog: catalogs/schemas, access controls, managed and external locations, lineage, discovery, audit, federation and Delta Sharing. Lakeflow Connect, Lakeflow Spark Declarative Pipelines and Lakeflow Jobs for ingestion, batch/streaming transformation, data quality, orchestration and observability. Apache Spark, PySpark, SQL and Structured Streaming, including workload sizing, optimization and production troubleshooting. Databricks SQL, serverless warehouses, query optimization, AI/BI dashboards and Genie for governed natural-language analytics. AI, Applications and Platform Engineering Lakebase architecture for PostgreSQL-compatible transactional workloads, application data and agent state, with appropriate integration to the lakehouse. Mosaic AI and MLflow: model lifecycle, evaluation, serving, Vector Search, RAG, AI Gateway, monitoring and governed agentic patterns. Familiarity with Agent Bricks is valuable. Databricks Apps and secure Data + AI application patterns, including the ability to separate operational, analytical and agentic workload requirements. Databricks Asset Bundles, Terraform, Git-based CI/CD, system tables, platform observability, serverless/compute policies and FinOps. Azure architecture is preferred; AWS or Google Cloud experience is valuable. Familiarity with Kafka, ADF, dbt, Snowflake, Synapse or Power BI is advantageous. Required Experience, Qualif",full_time,non_clinical,https://www.naukri.com/job-listings-databricks-technical-lead-palni-hyderabad-10-to-15-years-070826038635,2026-08-07,10,15,,,,,true,
India,IN,+91,Puducherry,Sehat Health Placements,hospital,https://img.naukimg.com/logo_images/groups/v1/4767163.gif,,NJR5105C - Senior Resident - Gynaecology (MS / DNB) - Pondicherry,Job Role: Senior Resident Location: Pondicherry Experience: 0 - 1 Year Salary: 1.40 L/Mo - 1.50 L/Mo; negotiable Gender preference: FemaleEducation: UG: MBBS or equivalent as per NMC rules PG: MS / DNB (Gynaecology) or equivalent Languages: Essential: English Desirable: Any South Indian LanguageSalary Negotiable,full_time,doctors,https://www.naukri.com/job-listings-njr5105c-senior-resident-gynaecology-ms-dnb-pondicherry-sehat-health-placements-puducherry-0-to-1-years-170924017587,2026-08-07,0,1,1700000,1800000,per_annum,INR,true,
India,IN,+91,Varanasi,Grand Consultants,hospital,https://img.naukimg.com/logo_images/groups/v1/213306.gif,,Anaesthesiologist Required Varanasi UP Salary 3 Lakhs + Share,Anaesthesiologist Required Varanasi UP Salary 3 Lakhs + Share Contact Us: Mr. Mohit: 9216999555 Mr. Arnav: 7837780722 Email:doctorsplacements@gmail.com Website: www.doctorsplacements.com,full_time,doctors,https://www.naukri.com/job-listings-anaesthesiologist-required-varanasi-up-salary-3-lakhs-share-grand-consultants-varanasi-amritsar-shahjahanpur-0-to-5-years-070826038545,2026-08-07,0,5,3000000,4000000,per_annum,INR,true,
India,IN,+91,Jalandhar,Capitol Hospital,hospital,https://img.naukimg.com/logo_images/groups/v1/2137950.gif,,Interventional Cardiologist,"Roles and Responsibilities Diagnose and treat patients with cardiovascular diseases using interventional techniques. Perform procedures such as angioplasty, stenting, and atherectomy to restore blood flow to the heart or other arteries. Collaborate with other healthcare professionals to develop treatment plans for patients with complex cardiac conditions. Conduct diagnostic tests such as ECGs, echocardiograms, and stress tests to evaluate patient condition.",full_time,doctors,https://www.naukri.com/job-listings-interventional-cardiologist-capitol-hospital-jalandhar-1-to-6-years-150426032311,2026-08-07,1,6,400000,800000,per_annum,INR,true,
India,IN,+91,Moga(Bagha Purana),Capitol Hospital,hospital,https://img.naukimg.com/logo_images/groups/v1/2137950.gif,,General Surgeon Consultant,"Roles and Responsibilities Perform laparoscopic surgeries with precision and accuracy. Conduct pre-operative assessments, develop treatment plans, and provide post-operative care to patients. Collaborate with other medical professionals to ensure seamless patient care. Stay updated on latest advancements in general surgery techniques and technologies. Maintain accurate records of patient treatments and outcomes.",full_time,doctors,https://www.naukri.com/job-listings-general-surgeon-consultant-capitol-hospital-moga-2-to-7-years-070826038494,2026-08-07,2,7,200000,400000,per_annum,INR,true,
India,IN,+91,Hyderabad,Palni,hospital,https://img.naukimg.com/logo_images/groups/v1/3983724.gif,,Principal Databricks Solution Architect,"Key Responsibilities Customer Architecture and Pre-sales Lead executive and technical discovery workshops; translate business outcomes and non-functional requirements into Data + AI roadmaps and target architectures. Architect end-to-end solutions covering ingestion, batch and streaming pipelines, lakehouse storage, governance, data warehousing, analytics, ML/GenAI and operational applications. Define phased migrations from legacy warehouses, Hadoop, cloud data platforms and ETL estates to Databricks. Lead technical solutioning for proposals, demonstrations, RFP/RFI responses, estimates and proofs of value; clearly articulate business value and architectural trade-offs. Collaborate with sales, delivery, cloud partners and Databricks account teams on joint pursuits and co-sell readiness. Delivery Governance and Practice Building Provide architecture governance from pursuit through production, including design, security, performance, cost and operational-readiness reviews. Guide CI/CD, infrastructure as code, environment strategy, testing, observability, release management and production support. Define the practice roadmap, skills matrix, certification plan and hiring profile; mentor architects, data engineers and technical leads. Create reusable reference architectures, discovery and estimation templates, demos, accelerators and technical playbooks. Databricks Platform Expertise Core Lakehouse, Data Engineering and Governance Delta Lake and lakehouse design: ACID transactions, schema evolution, Change Data Feed, optimization and Medallion or domain data-product patterns. Unity Catalog: catalogs/schemas, access controls, managed and external locations, lineage, discovery, audit, federation and Delta Sharing. Lakeflow Connect, Lakeflow Spark Declarative Pipelines and Lakeflow Jobs for ingestion, batch/streaming transformation, data quality, orchestration and observability. Apache Spark, PySpark, SQL and Structured Streaming, including workload sizing, optimization and production troubleshooting. Databricks SQL, serverless warehouses, query optimization, AI/BI dashboards and Genie for governed natural-language analytics. AI, Applications and Platform Engineering Lakebase architecture for PostgreSQL-compatible transactional workloads, application data and agent state, with appropriate integration to the lakehouse. Mosaic AI and MLflow: model lifecycle, evaluation, serving, Vector Search, RAG, AI Gateway, monitoring and governed agentic patterns. Familiarity with Agent Bricks is valuable. Databricks Apps and secure Data + AI application patterns, including the ability to separate operational, analytical and agentic workload requirements. Databricks Asset Bundles, Terraform, Git-based CI/CD, system tables, platform observability, serverless/compute policies and FinOps. Azure architecture is preferred; AWS or Google Cloud experience is valuable. Familiarity with Kafka, ADF, dbt, Snowflake, Synapse or Power BI is advantageous. Required Experience, Qualif",full_time,non_clinical,https://www.naukri.com/job-listings-principal-databricks-solution-architect-palni-hyderabad-12-to-18-years-070826038294,2026-08-07,12,18,,,,,true,
India,IN,+91,Lucknow,Grand Consultants,hospital,https://img.naukimg.com/logo_images/groups/v1/213306.gif,,Orthopedic Surgeon required at Lucknow UP Salary 1.5 To 2 Lakhs,Orthopedic Surgeon required at Lucknow UP Salary 1.5 to 2 Lakhs + Accommodation Contact: Mr. Arnav 7837780722 Mr. Mohit 9216999555 Email: doctorsplacements@gmail.com www.doctorsplacements.com,full_time,doctors,https://www.naukri.com/job-listings-orthopedic-surgeon-required-at-lucknow-up-salary-1-5-to-2-lakhs-grand-consultants-lucknow-gurdaspur-0-to-5-years-070826038286,2026-08-07,0,5,2000000,2500000,per_annum,INR,true,
India,IN,+91,Mumbai,Crescendo Global Leadership Hiring India,hospital,https://img.naukimg.com/logo_images/groups/v1/11637578.gif,,Director - Transactions,"Tier-1 MBA preferred Note Due to the high volume of applications,only shortlisted candidates will be contacted 12 18+ years of experience in Investment Banking,Private Equity,Transaction Advisory,or Capital Markets Strong experience in healthcare investments,healthcare M&A,real estate,infrastructure,or asset monetization transactions",full_time,non_clinical,https://www.naukri.com/job-listings-director-transactions-crescendo-global-leadership-hiring-india-mumbai-all-areas-10-to-15-years-070826038274,2026-08-07,10,15,,,,,true,
India,IN,+91,Hyderabad,Access Healthcare,hospital,https://img.naukimg.com/logo_images/groups/v1/2750596.gif,,Hiring HCC Medical Coders,Eligibility . Role: Certified HCC Coder. Experience: Minimum 1 year. Certification: Mandatory,full_time,non_clinical,https://www.naukri.com/job-listings-hiring-hcc-medical-coders-access-healthcare-hyderabad-chennai-1-to-3-years-070826038190,2026-08-07,1,3,300000,425000,per_annum,INR,true,
India,IN,+91,Bangalore Rural,INFINX,hospital,https://img.naukimg.com/logo_images/groups/v1/4668391.gif,,Opportunity For Medical Coders & Sr Medical Coder - Bangalore !!!,"Bachelors degree desired,or any equivalent combination of education and experience Excellent written and oral communication skills required to represent Infinx Clients Claims management and / or customer service experience desired Experience 13 years experience in Coding. . .",full_time,non_clinical,https://www.naukri.com/job-listings-opportunity-for-medical-coders-sr-medical-coder-bangalore-infinx-bangalore-rural-bengaluru-1-to-5-years-070826038077,2026-08-07,1,5,,,,,true,
India,IN,+91,Pune,Fresenius Kabi,hospital,https://img.naukimg.com/logo_images/groups/v1/241672.gif,,Product Manager,"Ensure adherence to company policies,COC,and compliance requirements. Education: . B Pharma,M.BA (MKTG.) Minimum 2-4 years of sales experience is desirable . 5 yrs experience in Marketing",full_time,non_clinical,https://www.naukri.com/job-listings-product-manager-fresenius-kabi-pune-2-to-4-years-070826038063,2026-08-07,2,4,500000,900000,per_annum,INR,true,
India,IN,+91,Hybrid - Bolpur,Bolpur Santiniketan Health Care,hospital,https://img.naukimg.com/logo_images/groups/v1/10957298.gif,,Marketing Manager,"Establish tie-ups with corporate offices,schools,colleges,factories,government and private organisations",full_time,non_clinical,https://www.naukri.com/job-listings-marketing-manager-bolpur-santiniketan-health-care-bolpur-3-to-5-years-070826038022,2026-08-07,3,5,300000,450000,per_annum,INR,true,
India,IN,+91,Hyderabad,Palni,hospital,https://img.naukimg.com/logo_images/groups/v1/3983724.gif,,Principal Databricks Solution Architect,"Key Responsibilities Customer Architecture and Pre-sales Lead executive and technical discovery workshops; translate business outcomes and non-functional requirements into Data + AI roadmaps and target architectures. Architect end-to-end solutions covering ingestion, batch and streaming pipelines, lakehouse storage, governance, data warehousing, analytics, ML/GenAI and operational applications. Define phased migrations from legacy warehouses, Hadoop, cloud data platforms and ETL estates to Databricks. Lead technical solutioning for proposals, demonstrations, RFP/RFI responses, estimates and proofs of value; clearly articulate business value and architectural trade-offs. Collaborate with sales, delivery, cloud partners and Databricks account teams on joint pursuits and co-sell readiness. Delivery Governance and Practice Building Provide architecture governance from pursuit through production, including design, security, performance, cost and operational-readiness reviews. Guide CI/CD, infrastructure as code, environment strategy, testing, observability, release management and production support. Define the practice roadmap, skills matrix, certification plan and hiring profile; mentor architects, data engineers and technical leads. Create reusable reference architectures, discovery and estimation templates, demos, accelerators and technical playbooks. Databricks Platform Expertise Core Lakehouse, Data Engineering and Governance Delta Lake and lakehouse design: ACID transactions, schema evolution, Change Data Feed, optimization and Medallion or domain data-product patterns. Unity Catalog: catalogs/schemas, access controls, managed and external locations, lineage, discovery, audit, federation and Delta Sharing. Lakeflow Connect, Lakeflow Spark Declarative Pipelines and Lakeflow Jobs for ingestion, batch/streaming transformation, data quality, orchestration and observability. Apache Spark, PySpark, SQL and Structured Streaming, including workload sizing, optimization and production troubleshooting. Databricks SQL, serverless warehouses, query optimization, AI/BI dashboards and Genie for governed natural-language analytics. Required Experience, Qualifications and Certifications 10+ years in data engineering, data architecture, analytics or cloud data platforms, including at least 4 years of substantial Databricks experience. Demonstrated success architecting and delivering enterprise-scale Databricks solutions in productionnot only isolated notebooks or pipelines. Strong pre-sales capability across discovery, technical storytelling, estimates, proposals, demonstrations, proofs of value and senior customer presentations. Strong SQL and Python/PySpark skills, with the ability to review implementations, troubleshoot designs and guide engineering teams. Experience leading architecture governance and multidisciplinary teams; prior practice-building, hiring, mentoring or reusable-IP responsibility is strongly preferred. Professional-level Databricks certific",full_time,non_clinical,https://www.naukri.com/job-listings-principal-databricks-solution-architect-palni-hyderabad-10-to-15-years-070826037939,2026-08-07,10,15,,,,,true,
India,IN,+91,Navi Mumbai,Zuventus Healthcare Limited,hospital,https://img.naukimg.com/logo_images/groups/v1/431460.gif,,Clinical Research Associate,Preparation the presentations as per the requirement,full_time,non_clinical,https://www.naukri.com/job-listings-clinical-research-associate-zuventus-healthcare-limited-navi-mumbai-mumbai-all-areas-4-to-7-years-070826037925,2026-08-07,4,7,,,,,true,
India,IN,+91,Hyderabad,Staffingly,hospital,https://img.naukimg.com/logo_images/groups/v1/5194364.gif,,Prior Authorization and Insurance Eligibility Specialist (Medical and,"Clinical training background such as MBBS,BDS,Pharm D,or nursing is strongly preferred and consistent with our delivery model Preferred candidate profile . Key Responsibilities . Insurance Eligibility and Benefits Verification Required Qualifications Neutral accent preferred for payer calls Preferred Qualifications",full_time,non_clinical,https://www.naukri.com/job-listings-prior-authorization-and-insurance-eligibility-specialist-medical-and-staffingly-hyderabad-2-to-7-years-070826037882,2026-08-07,2,7,350000,800000,per_annum,INR,true,
India,IN,+91,Prayagraj,Grand Consultants,hospital,https://img.naukimg.com/logo_images/groups/v1/213306.gif,,Radiologist Required at Dehradun Uttarakhand 60 USG Daily,Radiologist Required at Dehradun Uttarakhand 60 USG Daily Time 9 am to 5 pm Salary 4.5 Lakhs Contact: Mr. Mohit - 9216999555 Mr. Arnav - 7837780722 Email:doctorsplacements@gmail.com www.doctorsplacements.com,full_time,doctors,https://www.naukri.com/job-listings-radiologist-required-at-dehradun-uttarakhand-60-usg-daily-grand-consultants-prayagraj-dehradun-gadchiroli-0-to-5-years-070826037874,2026-08-07,0,5,5000000,5500000,per_annum,INR,true,
India,IN,+91,Bangalore Rural,INFINX,hospital,https://img.naukimg.com/logo_images/groups/v1/4668391.gif,,Opportunity For Medical Coders & Sr Medical Coder - Bangalore !!!!,"Bachelors degree desired,or any equivalent combination of education and experience Excellent written and oral communication skills required to represent Infinx Clients Claims management and / or customer service experience desired Experience 13 years experience in Coding. . .",full_time,non_clinical,https://www.naukri.com/job-listings-opportunity-for-medical-coders-sr-medical-coder-bangalore-infinx-bangalore-rural-bengaluru-1-to-5-years-070826037856,2026-08-07,1,5,,,,,true,
India,IN,+91,Navi Mumbai,Terna Trust,hospital,https://img.naukimg.com/logo_images/groups/v1/267694.gif,,Facility Manager,Requirements: 610 years of relevant hospital experience Immediate joiners will be preferred. Salary: As per market standards (based on experience). Experience: 6-10 Years (Hospital Industry experience is mandatory) . Key Responsibilities: Overall facility management,full_time,non_clinical,https://www.naukri.com/job-listings-facility-manager-terna-trust-navi-mumbai-6-to-10-years-070826037804,2026-08-07,6,10,,,,,true,
India,IN,+91,Greater Noida,Fortis,hospital,https://img.naukimg.com/logo_images/groups/v1/533010.gif,,Hiring IPD Billing @ Forits Hospital Greater Noida,"Proficiency in HIS and MS Excel Experience with Hospital Information Systems (HIS),TPA,and insurance billing is preferred Required Skills Experience 2 to 5 years of experience in hospital IPD billing",full_time,non_clinical,https://www.naukri.com/job-listings-hiring-ipd-billing-forits-hospital-greater-noida-fortis-greater-noida-2-to-5-years-070826037706,2026-08-07,2,5,,,,,true,
India,IN,+91,Hyderabad,Access Healthcare,hospital,https://img.naukimg.com/logo_images/groups/v1/2750596.gif,,Hiring HCC Medical Coders,Eligibility . Role: Certified HCC Coder. Experience: Minimum 1 year. Certification: Mandatory,full_time,non_clinical,https://www.naukri.com/job-listings-hiring-hcc-medical-coders-access-healthcare-hyderabad-chennai-1-to-3-years-070826037408,2026-08-07,1,3,300000,425000,per_annum,INR,true,
India,IN,+91,Chennai,Access Healthcare,hospital,https://img.naukimg.com/logo_images/groups/v1/2750596.gif,,HCC Non Certified,Openings for HCC Non Certified Coder . Experience: 10 month to 2yrs .,full_time,non_clinical,https://www.naukri.com/job-listings-hcc-non-certified-access-healthcare-chennai-1-to-3-years-070826037045,2026-08-07,1,3,,,,,true,
India,IN,+91,Navi Mumbai,Terna Trust,hospital,https://img.naukimg.com/logo_images/groups/v1/267694.gif,,Ipd Billing Executive,"Key Requirements Candidate must have hospital industry experience. Expertise in Financial Counsellor , IP Billing, TPA Billing, CGHS Billing, and Cash Billing. Hands-on experience in insurance claim processing and claim documentation. Strong knowledge of cashless and reimbursement claim procedures. Experience in patient counselling regarding treatment estimates, billing, insurance coverage, and financial assistance. Ability to coordinate with insurance companies, TPAs, doctors, and patients. Knowledge of hospital billing software and healthcare regulations. Good communication, negotiation, and customer service skills. Ability to resolve billing and insurance-related queries efficiently. Graduate in any discipline; healthcare/hospital administration background preferred. Preferred Experience: 5 years in a hospital as Financial Counsellor Interested candidates can share their resume. recruitment@ternahospital.org WhatsApp -9987811771 - HR Shweta Suryawanshi",full_time,non_clinical,https://www.naukri.com/job-listings-ipd-billing-executive-terna-trust-navi-mumbai-4-to-9-years-070826036924,2026-08-07,4,9,,,,,true,
India,IN,+91,Hyderabad,Novelite Rcm,hospital,https://img.naukimg.com/logo_images/groups/v1/12472348.gif,,Assistant Manager HCC Medical Coding Risk Adjustment,"Job Title : Assistant Manager HCC Medical Coding / Risk Adjustment We are looking for an experienced Assistant Manager HCC Medical Coding / Risk Adjustment to lead and manage HCC coding operations while overseeing multiple teams of HCC / Risk Adjustment Medical Coders. The candidate will be responsible for driving operational excellence, ensuring coding quality, productivity, client satisfaction, SLA adherence, people management, process improvements, and compliance with CMS Risk Adjustment guidelines. The role requires strong expertise in HCC Coding, Risk Adjustment, ICD-10-CM, CMS guidelines, Medicare Advantage, and operations management. Roles & Responsibilities Manage end-to-end HCC / Risk Adjustment Medical Coding operations across multiple teams. Lead, mentor, and develop Team Leads, SMEs, and HCC Medical Coders to achieve operational goals. Ensure accurate coding in accordance with HCC, ICD-10-CM, CMS, Risk Adjustment, and Medicare Advantage guidelines. Drive team performance by monitoring productivity, quality, accuracy, TAT, SLA, and utilization metrics. Review operational dashboards and implement action plans to achieve business KPIs. Oversee coding quality audits, identify trends, and implement preventive and corrective actions. Collaborate with Quality, Training, Audit, and Operations teams to improve coding accuracy and compliance. Handle client escalations, operational issues, and complex coding-related queries. Ensure adherence to client requirements, regulatory guidelines, HIPAA compliance, and internal quality standards. Conduct regular governance meetings, performance reviews, and operational reviews with internal stakeholders and clients. Develop and implement process improvement initiatives to enhance productivity, quality, and operational efficiency. Analyze productivity, quality, and financial metrics and prepare daily, weekly, and monthly MIS reports. Support resource planning, capacity planning, workforce allocation, and forecasting activities. Drive employee engagement, retention, succession planning, and performance management initiatives. Support recruitment, interviewing, onboarding, and development of new team members. Ensure successful completion of internal, external, and client audits. Identify operational risks and proactively implement mitigation plans. Foster a culture of continuous learning, accountability, and operational excellence. Required Skills Strong expertise in HCC Coding and Risk Adjustment. Excellent knowledge of ICD-10-CM coding guidelines. Strong understanding of CMS Risk Adjustment and Medicare Advantage. Experience in HCC chart review, medical record review, and coding audits. Strong knowledge of coding quality, compliance, and audit methodologies. Proven experience managing productivity, quality, TAT, SLA, and operational KPIs. Excellent leadership, stakeholder management, and people management skills. Strong analytical, problem-solving, and decision-making abilities. Experience in client commun",full_time,non_clinical,https://www.naukri.com/job-listings-assistant-manager-hcc-medical-coding-risk-adjustment-novelite-rcm-hyderabad-8-to-10-years-070826036617,2026-08-07,8,10,800000,1000000,per_annum,INR,true,
India,IN,+91,Chandigarh,Grand Consultants,hospital,https://img.naukimg.com/logo_images/groups/v1/213306.gif,,Cardiologist Required at Chandigarh/Tricity Salary 5 To 6 Lakhs,Cardiologist Required at Chandigarh/Tricity Salary 5 to 6 Lakhs + Share Gurgaon Haryana Salary 5 to 6 Lakhs Contact: Mr. Mohit 9216999555 Mr. Arnav 7837780722 Email: doctorsplacements@gmail.com www.doctorsplacements.com,full_time,doctors,https://www.naukri.com/job-listings-cardiologist-required-at-chandigarh-tricity-salary-5-to-6-lakhs-grand-consultants-chandigarh-gadchiroli-gurugram-0-to-5-years-070826036589,2026-08-07,0,5,6500000,7500000,per_annum,INR,true,
India,IN,+91,Navi Mumbai,Yugn Management Services,hospital,https://img.naukimg.com/logo_images/groups/v1/5261442.gif,,"Medical Representative | 0 To 5 yrs Exp | Pharma | Mum, Ahm & Pune",Achieve territory-wise sales targets Implement Company's promotional plans/ strategies Product promotion to the doctors to increase prescription demand Build rapport with retail chemists/ stockists to increase operational efficiency in salesGraduation mandatory (B Pharm or BSc) MR experience will be an added advantage Ready to Travel Good Communication skills,full_time,non_clinical,https://www.naukri.com/job-listings-medical-representative-0-to-5-yrs-exp-pharma-mum-ahm-pune-yugn-management-services-navi-mumbai-pune-ahmedabad-0-to-5-years-070826036471,2026-08-07,0,5,300000,500000,per_annum,INR,true,
India,IN,+91,Hybrid - Bengaluru,Schneider Electric,hospital,https://img.naukimg.com/logo_images/groups/v1/20302.gif,,BMS Software Engineer,"Bachelors degree in Instrumentation / Engineering/ Electrical Engineering/ Electronics & Telecommunication Engineering/ Mechanical Engineering Minimum 5 years of experience as a BMS Software Engineer Work experience in global projects and / or in global engineering centers will be considered as an advantage Good programming,logic development and troubleshooting skills",full_time,non_clinical,https://www.naukri.com/job-listings-bms-software-engineer-schneider-electric-bengaluru-5-to-10-years-070826036409,2026-08-07,5,10,800000,1800000,per_annum,INR,true,
India,IN,+91,Chennai,Access Healthcare,hospital,https://img.naukimg.com/logo_images/groups/v1/2750596.gif,,"Virtual drive For Bsc /Msc - Bio Chemistry ,biotech, graduates For job",Hi Job oppourtunities for life science graduates Immediate joiners Night shift excellent communication in English openings for clinical documentation process Location: Ambattur or DLF Porur contact Gayathri HR 9944961774,full_time,non_clinical,https://www.naukri.com/job-listings-virtual-drive-for-bsc-msc-bio-chemistry-biotech-graduates-for-access-healthcare-chennai-0-to-1-years-070826036196,2026-08-07,0,1,225000,425000,per_annum,INR,true,
India,IN,+91,Mumbai Suburban,Wockhardt Hospitals,hospital,https://img.naukimg.com/logo_images/groups/v1/38294.gif,,Dietician,- Graduate / Post graduate in Dietitics. - Basic course in computers is desirable. . Required Education - Minimum 3 years. Technical competencies Experience,full_time,non_clinical,https://www.naukri.com/job-listings-dietician-wockhardt-hospitals-mumbai-suburban-thane-mumbai-all-areas-2-to-5-years-070826036148,2026-08-07,2,5,200000,500000,per_annum,INR,true,
India,IN,+91,Faridabad,Purview Services,hospital,https://img.naukimg.com/logo_images/groups/v1/4199768.gif,,Nursing Faculty Recruitment - Africa,We do have urgent opening for Teaching faculty to work in a Public College in Africa The required specializations are,full_time,nurses,https://www.naukri.com/job-listings-nursing-faculty-recruitment-africa-purview-services-faridabad-central-african-republic-3-to-8-years-070826935853,2026-08-07,3,8,,,,,true,
India,IN,+91,Ghaziabad,Purview Services,hospital,https://img.naukimg.com/logo_images/groups/v1/4199768.gif,,Nursing Faculty Recruitment - Africa,We do have urgent opening for Teaching faculty to work in a Public College in Africa The required specializations are,full_time,nurses,https://www.naukri.com/job-listings-nursing-faculty-recruitment-africa-purview-services-ghaziabad-central-african-republic-3-to-8-years-070826935851,2026-08-07,3,8,,,,,true,
India,IN,+91,Central African Republic,Purview Services,hospital,https://img.naukimg.com/logo_images/groups/v1/4199768.gif,,Nursing Faculty Recruitment - Africa,We do have urgent opening for Teaching faculty to work in a Public College in Africa The required specializations are,full_time,nurses,https://www.naukri.com/job-listings-nursing-faculty-recruitment-africa-purview-services-greater-noida-central-african-republic-3-to-8-years-070826935850,2026-08-07,3,8,,,,,true,
India,IN,+91,Noida,Purview Services,hospital,https://img.naukimg.com/logo_images/groups/v1/4199768.gif,,Nursing Faculty Recruitment - Africa,We do have urgent opening for Teaching faculty to work in a Public College in Africa The required specializations are,full_time,nurses,https://www.naukri.com/job-listings-nursing-faculty-recruitment-africa-purview-services-noida-central-african-republic-3-to-8-years-070826935849,2026-08-07,3,8,,,,,true,
India,IN,+91,Gurugram,Purview Services,hospital,https://img.naukimg.com/logo_images/groups/v1/4199768.gif,,Nursing Faculty Recruitment - Africa,We do have urgent opening for Teaching faculty to work in a Public College in Africa The required specializations are,full_time,nurses,https://www.naukri.com/job-listings-nursing-faculty-recruitment-africa-purview-services-gurugram-central-african-republic-3-to-8-years-070826935848,2026-08-07,3,8,,,,,true,
India,IN,+91,New Delhi,Purview Services,hospital,https://img.naukimg.com/logo_images/groups/v1/4199768.gif,,Nursing Faculty Recruitment - Africa,We do have urgent opening for Teaching faculty to work in a Public College in Africa The required specializations are,full_time,nurses,https://www.naukri.com/job-listings-nursing-faculty-recruitment-africa-purview-services-new-delhi-central-african-republic-3-to-8-years-070826935847,2026-08-07,3,8,,,,,true,
India,IN,+91,Mumbai,HRD House,hospital,https://img.naukimg.com/logo_images/groups/v1/361794.gif,,Head Marketing - Animal Health - Aqua/Pet/Cattle/Poultry - Mumbai.,He/ She should have good knowledge in all Segments He / she will prepare & implement promotional strategies & should be Creative He / she should have experience in launching New Products in all Segments Candidate should be excellent in communication. .,full_time,non_clinical,https://www.naukri.com/job-listings-head-marketing-animal-health-aqua-pet-cattle-poultry-mumbai-hrd-house-mumbai-12-to-15-years-070826035670,2026-08-07,12,15,2500000,3500000,per_annum,INR,true,
India,IN,+91,Hyderabad,Novelite Rcm,hospital,https://img.naukimg.com/logo_images/groups/v1/12472348.gif,,Team Lead HCC Medical Coding Risk Adjustment,"Job TitleTeam Lead HCC Medical Coding / Risk Adjustment Location: Hyderabad Industry: US Healthcare / Medical Coding / RCM Department: Operations / Medical Coding Job Summary We are looking for an experienced HCC Medical Coding Team Lead to manage and guide a team of HCC / Risk Adjustment Medical Coders.The candidate will be responsible for team performance, coding quality, productivity, TAT, SLA adherence, training, and day-to-day operations. The role requires strong knowledge of HCC Coding, Risk Adjustment, ICD-10-CM, CMS guidelines, and Medicare Advantage. Roles & Responsibilities Lead and manage a team of HCC / Risk Adjustment Medical Coders. Ensure accurate coding as per HCC, ICD-10-CM, CMS, and Risk Adjustment guidelines. Monitor team productivity, quality, accuracy, TAT, and SLA performance. Review coding errors and provide regular feedback and coaching to team members. Handle complex coding queries and provide appropriate guidance to coders. Conduct regular quality checks and coding audits. Identify performance gaps and implement corrective action plans. Conduct training, refresher sessions, and knowledge-sharing sessions for the team. Manage daily work allocation and ensure timely completion of assigned volumes. Prepare and track daily/weekly/monthly MIS and performance reports. Ensure compliance with client requirements, process guidelines, and company policies. Support internal and client audits and ensure timely closure of audit observations. Coordinate with Quality, Training, Audit, and Operations teams. Identify process gaps and drive continuous improvement initiatives. Support new-hire training, nesting, and onboarding activities. Monitor individual and team performance and conduct regular performance discussions. Escalate operational issues and risks to the reporting manager in a timely manner. Maintain good communication with internal stakeholders and support client requirements. Required Skills Strong knowledge of HCC Coding and Risk Adjustment. Good understanding of ICD-10-CM coding guidelines. Knowledge of CMS Risk Adjustment and Medicare Advantage. Experience in HCC chart review / medical record review. Strong knowledge of coding quality and audit processes. Good understanding of productivity, TAT, SLA, and quality metrics. Excellent team-handling and people-management skills. Strong analytical and problem-solving skills. Good communication and presentation skills. Experience in preparing and analyzing MIS / performance reports. Ability to handle escalations and resolve coding-related issues. Good knowledge of MS Excel and reporting tools. Experience 5-7 years of experience in US Healthcare / Medical Coding. Prior experience as Team Lead / SME / Senior Medical Coder preferred. Experience managing a team of 10-25+ coders is preferred. Candidates with experience in Medicare Advantage / HCC Coding / Risk Adjustment will be preferred. Qualification Any Graduate / Post Graduate. CPC / CCS / CIC certification is preferred. Relevant",full_time,non_clinical,https://www.naukri.com/job-listings-team-lead-hcc-medical-coding-risk-adjustment-novelite-rcm-hyderabad-5-to-7-years-070826035643,2026-08-07,5,7,600000,700000,per_annum,INR,true,
India,IN,+91,Gurugram,Antara Senior Care,hospital,https://img.naukimg.com/logo_images/groups/v1/4661347.gif,,Hiring For Registered Home Care Nurse || Delhi NCR,"Shifts Available: 12-Hour (Day / Night) 24-Hour Live-in Flexible shifts Experience: 1 5 years (Homecare or Hospital preferred). Strong communication and patient-care skills. Compassionate,responsible,and attentive professionals. What You ll Get. Salary up to 33,000 / month",full_time,nurses,https://www.naukri.com/job-listings-hiring-for-registered-home-care-nurse-delhi-ncr-antara-senior-care-gurugram-1-to-6-years-070826035572,2026-08-07,1,6,300000,400000,per_annum,INR,true,
India,IN,+91,Hyderabad,Access Healthcare,hospital,https://img.naukimg.com/logo_images/groups/v1/2750596.gif,,HCC Medical Coder Hyderabad,Location : Hyderabad . Interview Mode: Virtual . Certification is Must . Contact: Preethi HR - 8072406288(Call / WhatsApp) . For Interview schedule and more queries Preferred Immediate Joiner/ Notice period is also acceptable,full_time,non_clinical,https://www.naukri.com/job-listings-hcc-medical-coder-hyderabad-access-healthcare-hyderabad-1-to-3-years-070826035527,2026-08-07,1,3,,,,,true,
India,IN,+91,Kolkata,Humaquest Consulting,hospital,https://img.naukimg.com/logo_images/groups/v1/11720639.gif,,Veterinary Doctor,Eligibility: . MVSc candidate required (Medicine and Pathology preferred) Minimum 2 years experience,full_time,doctors,https://www.naukri.com/job-listings-veterinary-doctor-humaquest-consulting-kolkata-1-to-5-years-070826035435,2026-08-07,1,5,500000,1000000,per_annum,INR,true,
India,IN,+91,Chennai(Vepery +1),Global Healthcare Billing Partners,hospital,https://img.naukimg.com/logo_images/groups/v1/4598205.gif,,Hiring For Openings For AR Callers - Velachery & Vepery @ Global,Immediate Joiners Preferred Experience: Relevant AR Calling / Denial Management experience Salary: Negotiable based on experience,full_time,non_clinical,https://www.naukri.com/job-listings-hiring-for-openings-for-ar-callers-velachery-vepery-global-global-healthcare-billing-partners-chennai-1-to-6-years-040826031665,2026-08-07,1,6,,,,,true,
India,IN,+91,Chennai,Global Healthcare Billing Partners,hospital,https://img.naukimg.com/logo_images/groups/v1/4598205.gif,,Walk-in || Fresher AR Caller - Interested candidates are encouraged.,"Shift: Night Shift Only Salary: 20,000 CTC UG Graduates & 3-Year Diploma Candidates Freshers are Welcome Excellent English Communication Required Immediate Joiners Preferred",full_time,non_clinical,https://www.naukri.com/job-listings-fresher-ar-caller-interested-candidates-are-encouraged-global-healthcare-billing-partners-chennai-0-to-0-years-040826031863,2026-08-07,0,0,,,,,true,
India,IN,+91,Chennai,Prochant,hospital,https://img.naukimg.com/logo_images/groups/v1/4683563.gif,,Prochant Hiring For Assistant Team leader,"We are looking for an Assistant Team Leader RCM AR with 5-6 years of experience in US Healthcare Revenue Cycle Management (Accounts Receivable).The ideal candidate should have mandatory SME experience and be capable of supporting day-to-day operations,mentoring team members,and ensuring quality and productivity targets are met Mandatory SME experience in Accounts Receivable",full_time,non_clinical,https://www.naukri.com/job-listings-prochant-hiring-for-assistant-team-leader-prochant-chennai-coimbatore-thiruvananthapuram-5-to-7-years-070826035269,2026-08-07,5,7,,,,,true,
India,IN,+91,Navi Mumbai,Terna Trust,hospital,https://img.naukimg.com/logo_images/groups/v1/267694.gif,,walk in Staff Nurse,ANM (Candidates with OT & ICU experience will be preferred) Requirement: .,full_time,nurses,https://www.naukri.com/job-listings-walk-in-staff-nurse-terna-trust-navi-mumbai-1-to-6-years-070826035188,2026-08-07,1,6,,,,,true,
India,IN,+91,Panipat,Grand Consultants,hospital,https://img.naukimg.com/logo_images/groups/v1/213306.gif,,Neurosurgeon Required at Panipat Haryana Salary 5.5 Lakhs,Neurosurgeon Required at Panipat Haryana Salary 5.5 Lakhs + Accommodation Gadchiroli Maharashtra Salary Negotiable Contact Mr Mohit - 9216999555 Mr Arnav - 7837780722 Email: doctorsplacements@gmail.com www.doctorsplacements.com,full_time,doctors,https://www.naukri.com/job-listings-neurosurgeon-required-at-panipat-haryana-salary-5-5-lakhs-grand-consultants-panipat-sirsa-gadchiroli-0-to-5-years-070826035015,2026-08-07,0,5,6000000,7000000,per_annum,INR,true,
India,IN,+91,Ambattur,Be Well Hospitals,hospital,https://img.naukimg.com/logo_images/groups/v1/600724.gif,,Walk-in || Staff Nurse - ICU/OT/Ward/ER,Willingness to work in rotational shifts Willing to work in shifts Preferred Skills ICU / ER / Ward experience preferred OT experience preferred Good communication and patient-handling skills Good communication and teamwork skills,full_time,nurses,https://www.naukri.com/job-listings-staff-nurse-icu-ot-ward-er-be-well-hospitals-ambattur-chennai-0-to-3-years-240726016575,2026-08-07,0,3,,,,,true,
India,IN,+91,Bengaluru,Liveon Technolabs,hospital,https://img.naukimg.com/logo_images/groups/v1/2639084.gif,,Lab Technician,"Responsibilities: * Conduct experiments with biochemistry, medical equipment, and radiology techniques * Record data accurately and maintain lab safety protocols * Prepare samples for testing and analysis",full_time,non_clinical,https://www.naukri.com/job-listings-lab-technician-liveon-technolabs-bengaluru-1-to-3-years-070826034317,2026-08-07,1,3,216000,300000,per_annum,INR,true,
India,IN,+91,Mumbai,Qi Lifecare,hospital,https://img.naukimg.com/logo_images/groups/v1/444228.gif,,Physiotherapist Consultant,Any 9-hour shift between 7:00 AM 9:00 PM . 6 working days with 1 weekly off. * Eligibility:* . Minimum Qualification: BPT. . * Mandatory:* 5-year bond. . .,full_time,non_clinical,https://www.naukri.com/job-listings-physiotherapist-consultant-qi-lifecare-mumbai-hyderabad-pune-0-to-5-years-070826034296,2026-08-07,0,5,250000,450000,per_annum,INR,true,
India,IN,+91,Hybrid - Dehradun(Race Course),LabONE Diagnostics,pharma,https://img.naukimg.com/logo_images/groups/v1/4411562.gif,,Sales Manager,"Bachelors degree in Marketing,Business Administration,Life Sciences,Healthcare Management,or a related field CRM and Microsoft Office proficiency Preferred candidate profile MBA (Marketing) preferred. Required Skills Preferred Candidate Experience in diagnostic laboratory or pathology business development",full_time,non_clinical,https://www.naukri.com/job-listings-sales-manager-labone-diagnostics-dehradun-5-to-10-years-070826034195,2026-08-07,5,10,,,,,true,
India,IN,+91,Chennai,CorroHealth,hospital,https://img.naukimg.com/logo_images/groups/v1/8172399.gif,,Quality Analyst- Medical Coding - Radiology,"Key Responsibilities Conduct quality audits of radiology reports including X-Ray, CT, MRI, Ultrasound, Mammography, and other imaging modalities. Review reports for accuracy, completeness, consistency, and compliance with quality standards. Identify reporting errors, discrepancies, and documentation gaps, and provide feedback to radiologists and reporting teams. Monitor and maintain quality KPIs, TAT (Turnaround Time), and accuracy metrics. Ensure compliance with regulatory, accreditation, and organizational quality guidelines. Prepare quality dashboards, audit reports, and monthly performance analyses. Collaborate with radiologists, technicians, and operations teams to implement corrective and preventive actions (CAPA). Support root cause analysis for quality issues and recommend process improvements. Track recurrent errors and develop quality improvement plans. Participate in internal audits, quality meetings, and training sessions. Maintain quality records and documentation as per company standards.",full_time,non_clinical,https://www.naukri.com/job-listings-quality-analyst-medical-coding-radiology-corrohealth-chennai-3-to-8-years-070826033959,2026-08-07,3,8,,,,,true,
India,IN,+91,Panipat,Grand Consultants,hospital,https://img.naukimg.com/logo_images/groups/v1/213306.gif,,Orthopedic Surgeon required at Panipat Haryana  Salary 2.5 Lakhs,Orthopedic Surgeon required at Panipat Haryana Salary 2.5 Lakhs + Accommodation Lucknow UP Salary 1.5 to 2 Lakhs + Accommodation Contact: Mr. Arnav 7837780722 Mr. Mohit 9216999555 Email: doctorsplacements@gmail.com www.doctorsplacements.com,full_time,doctors,https://www.naukri.com/job-listings-orthopedic-surgeon-required-at-panipat-haryana-salary-2-5-lakhs-grand-consultants-panipat-lucknow-gurdaspur-0-to-5-years-070826033835,2026-08-07,0,5,2500000,3000000,per_annum,INR,true,
India,IN,+91,Bareilly,Amrach Consulting Services,hospital,https://img.naukimg.com/logo_images/groups/v1/11637606.gif,,Gastroenterologist,II We are Hiring II . Gastroenterologist for Medical College,full_time,doctors,https://www.naukri.com/job-listings-gastroenterologist-amrach-consulting-services-bareilly-2-to-7-years-070826033643,2026-08-07,2,7,6000000,7500000,per_annum,INR,true,
India,IN,+91,Chennai(Rajakilpakkam),Shabhari Elder Care (opc),hospital,https://img.naukimg.com/logo_images/groups/v1/12484052.gif,,Staff Nurse,Responsibilities: * Collaborate with healthcare team * Administer medications & treatments * Monitor vital signs * Provide quality patient care * Collect samples & administer vaccines,full_time,nurses,https://www.naukri.com/job-listings-staff-nurse-shabharieldercare-chennai-1-to-2-years-070826033552,2026-08-07,1,2,192000,216000,per_annum,INR,true,
India,IN,+91,Kalburagi,Health Care Global Enterprises,hospital,https://img.naukimg.com/logo_images/groups/v1/1038240.gif,,Biomedical Engineer,"Emergency Duties: Participate when required,in an on-call and emergency service. .",full_time,non_clinical,https://www.naukri.com/job-listings-biomedical-engineer-health-care-global-enterprises-kalburagi-1-to-5-years-070826033230,2026-08-07,1,5,250000,350000,per_annum,INR,true,
India,IN,+91,Hyderabad,Gems Consultancy,hospital,https://img.naukimg.com/logo_images/groups/v1/9052841.gif,,Accounts Receivable Caller,"GREETINGS FROM GEMS CONSULTANCY WE ARE HIRING FOR ARCALLERS,SENIOR ARCALLERS SAL UPTO 45K ONLY IMMEDIATE JOINERS INTERSTED CONTACT ASHA:9603228414",full_time,non_clinical,https://www.naukri.com/job-listings-accounts-receivable-caller-gems-consultancy-hyderabad-chennai-1-to-4-years-070826033151,2026-08-07,1,4,275000,550000,per_annum,INR,true,
India,IN,+91,Faridabad,Brawn Laboratories,pharma,https://img.naukimg.com/logo_images/groups/v1/4584897.gif,,DRA Officer,Candidate should have experience of working as DRA in Medical Device Company. Drug Regulatory Affairs Officer in Medical Device company.,full_time,non_clinical,https://www.naukri.com/job-listings-dra-officer-brawn-laboratories-faridabad-1-to-2-years-070826033064,2026-08-07,1,2,200000,275000,per_annum,INR,true,
India,IN,+91,Chennai,Ventra Health,hospital,https://img.naukimg.com/logo_images/groups/v1/7654423.gif,,"Walk-in || Claim Edits Specialist, Registration/Eligibility Edits Specialist,",Shift: Day Shift / Night Shift Shift: Day Shift of relevant Healthcare RCM experience. Night Shift Benefits . Food Allowance Eligibility Criteria . Education: Graduation is Mandatory (Any Bachelors Degree) We are hiring experienced Healthcare Revenue Cycle Management (RCM) professionals for the following positions: . Walk-in Drive Healthcare RCM Openings,full_time,non_clinical,https://www.naukri.com/job-listings-claim-edits-specialist-registration-eligibility-edits-specialist-ventra-health-chennai-1-to-2-years-070826033006,2026-08-07,1,2,100000,400000,per_annum,INR,true,
India,IN,+91,Hyderabad,Vee Healthtek,hospital,https://img.naukimg.com/logo_images/groups/v1/9197283.gif,,Hiring UK Experienced Medical Coders For Vee Healthtek,"Graduate in Life Sciences,Pharmacy,Nursing,Physiotherapy,Biotechnology,Microbiology,or related healthcare disciplines Certified Medical Coding qualification preferred Required Skills & Qualifications Preferred Experience Experience in UK Medical Coding is mandatory Good analytical and comprehension skills 1 to 5+ years of experience in UK Medical Coding",full_time,non_clinical,https://www.naukri.com/job-listings-hiring-uk-experienced-medical-coders-for-vee-healthtek-vee-healthtek-hyderabad-chennai-bengaluru-2-to-7-years-070826032849,2026-08-07,2,7,,,,,true,
India,IN,+91,Hybrid - Bengaluru,Zinnov Management Consulting,hospital,https://img.naukimg.com/logo_images/groups/v1/438112.gif,,Walk-in || Edge Computing Engineer,"Experience with container orchestration platforms such as Kubernetes,OpenShift,or equivalent edge orchestration technologies Bachelors degree in computer science,Engineering,Information Technology,or a related field (required) Certifications: Relevant IT or infrastructure certifications (e.g.,cloud,networking,or systems) are preferred Preferred candidate profile",full_time,non_clinical,https://www.naukri.com/job-listings-edge-computing-engineer-zinnov-management-consulting-bengaluru-4-to-9-years-070826032667,2026-08-07,4,9,,,,,true,
India,IN,+91,Varanasi,Grand Consultants,hospital,https://img.naukimg.com/logo_images/groups/v1/213306.gif,,Anaesthesiologist Required Palampur Himachal Pradesh Salary 3 To 3.5,Anaesthesiologist Required Palampur Himachal Pradesh Salary 3 to 3.5 Lakhs + Accommodation Varanasi UP Salary 3 Lakhs Contact Us: Mr. Mohit: 9216999555 Mr. Arnav: 7837780722 Email:doctorsplacements@gmail.com Website: www.doctorsplacements.com,full_time,doctors,https://www.naukri.com/job-listings-anaesthesiologist-required-palampur-himachal-pradesh-salary-3-to-3-5-grand-consultants-varanasi-palampur-amritsar-0-to-5-years-070826032539,2026-08-07,0,5,4000000,4500000,per_annum,INR,true,
India,IN,+91,New Delhi(Paschim Vihar),Crl Diagnostics,pharma,https://img.naukimg.com/logo_images/groups/v1/4699501.gif,,"Scientific Officer / Junior Scientific Officer (Delhi, Jaipur, Lucknow",Preferred candidate profile . Must have DMLT / MLT / BSc. . Must have experience in Diagnostics Lab . Must have experience in +500 sample per day in laboratory,full_time,non_clinical,https://www.naukri.com/job-listings-scientific-officer-junior-scientific-officer-delhi-jaipur-lucknow-crl-diagnostics-new-delhi-lucknow-jaipur-2-to-7-years-070826032431,2026-08-07,2,7,200000,350000,per_annum,INR,true,
India,IN,+91,Hyderabad,Access Healthcare,hospital,https://img.naukimg.com/logo_images/groups/v1/2750596.gif,,HCC Medical Coder Hyderabad,Location : Hyderabad . Interview Mode: Virtual . Certification is Must . Contact: Kavitha M HR - 7825827715(Call / WhatsApp) . For Interview schedule and more queries Preferred Immediate Joiner/ Notice period is also acceptable,full_time,non_clinical,https://www.naukri.com/job-listings-hcc-medical-coder-hyderabad-access-healthcare-hyderabad-1-to-3-years-070826032433,2026-08-07,1,3,,,,,true,
India,IN,+91,Panchkula,Alchemist Group,hospital,https://img.naukimg.com/logo_images/groups/v1/4666529.gif,,Consultant Gastroenterology,- Responsible for overall management of patients (OP+IP+Procedures) - Should be well versed with all aspects of managing the Gastro Department - Candidates with relevant work experience will be preferred - Candidate should be DM Gastro preferably.,full_time,doctors,https://www.naukri.com/job-listings-consultant-gastroenterology-alchemist-group-panchkula-0-to-5-years-250326015152,2026-08-07,0,5,,,,,true,
India,IN,+91,Chennai,MIOT International,hospital,https://img.naukimg.com/logo_images/groups/v1/11928.gif,,Walk-in || Nuclear Medicine Technologist,"Male & Female candidates can apply Preferred Candidate: . Age: 2535 years Must be proficient in all Nuclear Medicine procedures,including PET-CT imaging and Radionuclide Therapy Good communication and teamwork skills",full_time,non_clinical,https://www.naukri.com/job-listings-nuclear-medicine-technologist-miot-international-chennai-2-to-4-years-070826032225,2026-08-07,2,4,,,,,true,
India,IN,+91,Pune(Hadapsar),Noble Hospital,hospital,https://img.naukimg.com/logo_images/groups/v1/606644.gif,,CSSD Technician,Ability to work in shift Report equipment malfunctions and coordinate with maintenance teams as required,full_time,non_clinical,https://www.naukri.com/job-listings-cssd-technician-noble-hospital-pune-0-to-2-years-190626024233,2026-08-07,0,2,,,,,true,
India,IN,+91,Chennai,Blue Chip Hr Solutions,hospital,https://img.naukimg.com/logo_images/groups/v1/331798.gif,,Hiring  For Behaviour Health Caller & QA in a Leading Heathcare,Candidate must have experience in AR Calling (Behaviour Health or Recovery or Escalations Work From Office Immediate joiners preferred Shift timings: Willing to work in Night shift Pick up and drop providedFor more details pl contact: Divya 7358399847 Nihila 7305155582 Dharshini 7397391472 Varalakshmi 7305188863 Alice 7305188864,full_time,non_clinical,https://www.naukri.com/job-listings-hiring-for-behaviour-health-caller-qa-in-a-leading-heathcare-blue-chip-hr-solutions-chennai-1-to-5-years-070826032147,2026-08-07,1,5,300000,550000,per_annum,INR,true,
India,IN,+91,Haridwar,Aarogyam Medical College & Hospital,hospital,https://img.naukimg.com/logo_images/groups/v1/4750405.gif,,Pediatrician Consultant,"Job opening for Pediatrician in a reputed multi & super-specialist hospital. Designation- Consultant Edu. - MBBS,MD/DNB Exp. - 3- 15 yrs Interested applicants can forward their cv on this email id- meghnahr9@gmail.com / 7983823386should be able to manage IPD, OPD, Critical Care, Emergency etc.Semi furnished accommodation.",full_time,doctors,https://www.naukri.com/job-listings-pediatrician-consultant-aarogyam-medical-college-hospital-haridwar-roorkee-3-to-8-years-010925003368,2026-08-07,3,8,,,,,true,
India,IN,+91,Hyderabad,Staffingly,hospital,https://img.naukimg.com/logo_images/groups/v1/5194364.gif,,Senior Insurance Eligibility and  Verification Specialist,Experienced Candidates Only Freshers are not eligible for this position Clearinghouse & Basic AR Follow-Up Experience,full_time,non_clinical,https://www.naukri.com/job-listings-senior-insurance-eligibility-and-verification-specialist-staffingly-hyderabad-4-to-5-years-070826032066,2026-08-07,4,5,300000,800000,per_annum,INR,true,
India,IN,+91,Hyderabad,Access Healthcare,hospital,https://img.naukimg.com/logo_images/groups/v1/2750596.gif,,Hiring HCC Medical Coder,Virtual interview ( WFO) . Certification Mandatory. *Immediate Joiners Preferred to 2 month NP accepted.*,full_time,non_clinical,https://www.naukri.com/job-listings-hiring-hcc-medical-coder-access-healthcare-hyderabad-chennai-1-to-4-years-070826031991,2026-08-07,1,4,125000,625000,per_annum,INR,true,
India,IN,+91,Thane,Zeelab Pharmacy,pharma,https://img.naukimg.com/logo_images/groups/v1/10571610.gif,,Retail Pharmacist,"We are looking for pharmacist who are well versed with understanding prescription, dosage forms, medicine dispensary, Inventory management. Must have done efficient operation of billing systems . For more reach to HR – Abdul Ahad at 7289082088Required Candidate profile Must have completed D. Pharma/B. Pharma (must have valid Drug License)Incentives",full_time,pharmacists,https://www.naukri.com/job-listings-retail-pharmacist-zeelab-pharmacy-thane-mumbai-all-areas-0-to-6-years-070826031793,2026-08-07,0,6,,,,,true,
India,IN,+91,Mohali,Thyrocare,hospital,https://img.naukimg.com/logo_images/groups/v1/4634985.gif,,Executive-Biomedical | Lab Engineering,Average written and verbal communication. High on energy and enthusiasm. Good co-ordination and updating skills,full_time,non_clinical,https://www.naukri.com/job-listings-executive-biomedical-lab-engineering-thyrocare-mohali-indore-bengaluru-0-to-3-years-070826031718,2026-08-07,0,3,300000,400000,per_annum,INR,true,
India,IN,+91,Pune(Warje),Mai Mangeshkar Hospital,hospital,https://img.naukimg.com/logo_images/groups/v1/4063076.gif,,Medical Officer Emergency,"Job Responsibilities * Providing assessment, triage, and treatment of patients presenting to the casualty department. * Manage the critical Emergency cases. * Check any previous records, if available. Charts down all the details in the history sheet",full_time,doctors,https://www.naukri.com/job-listings-medical-officer-emergency-mai-mangeshkar-hospital-pune-2-to-4-years-070826031657,2026-08-07,2,4,325000,425000,per_annum,INR,true,
India,IN,+91,Hyderabad,Omega Healthcare,hospital,https://img.naukimg.com/logo_images/groups/v1/644276.gif,,Walk in AR Voice - Life Science - Hyderabad,"Shift Timing: 6PM - 3AM US Timing (Night Shift) Willing to Work Night shift We are looking for highly motivated Freshers and detail-oriented for the . position of Process Executive AR to join our team Qualification: Any Graduates. Job Requirements,. Good Fluency in English and interpersonal skills",full_time,non_clinical,https://www.naukri.com/job-listings-walk-in-ar-voice-life-science-hyderabad-omega-healthcare-hyderabad-0-to-2-years-070826031395,2026-08-07,0,2,,,,,true,
India,IN,+91,Hyderabad,Yashoda Hospitals,hospital,https://img.naukimg.com/logo_images/groups/v1/66518.gif,,Walk-in || Blood Bank Technician -Only Male,Shift: General / Rotational Shifts Eligibility Criteria. Qualification: BBT / DMLT / MLT / B.sc - Telangana Registration Manadatory Required Skills Good communication and teamwork abilities. Experience: 1-5 Years in Blood Bank / Transfusion Services,full_time,non_clinical,https://www.naukri.com/job-listings-blood-bank-technician-only-male-yashoda-hospitals-hyderabad-0-to-5-years-070826031147,2026-08-07,0,5,225000,450000,per_annum,INR,true,
India,IN,+91,Mumbai,Doctor Eye Institute Global,hospital,https://img.naukimg.com/logo_images/groups/v1/12352096.gif,,Junior Optometrist,"OCT (macula/disc/RNFL) Visual Fields A-Scan/B-Scan, Keratometry, Pachymetry o Corneal Topography, Fundus Photography, Tonometry Perform and interpret IOL biometry, assist with toric axis alignmentConduct Visual Fields, A-Scan/B-Scan, Keratometry, Pachymetry, Corneal Topography, Fundus Photography, and Tonometry tests.",full_time,non_clinical,https://www.naukri.com/job-listings-junior-optometrist-doctor-eye-institute-pvt-ltd-mumbai-0-to-2-years-070826930917,2026-08-07,0,2,,,,,true,
India,IN,+91,Nagpur,Purview Services,hospital,https://img.naukimg.com/logo_images/groups/v1/4199768.gif,,Nursing Faculty Recruitment - Africa,We do have urgent opening for Teaching faculty to work in a Public College in Africa The required specializations are,full_time,nurses,https://www.naukri.com/job-listings-nursing-faculty-recruitment-africa-purview-services-nagpur-central-african-republic-3-to-8-years-070826930838,2026-08-07,3,8,,,,,true,
India,IN,+91,Bhubaneswar,Purview Services,hospital,https://img.naukimg.com/logo_images/groups/v1/4199768.gif,,Nursing Faculty Recruitment - Africa,We do have urgent opening for Teaching faculty to work in a Public College in Africa The required specializations are,full_time,nurses,https://www.naukri.com/job-listings-nursing-faculty-recruitment-africa-purview-services-bhubaneswar-central-african-republic-3-to-8-years-070826930832,2026-08-07,3,8,,,,,true,
India,IN,+91,Lucknow,Purview Services,hospital,https://img.naukimg.com/logo_images/groups/v1/4199768.gif,,Nursing Faculty Recruitment - Africa,We do have urgent opening for Teaching faculty to work in a Public College in Africa The required specializations are,full_time,nurses,https://www.naukri.com/job-listings-nursing-faculty-recruitment-africa-purview-services-lucknow-central-african-republic-3-to-8-years-070826930830,2026-08-07,3,8,,,,,true,
India,IN,+91,Kochi,Purview Services,hospital,https://img.naukimg.com/logo_images/groups/v1/4199768.gif,,Nursing Faculty Recruitment - Africa,We do have urgent opening for Teaching faculty to work in a Public College in Africa The required specializations are,full_time,nurses,https://www.naukri.com/job-listings-nursing-faculty-recruitment-africa-purview-services-kochi-central-african-republic-3-to-8-years-070826930829,2026-08-07,3,8,,,,,true,
India,IN,+91,Central African Republic,Purview Services,hospital,https://img.naukimg.com/logo_images/groups/v1/4199768.gif,,Nursing Faculty Recruitment - Africa,We do have urgent opening for Teaching faculty to work in a Public College in Africa The required specializations are,full_time,nurses,https://www.naukri.com/job-listings-nursing-faculty-recruitment-africa-purview-services-coimbatore-central-african-republic-3-to-8-years-070826930828,2026-08-07,3,8,,,,,true,
India,IN,+91,Central African Republic,Purview Services,hospital,https://img.naukimg.com/logo_images/groups/v1/4199768.gif,,Nursing Faculty Recruitment - Africa,We do have urgent opening for Teaching faculty to work in a Public College in Africa The required specializations are,full_time,nurses,https://www.naukri.com/job-listings-nursing-faculty-recruitment-africa-purview-services-surat-central-african-republic-3-to-8-years-070826930827,2026-08-07,3,8,,,,,true,
India,IN,+91,Central African Republic,Purview Services,hospital,https://img.naukimg.com/logo_images/groups/v1/4199768.gif,,Nursing Faculty Recruitment - Africa,We do have urgent opening for Teaching faculty to work in a Public College in Africa The required specializations are,full_time,nurses,https://www.naukri.com/job-listings-nursing-faculty-recruitment-africa-purview-services-jaipur-central-african-republic-3-to-8-years-070826930826,2026-08-07,3,8,,,,,true,
India,IN,+91,Chandigarh,Purview Services,hospital,https://img.naukimg.com/logo_images/groups/v1/4199768.gif,,Nursing Faculty Recruitment - Africa,We do have urgent opening for Teaching faculty to work in a Public College in Africa The required specializations are,full_time,nurses,https://www.naukri.com/job-listings-nursing-faculty-recruitment-africa-purview-services-chandigarh-central-african-republic-3-to-8-years-070826930823,2026-08-07,3,8,,,,,true,
India,IN,+91,Indore,Purview Services,hospital,https://img.naukimg.com/logo_images/groups/v1/4199768.gif,,Nursing Faculty Recruitment - Africa,We do have urgent opening for Teaching faculty to work in a Public College in Africa The required specializations are,full_time,nurses,https://www.naukri.com/job-listings-nursing-faculty-recruitment-africa-purview-services-indore-central-african-republic-3-to-8-years-070826930822,2026-08-07,3,8,,,,,true,
India,IN,+91,Ahmedabad,Purview Services,hospital,https://img.naukimg.com/logo_images/groups/v1/4199768.gif,,Nursing Faculty Recruitment - Africa,We do have urgent opening for Teaching faculty to work in a Public College in Africa The required specializations are,full_time,nurses,https://www.naukri.com/job-listings-nursing-faculty-recruitment-africa-purview-services-ahmedabad-central-african-republic-3-to-8-years-070826930820,2026-08-07,3,8,,,,,true,
India,IN,+91,Kolkata,Purview Services,hospital,https://img.naukimg.com/logo_images/groups/v1/4199768.gif,,Nursing Faculty Recruitment - Africa,We do have urgent opening for Teaching faculty to work in a Public College in Africa The required specializations are,full_time,nurses,https://www.naukri.com/job-listings-nursing-faculty-recruitment-africa-purview-services-kolkata-central-african-republic-3-to-8-years-070826930819,2026-08-07,3,8,,,,,true,
India,IN,+91,Chennai,Purview Services,hospital,https://img.naukimg.com/logo_images/groups/v1/4199768.gif,,Nursing Faculty Recruitment - Africa,We do have urgent opening for Teaching faculty to work in a Public College in Africa The required specializations are,full_time,nurses,https://www.naukri.com/job-listings-nursing-faculty-recruitment-africa-purview-services-chennai-central-african-republic-3-to-8-years-070826930818,2026-08-07,3,8,,,,,true,
India,IN,+91,Pune,Purview Services,hospital,https://img.naukimg.com/logo_images/groups/v1/4199768.gif,,Nursing Faculty Recruitment - Africa,We do have urgent opening for Teaching faculty to work in a Public College in Africa The required specializations are,full_time,nurses,https://www.naukri.com/job-listings-nursing-faculty-recruitment-africa-purview-services-pune-central-african-republic-3-to-8-years-070826930817,2026-08-07,3,8,,,,,true,
India,IN,+91,Mumbai,Purview Services,hospital,https://img.naukimg.com/logo_images/groups/v1/4199768.gif,,Nursing Faculty Recruitment - Africa,We do have urgent opening for Teaching faculty to work in a Public College in Africa The required specializations are,full_time,nurses,https://www.naukri.com/job-listings-nursing-faculty-recruitment-africa-purview-services-mumbai-central-african-republic-3-to-8-years-070826930815,2026-08-07,3,8,,,,,true,
India,IN,+91,Hyderabad,Purview Services,hospital,https://img.naukimg.com/logo_images/groups/v1/4199768.gif,,Nursing Faculty Recruitment - Africa,We do have urgent opening for Teaching faculty to work in a Public College in Africa The required specializations are,full_time,nurses,https://www.naukri.com/job-listings-nursing-faculty-recruitment-africa-purview-services-hyderabad-central-african-republic-3-to-8-years-070826930816,2026-08-07,3,8,,,,,true,
India,IN,+91,Central African Republic,Purview Services,hospital,https://img.naukimg.com/logo_images/groups/v1/4199768.gif,,Nursing Faculty Recruitment - Africa,We do have urgent opening for Teaching faculty to work in a Public College in Africa The required specializations are,full_time,nurses,https://www.naukri.com/job-listings-nursing-faculty-recruitment-africa-purview-services-bengaluru-central-african-republic-3-to-8-years-070826930814,2026-08-07,3,8,,,,,true,
India,IN,+91,Ludhiana,SJS Health Care,hospital,https://img.naukimg.com/logo_images/groups/v1/1644390.gif,,Senior Resident Orthopedics,..,full_time,doctors,https://www.naukri.com/job-listings-senior-resident-orthopedics-sjs-health-care-ludhiana-0-to-3-years-100626034946,2026-08-07,0,3,,,,,true,
India,IN,+91,Ludhiana,SJS Health Care,hospital,https://img.naukimg.com/logo_images/groups/v1/1644390.gif,,Sr. Resident Pediatrics,..,full_time,doctors,https://www.naukri.com/job-listings-sr-resident-pediatrics-sjs-health-care-ludhiana-0-to-3-years-240726012552,2026-08-07,0,3,1200000,1500000,per_annum,INR,true,
India,IN,+91,Hyderabad,Optum,hospital,https://img.naukimg.com/logo_images/groups/v1/4847169.gif,,"Senior Tech Prod Mgr- Databricks, Power BI, Tableau","The ideal candidate for this role must be passionate about how we can leverage data to drive improvements in our RCM Operations,effective at working in a fast-paced,high-energy environment and confident in their interactions with senior leaders Experience driving data platform product roadmaps,prioritization frameworks,and largescale crossfunctional initiatives. .",full_time,non_clinical,https://www.naukri.com/job-listings-senior-tech-prod-mgr-databricks-power-bi-tableau-optum-global-solutions-india-private-limited-hyderabad-6-to-10-years-070826930763,2026-08-07,6,10,,,,,true,
India,IN,+91,Noida,Optum,hospital,https://img.naukimg.com/logo_images/groups/v1/4847169.gif,,Associate Data Engineering Manager,"Solid experience with modern big data and distributed processing technologies such as Apache Spark,Databricks,Snowflake,AWS Redshift,and / or Kafka. Extensive experience working with Azure cloud services and cloud-native data platform capabilities. Experience designing,building,and optimizing ETL / ELT pipelines across batch and streaming data environments. .",full_time,non_clinical,https://www.naukri.com/job-listings-associate-data-engineering-manager-optum-global-solutions-india-private-limited-noida-12-to-18-years-070826930747,2026-08-07,12,18,,,,,true,
India,IN,+91,Hyderabad,Optum,hospital,https://img.naukimg.com/logo_images/groups/v1/4847169.gif,,"Lead Full Stack Engineer- GO , Python","Required Qualifications: . Bachelors degree in Computer Science,Engineering,or related field,or equivalent work experience. 8+ years of experience in full-stack software development with modern web and cloud technologies. Preferred Qualification: . Experience with modern front-end frameworks such as React. .",full_time,non_clinical,https://www.naukri.com/job-listings-lead-full-stack-engineer-go-python-optum-global-solutions-india-private-limited-hyderabad-0-to-1-years-070826930672,2026-08-07,0,1,,,,,true,
India,IN,+91,Noida,Optum,hospital,https://img.naukimg.com/logo_images/groups/v1/4847169.gif,,Software Engineering Lead - Java,"Optum is a global organization that delivers care, aided by technology to help millions of people live healthier lives. The work you do with our team will directly improve health outcomes by connecting people with the care, pharmacy benefits, data and resources they need to feel their best. Here, you will find a culture guided by inclusion, talented peers, comprehensive benefits and career development opportunities. Come make an impact on the communities we serve as you help us advance health optimization on a global scale. Join us to start Caring. Connecting. Growing together. Primary Responsibilities: Understand low level requirements via PRD''s (Product Requirement Document) and FSDs(Functional Specification on Document) Design and implement software solutions Write, code review, and maintain high-quality code Participate in defects triaging and fixing Troubleshoot and debug complex issues Stay up to date with the latest technologies and best practices Comply with the terms and conditions of the employment contract, company policies and procedures, and any and all directives (such as, but not limited to, transfer and/or re-assignment to different work locations, change in teams and/or work shifts, policies in regard to flexibility of work benefits and/or work environment, alternative work arrangements, and other decisions that may arise due to the changing business environment). The Company may adopt, vary or rescind these policies and directives in its absolute discretion and without any limitation (implied or otherwise) on its ability to do so Required Qualifications: Bachelor''s or master''s degree in computer science, Engineering, or a related field with 6 to 10 years of experience in developing software projects primarily using Java as a programing language Good experience in Frameworks like Spring (Model-View-Controller/Inverse of Control/ Aspect-Oriented Programming) and ORM as Hibernate Experience in working on AI technologies like: LLM Models, Co-Pilot, GenAI/Prompt Engineering Expertise in object-oriented programming (OOP) principles and practices and an inclination to do hands-on coding SQL knowledge preferably with Oracle as Database Proven excellent problem solving and debugging skills Demonstrated ability to develop High low-level design Demonstrated ability to work collaboratively in a fast-paced, dynamic environment with global teams Preferred Qualifications: Experience in developing software products Experience in BRMS (Business Rule Management Systems) tools and technologies, especially with authoring rules in DMN (Decision Model and Notation) Knowledge of US healthcare domain Exposure to AWS cloud and ReactJ At UnitedHealth Group, our mission is to help people live healthier lives and make the health system work better for everyone. We believe everyone - of every race, gender, sexuality, age, location and income - deserves the opportunity to live their healthiest life. Today, however, there are still far too many barriers to",full_time,non_clinical,https://www.naukri.com/job-listings-software-engineering-lead-java-optum-global-solutions-india-private-limited-noida-7-to-12-years-070826930629,2026-08-07,7,12,,,,,true,
India,IN,+91,Noida,Optum,hospital,https://img.naukimg.com/logo_images/groups/v1/4847169.gif,,Associate Software Engineer Manager,"Required Qualifications: . Undergraduate degree or equivalent experience. 5+ years of experience supporting enterprise applications,healthcare platforms,or large-scale production environments. 3+ years of experience in Application Support,Production Support,Technical Support,or IT Operations. Preferred Qualifications: . .",full_time,non_clinical,https://www.naukri.com/job-listings-associate-software-engineer-manager-optum-global-solutions-india-private-limited-noida-10-to-15-years-070826930525,2026-08-07,10,15,,,,,true,
India,IN,+91,Hyderabad,Optum,hospital,https://img.naukimg.com/logo_images/groups/v1/4847169.gif,,Senior Data Engineer,"Required Qualifications: . Bachelors degree or equivalent experience. BTech / MCA / Graduation (15+ years of formal education,Correspondence courses are not relevant). 5+ years of solid proficiency in data engineering technologies such as Python / Spark. 4+ years of hands-on experience with cloud platforms (Azure / AWS/GCP) and data services. .",full_time,non_clinical,https://www.naukri.com/job-listings-senior-data-engineer-optum-global-solutions-india-private-limited-hyderabad-3-to-8-years-070826930513,2026-08-07,3,8,,,,,true,
India,IN,+91,Hyderabad,Optum,hospital,https://img.naukimg.com/logo_images/groups/v1/4847169.gif,,Associate AI/ML Engineer,"Bachelor degree in Computer Science,AI / ML,Data Science,Statistics,or related field. 1+ years of experience in machine learning,AI development,or data-driven engineering roles. Required Qualifications: . Preferred Qualification: . .",full_time,non_clinical,https://www.naukri.com/job-listings-associate-ai-ml-engineer-optum-global-solutions-india-private-limited-hyderabad-1-to-5-years-070826930486,2026-08-07,1,5,,,,,true,
India,IN,+91,Hyderabad,Optum,hospital,https://img.naukimg.com/logo_images/groups/v1/4847169.gif,,"Software Engineering Lead-Service Now Development, JavaScript, etc","Develop and maintain ServiceNow applications,business rules,script includes,workflows,and platform integrations. Support business areas onboarding and deliver enhancement requests aligned with business requirements. Design and implement AI-driven and automation solutions to improve operational efficiency,productivity,and user experience. .",full_time,non_clinical,https://www.naukri.com/job-listings-software-engineering-lead-service-now-development-javascript-etc-optum-global-solutions-india-private-limited-hyderabad-8-to-11-years-070826930468,2026-08-07,8,11,,,,,true,
India,IN,+91,Mumbai,GUFIC BIOSCIENCES LIMITED,hospital,https://img.naukimg.com/logo_images/groups/v1/2792430.gif,,Assistant Manager - Medical Affairs,"1.Coordination & Collaboration: - Collaborate with the Neuro team and other cross-functional departments for the management of strategic initiatives. - Partner with the marketing team to develop scientifically accurate promotional materials (Visual Aids, LBLs, PILs, newsletters). - Collaborate with third-party agencies for outsourced medical inputs, ensuring quality and adherence to briefs. 2. Marketing & Training Support: - Create and update comprehensive product monographs, training slide decks, and CME slide decks for the botulinum toxin portfolio. - Conduct induction and refresher medical training for the field force, ensuring they can effectively communicate complex clinical information to healthcare professionals (HCPs). - Manage and resolve scientific queries from the field force regarding product use, efficacy, and safety. 3. Medical Information & Publications: • - Conduct in-depth literature searches to support medical communications, product positioning, and new product evaluations. • - Provide continuous medical support for existing brands, ensuring all content is evidence-based and up-to-date. • - Publish manuscripts and review articles in peer-reviewed journals to strengthen Organizations's scientific reputation in the neurocare therapeutic area. 4. KOL Engagement & External Representation: • - Attend and represent Organization’s at key conferences, workshops, and divisional meetings • - Coordinate for CMEs and webinars to facilitate scientific exchange with KOLs. • - Conduct field visits (PAN India) with the sales team to gather medical insights, competitive intelligence, and strengthen doctor relationships. 5. Product Evaluation & Strategic Input: • Evaluate new product/molecule opportunities through comprehensive reviews, including mechanism of action, clinical trial data, and competitive landscape analysis, providing strategic ""Go/No-go"" recommendations for the division. 6. Regulatory & Pharmacovigilance Support: • - Author and review domestic and export Product Package Inserts (PIs) ensuring compliance with DCGI and target country guidelines. • - Coordinate the reporting and follow-up of Adverse Events (AEs) with the QA/QC team, ensuring timely and compliant closure. 7. Clinical Trial Support: • - Provide medical support for clinical trial projects assigned to the division, ensuring documentation is accurate and timelines are met. 8. System & Process Adherence: • - Ensure all medical activities comply with internal SOPs, pharmacovigilance requirements, and industry regulations. • - Contribute to building a robust medical documentation system within the division.",full_time,non_clinical,https://www.naukri.com/job-listings-assistant-manager-medical-affairs-gufic-biosciences-limited-mumbai-all-areas-3-to-8-years-070826030437,2026-08-07,3,8,,,,,true,
India,IN,+91,Ahmedabad,CCS Enviro Control,hospital,https://img.naukimg.com/logo_images/groups/v1/7797963.gif,,Lab Chemist ( Water Analysis),"Water Analysis: Test physical-chemical and biological parameters (pH, BOD, COD, TDS, heavy metals) for water and wastewater.Air Analysis: Analyze ambient air and stack emission samples (PM2.5, PM10, SO2, NO2) following CPCB/MoEFCC protocols.Maintain raw data logbooks, instrument calibration records, method validation documents under quality systems.Safety & Upkeep: Handle chemicals safely and ensure routine maintenance of lab equipment",full_time,non_clinical,https://www.naukri.com/job-listings-lab-chemist-water-analysis-ccs-enviro-control-llp-ahmedabad-rajkot-1-to-5-years-070826930429,2026-08-07,1,5,,,,,true,
India,IN,+91,Bengaluru,Optum,hospital,https://img.naukimg.com/logo_images/groups/v1/4847169.gif,,Senior AI/ML Engineer,"Preferred Qualifications: . Preferred Qualification: . Leadership experience to mentor,align and empower other AIML engineers. Prompt Engineering experience Hands on experience with APIs like OpenAI,Google Gemini and Hugging face. .",full_time,non_clinical,https://www.naukri.com/job-listings-senior-ai-ml-engineer-optum-global-solutions-india-private-limited-bengaluru-3-to-7-years-070826930409,2026-08-07,3,7,,,,,true,
India,IN,+91,Pune,Ecolab Global Services,hospital,https://img.naukimg.com/logo_images/groups/v1/11546544.gif,,Associate Finance Admin Representative,"Job Summary Billing Analyst supporting our Global Business Services team in Pune, India. This role will operate in a UK shift. Responsibilities Complete daily invoice audit to ensure invoices are accurate and distributed Ensure all appropriate approvals were obtained prior to processing corrections, and enter corrections based on department guidance Administer invoice updates and corrections for billing activities Provide expert insight into billing processes operational effectiveness Establish strong working relationships with division finance and CBC peers Perform problem solving analysis and implement corrective action when needed Prepare and maintain process documentation Compile and publish monthly activity tracking reporting Assist with validating RQF and list pricing uploads Provide prompt follow-up actions to internal and external inquiries and issues Respond timely to incoming communications Adhere to company and department policies and procedures Minimum Qualifications Degree in Business, Accounting, Finance, or related field Masters Degree strongly preferred A minimum of 4 years of related experience Proficient in Microsoft Office application Excel Fluent in English Fluent in Spanish preferred Preferred Qualifications Ability to work independently in a fast-paced environment Demonstrated problem solving ability to resolve problems independently and take appropriate action in a timely manner Previous analytical experience with high aptitude for research, analysis, and problemsolving.",full_time,non_clinical,https://www.naukri.com/job-listings-associate-finance-admin-representative-ecolab-global-services-private-limited-pune-0-to-3-years-070826930324,2026-08-07,0,3,,,,,true,
India,IN,+91,Gurugram,Optum,hospital,https://img.naukimg.com/logo_images/groups/v1/4847169.gif,,Consultant Business Systems,"Experience in Business Operations or Operation Excellence will be preferred. Solid experience with Azure and / or GCP cloud platforms,including cloud-native design,deployment,integration,and operational support. .",full_time,doctors,https://www.naukri.com/job-listings-consultant-business-systems-optum-global-solutions-india-private-limited-gurugram-8-to-13-years-070826930285,2026-08-07,8,13,,,,,true,
India,IN,+91,Pune,Optum,hospital,https://img.naukimg.com/logo_images/groups/v1/4847169.gif,,Collections Representative - AR Calling - RCM Denial Management,"The AR Associate is responsible for the accounts receivable aspects of the client-focused revenue cycle operations and must display in-depth knowledge of and execute all standard operating procedures (SOPs) as well as communicating issues,trends,concerns and suggestions to leadership. . Proven ability to use good judgment and critical thinking skills",full_time,non_clinical,https://www.naukri.com/job-listings-collections-representative-ar-calling-rcm-denial-management-optum-global-solutions-india-private-limited-pune-0-to-4-years-070826930252,2026-08-07,0,4,,,,,true,
India,IN,+91,Hyderabad,Optum,hospital,https://img.naukimg.com/logo_images/groups/v1/4847169.gif,,Manager Technical Project Management,"Required Qualifications: . Bachelors degree or equivalent experience. . Program Delivery Management. Stakeholder Communication. Technical Tools Proficiency : Smartsheet AI features,Power BI Experience with Rally (CA Agile Central)",full_time,non_clinical,https://www.naukri.com/job-listings-manager-technical-project-management-optum-global-solutions-india-private-limited-hyderabad-6-to-10-years-070826930237,2026-08-07,6,10,,,,,true,
India,IN,+91,Hyderabad,Optum,hospital,https://img.naukimg.com/logo_images/groups/v1/4847169.gif,,Collections Representative,"The AR Associate is responsible for the accounts receivable aspects of the client-focused revenue cycle operations and must display in-depth knowledge of and execute all standard operating procedures (SOPs) as well as communicating issues,trends,concerns and suggestions to leadership ability to identify and resolve problems. Proficient in MS Office software",full_time,non_clinical,https://www.naukri.com/job-listings-collections-representative-optum-global-solutions-india-private-limited-hyderabad-0-to-5-years-070826930211,2026-08-07,0,5,,,,,true,
India,IN,+91,Hyderabad,Optum,hospital,https://img.naukimg.com/logo_images/groups/v1/4847169.gif,,Senior Manager Architecture,"Optum is a global organization that delivers care, aided by technology to help millions of people live healthier lives. The work you do with our team will directly improve health outcomes by connecting people with the care, pharmacy benefits, data and resources they need to feel their best. Here, you will find a culture guided by inclusion, talented peers, comprehensive benefits and career development opportunities. Come make an impact on the communities we serve as you help us advance health optimization on a global scale. Join us to start Caring. Connecting. Growing together. Primary Responsibilities: Define and own the architecture strategy and technology roadmap for Provider Technology Services, supporting Provider business objectives and transformation initiatives. Establish and drive enterprise architecture standards, principles, reference architectures, and governance processes across the Provider applications landscape. apply an AI aware mindset to inform design choices, improve clarity of trade-offs, and guide teams toward a shared architectural vision Oversee design through the full lifecycle, ensuring reliability, performance, security, and cost effectiveness are built in from the start Support teams with AI enhanced design tools that streamline modeling, analysis, and documentation Encourage thoughtful use of AI aware patterns such as predictive insights, intelligent workflows, and automated quality checks Partner with data, ML, and analytics teams on safe, responsible integration of intelligence into systems Use AI tools to accelerate architecture tasks like API review, dependency analysis, and solution documentation Design solutions informed by healthcare data flows, eligibility/benefits concepts, provider models, and regulatory expectations Understand how EMR and clinical systems interact with payer platforms to guide integration and data movement Apply interoperability standards (FHIR, HL7, X12) to ensure systems communicate reliably and securely Mentor architects and engineers to strengthen system design, integration skills, and architectural thinking Lead design reviews, share best practices, and foster a culture focused on simplification, reuse, and responsible innovation Evaluate AI tools and products for enterprise utilization to streamline workflows, automate tasks, and drive continuous improvement Evaluate emerging trends to inform solution design and strategic innovation Design, develop, and deploy strategic solutions, including those that are AI-powered, to address complex business challenges with emphasis on responsible use of data and AI Establish architectural blueprints, reference models, technology landscapes, and transition roadmaps to guide development and capabilities across the ecosystem Serve as a technical authority and mentor for AI/ML engineers, tech leads, and solution architects across the organization Collaborate with product managers, data scientists, and engineering teams to translate business requiremen",full_time,non_clinical,https://www.naukri.com/job-listings-senior-manager-architecture-optum-global-solutions-india-private-limited-hyderabad-9-to-12-years-070826930191,2026-08-07,9,12,,,,,true,
India,IN,+91,Noida,Optum,hospital,https://img.naukimg.com/logo_images/groups/v1/4847169.gif,,"Data Analyst - Tableau, PowerBI, Databricks/SQL, AI","Required Qualifications: . Bachelors degree in Engineering,Statistics,Computer Science,Information Systems,Business Analytics,or a related field. 3+ years of experience in data analytics,business analytics,marketing analytics,or reporting. Preferred Qualifications: . Solid SQL skills and experience working with large datasets. .",full_time,non_clinical,https://www.naukri.com/job-listings-data-analyst-tableau-powerbi-databricks-sql-ai-optum-global-solutions-india-private-limited-noida-3-to-7-years-070826930148,2026-08-07,3,7,,,,,true,
India,IN,+91,Noida,Optum,hospital,https://img.naukimg.com/logo_images/groups/v1/4847169.gif,,Service Delivery Manager - RCM collections,"Required Qualifications: . Bachelors degree with US Healthcare provider experience,specifically in A / R recovery / Payment posting / Billing (RCM - Revenue Cycle Management services). 13+ years of experience on RCM- Backend operations. 10+ years of experience in handling denial Management and credits. 6+ years of experience in handling large teams. .",full_time,non_clinical,https://www.naukri.com/job-listings-service-delivery-manager-rcm-collections-optum-global-solutions-india-private-limited-noida-13-to-20-years-070826930128,2026-08-07,13,20,,,,,true,
India,IN,+91,Bengaluru,Optum,hospital,https://img.naukimg.com/logo_images/groups/v1/4847169.gif,,Lead Technical Product Manager,"Preferred Qualifications: . Certifications in Product Management,Agile,SAFe,or Cloud Technologies. 2+ years of experience with Agentic AI,Generative AI,Large Language Models (LLMs),and enterprise AI platforms. 2+ years of experience managing AI platform,data platform,or knowledge management products. .",full_time,non_clinical,https://www.naukri.com/job-listings-lead-technical-product-manager-optum-global-solutions-india-private-limited-bengaluru-0-to-5-years-070826930092,2026-08-07,0,5,,,,,true,
India,IN,+91,Gurugram,Optum,hospital,https://img.naukimg.com/logo_images/groups/v1/4847169.gif,,Assistant Manager,"Required Qualifications: . Graduate. 2+ years of relevant experience in healthcare. Must have team handling and people Manger experience. Today,however,there are still far too many barriers to good health which are disproportionately experienced by people of color,historically marginalized groups and those with lower incomes",full_time,non_clinical,https://www.naukri.com/job-listings-assistant-manager-optum-global-solutions-india-private-limited-gurugram-5-to-10-years-070826930073,2026-08-07,5,10,,,,,true,
India,IN,+91,Bengaluru,Optum,hospital,https://img.naukimg.com/logo_images/groups/v1/4847169.gif,,"Senior Full Stack AI Engineer - UI, AIDLC (Java + React.js+ LLM)","Experience with MLOps,deployment automation,CI / CD pipelines,and monitoring solutions. Solid experience building enterprise applications using React,Next.js,TypeScript,Node.js,and modern frontend technologies. Experience with Databricks,Snowflake,Kafka,Spark,and modern data platforms supporting AI applications. Preferred Qualifications: . .",full_time,non_clinical,https://www.naukri.com/job-listings-senior-full-stack-ai-engineer-ui-aidlc-java-react-js-llm-optum-global-solutions-india-private-limited-bengaluru-4-to-9-years-070826930049,2026-08-07,4,9,,,,,true,
India,IN,+91,Hoshiarpur,Grand Consultants,hospital,https://img.naukimg.com/logo_images/groups/v1/213306.gif,,Ophthalmologist Required at Hoshiarpur Punjab 3 Lakhs + Share,Ophthalmologist Required at Hoshiarpur Punjab Salary 3 Lakhs + Share Potential 4 Lakhs + Furnished Accommodation Contact: Mr. Mohit - 9216999555 Mr Arnav - 7837780722 Email: doctorsplacements@gmail.com www.doctorsplacements.com,full_time,doctors,https://www.naukri.com/job-listings-ophthalmologist-required-at-hoshiarpur-punjab-3-lakhs-share-grand-consultants-hoshiarpur-amritsar-moga-0-to-5-years-070826029882,2026-08-07,0,5,4500000,5000000,per_annum,INR,true,
India,IN,+91,Contai,Dabur,hospital,https://img.naukimg.com/logo_images/groups/v1/26216.gif,,Product Specialist (MR)- Contai - Ayurvedic Division,"Preferred candidate profile Should have exposure to handled FMCG Ayurvedic products with good detailing skill in the territory - Midnapore (East),Contai,Egra,Ramnagar,Rupasree Bypass,Haldia,Tomluk,etc",full_time,non_clinical,https://www.naukri.com/job-listings-product-specialist-mr-contai-ayurvedic-division-dabur-contai-2-to-7-years-070426018743,2026-08-07,2,7,,,,,true,
India,IN,+91,Bengaluru,Sagility India,hospital,https://img.naukimg.com/logo_images/groups/v1/6010088.gif,,Hiring Registered Nurse - US Healthcare (Non-Clinical Role),Willingness to work in rotational evening / night shifts Shift: 6:30PM to 3:30 AM BSc Nursing Freshers are eligible MSc Nursing Freshers are eligible Note: Freshers with strong clinical knowledge and a willingness to learn are encouraged to apply Active State Nursing Council Registration preferred,full_time,nurses,https://www.naukri.com/job-listings-hiring-registered-nurse-us-healthcare-non-clinical-role-sagility-india-bengaluru-0-to-1-years-070826029673,2026-08-07,0,1,,,,,true,
India,IN,+91,Bengaluru,Axis Services,hospital,https://img.naukimg.com/logo_images/groups/v1/178464.gif,,"Openings For  ""Surgery, E/M with Cardio"" Coders || Bangalore location",Min 1 year of experience is mandate into the above specialities. Certification mandate . Work From Office.,full_time,non_clinical,https://www.naukri.com/job-listings-openings-for-surgery-e-m-with-cardio-coders-bangalore-location-axis-services-bengaluru-1-to-6-years-070826029587,2026-08-07,1,6,350000,750000,per_annum,INR,true,
India,IN,+91,Hyderabad,Apollo Knowledge Ventures Limited,hospital,https://img.naukimg.com/logo_images/groups/v1/4580365.gif,,Staff Nurse - Hyderabad,Role & responsibilities Registered Nurses with 1 - 8 years of Experience Preferred candidate profile Male/Female,full_time,nurses,https://www.naukri.com/job-listings-staff-nurse-hyderabad-apollo-knowledge-ventures-limited-hyderabad-1-to-6-years-070826029392,2026-08-07,1,6,300000,750000,per_annum,INR,true,
India,IN,+91,Malta,2coms,hospital,https://img.naukimg.com/logo_images/groups/v1/467982.gif,,Live-in Carer,"Willing to work live-in shifts and provide flexible support as required. . . Previous experience as a Caregiver,Nursing Assistant,Live-In Carer,or Healthcare Assistant is preferred. . . Preferred Skills",full_time,non_clinical,https://www.naukri.com/job-listings-live-in-carer-2coms-malta-1-to-5-years-070826029331,2026-08-07,1,5,,,,,true,
India,IN,+91,Krishnagiri,Talent21,hospital,https://img.naukimg.com/logo_images/groups/v1/4766783.gif,,Radiologist,"Perform a minimum of 20 Ultrasound scans per day Minimum 34 years of experience as a Radiologist Immediate joiners are preferred Candidates should be willing to sign a 2-year employment agreement Experience: 34 Years Strong experience in Ultrasound,CT Scans,and Teleradiology",full_time,doctors,https://www.naukri.com/job-listings-radiologist-talent21-krishnagiri-3-to-4-years-010826007109,2026-08-07,3,4,1800000,1900000,per_annum,INR,true,
India,IN,+91,Hybrid - Bengaluru,Zinnov Management Consulting,hospital,https://img.naukimg.com/logo_images/groups/v1/438112.gif,,"Walk-in || Technical Product Owner, AWS","Qualifications . Education . Bachelors degree required in Information Technology,Computer Science,Engineering,or a related discipline Masters degree or MBA preferred AWS or cloud-related certifications (e.g.,AWS Certified Solutions Architect or Product-focused credentials) Preferred candidate profile . Language: Proficiency in English required",full_time,non_clinical,https://www.naukri.com/job-listings-technical-product-owner-aws-zinnov-management-consulting-bengaluru-4-to-9-years-070826029288,2026-08-07,4,9,,,,,true,
India,IN,+91,Karimnagar,3SG Medical Placements Hyderabad,hospital,https://img.naukimg.com/logo_images/groups/v1/11855179.gif,,Radiologist,"Locations: Vijaynagar colony, Near to Masab tank, Hyd. (female) Ultrasound & X-ray Chandanagar, Hyd. All Modalities Karimnagar USG Guided Procedures Karimnagar Proper MRI & CT Scan Kurnool Proper All Modalities",full_time,doctors,https://www.naukri.com/job-listings-radiologist-3sg-medical-placements-hyderabad-karimnagar-hyderabad-kurnool-0-to-4-years-070826029240,2026-08-07,0,4,2000000,2500000,per_annum,INR,true,
India,IN,+91,Mumbai(Kemps corner),Asian Cancer Institute,hospital,https://img.naukimg.com/logo_images/groups/v1/4664831.gif,,"Walk-in || Staff Nurse Cath Lab, OT","Role & responsibilities : Prepare the Cath Lab before procedures. Verify patient identity, consent, investigations, and procedure details. Prepare patients for angiography, angioplasty, pacemaker implantation, and other cardiac procedures. Assist cardiologists during diagnostic and interventional procedures. Maintain sterile technique throughout procedures. Monitor ECG, blood pressure, oxygen saturation, and vital signs during procedures. Administer medications as prescribed. Assist in handling emergency situations, including cardiac arrest. Prepare and maintain catheters, guidewires, balloons, stents, and other Cath Lab equipment. Ensure accurate nursing documentation and procedure records. Follow infection prevention and biomedical waste management protocols. Maintain stock of consumables and report shortages. Interested Candidate can Share CV : r.kumari@acicancer.com Whatsapp CV : 9871809400",full_time,nurses,https://www.naukri.com/job-listings-staff-nurse-cath-lab-ot-asian-cancer-institute-mumbai-3-to-8-years-070826029123,2026-08-07,3,8,400000,550000,per_annum,INR,true,
India,IN,+91,Mumbai,Entero Healthcare Solutions,hospital,https://img.naukimg.com/logo_images/groups/v1/4807963.gif,,Legal Intern,"We are looking for a motivated and detail-oriented Legal Intern to support our legal and compliance team The intern will gain hands-on experience in corporate law,contract management,and regulatory compliance within the healthcare industry Good research and analytical skills",full_time,non_clinical,https://www.naukri.com/job-listings-legal-intern-entero-healthcare-solutions-mumbai-mumbai-suburban-0-to-2-years-070826029096,2026-08-07,0,2,,,,,true,
India,IN,+91,Hybrid - Pune,Tredence,hospital,https://img.naukimg.com/logo_images/groups/v1/1713408.gif,,Senior Data Scientist,"Apart from our geographic footprint in the US,Canada & UK,we plan to open offices in few tier 2 cities in India Tredence is a Great Place to Work(GPTW) certified company that values its employees and creates a positive work culture by providing opportunities for professional development and promoting work-life balance",full_time,non_clinical,https://www.naukri.com/job-listings-senior-data-scientist-tredence-pune-gurugram-bengaluru-5-to-8-years-070826029057,2026-08-07,5,8,,,,,true,
India,IN,+91,Hosur,India International Technical Recruiters,hospital,https://img.naukimg.com/logo_images/groups/v1/1092.gif,,Radiologist Consultant (Fetal Medicine),"We are currently seeking a Radiologist specialized in Fetal Medicine for one of the maternity center in Hosur, Tamil Nadu. If interested and to know more, please share your updated CV at swati@hireindians.com/ +917982133619.MD/DNB/Diploma in Radiodiagnosis. Must have completed a Fellowship in Fetal Medicine. Freshers with the required qualification and fellowship may also be considered.",full_time,doctors,https://www.naukri.com/job-listings-radiologist-consultant-fetal-medicine-india-international-technical-hosur-0-to-5-years-070826029049,2026-08-07,0,5,,,,,true,
India,IN,+91,Sonipat,Security & Personnel Services,hospital,https://img.naukimg.com/logo_images/groups/v1/41586.gif,,"Non Invasive Cardiologist For Multi Specialty Hospital in Sonipat, Hry","We have job opening of Consultant Non Invasive Cardiologist . Opening is for well established 200+ bedded MultiSuper Specialty Hospital in Sonipat, Haryana Candidate must well versed with all aspects of Cardiology DepartmentCandidate should be MD/DrNB in Internal/General Medicine with Echo exposure or MBBS with PGDCC Salary is absolutely negotiable. If Interested, please send your CV.",full_time,doctors,https://www.naukri.com/job-listings-non-invasive-cardiologist-for-multi-specialty-hospital-in-sonipat-hry-security-personnel-services-sonipat-0-to-5-years-070826028957,2026-08-07,0,5,,,,,true,
India,IN,+91,Bareilly,Grand Consultants,hospital,https://img.naukimg.com/logo_images/groups/v1/213306.gif,,Radiologist Required at Medical College in East UP AP/SR Position,Medical College in East UP AP/SR Position Salary 5 Lakhs Azamgarh UP Salary 6 Lakhs + Accommodation Contact: Mr. Mohit - 9216999555 Mr. Arnav - 7837780722 Email:doctorsplacements@gmail.com www.doctorsplacements.com,full_time,doctors,https://www.naukri.com/job-listings-radiologist-required-at-medical-college-in-east-up-ap-sr-position-grand-consultants-bareilly-dehradun-azamgarh-0-to-5-years-070826028928,2026-08-07,0,5,5000000,6000000,per_annum,INR,true,
India,IN,+91,Chennai(Perungudi),GEM Hospital and Research centre,hospital,https://img.naukimg.com/logo_images/groups/v1/4659663.gif,,Walk-in || Staff Nurse,"The role involves assessing patient conditions, planning and implementing nursing care, administering medications and treatments, monitoring patient progress, and maintaining accurate medical records.B.Sc Nursing or Diploma in Nursing requiredPF, ESIC, Gratuity, Leave Encashments",full_time,nurses,https://www.naukri.com/job-listings-staff-nurse-gem-hospital-and-research-centre-chennai-0-to-3-years-070826028900,2026-08-07,0,3,250000,300000,per_annum,INR,true,
India,IN,+91,Chennai,Shai Health,hospital,https://img.naukimg.com/logo_images/groups/v1/11424010.gif,,Walk-in || Immediate Opening For AR Caller - Hospital Billing,"We are hiring Hospital Billing- AR Caller at Chennai location. . . 2-6 Years of Experience with in hospital billing (UB-04) with IPA & Commercial claims processing. At least 2 years of experience in hospital billing & Proficient in Payment systems . Comprehensive knowledge of Under payment & Over Payment scenarios,.",full_time,non_clinical,https://www.naukri.com/job-listings-immediate-opening-for-ar-caller-hospital-billing-shai-health-chennai-2-to-6-years-070826028720,2026-08-07,2,6,,,,,true,
India,IN,+91,Bhopal,Medilife Technologies,hospital,https://img.naukimg.com/logo_images/groups/v1/95622.gif,,Area Sales Manager / Sales Executive ( Medical Equipments ),"Bachelors degree in Life Sciences,Biomedical Engineering,Pharmacy,or related field Proficiency in MS Office and CRM software Experience: 0-4 Years experience,Fresher also can apply 05 years of sales experience in the medical device or healthcare industry Good analytical and problem-solving abilities Willingness to travel extensively within the assigned territory",full_time,non_clinical,https://www.naukri.com/job-listings-area-sales-manager-sales-executive-medical-equipments-medilife-technologies-bhopal-new-delhi-hyderabad-0-to-4-years-070826928658,2026-08-07,0,4,,,,,true,
India,IN,+91,Hybrid - Noida,Genpact,hospital,https://img.naukimg.com/logo_images/groups/v1/42932.gif,,Apache Flink Transformation Engineer,"Experience with Confluent Platform and enterprise Kafka deployments Experience working in Agile / Scrum delivery environments Required Skills & Experience Experience with cloud platforms such as Azure,AWS,or GCP is preferred Preferred Qualifications 610+ years of experience in Data Engineering with strong expertise in real-time streaming solutions",full_time,non_clinical,https://www.naukri.com/job-listings-apache-flink-transformation-engineer-genpact-noida-hyderabad-bengaluru-8-to-13-years-070826028609,2026-08-07,8,13,,,,,true,
India,IN,+91,Panipat,Grand Consultants,hospital,https://img.naukimg.com/logo_images/groups/v1/213306.gif,,Orthopedic Surgeon required at Azamgarh UP,Orthopedic Surgeon required at Azamgarh UP Salary 2.5 Lakhs + Accommodation Panipat Haryana Salary 2.5 Lakhs + Accommodation Contact: Mr. Mohit - 9216999555 Mr. Arnav - 7837780722 Email: doctorsplacements@gmail.com www.doctorsplacements.com,full_time,doctors,https://www.naukri.com/job-listings-orthopedic-surgeon-required-at-azamgarh-up-grand-consultants-panipat-azamgarh-lucknow-0-to-5-years-070826028546,2026-08-07,0,5,2500000,3000000,per_annum,INR,true,
India,IN,+91,Mumbai(Santacruz),Saarathi Healthcare,hospital,https://img.naukimg.com/logo_images/groups/v1/4626731.gif,,Project Coordinator  Dietitian,"Provide diet and nutrition counselling to patients, train field counsellors, coordinate patient follow-ups, liaise with ASMs and field teams, track patient activities, maintain reports, and support smooth project execution and operational issue.Female candidates with a Dietetics/Nutrition background are preferred.",full_time,non_clinical,https://www.naukri.com/job-listings-project-coordinator-dietitian-saarathi-healthcare-mumbai-0-to-3-years-070826028518,2026-08-07,0,3,250000,450000,per_annum,INR,true,
India,IN,+91,Ahmedabad(Vaishnodevi Circle),K D Hospital,hospital,https://img.naukimg.com/logo_images/groups/v1/4673695.gif,,Walk-in || Cath Lab Technician,"Experience: 2 year to 5 year. Qualification: GNM,BSc,Diploma in Cath lab Technician Required Skills: . Preferred: Experience in a hospital Cath Lab or cardiac care center",full_time,non_clinical,https://www.naukri.com/job-listings-cath-lab-technician-k-d-hospital-ahmedabad-2-to-5-years-070826028415,2026-08-07,2,5,,,,,true,
India,IN,+91,Gurugram,Navigene Genetic Science,hospital,https://img.naukimg.com/logo_images/groups/v1/12446632.gif,,Sales Manager,"Bachelors degree in any discipline BSc or MSc in Life Sciences / Biology will be preferred Local candidates will be preferred Experience: 2-6 Years . Sales experience in the healthcare,medical diagnostics,pharmaceutical,or genetic testing industry",full_time,non_clinical,https://www.naukri.com/job-listings-sales-manager-navigene-genetic-science-gurugram-2-to-6-years-070826028408,2026-08-07,2,6,,,,,true,
India,IN,+91,Ahmedabad,Expert Pharmaceuticals,pharma,https://img.naukimg.com/logo_images/groups/v1/4586451.gif,,Walk-in || Qc Chemist,Software Proficiency : Hands-on experience with chromatography data software like Empower 3 or LabSolutions Experience : 2 to 7 years in a regulatory approved plant (Formulation or API),full_time,non_clinical,https://www.naukri.com/job-listings-qc-chemist-expert-pharmaceuticals-ahmedabad-2-to-7-years-070826028311,2026-08-07,2,7,175000,500000,per_annum,INR,true,
India,IN,+91,Mumbai(Kalwa),Platinum Hospital,hospital,https://img.naukimg.com/logo_images/groups/v1/938152.gif,,2D Echo Technician Dharmaveer Anand Dighe Heart & Urocare Centre Kawa,"Performing 2D Echocardiography and assisting cardiologists in non-invasive cardiac diagnostic services.Diploma/Degree in Cardiac Technology or allied healthcare qualification.2–5 years of experience in performing 2D Echocardiography,cardiac hospital",full_time,non_clinical,https://www.naukri.com/job-listings-2d-echo-technician-dharmaveer-anand-dighe-heart-urocare-centre-kawa-platinum-hospital-mumbai-all-areas-2-to-5-years-260626030009,2026-08-07,2,5,225000,375000,per_annum,INR,true,
India,IN,+91,Hyderabad,Hindco Recruitment Consultants,hospital,https://img.naukimg.com/logo_images/groups/v1/1016.gif,,Field Healthcare Educator | South India,D. Pharm / DMLT / B Pharm / BSc in Lifesciences candidates are preferred. - Must be willing to travel in allotted geography for Doctor OPD. - Candidate should have their own two wheeler,full_time,non_clinical,https://www.naukri.com/job-listings-field-healthcare-educator-south-india-hindco-recruitment-consultants-hyderabad-chennai-bengaluru-0-to-5-years-070826028248,2026-08-07,0,5,,,,,true,
India,IN,+91,Ahmedabad(Vaishnodevi Circle),K D Hospital,hospital,https://img.naukimg.com/logo_images/groups/v1/4673695.gif,,Walk-in || X Ray Technician,Required Skills: . Basic computer knowledge (RIS / PACS preferred) Preferred: Experience in hospitals or diagnostic centers. . Experience: 0 To 3 years Good communication and patient-handling skills,full_time,non_clinical,https://www.naukri.com/job-listings-x-ray-technician-k-d-hospital-ahmedabad-0-to-2-years-070826028191,2026-08-07,0,2,,,,,true,
India,IN,+91,Vadodara,Health Care Global Enterprises,hospital,https://img.naukimg.com/logo_images/groups/v1/1038240.gif,,Resident Medical Officer,"JOB RESPONSIBILITIES All Files should be filled. All investigations should be arranged serially. Once in a week, all files will be scrutinized. All the important BIO MARKERS should be written date wise in a separate sheet. If possible graphically they should be presented. If Radiation is over, Radiation Summary sheet should be there in. See that drugs are given properly by the sisters. See that intake/out [put charts should be filled. All surgical notes must be there:- Intra-operative Notes. Pre-operative investigations Post op Biopsy report Mention if any complication. If chemotherapy is going on please inspect the IV site, administration timings. If a patient is allergic to any drug, please mention it in BOLD at the front. Any consultant, in the round should be accompanied by the Duty Doctor. All patients should be attended on call, at any point of time. All the dressing in surgical ward mainly or any other ward should be done by Doctors/Sisters. All Doctors should follow duty hours, very strictly. In the weekly meeting all details will be discussed. When any blood transfusion is going on the doctor. Should verify all the records and they should start on their own. Must attend all medical procedures like Catheterization of the patient intubation etc Functional Skills and Capabilities Job competence. Quality and Safety consciousness. Commitment & initiative. Initiative, punctuality & learning, Adherence to work ethics, dependability. Interpersonal relations. Team work, Communication, Positive & empathetic attitude Computer Skills & Knowledge",full_time,doctors,https://www.naukri.com/job-listings-resident-medical-officer-health-care-global-enterprises-vadodara-0-to-4-years-070826028160,2026-08-07,0,4,,,,,true,
India,IN,+91,Pune,Manipal Hospitals,hospital,https://img.naukimg.com/logo_images/groups/v1/4070.gif,,Pharmacist,"Review Orders: Read and check doctor requests for safety and correct amounts. Prepare Drugs: Mix IV bags, handle sterile products, or prepare chemotherapy. Join Rounds: Walk with medical teams to check patient progress and suggest changes. Manage Stock: Keep track of medicine supplies and safe storage. Counsel Patients: Explain side effects and how to take drugs safely before leaving the hospita",full_time,pharmacists,https://www.naukri.com/job-listings-pharmacist-manipal-hospitals-pune-0-to-4-years-070826028148,2026-08-07,0,4,,,,,true,
India,IN,+91,Remote,Venus Remedies (VRL),hospital,https://img.naukimg.com/logo_images/groups/v1/1366162.gif,,ABE/ABM ( Individual Role ) Pune,Ideal candidate should be from a Pharma background We have requirement of Area Business Executive / Manager for Critical Care division Candidates with Critical Care experience will be preferred Execute marketing strategies like Promotion Campaigns / CMEs / Patient Experience Programs etc Experience in handling Key Accounts Management / Hospital Business,full_time,non_clinical,https://www.naukri.com/job-listings-abe-abm-individual-role-pune-venus-remedies-vrl-pune-1-to-5-years-040526005944,2026-08-07,1,5,200000,425000,per_annum,INR,true,
India,IN,+91,Noida(Bhangel),Yatharth Super Speciality Hospitals,hospital,https://img.naukimg.com/logo_images/groups/v1/7402905.gif,,Consultant- Internal Medicine,"Willingness to participate in emergency duties and rotational shifts Fresh MD graduates or candidates with up to 5 years of post-qualification experience Participate in emergency duties,rotational on-call services,and code blue response when required Preferred candidate profile Good communication,interpersonal,and patient counseling abilities",full_time,doctors,https://www.naukri.com/job-listings-consultant-internal-medicine-yatharth-super-speciality-hospitals-noida-0-to-5-years-070826027946,2026-08-07,0,5,,,,,true,
India,IN,+91,Vadodara,Nityo Infotech,hospital,https://img.naukimg.com/logo_images/groups/v1/76234.gif,,Contact - Eaton - L1 Application Support - Vadodara(Gujarat)-Immediate,Provide off hour and weekend support as required Preferred Location- Experience: 2-8 Years,full_time,non_clinical,https://www.naukri.com/job-listings-contact-eaton-l1-application-support-vadodara-gujarat-immediate-nityo-infotech-vadodara-2-to-7-years-070826027817,2026-08-07,2,7,,,,,true,
India,IN,+91,Jadcherla,Naukri E Hire Campaign,hospital,https://img.naukimg.com/logo_images/groups/v1/11809885.gif,,Walk-in || QA QC Officer,"Preference will be given for the personnel having the experience in handling following instruments.UV,FTIR,HPLC,Dissolution apparatus,Auto titrators,LCMS Job description : . Sampling and testing and Raw materials / Packaging materials.Testing of In process Blend/ Finished products / Stability samples.Hands on experience in analytical method transfer / validations",full_time,non_clinical,https://www.naukri.com/job-listings-qa-qc-officer-naukri-e-hire-campaign-jadcherla-1-to-5-years-070826018785,2026-08-07,1,5,100000,500000,per_annum,INR,true,
India,IN,+91,Remote,Venus Remedies (VRL),hospital,https://img.naukimg.com/logo_images/groups/v1/1366162.gif,,ABM ( Critical Care ) Nagpur,Ideal candidate should be from a Pharma background We have requirement of Area Business Executive / Manager for Critical Care division Candidates with Critical Care experience will be preferred Execute marketing strategies like Promotion Campaigns / CMEs / Patient Experience Programs etc Experience in handling Key Accounts Management / Hospital Business,full_time,non_clinical,https://www.naukri.com/job-listings-abm-critical-care-nagpur-venus-remedies-vrl-nagpur-2-to-7-years-040526001783,2026-08-07,2,7,,,,,true,
India,IN,+91,Chennai,HCLTech,hospital,https://img.naukimg.com/logo_images/groups/v1/194354.gif,,HCL is Hiring For Quality Lead For Health care!!!,FORMAL EDUCATION AND EXPERIENCE. Bachelors degree in any stream and progressive work experience in Healthcare RCM SKILLS AND COMPETENCIES . Microsoft Office (Excel and PPT Preferred) Should be a team player Minimum 1-2 year of experience in current role Focuses on delivering a positive customer experience Proven leadership experience,full_time,non_clinical,https://www.naukri.com/job-listings-hcl-is-hiring-for-quality-lead-for-health-care-hcltech-chennai-4-to-8-years-060826036028,2026-08-07,4,8,375000,700000,per_annum,INR,true,
India,IN,+91,Chennai,HCLTech,hospital,https://img.naukimg.com/logo_images/groups/v1/194354.gif,,HCL is Hiring For US Health Care !!!,"Expected Education & Experience 5+ years of experience in Healthcare RCM operations,quality,or analytics Experience in AR calling and denial management workflows Experience with SOPs and quality standards",full_time,non_clinical,https://www.naukri.com/job-listings-hcl-is-hiring-for-us-health-care-hcltech-chennai-1-to-3-years-060826034316,2026-08-07,1,3,60000,300000,per_annum,INR,true,
India,IN,+91,Chennai,HCLTech,hospital,https://img.naukimg.com/logo_images/groups/v1/194354.gif,,HCL is Hiring For Quality Team Lead For Health Care!!!,"Minimum Graduation Any stream. Should be well versed with MS Office (Word,Excel,PowerPoint and Outlook) Should have excellent communication skills (written and spoken) Preferred to have Six sigma knowledge and understanding of basic QC tools Must have good analytical skills to conduct various analysis and R on a weekly / monthly basis",full_time,non_clinical,https://www.naukri.com/job-listings-hcl-is-hiring-for-quality-team-lead-for-health-care-hcltech-chennai-4-to-6-years-060826036402,2026-08-07,4,6,300000,700000,per_annum,INR,true,
India,IN,+91,Hybrid - Hyderabad,HCLTech,hospital,https://img.naukimg.com/logo_images/groups/v1/194354.gif,,"Hiring For ""Clinical Development - Medidata Rave""","Greetings from HCL! Currently Hiring for "" Clinical Development -Medidata Rave"" Experience - 7-10 years Location - Hyderabad / Chennai / Noida / Pune / Bangalore Notice period- Immediate to 30 days Only CTC - Can be discussed JD Must Haves Experience in the Clinical Development area, especially on Medidata Rave suite (preferably also back-end/ DB) Experience supporting systems and working with ticketing systems (i.e. Service Now) Python intermediate knowledge (RPA support and ad-hoc ) Java Basic knowledge (JAR file for authentication) Troubleshooting analysis advanced-expert skills Microsoft SQL Server stored procedures development intermediate level SQL advanced-expert skills API – REST webservices -intermediate level Nice to haves Tableau intermediate level SAS language, intermediate level GIT - intermediate level Atlassian : Bitbucket, Jira, Confluence - intermediate level VisualCron – basic level (cron scheduling tool) MSDOS command line basic level Experience in building IWR trials If Interested, please share below details along with updated resume Name- contact Number- Email ID- Total Experience- Relevant Experience- Current company- Preferred location- Notice Period- Current CTC- Expected CTC- Skill- Offer If Any - Interested candidate please drop mail to ""kushmathattanda.baby@hcltech.com"" Regards, Kushma kushmathattanda.baby@hcltech.com",full_time,non_clinical,https://www.naukri.com/job-listings-hiring-for-clinical-development-medidata-rave-hcltech-hyderabad-chennai-bengaluru-7-to-12-years-060826034206,2026-08-07,7,12,1000000,2000000,per_annum,INR,true,
India,IN,+91,Mumbai,Naukri E-hire,hospital,https://img.naukimg.com/logo_images/groups/v1/93102.gif,,Senior Associate - Relationship Management,Provide support for doctor activities such as prescription writing and medication dispensing. Job Requirements : . 1-4 years of experience in a similar role within the pharmaceutical industry,full_time,non_clinical,https://www.naukri.com/job-listings-senior-associate-relationship-management-naukri-e-hire-mumbai-1-to-4-years-070826027713,2026-08-07,1,4,,,,,true,
India,IN,+91,Hyderabad,Continental Hospitals,hospital,https://img.naukimg.com/logo_images/groups/v1/739200.gif,,Walk-in || Physician Assistant - Walk in (Oncology ),Mayo Clinic College of Medicine and Science +2Core Responsibilities +3 Bachelor s degree plus a Master s degree from an accredited PA program National Commission on Certification of Physician Assistants (NCCPA) certification+1 +2,full_time,doctors,https://www.naukri.com/job-listings-physician-assistant-walk-in-oncology-continental-hospitals-hyderabad-1-to-2-years-070826027636,2026-08-07,1,2,350000,375000,per_annum,INR,true,
India,IN,+91,Gorakhpur,AP Consultant,hospital,https://img.naukimg.com/logo_images/groups/v1/710490.gif,,"Pediatrician , Anesthesia, Radiologist, Cardiologist in gorakpur","Pediatrician,Anesthesia,Radiologist,cardiologist,md medicine required for superspeciality hospital. . Salary - Negotiable + Accommodation. Location Gorakpur. Qualification - MD Dch Dnb DA all. Freshers and experience both plus retired doctors are also welcome. . .",full_time,doctors,https://www.naukri.com/job-listings-pediatrician-anesthesia-radiologist-cardiologist-in-gorakpur-ap-consultant-gorakhpur-0-to-5-years-070826027531,2026-08-07,0,5,3750000,8000000,per_annum,INR,true,
India,IN,+91,Pune,Cognizant,hospital,https://img.naukimg.com/logo_images/groups/v1/4156.gif,,BD Manager,"What you need to have to be considered . 8-11 years of experience for Senior Manager level or 11-13 years of experience for Senior Program Manager level in bid management,pre-sales,pursuit management,or business development roles. Experience developing proactive client presentations,capability pitches,and industry-focused growth initiatives.",full_time,non_clinical,https://www.naukri.com/job-listings-bd-manager-cognizant-pune-9-to-12-years-070826027292,2026-08-07,9,12,,,,,true,
India,IN,+91,Mumbai(Borivali),Medgenome Labs,pharma,https://img.naukimg.com/logo_images/groups/v1/4666881.gif,,Senior Lab Technician,"Shall perform additional QC procedures as per requirement (Inter instrument comparison,. retained sample) . Shall perform Proficiency testing and document it with the help of QA department . Shall perform verification of new kits and maintenance of the equipment s (testing and Non- . testing)",full_time,non_clinical,https://www.naukri.com/job-listings-senior-lab-technician-medgenome-labs-mumbai-7-to-9-years-070826027255,2026-08-07,7,9,,,,,true,
India,IN,+91,Malappuram,Doctors Door Health Care Staffing And Consultant,hospital,https://img.naukimg.com/logo_images/groups/v1/11637600.gif,,Urologist JOB IN Kerala,"Designation: CONSULTANT UROLOGIST Qualification: MBBS, MS/DNB General Surgery, Mch Urology 0-10 years Experienced Malayalam speaking doctors preferred 8 hrs duty Location: Malappuram, Kozhikode, wayanad, Palakkad, kannur, idukki, kottayam",full_time,non_clinical,https://www.naukri.com/job-listings-urologist-in-kerala-doctors-door-health-care-staffing-and-consultant-malappuram-wayanad-kozhikode-0-to-5-years-070826027249,2026-08-07,0,5,3500000,5000000,per_annum,INR,true,
India,IN,+91,Hyderabad(Kondapur),International Institute Of Quality Accreditation,hospital,https://img.naukimg.com/logo_images/groups/v1/12035771.gif,,NABH Accreditation Specialist / NABH Consultant,Responsibilities: End-to-end NABH implementation Gap analysis SOP & policy documentation Staff training NABH standards implementation Internal audits Mock assessments Assessment coordination Closure of observations Accreditation support,full_time,doctors,https://www.naukri.com/job-listings-nabh-accreditation-specialist-nabh-consultant-international-institute-of-quality-accreditation-hyderabad-3-to-7-years-070826027229,2026-08-07,3,7,480000,1200000,per_annum,INR,true,
India,IN,+91,Pune,Apulki Healthcare Thane,hospital,https://img.naukimg.com/logo_images/groups/v1/12002111.gif,,Junior Accountant,"Prepare basic financial reports,MIS reports,and account summaries as required",full_time,non_clinical,https://www.naukri.com/job-listings-junior-accountant-apulki-healthcare-thane-pune-0-to-2-years-070826027209,2026-08-07,0,2,,,,,true,
India,IN,+91,Pune,Transperfect,hospital,https://img.naukimg.com/logo_images/groups/v1/4308284.gif,,Validation & GxP Compliance Lead,"About the Role: We are seeking a seasoned Computer System Validation (CSV) and Regulatory Compliance Specialist with a strong background in GxP, GAMP 5, and 21 CFR Part 11 to lead and support the validation of our technology platforms, applications, and services. This individual will work closely with cross-functional teams to ensure that all systems impacting regulated data or processes are validated and maintained in accordance with applicable industry and regulatory standards. Key Responsibilities: Lead and execute Computer System Validation (CSV) activities across various GxP-regulated systems and applications. Ensure all software, cloud platforms, and supporting infrastructure comply with GAMP 5 guidelines and 21 CFR Part 11 requirements. Develop and maintain validation documentation including: Validation Plans (VMPs) User Requirements Specifications (URS) Functional Specifications Risk Assessments IQ/OQ/PQ Protocols and Reports Traceability Matrices Collaborate with IT, Quality Assurance, Development, and Business teams to define validation scope and strategies. Support audits and inspections by providing evidence of validation and compliance. Perform periodic reviews and revalidations as required by change control or system lifecycle stages. Provide training and guidance to internal teams on CSV best practices and compliance requirements. Ensure data integrity principles are embedded across systems and processes. Maintain awareness of evolving regulations and best practices related to computerized system validation. Required Qualifications: Minimum 10 years of experience in CSV within regulated industries (life sciences, healthcare, pharma, etc.) Deep understanding of GxP, GAMP 5, 21 CFR Part 11, and data integrity principles Demonstrated experience validating a variety of systems (e.g., LIMS, ERP, eQMS, cloud platforms, SaaS) Strong technical writing skills and attention to detail for documentation Experience supporting audits by FDA, EMA, or other regulatory bodies Ability to lead validation projects independently from planning through execution and closure Familiarity with change control, CAPA, and deviation management in regulated environments Excellent communication, collaboration, and project management skills Preferred Qualifications: Certifications in CSV, GAMP 5, or related regulatory compliance programs Bachelors or Master’s degree in Computer Science, Life Sciences, Engineering, or related field Experience working in Agile/DevOps environments while ensuring compliance Familiarity with cloud platforms (e.g., AWS, Azure) and their validation in a regulated context.",full_time,non_clinical,https://www.naukri.com/job-listings-validation-gxp-compliance-lead-transperfect-pune-10-to-13-years-070826027208,2026-08-07,10,13,,,,,true,
India,IN,+91,Chennai,Sehat Health Placements,hospital,https://img.naukimg.com/logo_images/groups/v1/4767163.gif,,NJR5582 - Radiologist (MD / DNB / DMRD) - Chennai,Role: Radiologist Location: Chennai Experience: 0 - 3 Years Salary: 2.0 L/ Mo - 2.5 L/ Mo; negotiable Language: Essential: English Desirable: Any Indian LanguageEducation: UG: MBBS or equivalent as per NMC rules PG: MD or DNB (Radiology) / DMRD or equivalent Gender Preference: Male / FemaleSalary Negotiable,full_time,doctors,https://www.naukri.com/job-listings-njr5582-radiologist-md-dnb-dmrd-chennai-sehat-health-placements-chennai-0-to-3-years-070826027123,2026-08-07,0,3,2500000,3000000,per_annum,INR,true,
India,IN,+91,Nashik,Centre For Sight,hospital,https://img.naukimg.com/logo_images/groups/v1/67060.gif,,Optometrist - Urgent Opening,Preferred candidate profile . B-Optometry / D-Optometry with 1-2 years of experience in working as optometrist,full_time,non_clinical,https://www.naukri.com/job-listings-optometrist-urgent-opening-centre-for-sight-nashik-0-to-5-years-070826027077,2026-08-07,0,5,350000,400000,per_annum,INR,true,
India,IN,+91,Chennai,Sehat Health Placements,hospital,https://img.naukimg.com/logo_images/groups/v1/4767163.gif,,NJR5580 - Consultant Radiologist (MD / DNB) - Chennai,Role: Consultant Location: Chennai Experience: 3 - 7 Years Salary: 2.5 L/ Mo - 3.5 L/ Mo; negotiable Language: Essential: English Desirable: Any Indian LanguageEducation: UG: MBBS or equivalent as per NMC rules PG: MD / DNB (Radiology) or equivalent Gender Preference: Male / FemaleSalary Negotiable,full_time,doctors,https://www.naukri.com/job-listings-njr5580-consultant-radiologist-md-dnb-chennai-sehat-health-placements-chennai-3-to-7-years-070826026933,2026-08-07,3,7,3000000,4000000,per_annum,INR,true,
India,IN,+91,Remote,Mastech Digital,hospital,https://img.naukimg.com/logo_images/groups/v1/4658829.gif,,Microsoft Purview Data Governance Engineer / Lead Consultant,"Strong hands-on experience with Microsoft Purview and Microsoft Fabric Experience implementing governance solutions for Microsoft Fabric environments and Medallion Architecture Required Skills Preferred Qualifications Experience with Azure DevOps,CI / CD pipelines,and automation frameworks",full_time,non_clinical,https://www.naukri.com/job-listings-microsoft-purview-data-governance-engineer-lead-consultant-mastech-digital-chennai-8-to-12-years-070826026863,2026-08-07,8,12,,,,,true,
India,IN,+91,Udaipur,Jeena Sikho Lifecare,hospital,https://img.naukimg.com/logo_images/groups/v1/4605109.gif,,Pharmacist,**Bachelor of Pharmacy (BPharm) or Diploma in Pharmacy (D.Pharm) from a recognized institution Freshers with valid registration may also apply. Coordinate with doctors and healthcare staff when required 13 years of experience in hospital or retail pharmacy (preferred) Required Skills Preferred Experience: 1-3 Years Experience,full_time,pharmacists,https://www.naukri.com/job-listings-pharmacist-jeena-sikho-lifecare-udaipur-siliguri-ajmer-1-to-6-years-070826026817,2026-08-07,1,6,100000,300000,per_annum,INR,true,
India,IN,+91,Hyderabad,Staffingly,hospital,https://img.naukimg.com/logo_images/groups/v1/5194364.gif,,Prior Authorization and Denial Management,"Role & responsibilities Obtain prior authorizations across all client service lines and document them in the correct location in Athena. Work denials end to end. Identify the denial reason, confirm root cause, correct and resubmit where documentation supports it, and appeal where it does not. Call payers directly. Do not close a claim as non-recoverable without first contacting the payer, confirming the reason, and asking whether benefits or contract terms changed. Pursue retro authorizations where a service was performed without an authorization on file. Support letters of medical necessity by gathering the clinical documentation the payer is asking for and coordinating with the onsite team on drafting. Identify and report patterns. If the same denial reason repeats, flag it to the client and adjust the authorization process to stop it at the front end. Respond to client questions raised in Athena chat within the same business day. Preferred candidate profile athenaOne proficiency. Hands-on athenaOne experience with minimal ramp-up required. This is the client's firmest requirement. Candidates without real Athena time should not be shortlisted. Three or more years obtaining commercial and government prior authorizations, including payer portal submissions and phone authorizations. Three or more years in denial management or AR follow-up with demonstrated appeal experience on high-dollar claims. Working knowledge of CPT, ICD-10, modifiers, and how documentation supports level of service. Comfortable calling US payers and holding a line of questioning until the reason is confirmed. Persistence is being explicitly tested for. Clear written English. All client communication happens in writing inside Athena. Available for a full shift on Central Time. HIPAA trained. Will work only under Staffingly's signed BAA and secured infrastructure. PREFERRED QUALIFICATIONS Prior authorization experience with infusion therapy or specialty drugs, including buy and bill workflows. Neurology, physical therapy, or diagnostic imaging authorization background. Experience with medical necessity appeals for EEG, NCV, EMG or advanced imaging. Clinical background (RN, PharmD, MBBS or equivalent) is a plus for medical necessity work. DENIAL TYPES THIS ROLE WILL WORK No authorization on file or authorization mismatch Bundled or inclusive service denials Medical necessity denials, most often on CT, EEG and NCV Coding denials involving ICD-10 selection or modifiers Level of service not supported by submitted documentation Frequency limits and benefit maximum reached PERFORMANCE EXPECTATIONS Authorizations obtained before date of service, with the approval documented in Athena in the agreed location. No claim written off without a documented payer call and a stated reason. Client questions in Athena chat answered same business day. Weekly denial trend summary shared with the client, including repeat root causes and the fix applied. Quality and productivity reviewed by the assi",full_time,non_clinical,https://www.naukri.com/job-listings-prior-authorization-and-denial-management-staffingly-hyderabad-1-to-5-years-070826026750,2026-08-07,1,5,300000,800000,per_annum,INR,true,
India,IN,+91,Pimpri-Chinchwad,Ruby Ailcare Services,hospital,https://img.naukimg.com/logo_images/groups/v1/8313593.gif,,Staff Nurse,Preferred candidate profile:- Minimum 6 months of experience is required,full_time,nurses,https://www.naukri.com/job-listings-staff-nurse-ruby-ailcare-services-pimpri-chinchwad-1-to-5-years-070826026714,2026-08-07,1,5,250000,400000,per_annum,INR,true,
India,IN,+91,Mumbai(Andheri West),Kokilaben Dhirubhai Ambani Hospital,hospital,https://img.naukimg.com/logo_images/groups/v1/597394.gif,,Associate Consultant (Pediatric CVTS),"Roles and Responsibilities Provide high-quality patient care as a Junior Resident in Cardiology, Cardiothoracic Surgery, Neonatology, NICU, PICU, and Pediatrics departments. Assist senior consultants and other healthcare professionals with surgeries and procedures related to cardiovascular, thoracic, and vascular surgery. Participate in rounds, conferences, and meetings to discuss patient cases and treatment plans. Maintain accurate records of patient data and communicate effectively with families about patient status updates. Collaborate with multidisciplinary teams to develop effective treatment strategies for complex cases.",full_time,doctors,https://www.naukri.com/job-listings-associate-consultant-pediatric-cvts-kokilaben-dhirubhai-ambani-hospital-mumbai-0-to-1-years-070826026677,2026-08-07,0,1,,,,,true,
India,IN,+91,India,PERSOL,hospital,https://img.naukimg.com/logo_images/groups/v1/6542979.gif,,Government Account Manager,"5 years relevant experience in government sales (District Medical Colleges,CHCs,PHCs,ESI,Army,CGHS,NMS,AIIMS etc.) Build and maintain relationships with key decision-makers in government hospitals,medical colleges,and public health centers Bachelors degree in pharmacy,Life Sciences,Business,or related field",full_time,non_clinical,https://www.naukri.com/job-listings-government-account-manager-persol-india-3-to-6-years-210726025329,2026-08-07,3,6,,,,,true,
India,IN,+91,Bharuch,Gujarat Narmada Valley Fertilizers & Chemicals (GNFC),hospital,https://img.naukimg.com/logo_images/groups/v1/223140.gif,,Medical Officer (On Contract),"Role & responsibilities To Attend patients and provide appropriate treatment for various illness & injuries. To Attend round the clock emergency duties. To settle medical claims of Companys employees as per Companys guidelines. To document all patient evaluation, treatments, medications and transactions according to company policies and procedures. To supervise Medical Staff to ensure compliance with all applicable regulations. To evaluate effectiveness of current care methods and procedures and suggest improvements. To assist Medical In-charge in identifying and resolving workplace issues. Preferred candidate profile Exposure in IT Skills is essential and knowledge of Gujarati language will be preferred. Candidate must be Computer and Technology Savvy. Candidate should be conversant to HRMS, ERP modules, preferably SAP system. Canvassing in any form shall disqualify the candidate for the selection process. Candidate shall initially be put on contract basis. Management reserves the right to cancel / restrict/ enlarge/modify/alter the recruitment/selection process without assigning any reason thereafter. The management reserves the right to add, modify or delete any eligibility standards/ criteria test as the case may be, to the selection process. Remuneration During 1st Year of Contract CTC will be 8.50 LPA (Approx) and During 2nd Year of Contract CTC will be 9.00 LPA (Approx). Regular Absorption upon successful completion of Contract Period. The current CTC of Regular Grade GREO-08 is Approx. Rs. 16.86 Lacs per annum. Note: Interested candidates must fill-up the application form online through by clicking on apply on company site latest by 14/08/2026",full_time,doctors,https://www.naukri.com/job-listings-medical-officer-on-contract-gujarat-narmada-valley-fertilizers-chemicals-gnfc-bharuch-2-to-7-years-070826026666,2026-08-07,2,7,850000,850000,per_annum,INR,true,
India,IN,+91,Kannur,Doctors Door Health Care Staffing And Consultant,hospital,https://img.naukimg.com/logo_images/groups/v1/11637600.gif,,Ophthalmologist JOB IN  Kerala,"Designation: Consultant Opthalmologist Qualification: DOMS/ DNB in Ophthalmology 1-10 years Experienced Malayalam speaking doctors preferred Duty 10am-6.30PM Location: Thrissur,wayanad,malappuram,palakkad,kannur,kasaragod,kottayam,Idukki",full_time,doctors,https://www.naukri.com/job-listings-ophthalmologist-in-kerala-doctors-door-health-care-staffing-and-consultant-kannur-malappuram-thrissur-0-to-5-years-070826026608,2026-08-07,0,5,1800000,2500000,per_annum,INR,true,
India,IN,+91,Pune(Hadapsar),Noble Hospital,hospital,https://img.naukimg.com/logo_images/groups/v1/606644.gif,,Clinical Assistant (Ward),"Willingness to work Morning,Evening & Night (M+E+N) shifts 03 years of relevant experience Good communication skills and a patient-centric approach",full_time,non_clinical,https://www.naukri.com/job-listings-clinical-assistant-ward-noble-hospital-pune-0-to-3-years-070826026591,2026-08-07,0,3,,,,,true,
India,IN,+91,Hyderabad,Access Healthcare,hospital,https://img.naukimg.com/logo_images/groups/v1/2750596.gif,,HCC Medical Coder Hyderabad,Location : Hyderabad . Interview Mode: Virtual . Certification is Must . Contact: Tharshini HR - 9342521857 (Call / WhatsApp) . For Interview schedule and more queries Preferred Immediate Joiner/ Notice period is also acceptable,full_time,non_clinical,https://www.naukri.com/job-listings-hcc-medical-coder-hyderabad-access-healthcare-hyderabad-1-to-3-years-070826026564,2026-08-07,1,3,,,,,true,
India,IN,+91,Navi Mumbai,Terna Trust,hospital,https://img.naukimg.com/logo_images/groups/v1/267694.gif,,OPD Manager,Minimum 2 3 years of experience in a supervisory or managerial role Experience 510 years of experience in hospital OPD operations,full_time,non_clinical,https://www.naukri.com/job-listings-opd-manager-terna-trust-navi-mumbai-5-to-9-years-070826026556,2026-08-07,5,9,,,,,true,
India,IN,+91,Ariyalur,Resolve Medicode,hospital,https://img.naukimg.com/logo_images/groups/v1/746848.gif,,Wanted  Medical Coding Analyst - Trichy,. Year passed out 2025-2026 . Skill Required . Strong communication and analytical skills with the ability to interpret and process medical information accurately,full_time,non_clinical,https://www.naukri.com/job-listings-wanted-medical-coding-analyst-trichy-resolve-medicode-ariyalur-thanjavur-tiruchirappalli-0-to-2-years-070826026340,2026-08-07,0,2,100000,200000,per_annum,INR,true,
India,IN,+91,Bhagalpur,Jeena Sikho Lifecare,hospital,https://img.naukimg.com/logo_images/groups/v1/4605109.gif,,Nurse,"Company Name: Jeena Sikho Lifecare Ltd. Position Title: Ayurvedic Nurse Experience: 1-3 Years Working Days: 6 Days a Week Budget: 25-28k Job Summary: We are looking for a compassionate and skilled Ayurvedic Nurse to support doctors and therapists in delivering Ayurvedic treatments and patient care within a hospital setting. Key Responsibilities: Assist Ayurvedic doctors in patient consultation and treatment procedures Support in Panchakarma therapies and other Ayurvedic treatments Prepare patients for therapies and ensure comfort during procedures Monitor patient condition and report any concerns to doctors Maintain patient records, treatment charts, and documentation Assist in dispensing Ayurvedic medicines as prescribed Ensure hygiene and cleanliness in treatment and patient care areas Educate patients on diet plans and post-treatment care as advised by doctors Coordinate with therapists and other staff for smooth operations Qualifications (As per Profile): GNM (General Nursing and Midwifery) / B.Sc Nursing OR Diploma/Certification in Ayurvedic Nursing / Panchakarma Nursing Registration with Nursing Council (if applicable) preferred Minimum 13 years of experience in hospital/clinic (Ayurveda preferred) Skills Required: Basic knowledge of Ayurvedic treatments and patient care Good communication skills (Hindi/English) Patient handling and care skills Attention to detail and hygiene practices Ability to work in a team environment Preferred: Experience in Ayurvedic hospital or wellness center Knowledge of Panchakarma procedures Female/Male candidate as per requirement Key Attributes: Caring and empathetic nature Discipline and professionalism Willingness to learn and adapt",full_time,nurses,https://www.naukri.com/job-listings-nurse-jeena-sikho-lifecare-bhagalpur-lucknow-ajmer-1-to-5-years-070826026249,2026-08-07,1,5,100000,300000,per_annum,INR,true,
India,IN,+91,Noida,Resolve Medicode,hospital,https://img.naukimg.com/logo_images/groups/v1/746848.gif,,Wanted  Medical Coding Associate  - New Delhi,. Year passed out 2025-2026 . Skill Required,full_time,non_clinical,https://www.naukri.com/job-listings-wanted-medical-coding-associate-new-delhi-resolve-medicode-noida-new-delhi-gurugram-0-to-2-years-070826026224,2026-08-07,0,2,100000,200000,per_annum,INR,true,
India,IN,+91,Roorkee(Bhagwanpur),Natural Herbs & Formulations,hospital,https://img.naukimg.com/logo_images/groups/v1/2069432.gif,,Division Head Human Pharma,"Hiring Division Head - Human Pharma with 6-10 years of experience in sales, business development, and team leadership. Apply: hr1@naturalherbs.co.in hiring@naturalherbs.co.in | Call/WhatsApp: +91 82871 08379",full_time,non_clinical,https://www.naukri.com/job-listings-division-head-human-pharma-natural-herbs-formulations-roorkee-6-to-10-years-070826026216,2026-08-07,6,10,,,,,true,
India,IN,+91,Ludhiana,Grand Consultants,hospital,https://img.naukimg.com/logo_images/groups/v1/213306.gif,,Dermatologist Required at Ludhiana Punjab,Dermatologist Required at Ludhiana Punjab Salary Rs 2 Lakhs + Share Gadchiroli Maharashtra Salary 3 to 3.5 Lakhs Contact: Mr. Mohit - 9216999555 Mr. Arnav - 7837780722 Email: doctorsplacements@gmail.com www.doctorsplacements.com,full_time,doctors,https://www.naukri.com/job-listings-dermatologist-required-at-ludhiana-punjab-grand-consultants-ludhiana-gadchiroli-kenya-0-to-5-years-070826026113,2026-08-07,0,5,2000000,2500000,per_annum,INR,true,
India,IN,+91,Hybrid - Tiruchirappalli(Trichy),Panache Healthneeds,hospital,https://img.naukimg.com/logo_images/groups/v1/9242435.gif,,Sales and Application Specialist,"* Bachelors degree (Biomedical Engineering,Life Sciences,Pharmacy,or any Graduate). . * Freshers with excellent communication skills are welcome. . * Experience in medical or healthcare sales is an added advantage. . * Willingness to travel within the assigned territory. . * Two-wheeler and valid driving licence preferred",full_time,non_clinical,https://www.naukri.com/job-listings-sales-and-application-specialist-panache-healthneeds-tiruchirappalli-0-to-3-years-070826026089,2026-08-07,0,3,250000,350000,per_annum,INR,true,
India,IN,+91,Pollachi,Resolve Medicode,hospital,https://img.naukimg.com/logo_images/groups/v1/746848.gif,,Wanted  Medical Coding Specialist - Coimbatore,"Eligibility . Any Graduate (Arts,Science,Commerce,Pharmacy,Nursing,Allied Health) Freshers and experienced candidates can apply Preferred Skills . Basic knowledge of medical terminology (preferred but not mandatory) Good communication and analytical skills Willingness to learn and work in the healthcare domain",full_time,non_clinical,https://www.naukri.com/job-listings-wanted-medical-coding-specialist-coimbatore-resolve-medicode-pollachi-coimbatore-erode-0-to-2-years-070826026086,2026-08-07,0,2,100000,200000,per_annum,INR,true,
India,IN,+91,Raipur,Cafyo Management Solution,hospital,https://img.naukimg.com/logo_images/groups/v1/3021900.gif,,Oncologist Consultant,We are looking for a qualified and compassionate Oncologist to diagnose and evaluate patients with suspected or confirmed cancer. Develop and implement individualized treatment plans. Manage OPD and IPD oncology patients..,full_time,doctors,https://www.naukri.com/job-listings-oncologist-consultant-cafyo-management-solution-raipur-0-to-5-years-070826026037,2026-08-07,0,5,3500000,6000000,per_annum,INR,true,
India,IN,+91,Tirupathur,Achievers Spot,hospital,https://img.naukimg.com/logo_images/groups/v1/462850.gif,,"Wanted BPharm, MPharm, PharmD Graduates For Medical Coding Jobs",Pick Up & Drop Facility. Food Facility. Day Shift. Nursing. GNM / DGNM. Life science graduates. Pharmacy. Bachelor of Science in Optometry. BSc - Physician Assistant. BSc - Radiology Imaging Technology. BSc - Radiotherapy Technology. BSc - Medical Record Science. BSc - Respiratory Therapy. BSc - Fitness and Lifestyle Modifications.,full_time,pharmacists,https://www.naukri.com/job-listings-wanted-bpharm-mpharm-pharmd-graduates-for-medical-coding-jobs-achievers-spot-tirupathur-chennai-bengaluru-0-to-1-years-070826025905,2026-08-07,0,1,325000,475000,per_annum,INR,true,
India,IN,+91,Ahmedabad,Sumandeep Vidyapeeth(SMS Hospital - Ahmedabad),hospital,https://img.naukimg.com/logo_images/groups/v1/4673425.gif,,Sanitary Inspector,"Graduate / Diploma in Sanitary Inspection or related field with years of experience Knowledge of hygiene,housekeeping,waste management,infection control,supervision,and good communication skills",full_time,non_clinical,https://www.naukri.com/job-listings-sanitary-inspector-sumandeep-vidyapeeth-sms-hospital-ahmedabad-ahmedabad-1-to-3-years-070826025902,2026-08-07,1,3,,,,,true,
India,IN,+91,Hosur,Resolve Medicode,hospital,https://img.naukimg.com/logo_images/groups/v1/746848.gif,,Wanted Junior Medical Coder - Bangalore,"Any Graduate (Arts,Science,Commerce,Pharmacy,Nursing,Allied Health) Freshers and experienced candidates can apply Preferred Skills Basic knowledge of medical terminology (preferred but not mandatory) Good communication and analytical skills Willingness to learn and work in the healthcare domain Positive attitude and willingness to learn",full_time,non_clinical,https://www.naukri.com/job-listings-wanted-junior-medical-coder-bangalore-resolve-medicode-hosur-krishnagiri-bengaluru-0-to-2-years-070826025847,2026-08-07,0,2,100000,200000,per_annum,INR,true,
India,IN,+91,Bengaluru,Lead Training And Corporate Solutions,hospital,https://img.naukimg.com/logo_images/groups/v1/3680232.gif,,Healthcare Coordinator,"A health care coordinator organizes patient treatment, schedules medical services, and links patients with doctors. They manage medical paperwork, track patient progress, and explain care plans to families",full_time,non_clinical,https://www.naukri.com/job-listings-healthcare-coordinator-lead-training-and-corporate-solutions-bengaluru-1-to-2-years-070826025789,2026-08-07,1,2,150000,250000,per_annum,INR,true,
India,IN,+91,Madurai(Rajapalayam +8),Resolve Medicode,hospital,https://img.naukimg.com/logo_images/groups/v1/746848.gif,,Wanted  Medical Coding Executive  - Madurai,. Year passed out 2025-2026 . Skill Required,full_time,non_clinical,https://www.naukri.com/job-listings-wanted-medical-coding-executive-madurai-resolve-medicode-madurai-ramanathapuram-virudhunagar-0-to-2-years-070826025756,2026-08-07,0,2,100000,200000,per_annum,INR,true,
India,IN,+91,Hybrid - Tiruchirappalli(Trichy),Panache Healthneeds,hospital,https://img.naukimg.com/logo_images/groups/v1/9242435.gif,,Application Specialist,"* Bachelors degree (Biomedical Engineering,Life Sciences,Pharmacy,or any Graduate). . * Freshers with excellent communication skills are welcome. . * Experience in medical or healthcare sales is an added advantage. . * Willingness to travel within the assigned territory. . * Two-wheeler and valid driving licence preferred Preferred candidate profile",full_time,non_clinical,https://www.naukri.com/job-listings-application-specialist-panache-healthneeds-tiruchirappalli-0-to-3-years-070826025744,2026-08-07,0,3,250000,350000,per_annum,INR,true,
India,IN,+91,Hyderabad(Karmanghat),Voak Healthcare,hospital,https://img.naukimg.com/logo_images/groups/v1/12456186.gif,,Walk-in || Administration Executive,Monitor office supplies and arrange procurement when required Required Skills and Qualifications . Previous experience in an administrative or office support role,full_time,non_clinical,https://www.naukri.com/job-listings-administration-executive-voak-healthcare-hyderabad-2-to-5-years-070826025728,2026-08-07,2,5,325000,400000,per_annum,INR,true,
India,IN,+91,Raipur,Cafyo Management Solution,hospital,https://img.naukimg.com/logo_images/groups/v1/3021900.gif,,Nephrologist,"Job Responsibilities: We are looking a Nephrologist who can diagnose and manage acute and chronic kidney diseases.Manage dialysis services .Evaluate and treat patients with hypertension, electrolyte disorders, and renal failure",full_time,doctors,https://www.naukri.com/job-listings-nephrologist-cafyo-management-solution-raipur-0-to-5-years-170126008042,2026-08-07,0,5,2500000,4000000,per_annum,INR,true,
India,IN,+91,Faridabad(New Industrial Township),Santosh Multispeciality Hospital,hospital,https://img.naukimg.com/logo_images/groups/v1/10197812.gif,,Walk-in || Resident Medical Officer,"Patient Monitoring: Check vital signs, review lab results, conduct ward rounds, and track recovery progress.Consultant Coordination: Update senior doctors on patient changes and assist during specialist rounds or procedures.",full_time,doctors,https://www.naukri.com/job-listings-resident-medical-officer-santosh-multispeciality-hospital-faridabad-0-to-6-years-070826025703,2026-08-07,0,6,475000,600000,per_annum,INR,true,
India,IN,+91,Bengaluru,Lead Training And Corporate Solutions,hospital,https://img.naukimg.com/logo_images/groups/v1/3680232.gif,,Patient Care Coordinator,"A Patient Care Coordinator acts as the main link between patients, families, and medical teams. They schedule appointments, explain treatment plans, verify insurance, and manage patient records. Their main goal is to help clients get safe.",full_time,non_clinical,https://www.naukri.com/job-listings-patient-care-coordinator-lead-training-and-corporate-solutions-bengaluru-0-to-1-years-070826025664,2026-08-07,0,1,150000,250000,per_annum,INR,true,
India,IN,+91,Sirsa,Grand Consultants,hospital,https://img.naukimg.com/logo_images/groups/v1/213306.gif,,Pediatrician / Neonatologist Vacancies Veraval Gujarat,Pediatrician / Neonatologist Vacancies* Veraval Gujarat Salary 3 to 3.5 Lakhs *Contact Information:* - Mr. Mohit: 9216999555 - Mr. Arnav: 7837780722 - Email: doctorsplacements@gmail.com - Website: www.doctorsplacements.com,full_time,doctors,https://www.naukri.com/job-listings-pediatrician-neonatologist-vacancies-veraval-gujarat-grand-consultants-sirsa-moga-shahjahanpur-0-to-5-years-070826025642,2026-08-07,0,5,3500000,4000000,per_annum,INR,true,
India,IN,+91,Mohali,SPECTRAFORCE,hospital,https://img.naukimg.com/logo_images/groups/v1/2369880.gif,,Junior Recruiter,"Willingness to work in night shifts. As a certified minority-owned enterprise,SPECTRAFORCE helps clients achieve diversity goals while providing agile,customized staffing solutions across technology,healthcare,finance,and life sciences B Pharma / BSc Biotechnology / BSC Microbiology / BSC Biology and other medical or life sciences degrees preferred.",full_time,non_clinical,https://www.naukri.com/job-listings-junior-recruiter-spectraforce-mohali-0-to-4-years-270326036780,2026-08-07,0,4,,,,,true,
India,IN,+91,Chennai,Access Healthcare,hospital,https://img.naukimg.com/logo_images/groups/v1/2750596.gif,,HCC Non Certified,Openings for HCC Non Certified Coder . Experience: 10 month to 2yrs .,full_time,non_clinical,https://www.naukri.com/job-listings-hcc-non-certified-access-healthcare-chennai-1-to-3-years-070826025624,2026-08-07,1,3,,,,,true,
India,IN,+91,Sivakasi,Achievers Spot,hospital,https://img.naukimg.com/logo_images/groups/v1/462850.gif,,"Vacancy For 18-26 passout Bsc Nursing, Msc Nursing, GNM, DGNM",Day shift with Sat and Sun off MALE STAFF NURSE . All (UG / PG) Life Science& Paramedical Graduates Pharmacy(BPharm M.pharm) Nursing Freshers . Pharmacy Freshers . Physiotherapy . Dentist . Life sciences . Biotechnology . Microbiology . Biomedical . Biochemistry . Bioinformatics . Botany . Zoology . GNM . DGNM . Requirement: .,full_time,nurses,https://www.naukri.com/job-listings-vacancy-for-18-26-passout-bsc-nursing-msc-nursing-gnm-dgnm-achievers-spot-sivakasi-dindigul-chennai-0-to-1-years-070826025598,2026-08-07,0,1,325000,450000,per_annum,INR,true,
India,IN,+91,Madurai(Gomathipuram +11),Resolve Medicode,hospital,https://img.naukimg.com/logo_images/groups/v1/746848.gif,,Wanted Medical Coding Process Associate - Madurai,"MBBS,BDS,BHMS,BAMS,BSMS,PHARMACY BSc / MSc (Life Sciences / Biology / Bio Chemistry / Micro Biology / Nursing / Bio Technology),BPT,BE BIOMEDIAL,BTech (Biotechnology / Bio Chemistry). Year passed out 2025-2026 . Skill Required",full_time,non_clinical,https://www.naukri.com/job-listings-wanted-medical-coding-process-associate-madurai-resolve-medicode-madurai-ramanathapuram-virudhunagar-0-to-2-years-070826025580,2026-08-07,0,2,100000,200000,per_annum,INR,true,
India,IN,+91,Chennai,Access Healthcare,hospital,https://img.naukimg.com/logo_images/groups/v1/2750596.gif,,Walk-in || Need Biomedical Engineering fresher For Medical coding Jobs,"Walk-in Drive for Medical Coding Freshers! Company: Accesshealthcare Role: Medical Coding (Non-certified freshers) Time: 11:00 AM Venue: Accesshealthcare, A9, 1st Main Road, Ambattur IE, Chennai 600058 (Near AIEMA Technical Centre) Map: https://maps.app.goo.gl/XYPKqoeckdkrRaMu8 Eligibility: Paramedical / Life Science / Allied Health background ( Provisional certificate or Convocation certificate mandatory) Strong in Human Anatomy & Physiology Only for non-certified freshers Carry with you: Resume Aadhaar Card Android phone (Version 14, 15, or 16) Important Notes: Selected candidates will be hired for HCC coding project company will train & sponsor CRC certification Shortlisted candidates must be ready to join before 4th Jun2 2026 Must produce Convocation / Provisional certificate on or before 3rd June 2026 Only candidates who graduated in 2022, 2023, 2024, or 2025 and hold a Provisional or Convocation certificate are eligible. 2026 graduates will not be considered. If you are a certified coder (CPC, CCS, COC, or CIC), please do not come for the interview tomorrow. Your interview will be rescheduled for June or July. We can only offer a take-home salary of Rs. 15,200 and shortlisted candidates will be considered for the HCC project, which includes CRC training and sponsored certification. If you dont have these documents, please ignore this walk-in",full_time,non_clinical,https://www.naukri.com/job-listings-need-biomedical-engineering-fresher-for-medical-coding-jobs-access-healthcare-chennai-0-to-0-years-240925034810,2026-08-07,0,0,100000,250000,per_annum,INR,true,
India,IN,+91,Madurai,Achievers Spot,hospital,https://img.naukimg.com/logo_images/groups/v1/462850.gif,,Opening For Optometry & Genetic engineering For Medical Coding Jobs,"Position: Medical Coder Ct HR SHANMUGAPRIYA:8072891550 Medical Coding is the process of converting patient health information into alpha numeric codes. Coders take medial reports from doctors, which may include a patients condition, the doctors diagnosis, a prescription, and whatever procedures the doctor or healthcare provider performed on the patient, and turn that into a set of codes, which make up a crucial part of the medical claim. Eligibility: All (UG/PG) Life Science& Paramedical Graduates BDS BPT BHMS BAMS Siddha,Unani,Naturopathy {Dip Bsc Msc} Nursing/GNM {B.E M.E} Biomedical Engineering {B.tech,M.tech}Biotechnology Biochemistry Bioinformatics Microbiology Zoology and Advanced zoology Biology Botany Medical Lab Tech Plant biotechnology Pharmacy(B.Pharm M.pharm) Paramedical Physiotherapy Physician assistant Critical Care Technology Medical Biochemistry Medical Record Science Operation Theatre & Anaesthesia Technology {Bsc Msc Dip} Clinical Nutrition Human Genetics Medical Laboratory Technology Medical Sociology Epidemiology Molecular Virology Biostatistics Blood Banking Technology Regenerative Medicine Optom. Genetic Counseling Radiology & Imaging Technology Medical Biochemistry Medical Microbiology Clinical Care Technology Clinical Care Technology Medical Physics {Bsc Msc Dip} Accident & Emergency Care Technology Audiology & speech Language Pathology Cardiac Technology Cardio Pulmonary Perfusion Care Technology Critical Care Technology Dialysis Technology Neuro Electrophysiology Medical Sociology Nuclear Medicine Technology Operation Theatre & Anaesthesia Technology Optometry Physician Assistant Radiology Imaging Technology Radiotherapy Technology Medical Record Science Respiratory Therapy Fitness and Lifestyle Modifications Accident & Emergency Care Technology Critical Care Technology Nursing Aide Operation Theatre & Anaesthesia Technology Ophthalmic Nursing Assistant Medical Record Science Optometry Technology Radiology & Imaging Technology Medical Lab Technology Cardiac Non Invasive Technology Dialysis Technology Dentist Requirement: Knowledge in Anatomy and Physiology Good communication and interpersonal skills Basic Computer Skills Benefits System based job Weekly 5 days duty Day shift with Sat and Sun off Food and Cab provided by company Incentives based on performance Starting salary 12k to 25k with increment in 6 months for experienced. Abroad opportunities available Bonus for referring friends Medical expenses covered by company Provident Fund will be provided Gratuity after 5 yrs of work experience. Job Location: Chennai, Coimbatore, Vellore, Trichy, Cuddalore, Pondi Salem, Erode, Namakkal, Thanjavur, Nagercoil, Theni,Dindokal Thiruvannamalai, Villupuram, Karur, Tirunelveli,Kanniyakumari Tirupati, Kerala, AP,Tamilnadu,Telangana Reach Us: Ct HR SHANMUGAPRIYA:8072891550 Required Candidate profile Nursing Freshers Pharmacy Freshers Physiotherapy Dentist Life sciences Biotechnology Microbiology Biomedical Biochemistry Bioinformati",full_time,non_clinical,https://www.naukri.com/job-listings-opening-for-optometry-genetic-engineering-for-medical-coding-jobs-achievers-spot-madurai-chennai-coimbatore-0-to-0-years-070826025499,2026-08-07,0,0,325000,450000,per_annum,INR,true,
India,IN,+91,Hyderabad(JNTU),Medquants Health Care,hospital,https://img.naukimg.com/logo_images/groups/v1/12432252.gif,,Healthcare Business Development Executive,"Bachelors degree in Pharmacy,Life Sciences,Healthcare Management,Public Health,or related field (MBA in Marketing with Hospital and Health care Management preferred)",full_time,non_clinical,https://www.naukri.com/job-listings-healthcare-business-development-executive-medquants-health-care-hyderabad-2-to-5-years-070826025440,2026-08-07,2,5,,,,,true,
India,IN,+91,Salem,Achievers Spot,hospital,https://img.naukimg.com/logo_images/groups/v1/462850.gif,,Medical Coding Trainee,Day shift with Sat and Sun off MALE STAFF NURSE . All (UG / PG) Life Science& Paramedical Graduates Pharmacy(BPharm M.pharm) Nursing Freshers . Pharmacy Freshers . Physiotherapy . Dentist . Life sciences . Biotechnology . Microbiology . Biomedical . Biochemistry . Bioinformatics . Botany . Zoology . GNM . DGNM . Requirement: .,full_time,non_clinical,https://www.naukri.com/job-listings-medical-coding-trainee-achievers-spot-salem-chennai-vellore-0-to-0-years-070826025390,2026-08-07,0,0,400000,475000,per_annum,INR,true,
India,IN,+91,Hyderabad,AGS Health,hospital,https://img.naukimg.com/logo_images/groups/v1/2187308.gif,,Walk-in || Huge Openings For AR Voice Experienced - Hyderabad,"Warm Greetings from AGS Health.! HR Contact: Kaushik Job Title: Process Associate/Sr Process Associate Eligibility: Mandatory 1yr+ of work experience into AR Calling Voice Process Job Role: Process Associate/Sr. Process Associate Experience in Physician billing or Hospital billing Responsible for calling US Insurance companies on behalf of doctors/physicians and follow up on outstanding Accounts Receivable. Should have basic knowledge of the entire RCM (Revenue Cycle Management) Perform analysis of accounts receivable data and understand the reasons for pending claims in AR and top denial reasons Qualification: Any graduates can apply Rounds of interviews: 1. HR screening 2. Online Assessment Test 3. Manager Round Shift Timing: 5:30PM to 2:30AM (Monday - Friday) Transport: Two-way transport available based on boundary limits. (15km is the cab radius) Interview Process- Only Face to Face Interview Monday - Friday | 10:30am - 2:00pm Contact Person - Kaushik ( 8754532623 ) Interview Location: 9th Floor, Western Pearl Building, Survey No. 13, Kondapur, Kothaguda, Hyderabad, Telangana 500084 Job Type: Full-time, Regular / Permanent Benefits: 5 days work Work from Office PF ESI Health insurance Performance bonus Required Skills: Minimum 1year of experience in AR calling Calling experience on Denial Management - Physician Billing/Hospital Billing Should be comfortable working with Night shifts Good Communication skills Looking for aspirant who can join us immediately. For further information & interview details kindly contact the above-mentioned number. Interested candidates do forward your updated resume to 8754532623 Note: References are Appreciated. Thanks & Regards, Kaushik 8754532623 dunna.kaushik@agshealth.com AGS Health.",full_time,non_clinical,https://www.naukri.com/job-listings-huge-openings-for-ar-voice-experienced-hyderabad-ags-health-hyderabad-1-to-4-years-030326015520,2026-08-07,1,4,300000,475000,per_annum,INR,true,
India,IN,+91,Hyderabad,AGS Health,hospital,https://img.naukimg.com/logo_images/groups/v1/2187308.gif,,Walk-in || AR Calling Experienced | Max Up To 35k | 2 Way Cab,Shift Timing: 5PM to 2AM Should be comfortable working with Night shifts Should have basic knowledge of the entire RCM (Revenue Cycle Management) Required Skills: . Minimum 1year of experience in AR calling Calling experience on Denial Management - Physician Billing / Hospital Billing Good Communication skills,full_time,non_clinical,https://www.naukri.com/job-listings-ar-calling-experienced-max-up-to-35k-2-way-cab-ags-health-hyderabad-1-to-3-years-030326014647,2026-08-07,1,3,,,,,true,
India,IN,+91,Mumbai Suburban,HFRC Dialysis Centre,hospital,https://img.naukimg.com/logo_images/groups/v1/509970.gif,,Dialysis Technician,"Role & responsibilities Doing Dialysis, Handel RO Preferred candidate profile Perks and benefits",full_time,non_clinical,https://www.naukri.com/job-listings-dialysis-technician-hfrc-dialysis-centre-mumbai-suburban-0-to-4-years-070826025185,2026-08-07,0,4,175000,350000,per_annum,INR,true,
India,IN,+91,Chennai,Shearwater Health,hospital,https://img.naukimg.com/logo_images/groups/v1/4729887.gif,,Lead ML Integration Engineer- US Healthcare,"Bachelor s or Master s degree in Computer Science,Information Technology,Artificial Intelligence,Engineering,or a related field 5 10 years of experience in software development,AI / ML engineering,system integration,or healthcare technology,with healthcare domain experience preferred",full_time,non_clinical,https://www.naukri.com/job-listings-lead-ml-integration-engineer-us-healthcare-shearwater-health-chennai-5-to-10-years-070826025014,2026-08-07,5,10,,,,,true,
India,IN,+91,Hyderabad,AJ Classic Traders,hospital,https://img.naukimg.com/logo_images/groups/v1/12434980.gif,,Consultant Gynecologist Female  MBBS OR DGO OR MS OBG,"Mandatory: Active registration certificate with the Telangana State Medical Council / National Medical Commission (NMC). Strong interest in integrative, nutrition-backed models that optimize pelvic environments and balance hormonal architecture",full_time,doctors,https://www.naukri.com/job-listings-consultant-gynecologist-female-mbbs-or-dgo-or-ms-obg-aj-classic-traders-hyderabad-0-to-5-years-070826924844,2026-08-07,0,5,360000,960000,per_annum,INR,true,
India,IN,+91,Remote,Wellesta Healthcare,hospital,https://img.naukimg.com/logo_images/groups/v1/981936.gif,,Medical Representative,"Eligibility Criteria . BSc,BPharm,or other Life Sciences graduates preferred Freshers as well as candidates with pharmaceutical sales experience are encouraged to apply Two-wheeler with a valid driving license is preferred Willingness to travel extensively within the assigned territory",full_time,non_clinical,https://www.naukri.com/job-listings-medical-representative-wellesta-healthcare-chennai-0-to-1-years-310726020125,2026-08-07,0,1,300000,350000,per_annum,INR,true,
India,IN,+91,Nizamabad,Dishha Staffing Services,hospital,https://img.naukimg.com/logo_images/groups/v1/11531310.gif,,ICU Staff Nurse,"Perform various medical procedures such as IV insertion,medication administration,and wound care. Job Requirements : . 2-4 years of experience as a Staff Nurse in an Intensive Care Unit (ICU)",full_time,nurses,https://www.naukri.com/job-listings-icu-staff-nurse-dishha-staffing-services-nizamabad-2-to-4-years-070826024760,2026-08-07,2,4,300000,350000,per_annum,INR,true,
India,IN,+91,Karnal,Rx Placement Services Sriganganagar,hospital,https://img.naukimg.com/logo_images/groups/v1/11885831.gif,,Pediatrician Consultant,"Looking for an experienced medical professional to provide quality patient care, diagnose and treat conditions, collaborate with healthcare teams, maintain clinical standards, and contribute to excellent hospital services.",full_time,doctors,https://www.naukri.com/job-listings-pediatrician-consultant-rx-placement-services-sriganganagar-karnal-0-to-5-years-070826024744,2026-08-07,0,5,2500000,3000000,per_annum,INR,true,
India,IN,+91,Jalandhar,Rx Placement Services Sriganganagar,hospital,https://img.naukimg.com/logo_images/groups/v1/11885831.gif,,Radiologist Consultant,Radiologists are medical professionals that are specialists in the field of medical imaging. Radiologists work with medical imaging technology in order to diagnose and treat diseases and injuries.,full_time,doctors,https://www.naukri.com/job-listings-radiologist-consultant-rx-placement-services-sriganganagar-jalandhar-haridwar-rishikesh-karnal-bathinda-moga-0-to-5-years-070826024720,2026-08-07,0,5,5000000,6000000,per_annum,INR,true,
India,IN,+91,Pune,Outpace Consulting Services,hospital,https://img.naukimg.com/logo_images/groups/v1/4846869.gif,,Life Science : Medical Reviewer : PV :  Max 15 LPA : Apply Now,"Hi, We are hiring for one of India's leading IT & consulting organizations for the position of Medical Reviewer. Please go through the JD and Apply. We shall call back the relevant profiles. To Apply for above Medical Reviewer, WhatsApp 'Hi' @ 9519459922 When Asked For The job Code, Type: Job Code # 1 Key Skills : Minimum 1 year of experience in Pharmacovigilance / Drug Safety / Medical Review Perform medical review of adverse event cases (ICSRs) from global safety databases Graduate in MBBS or MD degree (mandatory) Job Description: Accountable for the medical review of relevant clinical, other solicited and spontaneous cases (including literature articles), medical assessment (including labeling and causality along with the company causality statement) Review the medical sense including seriousness and coding of the case in the global context of the drug or clinical project, including the narrative, AE/SAE terms, suspect drugs, concomitant medications, laboratory data, and medical history Developing and maintaining thorough knowledge of the appropriate disease biology areas C important safety concerns for marketed drugs and drugs in development Assuring and maintaining compliance with regulatory and local/global SOP timelines Supporting the Drug Safety teams with medical concepts and awareness of product related topics to ensure quality of adverse event data processing Representing safety physician team in internal and client safety forums and audits Review and respond to any queries/comments for an individual case safety report in the Patient Safety database. Responsible for generating, sending, and tracking medically relevant queries for follow-up information that is required for an individual case safety report Provide product advice as required, especially with regards to case reports that are Suspected Unexpected Serious Adverse reaction (SUSAR) Ensure compliance with global and local procedural documents and implementation of client, policies, procedures, and processes. Skills required: Aptitude for self-directed learning Good medical knowledge and its application in drug safety Sound understanding of the Drug Safety and Regulatory process Good problem solving and decision-making skills Initiative-taking, able to prioritize and plan effectively Excellent interpersonal and communication skills Team player with ability to function in a multi disciplinary environment",full_time,non_clinical,https://www.naukri.com/job-listings-life-science-medical-reviewer-pv-max-15-lpa-apply-now-outpace-consulting-services-pune-bengaluru-mumbai-all-areas-1-to-5-years-130426027893,2026-08-07,1,5,900000,1500000,per_annum,INR,true,
India,IN,+91,Mumbai(Ghatkopar West +1),M/S Jagat Pharma,pharma,https://img.naukimg.com/logo_images/groups/v1/4996596.gif,,BAMS Doctor,"Location - Ghatkopar West,Mumbai. Open Position - BAMS Doctor . (Mumbai Registration is must). Experience - 4-10years. No CTC - Depends on experience and knowledge",full_time,doctors,https://www.naukri.com/job-listings-bams-doctor-m-s-jagat-pharma-mumbai-4-to-9-years-070826024634,2026-08-07,4,9,400000,800000,per_annum,INR,true,
India,IN,+91,Saharanpur,BLS Health Llp,hospital,https://img.naukimg.com/logo_images/groups/v1/12388169.gif,,Medicine Consultant,"This full-time Medical Consultant position is an on-site role located in Saharanpur. The selected candidate will provide high-quality medical consultations and care, including patient diagnosis & treatment, managing medical emergencies & ICU patients",full_time,doctors,https://www.naukri.com/job-listings-medicine-consultant-bls-health-llp-saharanpur-0-to-3-years-070826924537,2026-08-07,0,3,4200000,5400000,per_annum,INR,true,
India,IN,+91,Chennai,Ayami,hospital,https://img.naukimg.com/logo_images/groups/v1/12096954.gif,,Mbbs Doctor,We are looking for a passionate MBBS doctor interested in clinical consultation and developing skills in aesthetic medicine. This role is ideal for someone eager to learn and perform non-surgical cosmetic procedures.,full_time,doctors,https://www.naukri.com/job-listings-mbbs-doctor-ayami-llp-chennai-0-to-3-years-070826924423,2026-08-07,0,3,480000,600000,per_annum,INR,true,
India,IN,+91,Bagalkot(Ilkal),SG Consultants Hr  Engineering Solutions,hospital,https://img.naukimg.com/logo_images/groups/v1/12302010.gif,,Nurse,"Nurses 3+ years of ICU/OT/Casualty with exposure to surgical cases. Experience in General Surgery, Ortho, Neuro & Laparoscopic procedures preferred. Attractive salary, perks & growth opportunities in a 100+ bed multispeciality hospital.",full_time,nurses,https://www.naukri.com/job-listings-nurse-sg-consultants-hr-engineering-solutions-bagalkot-3-to-8-years-070826924412,2026-08-07,3,8,120000,600000,per_annum,INR,true,
India,IN,+91,Vellore,Impact Guru,hospital,https://img.naukimg.com/logo_images/groups/v1/2444130.gif,,Senior Business Development Associate - Field Sales,"Drive maximum patient referral volume from each hospital by building rapport and trust Mandatory Requirements: Education: Graduate in any discipline (MBA preferred but not mandatory) Experience: 1-5 years in business development,sales,or partnerships in healthcare,",full_time,non_clinical,https://www.naukri.com/job-listings-senior-business-development-associate-field-sales-impact-guru-vellore-1-to-5-years-070826024399,2026-08-07,1,5,100000,500000,per_annum,INR,true,
India,IN,+91,Hybrid - Hyderabad,Chryselys,hospital,https://img.naukimg.com/logo_images/groups/v1/5548782.gif,,Consultant - BI (Pharma domain),"Bachelors or Masters Degree (computer science,engineering or other technical disciplines) Qualifications: . 6+ years of experience in BI development,reporting,or data visualization,preferably in the pharmaceutical or life sciences domain Strong hands-on experience building dashboards using Power BI Experience in data profiling,cleansing,and standardization techniques",full_time,doctors,https://www.naukri.com/job-listings-consultant-bi-pharma-domain-chryselys-hyderabad-6-to-10-years-300625011773,2026-08-07,6,10,,,,,true,
India,IN,+91,Mumbai,Metropolis Healthcare,hospital,https://img.naukimg.com/logo_images/groups/v1/2071422.gif,,Head Warehouse And Inventory,"Bachelors Degree in Supply Chain Management,Engineering,Life Sciences,Commerce,Operations,or a related discipline Experience in inventory reporting,dashboard creation,and management reviews. Key Competencies MBA / PGDM in Supply Chain Management,Operations,Logistics,or Materials Management preferred. Experience",full_time,non_clinical,https://www.naukri.com/job-listings-head-warehouse-and-inventory-metropolis-healthcare-mumbai-all-areas-8-to-10-years-070826024219,2026-08-07,8,10,1400000,2000000,per_annum,INR,true,
India,IN,+91,Sirsa,Grand Consultants,hospital,https://img.naukimg.com/logo_images/groups/v1/213306.gif,,Anaesthesiologist Required Medical College in East UP SR/AP Position,Anaesthesiologist Required Medical College in East UP SR/AP Position Salary 3 Lakhs + Accommodation Contact Us: Mr. Mohit: 9216999555 Mr. Arnav: 7837780722 Email:doctorsplacements@gmail.com Website: www.doctorsplacements.com,full_time,doctors,https://www.naukri.com/job-listings-anaesthesiologist-required-medical-college-in-east-up-sr-ap-position-grand-consultants-sirsa-gadchiroli-amritsar-0-to-5-years-070826024184,2026-08-07,0,5,3000000,4000000,per_annum,INR,true,
India,IN,+91,Panipat,Sara Medicaid,hospital,https://img.naukimg.com/logo_images/groups/v1/371954.gif,,Ophthalmologist Specialist,"Procedure savvy, MBBS, MD ophthalmology qualified doctors are needed in 100 bedded hospitals, located Mathura’s, panipat, Bahadurgarh etc.Procedure savvy, MBBS, MD ophthalmology qualified and experienced doctors",full_time,doctors,https://www.naukri.com/job-listings-ophthalmologist-specialist-sara-medicaid-panipat-mathura-bahadurgarh-0-to-5-years-070826024122,2026-08-07,0,5,3000000,3750000,per_annum,INR,true,
India,IN,+91,Thiruvananthapuram,Aayush Villa,hospital,https://img.naukimg.com/logo_images/groups/v1/12234824.gif,,Ayurvedic Doctor,"We are looking for a qualified Ayurveda Doctor (BAMS/MD) for our wellness center in Trivandrum starting April 2026. Responsibilities include patient consultation, diagnosis, treatment planning, and lifestyle guidance. Food and accommodation provided.",full_time,doctors,https://www.naukri.com/job-listings-ayurvedic-doctor-aayush-villa-thiruvananthapuram-0-to-4-years-070826924110,2026-08-07,0,4,180000,240000,per_annum,INR,true,
India,IN,+91,Ernakulam,Doctors Door Health Care Staffing And Consultant,hospital,https://img.naukimg.com/logo_images/groups/v1/11637600.gif,,Dermatologist JOB IN Kerala,"Designation: CONSULTANT DERMATOLOGIST Qualification: MD in Dermatology or DDVL 1-5 years Experienced Malayalam speaking doctors preferred Duty: 8 hrs Type of Duty: OPD Location: Thiruvananthapuram,malappuram,calicut,palakkad,ernakulam,kannur",full_time,doctors,https://www.naukri.com/job-listings-dermatologist-in-kerala-doctors-door-health-care-staffing-and-consultant-ernakulam-malappuram-thiruvananthapuram-0-to-5-years-070826023969,2026-08-07,0,5,1800000,2500000,per_annum,INR,true,
Singapore,SG,+65,Singapore,Nxtgen Global Staffing Solutions (opc),hospital,https://img.naukimg.com/logo_images/groups/v1/12211876.gif,,Resident Physician,"Requirements: Medical qualifications such as MRCP, MRCPCH, MRCOG, FRCR, FRCS, FRCEM, FRCOphth, FRCA, FRCPath, etc. OR MBBS Degree from Kasturba Medical College (KMC) OR MBBS Degree from AIIMS, Delhi, India OR MBBS Degree from CMC, Vellore, India",full_time,doctors,https://www.naukri.com/job-listings-resident-physician-nxtgen-global-staffing-solutions-opc-singapore-5-to-10-years-070826923902,2026-08-07,5,10,4200000,7200000,per_annum,INR,true,
India,IN,+91,Dehradun(Selaqui Industrial Area),Viencee Pharma Science,pharma,https://img.naukimg.com/logo_images/groups/v1/9991184.gif,,Qc Chemist,"Responsibilities: Perform HPLC analysis for RM, IP & Finished Products Preparation of mobile phase, standards & samples Handling and troubleshooting of HPLC Documentation as per GMP & ALCOA Support OOS/OOT investigation Instrument calibration & maintenance Maintain laboratory cleanliness and 5S standards",full_time,non_clinical,https://www.naukri.com/job-listings-qc-chemist-viencee-pharma-science-dehradun-3-to-8-years-070826023739,2026-08-07,3,8,225000,400000,per_annum,INR,true,
India,IN,+91,Hyderabad,Orcapod Consulting Services,hospital,https://img.naukimg.com/logo_images/groups/v1/4616601.gif,,Senior ServiceNow Engineer/Developer,"Job Title: Senior ServiceNow Engineer/Developer Experience: 10 to 12 yrs [Mandatory ] Key Skills: ServiceNow Development & Administration ServiceNow CSA Certification (Mandatory) ITSM Modules (Incident, Change, Problem, Service Catalog, Request Management) JavaScript, Glide API, Business Rules, Client Scripts, Flow Designer REST/SOAP APIs, IntegrationHub, MID Server ITIL Framework Performance Analytics & Reporting HIPAA, HITRUST, SOC 2 (Preferred) Healthcare domain experience is an advantage Preferred Certifications: CSA (Mandatory) CIS/CAD (Preferred) 9685741994 renuka.rajak@orcapod.work no contact whatsapp only email",full_time,non_clinical,https://www.naukri.com/job-listings-senior-servicenow-engineer-developer-orcapod-consulting-services-hyderabad-11-to-20-years-310726019907,2026-08-07,11,20,1500000,2500000,per_annum,INR,true,
India,IN,+91,Chennai,Bizopp Management Consultants,hospital,https://img.naukimg.com/logo_images/groups/v1/471556.gif,,Medical coders/Sr.Coder/QA/Sr.QA- Surgery/Anesthesia/IPDRG,Looking for any Certified/Non-Certified Medical coder Surgery Coder/QA/SME IPDRG Coder/QA/SME Anesthesia Coder/QA/SMELooking for any Certified/Non-Certified Medical coder Surgery Coder/QA/SME IPDRG Coder/QA/SME Anesthesia Coder/QA/SMEPerformance based Incentives and Cab,full_time,non_clinical,https://www.naukri.com/job-listings-medical-coders-sr-coder-qa-sr-qa-surgery-anesthesia-ipdrg-bizopp-management-consultants-chennai-coimbatore-bengaluru-1-to-4-years-070826023650,2026-08-07,1,4,500000,1000000,per_annum,INR,true,
India,IN,+91,Kochi,Resolve Itech Corp,hospital,https://img.naukimg.com/logo_images/groups/v1/746848.gif,,Wanted Registered Female Nurses For Maldives,"Female Candidates IELTS: Minimum Band 5 or OET Grade C (Score 200) Relevant nursing qualification and experience Salary: USD 1,100 USD 1,300 per month (based on qualification and experience)",full_time,non_clinical,https://www.naukri.com/job-listings-wanted-registered-female-nurses-for-maldives-resolve-itech-corp-kochi-bengaluru-maldives-2-to-5-years-070826023604,2026-08-07,2,5,1000000,1300000,per_annum,INR,true,
India,IN,+91,Bharuch,Gujarat Narmada Valley Fertilizers & Chemicals (GNFC),hospital,https://img.naukimg.com/logo_images/groups/v1/223140.gif,,Senior Medical Officer (On Contract),"Plan requirement and identify stock-in drugs for the year. . Preferred candidate profile . Exposure in IT Skills is essential and knowledge of Gujarati language will be preferred Candidate must be Computer and Technology Savvy Candidate should be conversant to HRMS,ERP modules,preferably SAP system",full_time,doctors,https://www.naukri.com/job-listings-senior-medical-officer-on-contract-gujarat-narmada-valley-fertilizers-chemicals-gnfc-bharuch-0-to-3-years-070826023585,2026-08-07,0,3,1400000,1400000,per_annum,INR,true,
India,IN,+91,Hyderabad,Primera Medical Technologies,hospital,https://img.naukimg.com/logo_images/groups/v1/4620049.gif,,AR Caller,"Role & responsibilities Open Position - AR Caller / Sr. AR Caller Job Location - Hyderabad Notice Period - Looking for Immediate Joiner / 30 Days Qualification - Undergraduate / Graduate / Post Graduate Role & responsibilities Experience In-Patient AR denial management and insurance AR follow up Experience in Hospital Billing is preferable. AR follow up and Denials Experience in AR Collections Experience in AR Appeals End to end RCM or Revenue Cycle management Experience in US healthcare is must. Criteria - Experience In-Patient AR denial management and insurance AR follow up Experience in Physician Billing is must, AR follow up and Denials Experience in AR Collections Experience in AR Appeals End to end RCM or Revenue Cycle management Experience in US healthcare is must. Interested candidates can share those updated Resume to npeddalingannagari@primehealthcare.com // whatsapp 9154957481.",full_time,non_clinical,https://www.naukri.com/job-listings-ar-caller-primera-medical-technologies-hyderabad-1-to-6-years-160226911593,2026-08-07,1,6,,,,,true,
India,IN,+91,Malappuram,Doctors Door Health Care Staffing And Consultant,hospital,https://img.naukimg.com/logo_images/groups/v1/11637600.gif,,"Gynecologist JOB IN Kerala, INDIA","Designation: CONSULTANT GYNECOLOGIST Qualification: MD/DNB/MS/DGO 3-10Year Experienced Malayalam speaking Female doctors preferred Duty 8hr (on call) Type of duty- OP/IP Location: Malappuram,wayanad,palakkad,ernakulam,kannur,idukki,kottayam",full_time,doctors,https://www.naukri.com/job-listings-gynecologist-in-kerala-india-doctors-door-health-care-staffing-and-consultant-malappuram-palakkad-idukki-0-to-5-years-070826023572,2026-08-07,0,5,2500000,3000000,per_annum,INR,true,
India,IN,+91,India,Drivrhelp,hospital,https://img.naukimg.com/logo_images/groups/v1/12166432.gif,,System Architect (Freelance),"Job Title - Systems Architect (Freelance) Location Remote We are seeking a senior-level Systems Architect for a remote contract role supporting a diverse, fast-paced IT environment .",full_time,non_clinical,https://www.naukri.com/job-listings-system-architect-freelance-drivrhelp-india-10-to-20-years-070826923499,2026-08-07,10,20,2400000,4800000,per_annum,INR,true,
India,IN,+91,Panipat,Sara Medicaid,hospital,https://img.naukimg.com/logo_images/groups/v1/371954.gif,,Nephrologist,"The procedures savvy Nephrologists are needed for OPD & IPD etc. MBBS, MD/DNB & DM nephrology qualified and experience for the position of Sr consultant",full_time,doctors,https://www.naukri.com/job-listings-nephrologist-sara-medicaid-panipat-mathura-0-to-5-years-070826023464,2026-08-07,0,5,3500000,5000000,per_annum,INR,true,
India,IN,+91,Rohtak,Grand Consultants,hospital,https://img.naukimg.com/logo_images/groups/v1/213306.gif,,General & Laparoscopic Surgeon Reqd at Rohtak HR,General & Laparoscopic Surgeon Required at Rohtak Haryana Salary 3 Lakhs + Accommodation Contact: Mr. Mohit 9216999555 Mr. Arnav 7837780722 Email: doctorsplacements@gmail.com www.doctorsplacements.com,full_time,non_clinical,https://www.naukri.com/job-listings-general-laparoscopic-surgeon-reqd-at-rohtak-hr-grand-consultants-rohtak-lucknow-tohana-0-to-5-years-070826023356,2026-08-07,0,5,3000000,4000000,per_annum,INR,true,
India,IN,+91,Gurugram(Golf Course Road),Physio Active,hospital,https://img.naukimg.com/logo_images/groups/v1/12146272.gif,,Physiotherapist,"35 years of hands-on clinical experience Strong clinical assessment and treatment skills Patient-centric approach with good communication Ability to work in a structured, fast-growing environment Team player with a learning mindset",full_time,non_clinical,https://www.naukri.com/job-listings-physiotherapist-physio-active-private-limited-gurugram-3-to-5-years-070826923352,2026-08-07,3,5,420000,600000,per_annum,INR,true,
India,IN,+91,Kochi,Dermafera Skin Clinics,hospital,https://img.naukimg.com/logo_images/groups/v1/12145422.gif,,Therapist,Responsibilities Perform HydraFacials and medical-grade Peels. Administer PRP/GFC and Gluta IV treatments. Conduct skin analysis and post-care consulting. Ensure strict clinical hygiene and safety.,full_time,non_clinical,https://www.naukri.com/job-listings-therapist-dermafera-skin-clinics-kochi-1-to-2-years-070826923329,2026-08-07,1,2,180000,300000,per_annum,INR,true,
India,IN,+91,Patna(Bakhtiyarpur),Aarogyashala Panchmukhi Hospital,hospital,https://img.naukimg.com/logo_images/groups/v1/12144038.gif,,Ophthalmologist Specialist,"Aarogyashala Panchmukhi Hospital is hiring an Eye Specialist Doctor, MBBS, MS (OPTHALMOLOGIST) with experience of 1-3 years and salary is Rs. 1.5-3 Lakhs Per Month. Interested Doctors can contact us on 7004771596 or drmukeshpanchmukhi@gmail.com",full_time,doctors,https://www.naukri.com/job-listings-ophthalmologist-specialist-aarogyashala-panchmukhi-hospital-patna-1-to-3-years-070826923325,2026-08-07,1,3,1800000,3600000,per_annum,INR,true,
India,IN,+91,Una,Alvis Health Infra,hospital,https://img.naukimg.com/logo_images/groups/v1/12131810.gif,,Medical Officer  24 Jan 26 Alvis Hospital UNA,Responsibilities: * Collaborate with interdisciplinary team on patient care plans. * Document medical records accurately and efficiently. * Provide emergency care under supervision of attending physician.,full_time,doctors,https://www.naukri.com/job-listings-medical-officer-24-jan-26-alvis-hospital-una-alvis-health-infra-una-1-to-6-years-070826923188,2026-08-07,1,6,600000,1200000,per_annum,INR,true,
India,IN,+91,Hyderabad(Kokapet),The DRIPBaR,hospital,https://img.naukimg.com/logo_images/groups/v1/12116508.gif,,Staff Nurse (B.Sc Nursing),Responsibilities: * Provide patient care under medical supervision * Administer medications and treatments * Collaborate with healthcare team on treatment plans * Document observations and progress,full_time,nurses,https://www.naukri.com/job-listings-staff-nurse-b-sc-nursing-the-dripbar-hyderabad-0-to-6-years-070826923105,2026-08-07,0,6,240000,300000,per_annum,INR,true,
India,IN,+91,Hyderabad,Sant Singh Basant Kaur Sahney Trust,hospital,https://img.naukimg.com/logo_images/groups/v1/12106556.gif,,Nurse,"Responsibilities: Provide quality patient care under medical supervision Administer medications, monitor vital signs & document findings Collaborate with healthcare team on treatment plans & discharge instructions",full_time,nurses,https://www.naukri.com/job-listings-nurse-sant-singh-basant-kaur-sahney-trust-hyderabad-2-to-5-years-070826923057,2026-08-07,2,5,,,,,true,
India,IN,+91,Ranchi(Upper Bazaar),Sushil Medical,hospital,https://img.naukimg.com/logo_images/groups/v1/12104564.gif,,Pediatrician Consultant,"Responsibilities: * Conduct OPD consultations for infants, children, and adolescents * Diagnose & treat pediatric conditions using surgical techniques * Take detailed medical history and perform clinical examinations",full_time,doctors,https://www.naukri.com/job-listings-pediatrician-consultant-sushil-medical-ranchi-0-to-3-years-070826923051,2026-08-07,0,3,600000,840000,per_annum,INR,true,
India,IN,+91,Ahmedabad,Metrix Healthcare,hospital,https://img.naukimg.com/logo_images/groups/v1/8207137.gif,,Medical Representative,Responsibilities: * Build strong customer relationships * Maintain product knowledge & compliance * Meet sales targets through effective communication * Promote products at hospitals * Report on market trends & insights,full_time,non_clinical,https://www.naukri.com/job-listings-medical-representative-metrix-healthcare-ahmedabad-1-to-2-years-070826923023,2026-08-07,1,2,180000,420000,per_annum,INR,true,
India,IN,+91,Chennai(Perungudi),Medagg Healthcare,hospital,https://img.naukimg.com/logo_images/groups/v1/12091858.gif,,Business Development Executive,"The Business Development Executive (BDE) plays a key role in driving patient engagement & converting leads. This role involves outbound calling, patient coordination, lead qualification, and relationship management.",full_time,non_clinical,https://www.naukri.com/job-listings-business-development-executive-medagg-healthcare-chennai-0-to-1-years-070826922971,2026-08-07,0,1,240000,264000,per_annum,INR,true,
India,IN,+91,Bengaluru,Welsphere Global (fittzo),hospital,https://img.naukimg.com/logo_images/groups/v1/12084550.gif,,Physiotherapist,Responsibilities: Provide high-quality physiotherapy care through home visits Support in-house physiotherapy requirements as needed Maintain patient records and ensure adherence to treatment plans .,full_time,non_clinical,https://www.naukri.com/job-listings-physiotherapist-welsphere-global-fittzo-bengaluru-0-to-3-years-070826922924,2026-08-07,0,3,192000,300000,per_annum,INR,true,
India,IN,+91,Hyderabad,Foundever,hospital,https://img.naukimg.com/logo_images/groups/v1/185112.gif,,International Voice Process Executive | Foundever,"Global Shift Alignment: Work primarily during US business hours ""Night shifts"" Hiring for Freshers and Experienced . (should possess exceptionally great communication skills in English) . Confidentiality : Complying with all requirements concerning confidential and personal information. . Policy Adherence : Following all required scripts,policies,and procedures.",full_time,non_clinical,https://www.naukri.com/job-listings-international-voice-process-executive-foundever-foundever-hyderabad-0-to-1-years-070826022892,2026-08-07,0,1,300000,325000,per_annum,INR,true,
India,IN,+91,Delhi / NCR(Badarpur),omika health care pvt ltv,hospital,https://img.naukimg.com/logo_images/groups/v1/12064387.gif,,Home Care Nurse,Responsibilities: * Provide skilled nursing care at home * Administer medications & monitor vital signs * Assist with daily tasks & personal hygiene * Collaborate with healthcare team on treatment plans,full_time,nurses,https://www.naukri.com/job-listings-home-care-nurse-omika-health-care-pvt-ltv-delhi-ncr-0-to-5-years-070826922789,2026-08-07,0,5,216000,288000,per_annum,INR,true,
India,IN,+91,Ranchi,Dev Hospital,hospital,https://img.naukimg.com/logo_images/groups/v1/255550.gif,,Emergency Medical Officer,Responsibilities: * Collaborate with healthcare team on patient care plans * Manage emergency situations in critical & intensive care units * Provide medical assistance during casualty shifts,full_time,doctors,https://www.naukri.com/job-listings-emergency-medical-officer-dev-hospital-ranchi-0-to-5-years-070826922749,2026-08-07,0,5,1200000,2400000,per_annum,INR,true,
India,IN,+91,Vijayawada,Happy Child,hospital,https://img.naukimg.com/logo_images/groups/v1/12053505.gif,,Occupational Therapist,"Looking for a skilled OT to assess and provide therapy for children, create treatment plans, work with families, and support developmental progress. Share your resume to apply.",full_time,non_clinical,https://www.naukri.com/job-listings-occupational-therapist-happy-child-vijayawada-0-to-3-years-070826922739,2026-08-07,0,3,480000,720000,per_annum,INR,true,
India,IN,+91,Thiruvananthapuram(Attingal),Kaduvayil Thangal Muslim Jama Ath Charitable,hospital,https://img.naukimg.com/logo_images/groups/v1/12057397.gif,,General Surgeon,Responsibilities: Diagnose and treat surgical conditions Provide pre- and post-operative care Maintain patient records and ensure quality care Requirements: MBBS + MS/MD in General Surgery Valid medical license Relevant experience preferred.,full_time,doctors,https://www.naukri.com/job-listings-general-surgeon-kaduvayil-thangal-muslim-jama-ath-charitable-thiruvananthapuram-2-to-3-years-070826922713,2026-08-07,2,3,1800000,2400000,per_annum,INR,true,
India,IN,+91,Pune(Baner),Dermabright,hospital,https://img.naukimg.com/logo_images/groups/v1/12048103.gif,,Cosmetologist Consultant,Responsibilities: Provide expert advice on skincare routines Perform chemical peels and facials with precision Maintain professional demeanor at all times Conduct skin analysis using advanced techniques,full_time,doctors,https://www.naukri.com/job-listings-cosmetologist-consultant-dermabright-pune-0-to-5-years-070826922685,2026-08-07,0,5,216000,360000,per_annum,INR,true,
India,IN,+91,Tiruvannamalai,Soulfree Inspire Centre,hospital,https://img.naukimg.com/logo_images/groups/v1/9298109.gif,,Head Nurse Nursing Department,"The Head Nurse will be responsible for leading, supervising, and coordinating the nursing team to ensure delivery of high-quality, compassionate, and evidence-based care to patients with spinal cord injuries.",full_time,nurses,https://www.naukri.com/job-listings-head-nurse-nursing-department-soulfree-inspire-centre-tiruvannamalai-10-to-15-years-070826922628,2026-08-07,10,15,216000,360000,per_annum,INR,true,
Germany,DE,+49,Germany,Globio Immigration Technology,hospital,https://img.naukimg.com/logo_images/groups/v1/12038061.gif,,Registered Nurse (Germany) | Globio.AI,"ISB-backed startup Globio.AI invites Registered Nurses to work in Germany. Must have B2 German (Goethe/Telc), 2+ years experience, valid RN license & age below 35. Relocation & licensing support provided. Apply now!",full_time,nurses,https://www.naukri.com/job-listings-registered-nurse-germany-globio-ai-globio-immigration-technology-germany-2-to-6-years-070826922574,2026-08-07,2,6,3000000,4200000,per_annum,INR,true,
India,IN,+91,Kolkata,Global I.t. Solutions,hospital,https://img.naukimg.com/logo_images/groups/v1/12241364.gif,,Drug Safety Physician,Responsibilities: Reviewing the published reports/biomedical literature to ascertain if they contain a case report of an adverse reaction and non-individual case reports.,full_time,doctors,https://www.naukri.com/job-listings-drug-safety-physician-global-i-t-solutions-kolkata-3-to-8-years-070826922493,2026-08-07,3,8,1560000,2400000,per_annum,INR,true,
India,IN,+91,Thiruvananthapuram,Mawbis International Mumbai,hospital,https://img.naukimg.com/logo_images/groups/v1/12159318.gif,,Speech Therapist,Responsibilities: * Collaborate with healthcare team on patient care plans * Conduct assessments and evaluations * Develop treatment plans using occupational therapy techniques,full_time,non_clinical,https://www.naukri.com/job-listings-speech-therapist-mawbis-international-mumbai-thiruvananthapuram-0-to-5-years-070826922448,2026-08-07,0,5,300000,600000,per_annum,INR,true,
India,IN,+91,Surendranagar,Pathfinders Global(P) Ltd,hospital,https://img.naukimg.com/logo_images/groups/v1/8603813.gif,,Urology @Medical Colleges & Hospitals Pain India .,"@ 9218105974 MCH -Urology Location :-(Moradabad /Dehradun/ Gujarat) How to Apply: Call/WhatsApp: 9218105974 Email: hr6@pathfindersglobal.com Share your spouse's CV if they're a medical professional (clinical or non-clinical). References are also appreciated! Help Us Spread the Word! Circulate this announcement within your networks and help your peers discover these amazing opportunities. Explore Exciting Opportunities in Clinical & Non-Clinical Medicine Across India! We're hiring for various positions in All Clinical and Non- Clinical Profiles across multiple locations in India! Best Regards, HR POOJA 9218105974",full_time,non_clinical,https://www.naukri.com/job-listings-urology-medical-colleges-hospitals-pain-india-pathfinders-global-p-ltd-surendranagar-dehradun-moradabad-0-to-5-years-070826022319,2026-08-07,0,5,,,,,true,
India,IN,+91,Ghaziabad(Dasna),KR Life Line Hospital,hospital,https://img.naukimg.com/logo_images/groups/v1/11994797.gif,,On-Call Doctor,"Responsibilities: Respond promptly to on-call requests for patient consultations or emergency visits. Conduct physical examinations, order diagnostic tests, and interpret results. Prescribe medications and recommend appropriate treatment plans.",full_time,doctors,https://www.naukri.com/job-listings-on-call-doctor-kr-life-line-hospital-ghaziabad-1-to-6-years-070826922318,2026-08-07,1,6,480000,1800000,per_annum,INR,true,
India,IN,+91,Kolkata(Ballygunge),Ballygunge Maternity & Nursing Home,hospital,https://img.naukimg.com/logo_images/groups/v1/11994791.gif,,OT Technicians,"Responsibilities: * Collaborate with healthcare team on patient care plans. * Prepare patients for surgery, assist surgeons during procedures. * Maintain sterile environment in OT/ICU.",full_time,non_clinical,https://www.naukri.com/job-listings-ot-technicians-ballygunge-maternity-nursing-home-kolkata-1-to-5-years-070826922317,2026-08-07,1,5,168000,216000,per_annum,INR,true,
United Arab Emirates,AE,+971,United Arab Emirates,Tesha Overseas,hospital,https://img.naukimg.com/logo_images/groups/v1/11986453.gif,,"Hiring doctors, nurse, dentist, ragiologist","Position: Registered Nurse Location: Dubai, UAE Eligibility: GNM / BSc Nursing, Minimum 2 years experience Benefits: Attractive salary, accommodation, and visa support Apply Now: Send your CV on ; teshaconsultancymarketing@gmail.com",full_time,nurses,https://www.naukri.com/job-listings-hiring-doctors-nurse-dentist-ragiologist-tesha-overseas-united-arab-emirates-0-to-5-years-070826922242,2026-08-07,0,5,1200000,2400000,per_annum,INR,true,
India,IN,+91,Chennai(Velachery),Talent Corner Hr Services,hospital,https://img.naukimg.com/logo_images/groups/v1/721166.gif,,Physiotherapist,"Experience Freshers or up to 1yr The candidate should be compassionate,skilled,and patient-focused Preferred candidate profile . Qualification:- BPT. Ensure excellent patient experience,and",full_time,non_clinical,https://www.naukri.com/job-listings-physiotherapist-talent-corner-hr-services-chennai-0-to-2-years-300626036469,2026-08-07,0,2,,,,,true,
India,IN,+91,Gurugram(Sector 100),Vibrant Hospital Pvt. Ltd.,hospital,https://img.naukimg.com/logo_images/groups/v1/10381522.gif,,Non Invasive Cardiology Consultant,Responsibilities: * Collaborate with multidisciplinary team on patient care plans * Interpret ECGs & echocardiograms * Diagnose cardiac conditions using non-invasive methods * Provide expert consultations in cardiology,full_time,doctors,https://www.naukri.com/job-listings-non-invasive-cardiology-consultant-vibrant-hospital-pvt-ltd-gurugram-2-to-7-years-070826922099,2026-08-07,2,7,1800000,3600000,per_annum,INR,true,
India,IN,+91,Kannur,Doctors Door Health Care Staffing And Consultant,hospital,https://img.naukimg.com/logo_images/groups/v1/11637600.gif,,"Radiologist JOB IN  Kerala, INDIA","Designation: CONSULTANT RADIOLOGIST Qualification: MD or DMRD or DNB Radiology 0 -10 experienced Malayalam speaking doctors Duty Full time(8hrs) Modalities – USG/CT/MRI Location: Ernakulam,Malappuram,Idukki,wayanad,palakkad,kannur,thrissur",full_time,doctors,https://www.naukri.com/job-listings-radiologist-in-kerala-india-doctors-door-health-care-staffing-and-consultant-kannur-malappuram-idukki-0-to-5-years-070826021964,2026-08-07,0,5,3500000,4000000,per_annum,INR,true,
India,IN,+91,Navi Mumbai,Equipage Medtech Opc,hospital,https://img.naukimg.com/logo_images/groups/v1/11954215.gif,,Videonystagmography or Vertigo Clinic Technician,Responsibilities: * Provide patient education on treatment options * Maintain confidentiality at all times * Assist with video equipment setup & recording * Collaborate with healthcare team on diagnosis & management plans,full_time,non_clinical,https://www.naukri.com/job-listings-videonystagmography-or-vertigo-clinic-technician-equipage-medtech-opc-navi-mumbai-0-to-3-years-070826921963,2026-08-07,0,3,216000,264000,per_annum,INR,true,
India,IN,+91,Chennai,Makeo,hospital,https://img.naukimg.com/logo_images/groups/v1/8427343.gif,,Cosmetologist,"Job Description Cosmetologist Doctor Company: makeO Skinnsi Position: Cosmetologist Doctor Employment Type: Full-Time Salary 45,000 – 60,000 Gross per month + Attractive Performance Incentives About the Role makeO Skinnsi is looking for an experienced and passionate Cosmetologist Doctor to join our growing clinical team. The ideal candidate should have hands-on experience in advanced aesthetic and cosmetology procedures, possess excellent patient consultation skills, and be committed to delivering exceptional customer outcomes. We are looking for candidates who can join immediately or within 15 days. Key Responsibilities Conduct comprehensive skin and hair consultations for patients. Perform aesthetic procedures including: HydraFacial Laser Hair Reduction Chemical Peels PRP (Platelet-Rich Plasma) Mesotherapy Microneedling Radio Frequency (MNRF) Dermaroller Q-Switch Laser CO Laser Non-Ablative Radio Frequency Facelift Customize treatment plans based on clinical assessments and patient requirements. Perform offline clinical assessments and recommend suitable treatments and skincare products. Conduct online consultations whenever required. Provide medical supervision for home service sessions and guide therapists remotely. Ensure smooth day-to-day functioning of the clinic. Train and supervise therapists in performing Laser Hair Reduction, HydraFacial, Chemical Peels, and other aesthetic procedures while maintaining clinical quality and safety standards. Maintain accurate patient records and ensure adherence to clinical protocols and hygiene standards. Deliver an excellent patient experience through effective communication and follow-up care. Eligibility Criteria BHMS / BAMS / MBBS / BDS qualification. Minimum 2 years of relevant experience in a cosmetology, aesthetic, dermatology, or skin clinic. Hands-on expertise in aesthetic procedures including Laser Hair Reduction, HydraFacial, PRP, Chemical Peels, CO Laser, Q-Switch Laser, Dermaroller, MNRF, Mesotherapy, and Non-Ablative RF treatments. Excellent communication, interpersonal, and patient counselling skills. Strong leadership and team management abilities. Passionate about aesthetics, customer satisfaction, and clinical excellence. Immediate joiners or candidates serving a notice period of up to 15 days will be preferred. Working Hours Shift Timing: 11:00 AM – 8:00 PM Working Days: 6 days a week Weekly Off: Rotational week off Please Note: Saturdays and Sundays are regular working days. Weekly offs are not provided on weekends. Why Join makeO Skinnsi? Competitive salary with attractive monthly incentives. Opportunity to work with one of India's leading aesthetics and wellness brands. Exposure to advanced aesthetic technologies and procedures. Career growth and learning opportunities in a fast-growing healthcare organization. Collaborative and patient-centric work environment. Job Type: Full-Time Work Location: In Person",full_time,doctors,https://www.naukri.com/job-listings-cosmetologist-makeo-chennai-bengaluru-mumbai-all-areas-1-to-6-years-070826021951,2026-08-07,1,6,400000,700000,per_annum,INR,true,
India,IN,+91,Bengaluru(M.G Road),Solve4x Technologies,hospital,https://img.naukimg.com/logo_images/groups/v1/11945195.gif,,General Dentist,Qualifications: . BDS (Bachelor of Dental Surgery) qualification,full_time,doctors,https://www.naukri.com/job-listings-general-dentist-solve4x-technologies-pvt-ltd-bengaluru-0-to-4-years-070826921908,2026-08-07,0,4,264000,420000,per_annum,INR,true,
India,IN,+91,Chennai(Aminjikarai),Chennai Fertility Center And Research Institute,hospital,https://img.naukimg.com/logo_images/groups/v1/3667550.gif,,ECHO/ECG/TMT Technician,"Greetings from CFC Hospitals, Perform Electrocardiogram (ECG) procedures accurately for OPD, IPD, emergency, and health check-up patients. Conduct 2D Echocardiography (ECHO) examinations under the guidance of the cardiologist. Perform Treadmill Test (TMT) procedures by following standard protocols and ensuring patient safety. Prepare and position patients correctly before all cardiac diagnostic procedures. Explain the procedure to patients and obtain necessary consent as per hospital policy. Monitor patients during ECHO, TMT, and ECG for any signs of discomfort or complications. Immediately inform the cardiologist or treating physician of any abnormal findings or emergencies. Maintain and calibrate ECG, ECHO, and TMT equipment to ensure accurate results. Ensure proper cleaning, disinfection, and preventive maintenance of all cardiac diagnostic equipment. Record, verify, and upload reports accurately into the Hospital Information System (HIS). Maintain patient records and ensure confidentiality of medical information. Coordinate with cardiologists, physicians, nurses, and other departments for smooth patient care. Ensure availability of consumables and report shortages to the concerned department. Follow infection prevention and control practices, including hand hygiene and equipment disinfection. Adhere to NABH standards, hospital policies, and patient safety protocols. Assist during cardiac emergencies and be prepared to provide Basic Life Support (BLS) if required. Participate in quality improvement activities, audits, and departmental meetings. Educate patients regarding pre-test and post-test instructions. Work Location: Nelson Manickam Road, Aminjikarai, Chennai 600 029. Interested candidates can forward their resume to hr.cfcmultispecialityhospitals@gmail.com Regards, Antony Human Resources 9600712771",full_time,non_clinical,https://www.naukri.com/job-listings-echo-ecg-tmt-technician-chennai-fertility-center-and-research-institute-chennai-2-to-3-years-070826021799,2026-08-07,2,3,,,,,true,
India,IN,+91,New Delhi,Medicofix,hospital,https://img.naukimg.com/logo_images/groups/v1/11925039.gif,,Gyne OT nurse,"Responsibilities: * Collaborate with healthcare team on patient care plans. * Provide quality nursing care during gynecological surgeries in OT. * Monitor vital signs, administer medications & manage pain.",full_time,nurses,https://www.naukri.com/job-listings-gyne-ot-nurse-medicofix-new-delhi-1-to-3-years-070826921780,2026-08-07,1,3,216000,240000,per_annum,INR,true,
India,IN,+91,Mohali,Vee Healthtek,hospital,https://img.naukimg.com/logo_images/groups/v1/9197283.gif,,Hiring AR callers Freshers (Mohali),Week Off Details: Fixed off on Saturdays & Sundays . * Cab facility: 2-way home cabs available within 25Km Radius from . office . * Night shift allowance (50 per day for month 1000) . * Incentives based on performance We are actively hiring for Freshers - AR Calling Process . Experience: Freshers . Location: Mohali . Qualification: Any graduate can apply .,full_time,non_clinical,https://www.naukri.com/job-listings-hiring-ar-callers-freshers-mohali-vee-healthtek-mohali-0-to-1-years-070826021759,2026-08-07,0,1,,,,,true,
India,IN,+91,Aligarh,Rusa Medical Center,hospital,https://img.naukimg.com/logo_images/groups/v1/4703299.gif,,General Medicine Consultant,"diagnose and treat non-surgical illnesses, manage chronic and acute diseases, conduct physical exams, interpret lab tests, and coordinate specialized care",full_time,doctors,https://www.naukri.com/job-listings-general-medicine-consultant-rusa-medical-center-aligarh-5-to-10-years-070826021734,2026-08-07,5,10,4000000,9000000,per_annum,INR,true,
India,IN,+91,Bengaluru,Prudential Technology And Services,hospital,https://img.naukimg.com/logo_images/groups/v1/7834223.gif,,Zonal Head (Banca BD),"The incumbent must be equally credible in a Nariman Point corporate office negotiation and in a Rajkot or Nashik co-operative bank board meeting,and must build a second line that can cover both Bring NBFC,HFC or embedded / credit-linked distribution experience",full_time,non_clinical,https://www.naukri.com/job-listings-zonal-head-banca-bd-prudential-technology-and-services-bengaluru-mumbai-all-areas-8-to-13-years-070826021698,2026-08-07,8,13,,,,,true,
India,IN,+91,Hyderabad(Moosapet),Colostocare,hospital,https://img.naukimg.com/logo_images/groups/v1/9649905.gif,,"ET Nurse/ wound, ostomy, and continence (WOC) nurse","Age: 25-30 Must have: 1-3 years of nursing experience, including WOC care Excellent communication skills Responsibilities: Provide patient education on wound care, dressing techniques, and continence management.",full_time,nurses,https://www.naukri.com/job-listings-et-nurse-wound-ostomy-and-continence-woc-nurse-colostocare-pvt-ltd-hyderabad-1-to-3-years-070826921641,2026-08-07,1,3,180000,420000,per_annum,INR,true,
India,IN,+91,Hybrid - Pune,Peoplefy Infosolutions,hospital,https://img.naukimg.com/logo_images/groups/v1/4618743.gif,,Medical Coder,We are looking for an experienced Medical Coder with 6 years of relevant experience Minimum 6 years of relevant medical coding experience Experience in any 2 or all 3 coding specialties,full_time,non_clinical,https://www.naukri.com/job-listings-medical-coder-peoplefy-infosolutions-pune-6-to-9-years-070826021601,2026-08-07,6,9,,,,,true,
India,IN,+91,Chengalpattu,Apollo Knowledge Ventures Limited,hospital,https://img.naukimg.com/logo_images/groups/v1/4580365.gif,,Retail Pharmacist,"Gender: Male & Female Accommodation available for Male candidates. 2,500 reimbursement for Female candidates. Yearly bonus and salary increment Qualification: . D.Pharm / BPharm / MPharm. Freshers and experienced candidates with valid pharmacy registration are preferred.",full_time,pharmacists,https://www.naukri.com/job-listings-retail-pharmacist-apollo-knowledge-ventures-limited-chengalpattu-tiruttani-kanchipuram-0-to-5-years-040626026890,2026-08-07,0,5,200000,325000,per_annum,INR,true,
India,IN,+91,Hyderabad,Firstsource,hospital,https://img.naukimg.com/logo_images/groups/v1/162228.gif,,Hiring Senior AR Caller - Denials - Firstsource - Hyderabad,"Shift: Night Shift (US Shifts),. FirstSource is hiring experienced AR callers for the US healthcare process with expertise in accounts receivable (AR),denial management,physician billing,and hospital billing Minimum 1 year of relevant experience in US healthcare RCM AR calling Candidates who can join immediately or are serving a short notice period will be given preference",full_time,non_clinical,https://www.naukri.com/job-listings-hiring-senior-ar-caller-denials-firstsource-hyderabad-firstsource-hyderabad-1-to-5-years-230726024766,2026-08-07,1,5,,,,,true,
India,IN,+91,Durgapur,Aayush Kumar- IQ City Foundation,hospital,https://img.naukimg.com/logo_images/groups/v1/4386548.gif,,"Principal, Vice Principal, Dean- Allied Health Sciences","Roles and Responsibilities Provide academic leadership to the School of Allied Health Sciences, ensuring excellence in teaching, research, and community service. Oversee administrative tasks such as budget management, faculty supervision, and curriculum development. Develop strategic plans for program growth and expansion within the institution. Foster a collaborative environment among departments to promote interdisciplinary research initiatives. Ensure compliance with accreditation standards from relevant bodies (NABH).",full_time,non_clinical,https://www.naukri.com/job-listings-principal-vice-principal-dean-allied-health-sciences-aayush-kumar-iq-city-foundation-durgapur-14-to-17-years-070826021114,2026-08-07,14,17,1500000,1800000,per_annum,INR,true,
India,IN,+91,Mumbai,Medmecs Billing Services,hospital,https://img.naukimg.com/logo_images/groups/v1/7592933.gif,,Immediate Hiring For Multi-Speciality E/M Auditor,"Job Opening as a Multi-Specialty E/M Auditor Experience 2 to 4 years of experience in Multi-Specialty Evaluation & Management (E/M) Auditing. Experience auditing physician documentation and coding for Outpatient, Inpatient, SNF/NF, ALF, Home Visits, Telehealth, and other E/M services. Educational Qualification Bachelors degree in Pharmacy, Life Sciences, Nursing, Biotechnology, or Allied Health Sciences. CPC, CPMA, CCS, CRC, or equivalent certification is preferred. Key Responsibilities Audit physician documentation and E/M coding for accuracy, compliance, and medical necessity. Validate E/M level selection based on Medical Decision Making (MDM) and Time-Based Coding guidelines. Identify documentation deficiencies, coding errors, and compliance risks, and provide constructive feedback to providers and coding teams. Recognize recurring documentation and coding trends, perform root cause analysis, and recommend corrective actions. Develop and deliver targeted education sessions for coders, auditors, and providers to improve coding quality and documentation practices. Review audit findings, classify error categories, and support continuous quality improvement initiatives. Identify potential denial risks and recommend preventive measures to improve first-pass claim acceptance. Ensure compliance with CMS, AMA, Medicare, Medicaid, Commercial Payer, LCD/NCD, and NCCI guidelines. Required Knowledge & Skills Candidates should have strong knowledge of: Current AMA and CMS E/M Guidelines across all applicable E/M services. Extensive knowledge of Medical Decision Making (MDM) and Time-Based Coding. ICD-10-CM, CPT, and HCPCS coding. CMS, AMA, Medicare, Medicaid, and Commercial Payer guidelines. LCD/NCD policies, NCCI edits, and Medical Necessity requirements. Common claim denial reasons, denial prevention strategies, and documentation improvement techniques. Root cause analysis of coding and documentation errors with the ability to implement effective corrective and preventive actions (CAPA). Provider documentation improvement and coder education methodologies. Preferred Skills Strong analytical and critical thinking skills. Excellent written and verbal communication. Ability to educate providers and coding teams effectively. High attention to detail with a focus on quality and compliance. Ability to work independently while meeting productivity and quality expectations. Interested Candidates can share their profiles / CV of the below email id hr@medmecsbillingservices.com",full_time,non_clinical,https://www.naukri.com/job-listings-immediate-hiring-for-multi-speciality-e-m-auditor-medmecs-billing-services-mumbai-2-to-4-years-070826021107,2026-08-07,2,4,,,,,true,
India,IN,+91,Patna,Shankar Jyoti Netralaya,hospital,https://img.naukimg.com/logo_images/groups/v1/10023106.gif,,Retina Consultant (Ophthalmologist with Vitreo Retina fellowship),"Fellowship-trained Retina Consultant required at Shankar Jyoti Netralaya, Patna. High-volume OPD & surgical exposure, advanced retina technology, independent practice, competitive pay, and long-term growth with a leading eye hospital in Bihar.",full_time,doctors,https://www.naukri.com/job-listings-retina-consultant-ophthalmologist-with-vitreo-retina-fellowship-shankar-jyoti-netralaya-patna-4-to-7-years-070826921094,2026-08-07,4,7,2400000,4800000,per_annum,INR,true,
India,IN,+91,Mathura,Sara Medicaid,hospital,https://img.naukimg.com/logo_images/groups/v1/371954.gif,,MD/DNB General/internal Medicine,"Qualified Medical Consultant (MD/DNB General/internal Medicine) with relevant experience required in renowned Hospitals based in Panipat, palwal Haryana, Duties: OPD/ IPD Offer: up to 42 Lakh Send CV at cv@sarajobs.com / call: 9819454343OPD, IPD, ICU Some hospitals provides accommodation too",full_time,doctors,https://www.naukri.com/job-listings-md-dnb-general-internal-medicine-sara-medicaid-mathura-delhi-ncr-0-to-5-years-070826021019,2026-08-07,0,5,3750000,5000000,per_annum,INR,true,
India,IN,+91,Ambala,Right Training And Placement Solutions,hospital,https://img.naukimg.com/logo_images/groups/v1/970528.gif,,Resident Medical Officer (MBBS),Preferred candidate profile . Qualification Required: MBBS. .,full_time,doctors,https://www.naukri.com/job-listings-resident-medical-officer-mbbs-right-training-and-placement-solutions-ambala-0-to-1-years-190526032269,2026-08-07,0,1,600000,650000,per_annum,INR,true,
India,IN,+91,Firozpur,Sigma Placement Consultancy,hospital,https://img.naukimg.com/logo_images/groups/v1/563478.gif,,Neurosurgeon For a Hospital in Punjab,"A physician who specializes in the treatment and diagnosis of medical conditions that affect the spinal cord, brain, peripheral nerves and the structures supported and surrounded by these. They operate the brain, spine or the peripheral of nerves.Qualification: MBBS - Medicine + M.S / D.N.B - General Surgery + M.Ch / D.N.B / DrNB - NeurosurgerySalary band assigned as per experience held",full_time,doctors,https://www.naukri.com/job-listings-neurosurgeon-for-a-hospital-in-punjab-sigma-placement-consultancy-firozpur-0-to-5-years-070826020953,2026-08-07,0,5,7000000,9500000,per_annum,INR,true,
India,IN,+91,Hyderabad(Beeramguda),DA Healthcare,hospital,https://img.naukimg.com/logo_images/groups/v1/11471502.gif,,Pediatrician Consultant,"Responsibilities: Provide expert neonatal care. Diagnose & treat pediatric OP cases at the clinic located at Beeramguda, Hyderabad. Two shifts are available. 9 am - 1 pm and 5:30 pm - 9:30 pm Freelance Paediatric consultant.",full_time,doctors,https://www.naukri.com/job-listings-pediatrician-consultant-da-healthcare-hyderabad-0-to-6-years-070826920849,2026-08-07,0,6,600000,1080000,per_annum,INR,true,
India,IN,+91,New Delhi(Sector 9 Dwarka),Avruds Technologies,hospital,https://img.naukimg.com/logo_images/groups/v1/11820995.gif,,Audiologist And Speech Language Pathologist,"Audiologist & Speech Language Pathologist (BASLP) Dwarka. Join Asha Speech & Hearing Clinic for hands-on experience in diagnostics, therapy & hearing aids. Freshers (01 yr) welcome. NICU, VNG exposure. Salary negotiable + growth opportunities.",full_time,non_clinical,https://www.naukri.com/job-listings-audiologist-and-speech-language-pathologist-avruds-technologies-new-delhi-0-to-1-years-070826920799,2026-08-07,0,1,300000,420000,per_annum,INR,true,
India,IN,+91,Chennai,Ventra Health,hospital,https://img.naukimg.com/logo_images/groups/v1/7654423.gif,,Client Success Specialist,Collaborate with internal teams to resolve client complaints or concerns in a timely and professional manner. Job Requirements : . 3-6 years of experience in US Healthcare BPO / RCM industry,full_time,non_clinical,https://www.naukri.com/job-listings-client-success-specialist-ventra-health-chennai-3-to-6-years-070826020704,2026-08-07,3,6,,,,,true,
India,IN,+91,Mumbai(Andheri West),Ranjana Construction,hospital,https://img.naukimg.com/logo_images/groups/v1/4840083.gif,,"Doctor For Acupuncture Therapist, Physiotherapist, Naturopathy Doctor","Doctor for Acupuncture Therapist, Physiotherapist, Naturopathy",full_time,non_clinical,https://www.naukri.com/job-listings-doctor-for-acupuncture-therapist-physiotherapist-naturopathy-doctor-ranjana-construction-mumbai-3-to-8-years-070826920624,2026-08-07,3,8,480000,720000,per_annum,INR,true,
India,IN,+91,Chennai,Cognizant,hospital,https://img.naukimg.com/logo_images/groups/v1/4156.gif,,Sr. Functional Architect,"What you need to have to be considered . 8-11 years of experience for Senior Manager level or 11-13 years of experience for Senior Program Manager level in bid management,pre-sales,pursuit management,or business development roles. Experience developing proactive client presentations,capability pitches,and industry-focused growth initiatives.",full_time,non_clinical,https://www.naukri.com/job-listings-sr-functional-architect-cognizant-chennai-15-to-18-years-070826020482,2026-08-07,15,18,,,,,true,
India,IN,+91,Noida,BERKOWITS HAIR & SKIN CLINIC,hospital,https://img.naukimg.com/logo_images/groups/v1/4583837.gif,,Skin Technician - Noida,"in beauty,wellness,and medical aestheticscommitted to safety,results,and an exceptional client experience. . Ensure a positive and comfortable customer experience at every stage of the visit Experience: 13 years in a skincare,cosmetic,or aesthetic clinic. Office Timings",full_time,non_clinical,https://www.naukri.com/job-listings-skin-technician-noida-berkowits-hair-skin-clinic-noida-1-to-3-years-070826020457,2026-08-07,1,3,300000,375000,per_annum,INR,true,
India,IN,+91,Hyderabad,Ventra Health,hospital,https://img.naukimg.com/logo_images/groups/v1/7654423.gif,,Radiology Denial Coder,"Analyze data from various sources (e.g.,EMR systems) to identify trends and areas for improvement in coding compliance. Job Requirements : . 2-5 years of experience as a medical coder or radiology coder",full_time,non_clinical,https://www.naukri.com/job-listings-radiology-denial-coder-ventra-health-hyderabad-coimbatore-2-to-5-years-070826020451,2026-08-07,2,5,,,,,true,
India,IN,+91,Ameerpet,Wellness Hospitals (a Unit Of Swasth Medical Assoc Iates,hospital,https://img.naukimg.com/logo_images/groups/v1/12155918.gif,,2D Echo Technician,Role & Responsibility Perform 2D echocardiograms in normal and abnormal Cases Operate and maintain echocardiography ultrasound equipment Qualification Diploma or BSc in Cardiovascular Technology. Registration Certificates are Mandatory,full_time,non_clinical,https://www.naukri.com/job-listings-2d-echo-technician-wellness-hospitals-a-unit-of-swasth-medical-assoc-iates-ameerpet-1-to-3-years-070826920427,2026-08-07,1,3,216000,360000,per_annum,INR,true,
India,IN,+91,North Goa,Health Chakra,hospital,https://img.naukimg.com/logo_images/groups/v1/8899169.gif,,Dental Surgeon,Associate Dentist in hospital based dental OPD Requirements •Perform a wide range of contemporary dental procedures •Strict adherence to Health Chakra Protocols •BDS /MDS with a minimum of 3 years of experience +91 8999861705 hello@health-chakra.com,full_time,doctors,https://www.naukri.com/job-listings-dental-surgeon-health-chakra-north-goa-3-to-6-years-070826920410,2026-08-07,3,6,300000,480000,per_annum,INR,true,
India,IN,+91,Perinthalmanna,Ascent Ent Hospital,hospital,https://img.naukimg.com/logo_images/groups/v1/5882638.gif,,Staff Nurse,"Responsibilities: * Provide quality patient care under doctor's orders * Collaborate with healthcare team on treatment plans * Administer medications, monitor vital signs & document findings * NABH Experience Preferred.",full_time,nurses,https://www.naukri.com/job-listings-staff-nurse-ascent-ent-hospital-perinthalmanna-3-to-7-years-070826920247,2026-08-07,3,7,240000,540000,per_annum,INR,true,
India,IN,+91,Chhatrapati Sambhajinagar(Shendra MIDC),Agnivesh Health Care Centre,hospital,https://img.naukimg.com/logo_images/groups/v1/12083990.gif,,Pharmaceutical Sales Representative,Responsibilities: Promote products to healthcare professionals B 2 B Online lead generation B2B marketing If required Meet sales targets through effective communication and relationship building Maintain product knowledge,full_time,non_clinical,https://www.naukri.com/job-listings-pharmaceutical-sales-representative-agnivesh-health-care-centre-chhatrapati-sambhajinagar-2-to-5-years-070826920136,2026-08-07,2,5,240000,300000,per_annum,INR,true,
India,IN,+91,Hyderabad,Ameya Life,hospital,https://img.naukimg.com/logo_images/groups/v1/1040460.gif,,Research Assistant,Responsibilities: Collect data using the app Present findings clearly Maintain confidentiality of sensitive information Collaborate with team on project goals Input data accurately into app,full_time,non_clinical,https://www.naukri.com/job-listings-research-assistant-ameya-life-hyderabad-0-to-2-years-070826920116,2026-08-07,0,2,180000,216000,per_annum,INR,true,
India,IN,+91,Shivpuri,Lion Engineering Consultants,hospital,https://img.naukimg.com/logo_images/groups/v1/110144.gif,,Guest Service Associate,"Role & responsibilities Clean and maintain guest rooms, bathrooms, and balconies as per hotel standards. Change bed linens, towels, and replenish room amenities. Report maintenance issues and lost & found items promptly. Ensure rooms are prepared before guest check-in. Respond to guest requests courteously and efficiently. Maintain housekeeping carts and cleaning equipment. Follow hygiene, safety, and SOP guidelines at all times. Coordinate with the Front Office and Maintenance teams for room readiness.",full_time,non_clinical,https://www.naukri.com/job-listings-guest-service-associate-lion-engineering-consultants-shivpuri-1-to-3-years-070826020092,2026-08-07,1,3,,,,,true,
India,IN,+91,Hybrid - Chennai(Guindy),Kompass Healthcare Services,hospital,https://img.naukimg.com/logo_images/groups/v1/3494382.gif,,Senior Medical coding Auditors,"Flexible on working rotational shifts Minimum 4 years of relevant experience . Certification Mandatory from AAPC / AHIMA . Should have knowledge in Ortho,Pain Management,Family Medicine,Pediatrics and Podiatry . Should have coded Preventive visits,Injections,Vaccinations,Telehealth,TCM,Infusions and DME procedures Preferred candidate profile",full_time,non_clinical,https://www.naukri.com/job-listings-senior-medical-coding-auditors-kompass-healthcare-services-chennai-4-to-9-years-070826020052,2026-08-07,4,9,550000,1200000,per_annum,INR,true,
India,IN,+91,Ambala(Ambala City),Medi Consultants,hospital,https://img.naukimg.com/logo_images/groups/v1/8555211.gif,,tpa doctor,Responsibilities: * Maintain accurate medical records * Collaborate with healthcare providers * Manage patient files efficiently * Ensure compliance with TPA policies & procedures * Communicate effectively with stakeholders,full_time,doctors,https://www.naukri.com/job-listings-tpa-doctor-medi-consultants-ambala-2-to-6-years-070826920048,2026-08-07,2,6,360000,480000,per_annum,INR,true,
India,IN,+91,Bengaluru,BIO Liquors  Distilleries,hospital,https://img.naukimg.com/logo_images/groups/v1/3019212.gif,,Doctor Incharge,Responsibilities: * Lead Ayurvedic team * Collaborate with healthcare professionals * Ensure patient satisfaction * Oversee clinic operations * Maintain medical records,full_time,doctors,https://www.naukri.com/job-listings-doctor-incharge-bio-liquors-distilleries-bengaluru-1-to-5-years-070826920042,2026-08-07,1,5,480000,600000,per_annum,INR,true,
India,IN,+91,Kozhikode,Health Care Consultancy Services Kerala,hospital,https://img.naukimg.com/logo_images/groups/v1/11753387.gif,,Anaesthetist @ Kozhikode District,REQUIRED ANAESTHETIST DOCTORS @ CALICUT DISTRICT BASED PRIVATE HOSPITAL MALE OR FEMALE DOCTORS MD/DNB EXPERIANCE : 1 YR AND ABOVE SALARY : NEGOTIABLE,full_time,doctors,https://www.naukri.com/job-listings-anaesthetist-kozhikode-district-health-care-consultancy-services-kerala-kozhikode-1-to-6-years-070826019954,2026-08-07,1,6,1800000,3000000,per_annum,INR,true,
India,IN,+91,Bhopal(Arera Hills),Ethics Innovations,hospital,https://img.naukimg.com/logo_images/groups/v1/8312977.gif,,Manager Operations  (Pharma Finished Goods Warehouse),"Location: Bhopal, Madhya Pradesh Department: Warehouse Operations & Supply Chain Job Summary We are seeking an experienced Manager Pharma Finished Goods Warehouse Operations to lead and manage end-to-end warehouse operations for pharmaceutical finished goods at our Bhopal warehouse. The incumbent will be responsible for inventory management, warehousing, distribution, regulatory compliance, customer service, team management, and operational excellence while ensuring compliance with Good Distribution Practices (GDP) and pharmaceutical regulatory standards. Key Responsibilities Warehouse Operations Manage end-to-end finished goods warehouse operations, including receiving, storage, picking, packing, dispatch, and returns. Ensure timely order processing and dispatch with 100% adherence to customer SLAs. Optimize warehouse space utilization and operational efficiency. Monitor warehouse productivity and implement continuous improvement initiatives. Inventory Management Maintain 100% inventory accuracy through cycle counts and physical stock verification. Manage batch-wise, lot-wise, and expiry-wise inventory. Ensure strict FEFO/FIFO inventory practices. Monitor stock ageing, non-moving, slow-moving, and damaged inventory. Distribution & Customer Service Coordinate with transporters and logistics partners for timely deliveries. Ensure OTIF (On-Time In-Full) deliveries. Manage customer escalations and service performance. Compliance & Quality Ensure compliance with GDP, GMP, SOPs, and pharmaceutical regulatory guidelines. Maintain audit readiness for Internal, Customer, WHO-GDP, ISO, and Regulatory audits. Ensure proper documentation and record management. Maintain temperature mapping and cold-chain compliance for temperature-sensitive products. Team Management Lead warehouse managers, supervisors, inventory executives, and warehouse associates. Plan manpower, shifts, productivity, and workforce deployment. Conduct performance reviews, coaching, and employee development. Technology & MIS Manage ERP/WMS-based warehouse operations. Prepare daily, weekly, and monthly MIS reports. Monitor warehouse KPIs through dashboards. Ensure accurate system transactions and inventory reconciliation. Process Improvement Implement Lean Warehouse practices, 5S, Kaizen, and productivity improvement initiatives. Drive automation and warehouse optimization projects. Identify cost-saving opportunities while maintaining service quality. Key Performance Indicators (KPIs) Inventory Accuracy (99.9%+) Order Fulfilment Rate OTIF Delivery Performance Warehouse Productivity Picking & Dispatch Accuracy Stock Loss/Shrinkage Audit Compliance Score Customer SLA Compliance Warehouse Cost Optimization Team Productivity & Safety Qualification Bachelor's Degree in Pharmacy (B.Pharm), Life Sciences, Supply Chain, Logistics, or related discipline. MBA/PGDM in Supply Chain, Operations, or Logistics preferred. Experience 8-15 years of experience in pharmaceutical finished goods warehouse operati",full_time,non_clinical,https://www.naukri.com/job-listings-manager-operations-pharma-finished-goods-warehouse-ethics-innovations-bhopal-8-to-13-years-070826019919,2026-08-07,8,13,700000,1000000,per_annum,INR,true,
India,IN,+91,Noida,Broadway Infotech,hospital,https://img.naukimg.com/logo_images/groups/v1/77132.gif,,Inside Sales Executive,"Location: Noida (Australia Market) Department: Sales Shift Timings: Australian Shift (3:30/4:30 am - 12:30/1:30 pm) Core Responsibilities & Expected Results Enterprise Sales & Business Development Responsibilities: Sell POS Centrals full POS hardware portfolio, including POS terminals, PDTs, kiosks, printers, cash drawers, display screens, software resale, payments, and support services. Acquire new enterprise customers across F&B, Hospitality, Retail, Healthcare, and Logistics. Build relationships with CXOs, IT Heads, Procurement Leads, and Operations Teams. Target large enterprise chains such as Jubilant FoodWorks, Devyani International Limited, Eversub India, Restaurant Brands Asia, Westlife FoodWorld, Connaught Plaza Restaurants, Oberoi Hotels, Hilton, Taj, and similar groups. Account Management & Growth Responsibilities: Manage and grow assigned enterprise accounts. Drive repeat orders, upselling and cross-selling. Identify rollout, replacement and expansion opportunities. Build strong relationships across IT, procurement, operations, and leadership teams. Sales Execution & Market Intelligence Responsibilities: Present product demos, solution walkthroughs, and proposals. Track competitor activity, pricing, customer objections, and market trends. Maintain strong product knowledge across POS hardware, software, payments and support services. Support management with customer insights and sales feedback. CRM, Reporting & Internal Coordination Responsibilities: Maintain accurate CRM records for leads, meetings, proposals, follow-ups, and closures. Share weekly sales reports with pipeline status and next actions. Coordinate with presales, logistics, support, finance, and operations for smooth execution. Ensure proper handover after order confirmation. Essential 1+ years of enterprise sales experience in POS hardware, IT hardware, or SaaS solutions. Experience selling to large enterprise or multi-location customers. Existing relationships in F&B, Hospitality, Retail, Healthcare, or Logistics. Strong understanding of POS products, including billing terminals, PDTs, printers, cash drawers, kiosks, display screens, software resale, payments, and support services. Ability to independently generate leads and close sales. Strong communication, negotiation, presentation, and follow-up skills. Willingness to travel for customer meetings and enterprise engagement. Preferred Direct experience with large chains such as Jubilant FoodWorks, Devyani International Limited, Eversub India, Restaurant Brands Asia, Westlife FoodWorld, Connaught Plaza Restaurants, Oberoi Hotels, Hilton, Taj, or similar enterprise customers. Experience managing demos, proposals, pilots, pricing discussions, and multi-location rollouts. Experience using CRM tools for pipeline and sales reporting. What we offer? Immense opportunities for growth, personal development & career opportunities. We also champion a workplace culture that thrives on passion, collaboration, efficiency, and innova",full_time,non_clinical,https://www.naukri.com/job-listings-inside-sales-executive-broadway-infotech-noida-1-to-6-years-070826019804,2026-08-07,1,6,,,,,true,
India,IN,+91,Vellore,Impact Guru,hospital,https://img.naukimg.com/logo_images/groups/v1/2444130.gif,,Business Development Associate- field sales,"Drive maximum patient referral volume from each hospital by building rapport and trust Mandatory Requirements: Education: Graduate in any discipline (MBA preferred but not mandatory) Experience: 1-5 years in business development,sales,or partnerships in healthcare,",full_time,non_clinical,https://www.naukri.com/job-listings-business-development-associate-field-sales-impact-guru-vellore-1-to-5-years-070826019713,2026-08-07,1,5,100000,500000,per_annum,INR,true,
India,IN,+91,Coimbatore,Rhea Healthcare,hospital,https://media.naukri.com/media/alpha/R160x160,,Staff Nurse,Experience : 1 to 15 years,full_time,nurses,https://www.naukri.com/job-listings-staff-nurse-rhea-healthcare-coimbatore-1-to-6-years-190526035706,2026-08-07,1,6,,,,,true,
India,IN,+91,Vrindavan,Ramakrishna Mission,hospital,https://img.naukimg.com/logo_images/groups/v1/233992.gif,,Consultant General Physician,Responsibilities: * Collaborate with healthcare team on patient care plans * Diagnose & treat various medical conditions * Provide expert general medicine consultations * Manage critically ill patients,full_time,doctors,https://www.naukri.com/job-listings-consultant-general-physician-ramakrishna-mission-vrindavan-5-to-10-years-070826919473,2026-08-07,5,10,3600000,4800000,per_annum,INR,true,
India,IN,+91,Sitapur,Nestle,hospital,https://img.naukimg.com/logo_images/groups/v1/4036.gif,,Nutrition Officer,Graduate with at least 1 year of experience in a field sales role in either a Nutrition company or the pharmaceutical industry,full_time,non_clinical,https://www.naukri.com/job-listings-nutrition-officer-nestle-sitapur-deoria-bijnor-1-to-6-years-070826019368,2026-08-07,1,6,,,,,true,
India,IN,+91,Jagdalpur,Gidel Crest,hospital,https://img.naukimg.com/logo_images/groups/v1/11899795.gif,,Urgent Requirement For Gastroenterologist in Chhatttisgarh,Experience: Any. Salary: Negotiable,full_time,doctors,https://www.naukri.com/job-listings-urgent-requirement-for-gastroenterologist-in-chhatttisgarh-gidel-crest-jagdalpur-0-to-7-years-070826019214,2026-08-07,0,7,,,,,true,
India,IN,+91,Noida,Medanta,hospital,https://img.naukimg.com/logo_images/groups/v1/388114.gif,,Associate Consultant- PICU,Preferred candidate profile Qualification required: DM (Pediatric Critical Care)/ MD + Fellowship/ FNB/ PDCC in Pediatric Critical Care Interested applicants may mail their profiles at anchal.tyagi@medanta.org,full_time,doctors,https://www.naukri.com/job-listings-associate-consultant-picu-medanta-noida-0-to-5-years-070826019054,2026-08-07,0,5,,,,,true,
India,IN,+91,Mumbai(Borivali West),Gangar Eyenation,hospital,https://img.naukimg.com/logo_images/groups/v1/759244.gif,,"Optometrist- LT road, Borivali west, Mumbai","We have Job Opening for Optometrist at below mentioned location . Location-Borivali west,Mumbai. Experience- Min 3 years as a Optometrist. Qualification- Bachelors / Diploma in Optometry. : . Greeting Clients.",full_time,non_clinical,https://www.naukri.com/job-listings-optometrist-lt-road-borivali-west-mumbai-gangar-eyenation-mumbai-all-areas-3-to-5-years-070826018981,2026-08-07,3,5,300000,500000,per_annum,INR,true,
India,IN,+91,Hybrid - Kaithal(Guhla),Sashriya Enterprises,hospital,https://img.naukimg.com/logo_images/groups/v1/12153056.gif,,Sales Executive,"We're Hiring – Sales Executive (Pharma Industry) Location: Kaithal, Haryana Qualification: Graduate Salary: 15,000–25,000 + Attractive Incentives Join our growing pharmaceutical team! We're looking for motivated and energetic",full_time,non_clinical,https://www.naukri.com/job-listings-sales-executive-sashriya-enterprises-kaithal-1-to-2-years-200726018278,2026-08-07,1,2,,,,,true,
India,IN,+91,Coimbatore(Race Course ),KG Healthcare Coimbatore,hospital,https://img.naukimg.com/logo_images/groups/v1/12427516.gif,,Nursing Assistant Home Care,"Responsibilities: * Provide nursing care at home for patients with various conditions * Assist doctors during medical procedures in OT/ICU/NICU settings * Administer medications, monitor vital signs & document findings",full_time,nurses,https://www.naukri.com/job-listings-nursing-assistant-home-care-kg-healthcare-coimbatore-coimbatore-0-to-5-years-070826018898,2026-08-07,0,5,192000,240000,per_annum,INR,true,
India,IN,+91,Hyderabad(Madhapur),Emcore Global,hospital,https://img.naukimg.com/logo_images/groups/v1/11061650.gif,,AR Caller - Male Candidates Preferred,"Provident Fund . - Health Insurance. - Immediate Joiners: Preferred . - Work from Office Only. - 5000 Night Shift Allowance. - 2500 Travel Allowance Preferred candidate profile . 1-5 years of experience in AR calling,denial management,denials follow up",full_time,non_clinical,https://www.naukri.com/job-listings-ar-caller-male-candidates-preferred-emcore-global-hyderabad-1-to-4-years-070826018758,2026-08-07,1,4,,,,,true,
India,IN,+91,Noida(Sector 41),PRAYAG HOSPITAL,hospital,https://img.naukimg.com/logo_images/groups/v1/4619831.gif,,Walk-in || RMO,"We are seeking a dedicated and compassionate Resident Medical Officer(RMO) to join our healthcare team. He /She will be responsible for managing emergency , and coordinating with nursing staff to ensure effective treatment and patient safety.",full_time,doctors,https://www.naukri.com/job-listings-rmo-prayag-hospital-noida-1-to-5-years-200626012298,2026-08-07,1,5,,,,,true,
India,IN,+91,Chennai,Access Healthcare,hospital,https://img.naukimg.com/logo_images/groups/v1/2750596.gif,,Walk-in drive For BE/ Btech - Biotechnology graduates For coding,Walk-in Drive for Medical Coding Freshers! Role: Medical Coding (Non-certified freshers) Eligibility: . Paramedical / Life Science / Allied Health background ( Provisional certificate or Degree certificate mandatory) . Strong in Human Anatomy & Physiology . Only for non-certified freshers Must be in a position to explain it clearly,full_time,non_clinical,https://www.naukri.com/job-listings-walk-in-drive-for-be-btech-biotechnology-graduates-for-coding-access-healthcare-chennai-0-to-1-years-060726028240,2026-08-07,0,1,200000,250000,per_annum,INR,true,
India,IN,+91,Chennai,Access Healthcare,hospital,https://img.naukimg.com/logo_images/groups/v1/2750596.gif,,Walk-in drive For Allied Health Science graduates For Medical coding j,Walk-in Drive for Medical Coding Freshers! Role: Medical Coding (Non-certified freshers) Eligibility: . Paramedical / Life Science / Allied Health background ( Provisional certificate or Degree certificate mandatory) . Strong in Human Anatomy & Physiology . Only for non-certified freshers Must be in a position to explain it clearly,full_time,non_clinical,https://www.naukri.com/job-listings-walk-in-drive-for-allied-health-science-graduates-for-medical-coding-j-access-healthcare-chennai-0-to-1-years-060726028353,2026-08-07,0,1,200000,250000,per_annum,INR,true,
India,IN,+91,Chennai,Access Healthcare,hospital,https://img.naukimg.com/logo_images/groups/v1/2750596.gif,,Walk-in drive For Bsc /Msc - Bio Chemistry graduates For coding,"Walk-in Drive for Medical Coding Freshers! Company: Accesshealthcare . Role: Medical Coding (Non-certified freshers) . Venue: Accesshealthcare,A9,1st Main Road,Ambattur IE,Chennai 600058 (Near AIEMA Technical Centre) . Map: https://maps.app.goo.gl/XYPKqoeckdkrRaMu8 . Must be in a position to explain it clearly . We can only offer a take-home salary of Rs",full_time,non_clinical,https://www.naukri.com/job-listings-walk-in-drive-for-bsc-msc-bio-chemistry-graduates-for-coding-access-healthcare-chennai-0-to-1-years-070726012210,2026-08-07,0,1,100000,200000,per_annum,INR,true,
India,IN,+91,Chennai,Access Healthcare,hospital,https://img.naukimg.com/logo_images/groups/v1/2750596.gif,,Walk-in drive For Bsc /Msc - Zoology graduates For Medical coding Jobs,Walk-in Drive for Medical Coding Freshers! Role: Medical Coding (Non-certified freshers) Eligibility: . Paramedical / Life Science / Allied Health background ( Provisional certificate or Degree certificate mandatory) . Strong in Human Anatomy & Physiology . Only for non-certified freshers Must be in a position to explain it clearly,full_time,non_clinical,https://www.naukri.com/job-listings-walk-in-drive-for-bsc-msc-zoology-graduates-for-medical-coding-jobs-access-healthcare-chennai-0-to-1-years-060726028302,2026-08-07,0,1,200000,250000,per_annum,INR,true,
India,IN,+91,Chennai,Access Healthcare,hospital,https://img.naukimg.com/logo_images/groups/v1/2750596.gif,,Walk-in drive For Bsc /Msc - Microbiology graduates For coding,Walk-in Drive for Medical Coding Freshers! Role: Medical Coding (Non-certified freshers) Eligibility: . Paramedical / Life Science / Allied Health background ( Provisional certificate or Degree certificate mandatory) . Strong in Human Anatomy & Physiology . Only for non-certified freshers Must be in a position to explain it clearly,full_time,non_clinical,https://www.naukri.com/job-listings-walk-in-drive-for-bsc-msc-microbiology-graduates-for-coding-access-healthcare-chennai-0-to-1-years-060726028270,2026-08-07,0,1,200000,250000,per_annum,INR,true,
India,IN,+91,Chennai,Access Healthcare,hospital,https://img.naukimg.com/logo_images/groups/v1/2750596.gif,,Walk-in drive For Bsc /Msc - Biotechnology graduates For coding,Walk-in Drive for Medical Coding Freshers! Role: Medical Coding (Non-certified freshers) Eligibility: . Paramedical / Life Science / Allied Health background ( Provisional certificate or Degree certificate mandatory) . Strong in Human Anatomy & Physiology . Only for non-certified freshers Must be in a position to explain it clearly,full_time,non_clinical,https://www.naukri.com/job-listings-walk-in-drive-for-bsc-msc-biotechnology-graduates-for-coding-access-healthcare-chennai-0-to-1-years-060726028200,2026-08-07,0,1,200000,250000,per_annum,INR,true,
India,IN,+91,Chennai,Access Healthcare,hospital,https://img.naukimg.com/logo_images/groups/v1/2750596.gif,,Walk-in drive For Bio Medical Engineering graduates For Medical coding,"Walk-in Drive for Medical Coding Freshers! Company: Accesshealthcare . Role: Medical Coding (Non-certified freshers) . Venue: Accesshealthcare,A9,1st Main Road,Ambattur IE,Chennai 600058 (Near AIEMA Technical Centre) . Map: https://maps.app.goo.gl/XYPKqoeckdkrRaMu8 . Must be in a position to explain it clearly . We can only offer a take-home salary of Rs",full_time,non_clinical,https://www.naukri.com/job-listings-walk-in-drive-for-bio-medical-engineering-graduates-for-medical-coding-access-healthcare-chennai-0-to-1-years-070726012109,2026-08-07,0,1,100000,200000,per_annum,INR,true,
India,IN,+91,Chennai,Access Healthcare,hospital,https://img.naukimg.com/logo_images/groups/v1/2750596.gif,,Walk-in drive For Diploma / Bsc Nursing graduates For Medical coding,"Walk-in Drive for Medical Coding Freshers! Company: Accesshealthcare . Role: Medical Coding (Non-certified freshers) . Venue: Accesshealthcare,A9,1st Main Road,Ambattur IE,Chennai 600058 (Near AIEMA Technical Centre) . Map: https://maps.app.goo.gl/XYPKqoeckdkrRaMu8 . Must be in a position to explain it clearly . We can only offer a take-home salary of Rs",full_time,nurses,https://www.naukri.com/job-listings-walk-in-drive-for-diploma-bsc-nursing-graduates-for-medical-coding-access-healthcare-chennai-0-to-1-years-070726011981,2026-08-07,0,1,100000,200000,per_annum,INR,true,
India,IN,+91,Chennai,Access Healthcare,hospital,https://img.naukimg.com/logo_images/groups/v1/2750596.gif,,Walk-in || Need Allied health service freshers For Medical coding Jobs,". Walk-in Drive for Medical Coding Freshers! Company: Accesshealthcare . Role: Medical Coding (Non-certified freshers) . Venue: Accesshealthcare,A9,1st Main Road,Ambattur IE,Chennai 600058 (Near AIEMA Technical Centre) . Map: https://maps.app.goo.gl/XYPKqoeckdkrRaMu8 . 2026 graduates will not be considered",full_time,non_clinical,https://www.naukri.com/job-listings-need-allied-health-service-freshers-for-medical-coding-jobs-access-healthcare-chennai-0-to-1-years-110825016427,2026-08-07,0,1,200000,250000,per_annum,INR,true,
India,IN,+91,Chennai,Access Healthcare,hospital,https://img.naukimg.com/logo_images/groups/v1/2750596.gif,,Walk-in drive For Life Science/ Paramedical graduates For coding,"Walk-in Drive for Medical Coding Freshers! Company: Accesshealthcare . Role: Medical Coding (Non-certified freshers) . Venue: Accesshealthcare,A9,1st Main Road,Ambattur IE,Chennai 600058 (Near AIEMA Technical Centre) . Map: https://maps.app.goo.gl/XYPKqoeckdkrRaMu8 . Must be in a position to explain it clearly . We can only offer a take-home salary of Rs",full_time,non_clinical,https://www.naukri.com/job-listings-walk-in-drive-for-life-science-paramedical-graduates-for-coding-access-healthcare-chennai-0-to-1-years-070726012453,2026-08-07,0,1,100000,200000,per_annum,INR,true,
India,IN,+91,Chennai,Access Healthcare,hospital,https://img.naukimg.com/logo_images/groups/v1/2750596.gif,,Walk-in drive For Bpharm / Mpharm graduates For Medical coding Jobs,Walk-in Drive for Medical Coding Freshers! Role: Medical Coding (Non-certified freshers) Eligibility: . Paramedical / Life Science / Allied Health background ( Provisional certificate or Degree certificate mandatory) . Strong in Human Anatomy & Physiology . Only for non-certified freshers Must be in a position to explain it clearly,full_time,pharmacists,https://www.naukri.com/job-listings-walk-in-drive-for-bpharm-mpharm-graduates-for-medical-coding-jobs-access-healthcare-chennai-0-to-1-years-060726028170,2026-08-07,0,1,200000,250000,per_annum,INR,true,
India,IN,+91,Chennai,Access Healthcare,hospital,https://img.naukimg.com/logo_images/groups/v1/2750596.gif,,Walk-in drive For BPT graduates For Medical coding Jobs,"Walk-in Drive for Medical Coding Freshers! Company: Accesshealthcare . Role: Medical Coding (Non-certified freshers) . Venue: Accesshealthcare,A9,1st Main Road,Ambattur IE,Chennai 600058 (Near AIEMA Technical Centre) . Map: https://maps.app.goo.gl/XYPKqoeckdkrRaMu8 . Must be in a position to explain it clearly . We can only offer a take-home salary of Rs",full_time,non_clinical,https://www.naukri.com/job-listings-walk-in-drive-for-bpt-graduates-for-medical-coding-jobs-access-healthcare-chennai-0-to-1-years-070726012327,2026-08-07,0,1,100000,200000,per_annum,INR,true,
India,IN,+91,Chennai,Access Healthcare,hospital,https://img.naukimg.com/logo_images/groups/v1/2750596.gif,,Walk-in || Need B.Pharm freshers For Medical coding job,"Walk-in Drive for Medical Coding Freshers! Company: Accesshealthcare Role: Medical Coding (Non-certified freshers) Venue: Accesshealthcare, A9, 1st Main Road, Ambattur IE, Chennai 600058 (Near AIEMA Technical Centre) Map: https://maps.app.goo.gl/XYPKqoeckdkrRaMu8 Eligibility: Paramedical / Life Science / Allied Health background ( Provisional certificate or Convocation certificate mandatory) Strong in Human Anatomy & Physiology Only for non-certified freshers Carry with you: Resume Aadhaar Card Android phone (Version 14, 15, or 16) Important Notes: Selected candidates will be hired for HCC coding project company will train & sponsor CRC certification Shortlisted candidates must be ready to join before 4th Jun2 2026 Must produce Convocation / Provisional certificate on or before 3rd June 2026 Only candidates who graduated in 2022, 2023, 2024, or 2025 and hold a Provisional or Convocation certificate are eligible. 2026 graduates will not be considered. If you are a certified coder (CPC, CCS, COC, or CIC), please do not come for the interview tomorrow. Your interview will be rescheduled for June or July. We can only offer a take-home salary of Rs. 15,200 and shortlisted candidates will be considered for the HCC project, which includes CRC training and sponsored certification. If you dont have these documents, please ignore this walk-in",full_time,pharmacists,https://www.naukri.com/job-listings-need-b-pharm-freshers-for-medical-coding-access-healthcare-chennai-0-to-1-years-090825010368,2026-08-07,0,1,200000,250000,per_annum,INR,true,
India,IN,+91,Noida(Sector 41),PRAYAG HOSPITAL,hospital,https://img.naukimg.com/logo_images/groups/v1/4619831.gif,,Walk-in || Quality Executive,should have good knowledge about NABH and NABL.,full_time,non_clinical,https://www.naukri.com/job-listings-quality-executive-prayag-hospital-noida-3-to-7-years-130626015604,2026-08-07,3,7,300000,500000,per_annum,INR,true,
India,IN,+91,Noida(Sector 41),PRAYAG HOSPITAL,hospital,https://img.naukimg.com/logo_images/groups/v1/4619831.gif,,Emergency Medical Officer(MBBS),"Prayag Hospital is looking for a dedicated and compassionate Emergency Medical Officer (MBBS) to join our Emergency Department. The candidate will be responsible for providing immediate medical assessment, diagnosis, and treatment of patients.",full_time,doctors,https://www.naukri.com/job-listings-emergency-medical-officer-mbbs-prayag-hospital-noida-1-to-5-years-010726023255,2026-08-07,1,5,,,,,true,
India,IN,+91,New Delhi(Sector 10 Dwarka),Max Healthcare,hospital,https://img.naukimg.com/logo_images/groups/v1/95822.gif,,Associate Consultant - Neurology,"Experience in managing stroke,epilepsy,movement disorders,headache disorders,neuroimmunology,neuromuscular disorders,and neurocritical care will be preferred Experience 0 5 years of experience after DM / DNB in Neurology",full_time,doctors,https://www.naukri.com/job-listings-associate-consultant-neurology-max-healthcare-new-delhi-0-to-5-years-070826018567,2026-08-07,0,5,,,,,true,
India,IN,+91,Bhopal,Peoples Hospital,hospital,https://img.naukimg.com/logo_images/groups/v1/4845063.gif,,Walk-in || Clinical Assistant - MRD,"The Clinical Assistant in the MRD is responsible for assisting in the management, organization, and retrieval of medical records. This includes handling patient files, data entry, coordinating with clinical departments, ensuring confidentiality, and supporting the overall functioning of the MRD in compliance with hospital policies and legal requirements. Key Responsibilities: Collect, organize, and maintain patient medical records and charts. Qualifications: BAMS \ BHMS",full_time,non_clinical,https://www.naukri.com/job-listings-clinical-assistant-mrd-peoples-hospital-bhopal-1-to-5-years-220425009854,2026-08-07,1,5,,,,,true,
India,IN,+91,Chennai(Perungudi),Allysmart Business Process Solutions,hospital,https://img.naukimg.com/logo_images/groups/v1/4415060.gif,,Hiring For Medical Coders - OB/GYN - 1 To 4 years exp,"Greeting From Allyhealth solutions!!! Oby/ Gynaecology 58940 & 58943 - Oophorectomy Procedures 58950, 58591, 58952 , 58953 ,58954 Salpingo Oophorectomy / Omentectomy. 58660 Laparoscopy Lysis of Adhesions. 58672 Laparoscopy with Fimbrioplasty. 58300 Insertion of IUD Intrauterine Device Maternity care - Prenatal, Childbirth, postpartum care for pregnant patients. Preventive care and counselling - Contraception , Family planning, Nexplanon - control of childbirth and its placed upper arm * CPC Certification is an added advantage"" * If Interested please share your resume to vijitha.muthurajan@allyhealthsolutions.com or reach out to Vijitha - 9840664002 deepikarashmi.ep@allyhealthsolutions.com or reach out to Deepika- 9790912296 infantsuganya.a@allyhealthsolutions.com or reach out to Suganya-9500097671 yuvarani.sagayanathan@allyhealthsolutions.com or reach out to Yuvarani-7200225457 logeswari.s@allyhealthsolutions.com or reach out to Logeswari-8428128413",full_time,non_clinical,https://www.naukri.com/job-listings-hiring-for-medical-coders-ob-gyn-1-to-4-years-exp-allysmart-business-process-solutions-chennai-1-to-4-years-070826018430,2026-08-07,1,4,,,,,true,
India,IN,+91,Hyderabad,Access Healthcare,hospital,https://img.naukimg.com/logo_images/groups/v1/2750596.gif,,HCC Medical Coder Hyderabad,Location : Hyderabad . Interview Mode: Virtual . Certification is Must . Contact: Preethi HR - 8072406288 (Call / WhatsApp) . For Interview schedule and more queries Preferred Immediate Joiner/ Notice period is also acceptable,full_time,non_clinical,https://www.naukri.com/job-listings-hcc-medical-coder-hyderabad-access-healthcare-hyderabad-1-to-3-years-070826018352,2026-08-07,1,3,,,,,true,
India,IN,+91,Haridwar,Aarogyam Medical College & Hospital,hospital,https://img.naukimg.com/logo_images/groups/v1/4750405.gif,,Consultant Ophthalmologist,"We have job opening of Consultant Ophthalmology - Phaco Surgeon for a multi & super-specialist hopsital, Roorkee,Haridwar. The candidate must be well versed with all aspects of Ophthalmology Department and Phaco Surgery.The candidate should be MS/DNB in Ophthalmology with 4+ years Post PG experience in Phaco Contact on 7983823386 or meghnahr9@gmail.com2 BHK Accommodation",full_time,doctors,https://www.naukri.com/job-listings-consultant-ophthalmologist-arogyam-medical-college-hospital-haridwar-roorkee-4-to-9-years-180526011958,2026-08-07,4,9,,,,,true,
India,IN,+91,Hyderabad(Attapur),Butterfly Hospitals,hospital,https://img.naukimg.com/logo_images/groups/v1/12421984.gif,,Picu Staff Nurse,"Pediatric ICU, Pediatric Ward, Casualty(ER) * Provide quality patient care in emergency situations * Collaborate with healthcare team for optimal outcomes * Administer medications and treatments as prescribed * Monitor vital signs and reports.",full_time,nurses,https://www.naukri.com/job-listings-picu-staff-nurse-butterfly-hospitals-hyderabad-1-to-6-years-070826018189,2026-08-07,1,6,192000,360000,per_annum,INR,true,
India,IN,+91,Visakhapatnam,Dr Reddys,hospital,https://img.naukimg.com/logo_images/groups/v1/4902267.gif,,Team Member - Manufacturing (Peptide),"Job Summary We are looking for an individual to ensure strict adherence to safety protocols, SOPs, and quality standards, ensuring batch manufacturing activities, coordinating with various departments to maintain operational efficiency. The role involves executing production activities, coordinating with cross-functional teams and meeting production targets. Roles & Responsibilities You will be responsible for adherence to company safety norms, policies, and SOPs (Standard Proven experience in PEPTIDE manufacturing. Expertise in RPHPLC DAC column packing and slurry preparation procedure. Knowledge on mobile phase and stationary phase preparation as per the procedure. Knowledge on Column DAC and SCADA system operation. Knowledge on Adsorption and desorption technique in preparative column. Knowledge on preparative column regeneration technique. Experience on problem identification by referring w..r.to peak resolution. Expertise in gradient method loading and execution Experience in DCS & MES operation. Qualification Educational qualification: An B.Sc/ M.Sc (Analytical/ Organic Chemistry) Minimum work experience: 4 - 8 years Experience Skills & attributes: Technical Skills Proven experience in PEPTIDE manufacturing. Expertise in RPHPLC DAC column packing and slurry preparation procedure. Knowledge on mobile phase and stationary phase preparation as per the procedure. Knowledge on Column DAC and SCADA system operation. Knowledge on Adsorption and desorption technique in preparative column. Knowledge on preparative column regeneration technique. Experience on problem identification by referring w..r.to peak resolution. Expertise in gradient method loading and execution Experience in DCS & MES operation. Behavioural skills Keen leaner and implement what has been learnt and ensuring adherence to safety norms and quality standards. Effective communication skills to communicate with various departments, ensuring seamless collaboration and alignment of activities. Capacity to identify and address production-related issues promptly. Ensure timely completion of calibration, preventive maintenance and other operational activities. Commitment to maintaining current regulatory compliance and adherence to norms to uphold product quality and safety standards. Additional Information About the Department Global Manufacturing Organisation (GMO) At Dr. Reddy's Laboratories, we are dedicated to making a meaningful impact on global healthcare through precision manufacturing and innovation. With a legacy of excellence, we are a leading force in the pharmaceutical industry. We operate 19 state-of-the-art manufacturing plants across Hyderabad, Vizag, Baddi, Mexico, Shreveport, and Mirfield, comprising 8 OSD facilities, 3 Injectables facilities, and 8 API facilities. Benchmarking manufacturing processes and continuous operational excellence are at the core of our capability to deliver quality medicines to our patients in 66 countries. We manufacture a portfolio of complex",full_time,non_clinical,https://www.naukri.com/job-listings-team-member-manufacturing-peptide-dr-reddys-visakhapatnam-7-to-12-years-070826018034,2026-08-07,7,12,,,,,true,
India,IN,+91,Jabalpur,HIREXpert,hospital,https://img.naukimg.com/logo_images/groups/v1/11720747.gif,,Staff Nurse,HIRING – Staff Nurse Position: Staff Nurse Qualification:GNM / B.Sc. Nursing Experience:Freshers & Experienced candidates Eligibility:Nursing Registration from any state is accepted Valid Nursing Registration Apply Now: 9692173873,full_time,nurses,https://www.naukri.com/job-listings-staff-nurse-hirexpert-jabalpur-0-to-5-years-070826018024,2026-08-07,0,5,100000,350000,per_annum,INR,true,
India,IN,+91,Mumbai(Mumbai Central),India International Technical Recruiters,hospital,https://img.naukimg.com/logo_images/groups/v1/1092.gif,,Dialysis Technician,"Dialysis Technician whose responsible for operating dialysis machines, preparing patients, monitoring vital signs, maintaining infection control, documenting records, and assisting doctors in dialysis care. Interested! Contact-8700944038",full_time,non_clinical,https://www.naukri.com/job-listings-dialysis-technician-india-international-technical-mumbai-1-to-3-years-300726012969,2026-08-07,1,3,,,,,true,
India,IN,+91,Kolkata,Humaquest Consulting,hospital,https://img.naukimg.com/logo_images/groups/v1/11720639.gif,,Pharmacist,Diploma in Pharmacy (D.Pharm) or Bachelor of Pharmacy (BPharm) from a recognized institution Minimum 2 years of experience in hospital sector,full_time,pharmacists,https://www.naukri.com/job-listings-pharmacist-humaquest-consulting-kolkata-1-to-4-years-070826017739,2026-08-07,1,4,175000,300000,per_annum,INR,true,
India,IN,+91,Manipal,NAVITAS LIFE SCIENCES,pharma,https://img.naukimg.com/logo_images/groups/v1/4592077.gif,,Scientist,Preferred candidate profile . Good understanding of GLP and documents thereof,full_time,non_clinical,https://www.naukri.com/job-listings-scientist-navitas-life-sciences-manipal-1-to-4-years-070826017648,2026-08-07,1,4,300000,600000,per_annum,INR,true,
India,IN,+91,Mumbai Suburban,Wockhardt Hospitals,hospital,https://img.naukimg.com/logo_images/groups/v1/38294.gif,,Senior Biomedical Engineer,Required Education: . - BE or diploma in Biomedical / Electronics/ Instrumentation / Electrical Streams. Technical competencies - Good interpersonal skills. - Good communication skills. - Presentability. - Alert / Promptness. - Punctuality. - Enthusiasm. Role and Responsibilities . .,full_time,non_clinical,https://www.naukri.com/job-listings-senior-biomedical-engineer-wockhardt-hospitals-mumbai-suburban-thane-mumbai-all-areas-4-to-8-years-070826017364,2026-08-07,4,8,350000,800000,per_annum,INR,true,
India,IN,+91,Noida,LA Med India,hospital,https://img.naukimg.com/logo_images/groups/v1/12468652.gif,,Walk-in || Medical Representative (MR),"Whether youre an experienced Medical Representative or a fresher looking to start your career in pharmaceutical sales,wed love to hear from you. . Job Responsibilities BPharm,D.Pharm,BSc,Life Sciences,Biotechnology,Microbiology,Nursing,or any Graduate",full_time,non_clinical,https://www.naukri.com/job-listings-medical-representative-mr-la-med-india-noida-gurugram-1-to-4-years-070826017305,2026-08-07,1,4,,,,,true,
India,IN,+91,Chennai,PFRC,hospital,https://img.naukimg.com/logo_images/groups/v1/4853891.gif,,Billing Executive,"Role & responsibilities Bill Generation: Prepare accurate IP, OP, and discharge bills based on hospital services, pharmacy charges, and doctor fees. Insurance & TPA Coordination: Verify patient insurance coverage, process pre-authorizations, and submit claims. Payment Processing: Handle cash, credit/debit cards, UPI, and digital transactions, maintaining daily cash registers. Discrepancy Resolution: Answer patient and family queries regarding billing breakdowns, co-pays, and deposits. Reconciliation & Reporting: Reconcile daily collections and generate regular financial summaries for the finance department. Contact :9500080887/9944511748",full_time,non_clinical,https://www.naukri.com/job-listings-billing-executive-pfrc-chennai-0-to-3-years-070826016589,2026-08-07,0,3,200000,325000,per_annum,INR,true,
India,IN,+91,New Delhi(Sector 10 Dwarka),Max Healthcare,hospital,https://img.naukimg.com/logo_images/groups/v1/95822.gif,,Head - Transfusion Medicine,Minimum 5 years of experience leading a Transfusion Medicine / Blood Centre in a tertiary care hospital. Job Summary. Experience 1015 years of post-MD experience in Transfusion Medicine,full_time,non_clinical,https://www.naukri.com/job-listings-head-transfusion-medicine-max-healthcare-new-delhi-9-to-14-years-070826016587,2026-08-07,9,14,,,,,true,
India,IN,+91,Hyderabad,Apollo Health Axis,hospital,https://img.naukimg.com/logo_images/groups/v1/11053768.gif,,Hiring Clinical Psychology -Counsellor,"Job purpose To ensure addressing/counselling the health concerns of the beneficiaries/customers by providing necessary explanations and giving necessary suggestions through a telemedicine platform and abiding by the guidelines stated, specific to the project catering to. Duties and responsibilities Connect/communicate with customers on a daily/weekly/monthly basis via call/message to create specific and achievable goals that help them achieve their long-term goals related to health, wellness, and lifestyle. Document customer interactions, including phone calls and messaging and tracking health metrics. conducting health assessments, developing individualized treatment/counselling plans, leading individual or group therapy sessions, running preventative wellness classes or workshops and making treatment referrals (if needed). Maintaining the confidentiality of the patients and ensuring patient privacy. The job applicant should be flexible to work & Knowledge of and experience with basic techniques of statistical analysis Work on creating content for relevant blog posts and content emails for our customers. Work on updating daily numbers in the excel sheet and publishing the EOD/weekly and monthly reports. Authorities Make appropriate, timely and safe decisions on the management plan of the beneficiaries/customers. Qualifications Education: MSc in Counselling Psychology; MSc in Psychology Preferred Post Graduate Diploma in Counselling Psychology Bachelors Degree in Psychology Skills & Abilities: Passion for health and wellness industry Stays up to date with current research and trends. Organized, detail-oriented team player with an ability to multitask in a fast-paced environment. Strong communication skills - writing, typing and phone. Must be open to feedback and have a desire to continuously learn and grow. Good computer proficiency - Proficiency in MS Office (Word, Excel and Power point) Flexible to work in any shift. Effective decision-making skills Should be proficient in Hindi and English mandatory Interested candidates, please WhatsApp your resume to 8639839227.",full_time,non_clinical,https://www.naukri.com/job-listings-hiring-clinical-psychology-counsellor-apollo-health-axis-hyderabad-0-to-2-years-070826016254,2026-08-07,0,2,,,,,true,
India,IN,+91,Chennai,Omega Healthcare,hospital,https://img.naukimg.com/logo_images/groups/v1/644276.gif,,Hiring Surgery Coder,"Greetings From Omega Healthcare Management Services!!!!! Job Title: Surgery Coder Company: Omega Healthcare Location: Chennai & Bangalore Experience: 1 to 4 Years Certification: CPC Mandatory Work Mode: Work From Office (WFO) Job Description: Omega Healthcare is hiring Surgery Coders with 14 years of experience. We are looking for certified professionals with strong knowledge of Surgery Coding guidelines, ICD-10-CM, CPT, HCPCS, and medical terminology. Requirements: • CPC Certification is mandatory • 1–4 years of Surgery Coding experience • Good understanding of coding guidelines and compliance standards • Strong analytical and communication skills • Ability to work effectively in a team environment Location: Chennai & Bangalore (WFO Only) Interested candidates can reach out via WhatsApp: 73054 67892",full_time,non_clinical,https://www.naukri.com/job-listings-hiring-surgery-coder-omega-healthcare-chennai-bengaluru-1-to-5-years-070826015977,2026-08-07,1,5,,,,,true,
India,IN,+91,Pune(Wakad),Happy Kids Speech Therapy And Rehabilitation Clini C,hospital,https://img.naukimg.com/logo_images/groups/v1/12257650.gif,,Speech Therapist,Responsibilities: Conduct speech therapy sessions with patients Collaborate with healthcare team on patient care plans Provide counseling services to clients Develop rehabilitation programs for communication disorders Take group session,full_time,non_clinical,https://www.naukri.com/job-listings-speech-therapist-happy-kids-speech-therapy-and-rehabilitation-clini-c-pune-0-to-2-years-070826015639,2026-08-07,0,2,300000,350000,per_annum,INR,true,
India,IN,+91,Bathinda,Right Training And Placement Solutions,hospital,https://img.naukimg.com/logo_images/groups/v1/970528.gif,,Pediatrician Consultant,"Roles and Responsibilities Provide high-quality medical care to pediatric patients, including neonates, infants, children, and adolescents. Conduct thorough physical examinations, take medical histories, and order diagnostic tests as needed. Develop treatment plans for patients with various conditions such as respiratory disorders, cardiovascular diseases, gastrointestinal issues, etc. Collaborate with other healthcare professionals to ensure comprehensive patient care. Stay up-to-date with latest research and advancements in pediatrics to provide evidence-based medicine. Desired Candidate Profile MS/MD degree in Pediatrics or equivalent qualification from a recognized institution. DNB (Diplomate of National Board) certification in Pediatrics or relevant specialty is desirable but not mandatory. 0-3 years of experience working as a consultant pediatrician or related field.",full_time,doctors,https://www.naukri.com/job-listings-pediatrician-consultant-right-training-and-placement-solutions-bathinda-0-to-3-years-090726013175,2026-08-07,0,3,2500000,3000000,per_annum,INR,true,
India,IN,+91,Ambala,Right Training And Placement Solutions,hospital,https://img.naukimg.com/logo_images/groups/v1/970528.gif,,Pediatrician Consultant,Preferred candidate profile . Qualification Required: MD / DNB/DCH. .,full_time,doctors,https://www.naukri.com/job-listings-pediatrician-consultant-right-training-and-placement-solutions-ambala-0-to-3-years-280526030397,2026-08-07,0,3,2500000,3500000,per_annum,INR,true,
India,IN,+91,Vellore,Impact Guru,hospital,https://img.naukimg.com/logo_images/groups/v1/2444130.gif,,Senior Sales Associate - field sales,"Drive maximum patient referral volume from each hospital by building rapport and trust Mandatory Requirements: Education: Graduate in any discipline (MBA preferred but not mandatory) Experience: 1-5 years in business development,sales,or partnerships in healthcare,",full_time,non_clinical,https://www.naukri.com/job-listings-senior-sales-associate-field-sales-impact-guru-vellore-1-to-5-years-070826015174,2026-08-07,1,5,100000,475000,per_annum,INR,true,
India,IN,+91,Gadag,Health Secure Hospital Care & Solution Private Limited,hospital,https://img.naukimg.com/logo_images/groups/v1/8127739.gif,,Nursing Superintendent - Gadag,Minimum of 5 years of Hospital Nursing Superintendent Experience Preferred localites.Immediate joiner,full_time,nurses,https://www.naukri.com/job-listings-nursing-superintendent-gadag-health-secure-hospital-care-solution-private-limited-gadag-5-to-10-years-070826015163,2026-08-07,5,10,360000,480000,per_annum,INR,true,
India,IN,+91,Chennai,Globallogic,hospital,https://img.naukimg.com/logo_images/groups/v1/360296.gif,,Embedded C,"Bachelors or Master s degree in CS Engineering,Electronics / Electrical Engineering Very good understanding of Linux Kernel concepts,Tools,libraries Experience in Multi-threading / Core primitives,and programming",full_time,non_clinical,https://www.naukri.com/job-listings-embedded-c-globallogic-chennai-3-to-5-years-070826014762,2026-08-07,3,5,,,,,true,
India,IN,+91,Hybrid - Hyderabad(Madhapur),Contenterra Software,hospital,https://img.naukimg.com/logo_images/groups/v1/7790249.gif,,Application Developer,"Possess bachelors degree in a related subject or an equivalent combination of education and highly relevant experience required Strong proficiency with AI tools and emerging technologies,actively applying them in development work and guiding team adoption of AI-enabled productivity practices Have a minimum of Three(3) years of Software Development experience",full_time,non_clinical,https://www.naukri.com/job-listings-application-developer-contenterra-software-hyderabad-3-to-8-years-070826014529,2026-08-07,3,8,,,,,true,
India,IN,+91,Pydibimavaram,Dr Reddys,hospital,https://img.naukimg.com/logo_images/groups/v1/4902267.gif,,Team Member - Engineering (Mechanical),"Diploma / Graduation in Mechanical Engineering or related field is mandatory. Minimum Work Experience. 3+ / 6+ years of experience. Exposure to maintaining and troubleshooting equipment such as mixers,dryers,reactors,and HVAC systems,including addressing equipment failures,is preferred",full_time,non_clinical,https://www.naukri.com/job-listings-team-member-engineering-mechanical-dr-reddys-pydibimavaram-20-to-30-years-070826014525,2026-08-07,20,30,,,,,true,
India,IN,+91,Chennai,Helios Multispecialty Clinic,hospital,https://img.naukimg.com/logo_images/groups/v1/12483460.gif,,Assistant Physician,"Key Responsibilities: Maintain accurate, timely, and complete electronic medical records while ensuring compliance with privacy, confidentiality, and regulatory requirements.",full_time,doctors,https://www.naukri.com/job-listings-assistant-physician-helios-multispecialty-clinic-chennai-1-to-2-years-070826014455,2026-08-07,1,2,216000,240000,per_annum,INR,true,
India,IN,+91,Guwahati(Dispur),G N R C,hospital,https://img.naukimg.com/logo_images/groups/v1/4597057.gif,,Front Office Associate,"Must relocate to Guwahati,Assam. 2 years experience in Hospital Front Office / Reception / Patient Relations",full_time,non_clinical,https://www.naukri.com/job-listings-front-office-associate-g-n-r-c-guwahati-0-to-2-years-070826014451,2026-08-07,0,2,,,,,true,
India,IN,+91,Hyderabad,Access Healthcare,hospital,https://img.naukimg.com/logo_images/groups/v1/2750596.gif,,HCC Medical Coder Hyderabad,Location : Hyderabad . Interview Mode: Virtual . Certification is Must . Contact: Yamini HR - 7305919045 (Call / Whatsapp) . For Interview schedule and more queries Preferred Immediate Joiner/ Notice period is also acceptable,full_time,non_clinical,https://www.naukri.com/job-listings-hcc-medical-coder-hyderabad-access-healthcare-hyderabad-1-to-3-years-070826014442,2026-08-07,1,3,,,,,true,
India,IN,+91,Mohali,Atulaya Healthcare,hospital,https://img.naukimg.com/logo_images/groups/v1/150246.gif,,Lab Technician,"Assisted and advised other lab workers,performed maintenance / repair of lab equipment and ordered laboratory supplies as required",full_time,non_clinical,https://www.naukri.com/job-listings-lab-technician-atulaya-healthcare-mohali-2-to-4-years-070826014281,2026-08-07,2,4,200000,300000,per_annum,INR,true,
India,IN,+91,Tiruppur,Migrate Medico,hospital,https://img.naukimg.com/logo_images/groups/v1/9057819.gif,,"Gynecologist JOB IN Tirupur, Tamilnadu, INDIA","GYNECOLOGIST JOB IN TIRUPUR, TAMILNADU, INDIA Designation: CONSULTANT GYNECOLOGIST Qualification: MS/OG/OBG 2-6 years Experienced Female Doctors preferred Tamil speaking doctors preferred Duty Time:8 hrs + Emergency on call Type of duty- OP/IP/OT",full_time,doctors,https://www.naukri.com/job-listings-gynecologist-in-tirupur-tamilnadu-india-migrate-medico-tiruppur-2-to-6-years-070826014265,2026-08-07,2,6,2500000,3000000,per_annum,INR,true,
India,IN,+91,Lucknow(Gomti Nagar),Max Healthcare,hospital,https://img.naukimg.com/logo_images/groups/v1/95822.gif,,Senior Resident/Attending Consultant - Anesthesia,"Diploma (Other Specialization) or Medical-MS / MD degree from a recognized institution. . Strong knowledge of anaesthesiology principles,practices,and protocols.",full_time,doctors,https://www.naukri.com/job-listings-senior-resident-attending-consultant-anesthesia-max-healthcare-lucknow-0-to-3-years-071224002790,2026-08-07,0,3,2000000,3000000,per_annum,INR,true,
India,IN,+91,Bhopal,Peoples Hospital,hospital,https://img.naukimg.com/logo_images/groups/v1/4845063.gif,,Walk-in || Ayushman Mitra,"Prepare and submit Pre-Authorization (Pre-Auth) requests within prescribed timelines. . Upload all required clinical documents (case sheets,investigation reports,prescriptions).",full_time,non_clinical,https://www.naukri.com/job-listings-ayushman-mitra-peoples-hospital-bhopal-1-to-4-years-160925026110,2026-08-07,1,4,150000,225000,per_annum,INR,true,
India,IN,+91,Erode,Migrate Medico,hospital,https://img.naukimg.com/logo_images/groups/v1/9057819.gif,,"Gynecologist JOB IN ERODE, Tamilnadu, INDIA","GYNECOLOGIST JOB IN ERODE, TAMILNADU, INDIA Designation: CONSULTANT GYNECOLOGIST Qualification: MS/DNB/DGO Gynecology Freshers/Experienced Female Doctors preferred Tamil speaking doctors preferred Duty Time: 9AM-5 PM Type of duty- OP/IP/OT",full_time,doctors,https://www.naukri.com/job-listings-gynecologist-in-erode-tamilnadu-india-migrate-medico-erode-0-to-3-years-070826014146,2026-08-07,0,3,1200000,1500000,per_annum,INR,true,
India,IN,+91,Hyderabad,Latinem,hospital,https://img.naukimg.com/logo_images/groups/v1/9947224.gif,,Insurance Manager,"Role & responsibilities Key Responsibilities 1. Insurance Operations Management • Manage the end-to-end administration of all corporate insurance programs. • Ensure proper policy issuance, endorsements, renewals, additions, deletions, and amendments. • Monitor policy coverage, terms, conditions, exclusions, and compliance requirements. • Maintain centralized insurance records, databases, and policy documentation. • Develop and implement insurance administration procedures and operational controls. • Prepare periodic insurance operational reports and management dashboards. 2. Group Insurance Administration & Renewals • Manage annual renewal activities for all group insurance programs, including: o Group Medical Insurance o Group Life Insurance o Group Personal Accident Insurance o Workmen's Compensation Insurance o Motor Fleet Insurance o Property and Liability Insurance (if applicable) • Coordinate with insurers, brokers, and internal departments for renewal information and negotiations. • Conduct renewal reviews, benchmarking, and market comparisons. • Analyze claims experience and loss ratios to support renewal negotiations. • Ensure timely completion of renewals to avoid lapses in coverage. • Recommend coverage enhancements and cost optimization opportunities. 3. Vendor & Broker Management • Manage relationships with insurance companies, brokers, TPAs, and other insurance service providers. • Evaluate vendor performance against agreed service levels. • Conduct periodic vendor reviews and performance assessments. • Participate in vendor selection, tendering, and renewal processes. • Negotiate commercial terms, service agreements, and policy terms. • Ensure vendors comply with contractual obligations and service standards. • Resolve service-related escalations and operational issues. 4. Claims Oversight & Management • Oversee the administration and monitoring of insurance claims across all policies. • Ensure timely reporting and submission of claims. • Coordinate with insurers, brokers, TPAs, and employees on claim settlements. • Monitor claim reserves, settlement timelines, and outstanding claims. • Analyze claims trends and identify cost-containment opportunities. • Prepare claims reports and presentations for management review. 5. Data Analysis & Reporting • Maintain accurate insurance records and policy registers. • Prepare monthly, quarterly, and annual reports on: o Claims experience o Claims ratios o Vendor performance o Renewal status o Policy utilization o Insurance costs and savings initiatives • Provide analytical insights to support management decision-making. 6. Compliance & Risk Management • Ensure compliance with applicable insurance regulations and company policies. • Monitor policy obligations and contractual insurance requirements. • Support internal and external audits related to insurance programs. • Identify insurance-related risks and recommend mitigation measures. • Maintain confidentiality and security of insurance-relate",full_time,non_clinical,https://www.naukri.com/job-listings-insurance-manager-latinem-hyderabad-7-to-10-years-070826014071,2026-08-07,7,10,,,,,true,
India,IN,+91,Coimbatore,Migrate Medico,hospital,https://img.naukimg.com/logo_images/groups/v1/9057819.gif,,"Gynecologist JOB IN Coimbatore, Tamilnadu, INDIA","GYNECOLOGIST JOB IN COIMBATORE, TAMILNADU, INDIA Designation: CONSULTANT GYNECOLOGIST Qualification: MS/DNB/DGO Gynecology Freshers/Experienced Female Doctors preferred Tamil speaking doctors preferred Duty Time: 9AM-5 PM Type of duty- OP/IP/OT",full_time,doctors,https://www.naukri.com/job-listings-gynecologist-in-coimbatore-tamilnadu-india-migrate-medico-coimbatore-0-to-5-years-070826014070,2026-08-07,0,5,1200000,1800000,per_annum,INR,true,
India,IN,+91,New Delhi,Hindco Recruitment Consultants,hospital,https://img.naukimg.com/logo_images/groups/v1/1016.gif,,Field Healthcare Educator | Delhi,D. Pharm / DMLT / B Pharm / BSc in Lifesciences candidates are preferred. - Must be willing to travel in allotted geography for Doctor OPD. - Candidate should have their own two wheeler,full_time,non_clinical,https://www.naukri.com/job-listings-field-healthcare-educator-delhi-hindco-recruitment-consultants-new-delhi-gurugram-delhi-ncr-0-to-5-years-070826014022,2026-08-07,0,5,,,,,true,
India,IN,+91,Mumbai(Girgaon),Sir Hn Reliance Foundation Hospital,hospital,https://img.naukimg.com/logo_images/groups/v1/4660015.gif,,Head Medical Records Department,strong analytical problem-solving abilities required,full_time,non_clinical,https://www.naukri.com/job-listings-head-medical-records-department-sir-hn-reliance-foundation-hospital-mumbai-all-areas-10-to-15-years-070826013997,2026-08-07,10,15,2500000,3500000,per_annum,INR,true,
India,IN,+91,Salem(Mettur),Hoscons Healthcare India,hospital,https://img.naukimg.com/logo_images/groups/v1/4246422.gif,,Staff Nurse,Responsibilities: * Ensure compliance with GNM standards * Conduct quality assurance checks * Implement infection control measures * Monitor medic activities and sanitation practices,full_time,nurses,https://www.naukri.com/job-listings-staff-nurse-hoscons-healthcare-india-salem-0-to-5-years-070826013958,2026-08-07,0,5,216000,300000,per_annum,INR,true,
India,IN,+91,Pune(Kharadi +2),Skill Managemnet Services Pune,hospital,https://img.naukimg.com/logo_images/groups/v1/11720581.gif,,OT Staff Nurse,"Requirement For OT Staff Nurse *Qualification : GNM ,BSC Nursing *Experience: 1 yrs to 10 yrs *Rotational Shifts *Salary As per Industry Contact HR: 8857917674 Email:Shivani15.sms@gmail.comThe OT Staff Nurse will be responsible for providing direct patient care in the operating room and assisting the surgeon during surgical procedures. monitoring the patient’s vital signs,",full_time,nurses,https://www.naukri.com/job-listings-ot-staff-nurse-skill-managemnet-services-pune-pune-1-to-6-years-230626016991,2026-08-07,1,6,200000,425000,per_annum,INR,true,
India,IN,+91,Kanpur,Pathfinders Global(P) Ltd,hospital,https://img.naukimg.com/logo_images/groups/v1/8603813.gif,,SR/AP/Associate Professor/Professor/Consultant - Gastroenterologist,Full Time + Part Time Call - 8527745749 . SR / AP/Associate Professor / Professor/Consultant Anatomy Required @Medical colleges & Hospital,full_time,doctors,https://www.naukri.com/job-listings-sr-ap-associate-professor-professor-consultant-gastroenterologist-pathfinders-global-p-ltd-kanpur-lucknow-meerut-0-to-5-years-060826032573,2026-08-07,0,5,,,,,true,
India,IN,+91,Chennai,Access Healthcare,hospital,https://img.naukimg.com/logo_images/groups/v1/2750596.gif,,HCC Non Certified,Openings for HCC Non Certified Coder . Experience: 10 month to 2yrs .,full_time,non_clinical,https://www.naukri.com/job-listings-hcc-non-certified-access-healthcare-chennai-1-to-3-years-070826013911,2026-08-07,1,3,,,,,true,
India,IN,+91,Hyderabad,Access Healthcare,hospital,https://img.naukimg.com/logo_images/groups/v1/2750596.gif,,Walk in interview For HCC Certified Coders,"Walk in interview for HCC Certified Coders on 8-Aug -2026. Date & Time : 8-Aug 2026 & 10 am onwards . Exp: 1 years above in HCC Certified Coders certification is mandatory (CPC,CCS,(CRC under AAPC)). interested candidates kindly walk to above location on 8-Aug-2026 to & 10 am onwards",full_time,non_clinical,https://www.naukri.com/job-listings-walk-in-interview-for-hcc-certified-coders-access-healthcare-hyderabad-1-to-2-years-100626011982,2026-08-07,1,2,,,,,true,
India,IN,+91,Hyderabad,Access Healthcare,hospital,https://img.naukimg.com/logo_images/groups/v1/2750596.gif,,HCC Medical Coder Hyderabad,Location : Hyderabad . Interview Mode: Virtual . Certification is Must . Contact: Koperumdevi HR - 9176207018 (Call / Whatsapp) . For Interview schedule and more queries Preferred Immediate Joiner/ Notice period is also acceptable,full_time,non_clinical,https://www.naukri.com/job-listings-hcc-medical-coder-hyderabad-access-healthcare-hyderabad-1-to-3-years-070826013879,2026-08-07,1,3,,,,,true,
India,IN,+91,Hyderabad,Access Healthcare,hospital,https://img.naukimg.com/logo_images/groups/v1/2750596.gif,,Hiring For HCC Certified coder,Hiring for HCC Certified Coder,full_time,non_clinical,https://www.naukri.com/job-listings-hiring-for-hcc-certified-coder-access-healthcare-hyderabad-1-to-3-years-010626008274,2026-08-07,1,3,,,,,true,
India,IN,+91,Mumbai Suburban,Kokilaben Dhirubhai Ambani Hospital,hospital,https://img.naukimg.com/logo_images/groups/v1/597394.gif,,Transplant Coordinator,Attending required meetings of ZTCC and other government authorities Assist to prepare and review SOPs as and when required. Experience - 1 to 5 yrs,full_time,non_clinical,https://www.naukri.com/job-listings-transplant-coordinator-kokilaben-dhirubhai-ambani-hospital-mumbai-suburban-navi-mumbai-2-to-6-years-301025030515,2026-08-07,2,6,,,,,true,
India,IN,+91,Hyderabad,Access Healthcare,hospital,https://img.naukimg.com/logo_images/groups/v1/2750596.gif,,Hiring HCC Medical Coders,Eligibility . Role: Certified HCC Coder. Experience: Minimum 1 year. Certification: Mandatory,full_time,non_clinical,https://www.naukri.com/job-listings-hiring-hcc-medical-coders-access-healthcare-hyderabad-chennai-1-to-3-years-070826013864,2026-08-07,1,3,300000,425000,per_annum,INR,true,
India,IN,+91,Chennai(Mandaveli),Anand Techverce,hospital,https://img.naukimg.com/logo_images/groups/v1/3210854.gif,,AR Caller-Freshers,"Review patient billing and insurance records follow up with insurers on claim status resolve denied/unpaid claims, update claim details, verify patient information document call outcomes meet daily productivity targets and communicate professionallyThe ideal candidate should have excellent verbal communication skills. Basic knowledge of Revenue Cycle Management (RCM) is an added advantage.",full_time,non_clinical,https://www.naukri.com/job-listings-ar-caller-freshers-anand-techverce-chennai-0-to-1-years-070826013820,2026-08-07,0,1,150000,200000,per_annum,INR,true,
India,IN,+91,Karur,VCare,hospital,https://img.naukimg.com/logo_images/groups/v1/4655757.gif,,Counsellor,Collaborate with Branch Managers and cross-functional teams to enhance customer experience,full_time,non_clinical,https://www.naukri.com/job-listings-counsellor-vcare-karur-pudukkottai-thoothukudi-0-to-5-years-070826013814,2026-08-07,0,5,300000,350000,per_annum,INR,true,
India,IN,+91,Mumbai(Mulund),Fortis,hospital,https://img.naukimg.com/logo_images/groups/v1/533010.gif,,Billing Executive,Graduate - Commerce To Process required documentation Preferred candidate profile,full_time,non_clinical,https://www.naukri.com/job-listings-billing-executive-fortis-mumbai-0-to-5-years-070826013745,2026-08-07,0,5,300000,500000,per_annum,INR,true,
India,IN,+91,Vijayawada,TransDyne,hospital,https://img.naukimg.com/logo_images/groups/v1/4635365.gif,,Freshers - Scribe (Health Care),"TransDyne is in the IT&ITES industry for more than two decades. Our healthcare BPO division is one of the largest in India. An unmatched quality of service helps us in maintaining and broadening client relationships. We currently have openings for Trainee Medical Scribe in the night shift. A Medical Scribe is a person or a paraprofessional, who specializes in charting physician-patient encounters in real time, such as during medical examinations. Experience as a Doctors Assistant/Patient coordinator/Staff Nurse etc., will be an added advantage. About the career: This is an evergreen industry, unlikely to be affected by factors like recession, changes in spending patterns, inflation etc. as it relates to the healthcare field. Getting a job with TransDyne as a Medical Scribe is based only on merit. This career is suitable for anybody who has a flair for English and Medicine. Your career graph in TransDyne depends on your performance, and not on your age, qualification or length of service. Some of the salient features of a career with TransDyne are: Secure and stable jobs. Attractive salary package of up to 2.4 LPA plus incentives. Fast track promotions & periodic performance appraisals. Free training with performance-based stipend during training. What we need from you: You should be very good at Written English. You should be willing to commit yourself for at least two- year term with the company. You should be a self-starter with an aptitude for learning. Willing to work in the night shift. Willing to work from office only. The selection process consists of a simple English language test and a personal interview. The selection procedure is same for all the three positions mentioned above. The interviewer at the time of your interview will decide for which position you would be suitable for based on your performance in the test and your abilities. If you are interested, please walk-in between 10:00 am and 4:30 pm on any weekday (Mon-Sat) to any of the two addresses given below: HEAD OFFICE TransDyne IT Services Pvt. Ltd. MPR Residency, First Floor Sai Baba Temple Lane Dwarakapuri Colony Punjagutta, Hyderabad 82 VIJAYAWADA: TransDyne IT Services Pvt. Ltd. 4th floor, Rajeshwari Nilayam, Lane Adjacent to NAC Jewellers, M.G Road, Vijayawada - 520 010 Please confirm your slot before you report to Vijayawada Office by calling us on the below mentioned number. You may refer this job to all your friends, who are looking for a stable and secure career. Candidates from any academic background can apply to these vacancies including B.Tech, MBA, MCA, M.Tech, M.com. Etc., For any queries/clarifications please contact through telephone on 040-30222666 or e-mail us on hrd@transdyne.in .",full_time,non_clinical,https://www.naukri.com/job-listings-freshers-scribe-health-care-transdyne-vijayawada-hyderabad-0-to-1-years-150724004467,2026-08-07,0,1,,,,,true,
India,IN,+91,Hyderabad,Randstad,hospital,https://img.naukimg.com/logo_images/groups/v1/1422.gif,,Lab Director,"Preferred candidate profile . MD Pathology with the required laboratory experience and credentials. . 10+ years of relevant experience . Strong analytical ability and willingness to investigate issues in depth rather than only reviewing or signing reports Must be hands-on,accountable,and willing to take ownership beyond routine medical authorization",full_time,non_clinical,https://www.naukri.com/job-listings-lab-director-randstad-hyderabad-8-to-13-years-070826013715,2026-08-07,8,13,,,,,true,
India,IN,+91,Mumbai(Ghatkopar West),Shalby Hospitals,hospital,https://img.naukimg.com/logo_images/groups/v1/107990.gif,,Walk-in || Anaesthetist,"Key Responsibilities A. Pre-Anaesthesia Assessment Conduct comprehensive pre-anaesthesia evaluation of patients scheduled for surgery / procedures. Review medical history, clinical condition, investigations, medications, allergies and previous anaesthesia history. Assess anaesthetic risk and determine the appropriate anaesthesia plan. Identify high-risk patients and communicate the risk to the treating surgeon / physician and patient as appropriate. Ensure required investigations and specialist opinions are available before planned procedures. Document pre-anaesthesia assessment and fitness / risk assessment appropriately. B. Intra-Operative Anaesthesia Management Administer and monitor anaesthesia according to the patient's clinical condition and planned procedure. Ensure appropriate airway management and maintenance of adequate ventilation, circulation and oxygenation. Monitor vital parameters continuously throughout the procedure. Ensure appropriate use of anaesthesia drugs, equipment and monitoring devices. Maintain accurate anaesthesia records. Identify and manage intra-operative complications promptly. Coordinate with surgeons, nursing staff and OT personnel for safe conduct of procedures. Ensure compliance with surgical safety and patient identification protocols. C. Post-Anaesthesia Care Assess patients following anaesthesia and determine their suitability for transfer from OT / recovery area. Monitor recovery from anaesthesia, including airway, respiration, circulation, consciousness and pain. Manage post-operative nausea, vomiting, pain and other anaesthesia-related complications. Ensure appropriate handover to the recovery room / ICU / ward team. Provide clear instructions regarding post-anaesthesia monitoring and further management. D. Pain Management Provide peri-operative and post-operative pain management. Assess pain and response to treatment. Advise appropriate analgesic modalities based on patient condition and procedure. Participate in hospital pain-management initiatives and protocols. E. Emergency & Resuscitation Services Provide anaesthesia support during medical and surgical emergencies. Respond promptly to emergency calls requiring airway management or resuscitation support. Assist in management of cardiac arrest, respiratory emergencies and other critical situations. Participate in Code Blue / resuscitation activities as per hospital protocol. Ensure readiness and appropriate use of airway-management and resuscitation equipment. F. ICU / Critical Care Support Provide anaesthesia and airway-management support to critically ill patients wherever required. Assist in procedures requiring anaesthetic / sedation support. Coordinate with intensivists, physicians and surgeons regarding critical-care patients. Participate in multidisciplinary management of high-risk patients, as required. G. Patient Safety & Quality Follow hospital policies, clinical protocols and NABH requirements applicable to anaesthesia services. Ensure correc",full_time,doctors,https://www.naukri.com/job-listings-anaesthetist-shalby-hospitals-mumbai-3-to-7-years-070826013660,2026-08-07,3,7,125000,200000,per_annum,INR,true,
India,IN,+91,Mumbai Suburban,Hindco Recruitment Consultants,hospital,https://img.naukimg.com/logo_images/groups/v1/1016.gif,,Field Healthcare Educator | D. Pharm / DMLT / B. Pharm / B.Sc.,D. Pharm / DMLT / B Pharm / BSc in Lifesciences candidates are preferred. - Must be willing to travel in allotted geography for Doctor OPD. - Candidate should have their own two wheeler,full_time,non_clinical,https://www.naukri.com/job-listings-field-healthcare-educator-d-pharm-dmlt-b-pharm-b-sc-hindco-recruitment-consultants-mumbai-suburban-nagpur-mumbai-all-areas-0-to-5-years-070826013624,2026-08-07,0,5,,,,,true,
India,IN,+91,Chennai,Global Healthcare Billing Partners,hospital,https://img.naukimg.com/logo_images/groups/v1/4598205.gif,,Hiring For Radiology Coder,Experience Required: 1 to 3 Years Job Opening: Radiology Coder (1 to 3 Years Experience) Location: Work From Office Chennai . Interview Mode: Virtual . We are hiring experienced Radiology Coders with 1 to 3 years of expertise in medical coding,full_time,non_clinical,https://www.naukri.com/job-listings-hiring-for-radiology-coder-global-healthcare-billing-partners-chennai-1-to-4-years-070826013573,2026-08-07,1,4,,,,,true,
India,IN,+91,Hyderabad,Access Healthcare,hospital,https://img.naukimg.com/logo_images/groups/v1/2750596.gif,,Hiring HCC Medical Coders,Eligibility . Role: Certified HCC Coder. Experience: Minimum 1 year. Certification: Mandatory,full_time,non_clinical,https://www.naukri.com/job-listings-hiring-hcc-medical-coders-access-healthcare-hyderabad-chennai-1-to-3-years-070826013442,2026-08-07,1,3,300000,425000,per_annum,INR,true,
India,IN,+91,Chennai,Access Healthcare,hospital,https://img.naukimg.com/logo_images/groups/v1/2750596.gif,,Hiring Non Certified Coder,*Non Certified Coder* openings here Immediate Joiners Preferred to 2 month NP accepted,full_time,non_clinical,https://www.naukri.com/job-listings-hiring-non-certified-coder-access-healthcare-chennai-1-to-4-years-070826013411,2026-08-07,1,4,125000,500000,per_annum,INR,true,
India,IN,+91,Hyderabad,Access Healthcare,hospital,https://img.naukimg.com/logo_images/groups/v1/2750596.gif,,Hiring For HCC Certified coder,Eligibility . Role: Certified HCC Coder. Experience: Minimum 1 year. Certification: Mandatory,full_time,non_clinical,https://www.naukri.com/job-listings-hiring-for-hcc-certified-coder-access-healthcare-hyderabad-1-to-3-years-070826013400,2026-08-07,1,3,,,,,true,
India,IN,+91,Mumbai,Trigent Software,hospital,https://img.naukimg.com/logo_images/groups/v1/125596.gif,,Claims Insurance Process,Job Description: Please find the detailed job description attached for your reference. Looking for candidates with Claims Experience background. WORK LOCATION - MDC7 WORK STYLE - Work from Office Flexible with Shifts. Interested candidates please reach out to roshi_k@trigent.com / 8861628822,full_time,non_clinical,https://www.naukri.com/job-listings-claims-insurance-process-trigent-software-mumbai-all-areas-1-to-3-years-070826013346,2026-08-07,1,3,100000,200000,per_annum,INR,true,
India,IN,+91,Bengaluru,Even Healthcare,hospital,https://img.naukimg.com/logo_images/groups/v1/5652842.gif,,Walk-in || Ward Staff Nurse,"Basic Life Support (BLS) certification preferred. Supervise and guide junior nursing staff and attendants when required. As we expand our physical hospital footprint,we are building hospitals designed for safety,efficiency,and superior patient experience 8 years of experience in a hospital setting",full_time,nurses,https://www.naukri.com/job-listings-ward-staff-nurse-even-healthcare-bengaluru-1-to-4-years-060826030926,2026-08-07,1,4,,,,,true,
India,IN,+91,Hyderabad,Axis Services,hospital,https://img.naukimg.com/logo_images/groups/v1/178464.gif,,Mass Hiring: AR Callers | AR QA | Upto 8 LPA +8k allowances| 60days NP,Package : Up to 48k TH. Special Perks: . Graduation NOT Mandatory . Relieving / Experience Letter NOT Mandatory . .,full_time,non_clinical,https://www.naukri.com/job-listings-mass-hiring-ar-callers-ar-qa-upto-8-lpa-8k-allowances-60days-np-axis-services-hyderabad-chennai-bengaluru-1-to-6-years-070826013318,2026-08-07,1,6,500000,800000,per_annum,INR,true,
India,IN,+91,Sanchore,Ang Placement And Staffing Solutions,hospital,https://img.naukimg.com/logo_images/groups/v1/6543249.gif,,Orthopedic,"Good morning,and Greetings from ANG Placements,Indias leading Medical Placement Consulting firm. Respecting your busy and valued schedule,we would like to share a career opportunity for the position of Compensation: Minimum Slab Upto 5 LPM+ Incentives + Accommodation",full_time,doctors,https://www.naukri.com/job-listings-orthopedic-ang-placement-and-staffing-solutions-sanchore-veraval-raipur-1-to-6-years-070826013316,2026-08-07,1,6,3000000,4500000,per_annum,INR,true,
India,IN,+91,Hyderabad,Septalyst Lifesciences,pharma,https://img.naukimg.com/logo_images/groups/v1/4628271.gif,,Area Business Manager,Preferred candidate profile . -Candidiate with minimum 3 to 10 years of experience in Nephrology / CNS Division. . -Location : Hyderabad / Ahmedabad,full_time,non_clinical,https://www.naukri.com/job-listings-area-business-manager-septalyst-lifesciences-hyderabad-ahmedabad-3-to-8-years-070826013295,2026-08-07,3,8,,,,,true,
India,IN,+91,Hyderabad,Access Healthcare,hospital,https://img.naukimg.com/logo_images/groups/v1/2750596.gif,,Hiring For HCC Certified coder,Eligibility . Role: Certified HCC Coder. Experience: Minimum 1 year. Certification: Mandatory,full_time,non_clinical,https://www.naukri.com/job-listings-hiring-for-hcc-certified-coder-access-healthcare-hyderabad-1-to-3-years-070826013286,2026-08-07,1,3,,,,,true,
India,IN,+91,Noida(Bhangel),Yatharth Super Speciality Hospitals,hospital,https://img.naukimg.com/logo_images/groups/v1/7402905.gif,,Senior Resident- OBGYN,"Participate in emergency duties,night shifts,and rotational on-call schedules Willingness to work in rotational shifts and emergency duties Assist in mentoring Junior Residents,Interns,Nursing staff,and medical students whenever required Preferred candidate profile . MD / MS/DNB in Obstetrics & Gynaecology from an NMC-recognized institution",full_time,doctors,https://www.naukri.com/job-listings-senior-resident-obgyn-yatharth-super-speciality-hospitals-noida-0-to-3-years-070826013249,2026-08-07,0,3,,,,,true,
India,IN,+91,Pune,Skill Managemnet Services Pune,hospital,https://img.naukimg.com/logo_images/groups/v1/11720581.gif,,Resident Medical Officer Ward,"We have opning for Resident Medical officer for Ward Provides round-the-clock patient care in the ward, monitors clinical status, maintains records, coordinates with consultants and nursing staff, and ensures timely treatment and patient safety.Qualifcation: BAMS / BHMS Expereince: 1 to 3 Yrs Willing to do Rotational Shift MMC registration requried",full_time,doctors,https://www.naukri.com/job-listings-resident-medical-officer-ward-skill-managemnet-services-pune-pune-1-to-3-years-050626018972,2026-08-07,1,3,250000,400000,per_annum,INR,true,
India,IN,+91,Mumbai(Ghatkopar West),Shalby Hospitals,hospital,https://img.naukimg.com/logo_images/groups/v1/107990.gif,,Walk-in || Quality Assurance Executive,Ensure timely availability and proper maintenance of documents and records required for accreditation,full_time,non_clinical,https://www.naukri.com/job-listings-quality-assurance-executive-shalby-hospitals-mumbai-2-to-7-years-070826013184,2026-08-07,2,7,300000,600000,per_annum,INR,true,
India,IN,+91,Bengaluru(Queens Road),Hizblis Shifaa,hospital,https://img.naukimg.com/logo_images/groups/v1/12459976.gif,,Walk-in || Security Guard,"Security Guard: Responsible for hospital security, monitoring entry and exit, verifying visitors, maintaining access control, conducting regular rounds, handling emergencies, and ensuring safety and security of patients, staff, visitors, and hospital property. Ward Assistant: Assists nurses in patient care and ward activities, transfers patients, maintains cleanliness and order, supports admission and discharge procedures, handles supplies, assists with basic patient needs, and follows hospital safety and infection-control protocols.",full_time,non_clinical,https://www.naukri.com/job-listings-security-guard-hizblis-shifaa-bengaluru-0-to-3-years-070826013172,2026-08-07,0,3,,,,,true,
India,IN,+91,Dahej,Ang Placement And Staffing Solutions,hospital,https://img.naukimg.com/logo_images/groups/v1/6543249.gif,,Gynecologist,". Good morning,and Greetings from ANG Placements,Indias leading Medical Placement Consulting firm. Respecting your busy and valued schedule,we would like to share a career opportunity for the position of Uttar Pradesh - Mungra Badshahpur,Aligarh,Sambhal . Key Requirement for the Position :-",full_time,doctors,https://www.naukri.com/job-listings-gynecologist-ang-placement-and-staffing-solutions-dahej-damoh-ramanujganj-1-to-6-years-070826013137,2026-08-07,1,6,3500000,5500000,per_annum,INR,true,
India,IN,+91,Coimbatore,Connected Value Health Solutions,hospital,https://img.naukimg.com/logo_images/groups/v1/888164.gif,,Etl Developer,"Proven experience with Apache Airflow,Amazon Redshift,and strong SQL Required Skills & Experience: . 3 years of hands-on experience in ETL development Preferred Skills: . Experience with job orchestration,error handling,and scalable transformation patterns Experience in healthcare,life sciences,or regulated environments is a plus",full_time,non_clinical,https://www.naukri.com/job-listings-etl-developer-connected-value-health-solutions-coimbatore-4-to-6-years-070826013083,2026-08-07,4,6,,,,,true,
India,IN,+91,Barasat,Dr Lal PathLabs,hospital,https://img.naukimg.com/logo_images/groups/v1/1253476.gif,,Radiologist Consultant,"Should be well versed with complete PCPNDT guidelines and strictly adhere to the processes defined Well versed with all the modalities- USG,Mammography,X-rays,Doppler Preferred candidate profile Minimum of 1 years of experience as a radiologist . .",full_time,doctors,https://www.naukri.com/job-listings-radiologist-consultant-dr-lal-pathlabs-barasat-barrackpur-1-to-5-years-260226028976,2026-08-07,1,5,,,,,true,
India,IN,+91,Kozhikode,Sukino Healthcare,hospital,https://img.naukimg.com/logo_images/groups/v1/4631431.gif,,Medical Sales Executive,"We are hiring Healthcare Sales for our Calicut center. Key Responsibilities Develop and maintain strong professional relationships with doctors, consultants, hospitals, clinics, and healthcare institutions. Promote Sukino's healthcare and rehabilitation services to referral partners. Generate patient referrals through regular doctor visits and relationship-building activities. Identify new business opportunities and expand the referral network in the assigned territory. Conduct regular meetings, presentations, and follow-ups with healthcare professionals. Coordinate with internal clinical and operations teams to ensure seamless patient onboarding. Achieve monthly referral and business development targets. Whats app- 7338537009",full_time,non_clinical,https://www.naukri.com/job-listings-medical-sales-executive-sukino-healthcare-kozhikode-0-to-5-years-070826013050,2026-08-07,0,5,,,,,true,
India,IN,+91,Ludhiana(Barewal Awana),RG Stone Urology & Laparoscopy Hospital,hospital,https://img.naukimg.com/logo_images/groups/v1/4656785.gif,,Resident Medical Officer/ Clinical Assistant,EXPERIENCE : 0-7 YEARS,full_time,doctors,https://www.naukri.com/job-listings-resident-medical-officer-clinical-assistant-rg-stone-urology-laparoscopy-hospital-ludhiana-2-to-7-years-070826012917,2026-08-07,2,7,,,,,true,
India,IN,+91,Port Blair,Migrate Medico,hospital,https://img.naukimg.com/logo_images/groups/v1/9057819.gif,,"Pediatrician JOB IN PORT BLAIR,Andaman AND Nicobar Islands INDIA.","PEDIATRICIAN JOB IN PORT BLAIR,ANDAMAN AND NICOBAR ISLANDS INDIA. Designation: CONSULTANT PEDIATRICIAN Qualification: MD/DNB/DCH Paediatrics 2-20 years Experienced Male /Female doctors Language Required: ANY Type of Duty: OP",full_time,doctors,https://www.naukri.com/job-listings-pediatrician-in-port-blair-andaman-and-nicobar-islands-india-migrate-medico-port-blair-2-to-7-years-070826012866,2026-08-07,2,7,2500000,3000000,per_annum,INR,true,
India,IN,+91,Port Blair,Migrate Medico,hospital,https://img.naukimg.com/logo_images/groups/v1/9057819.gif,,"Pathologist JOB IN PORT BLAIR ,Andaman Island, INDIA","PATHOLOGIST JOB IN PORT BLAIR ,ANDAMAN ISLAND, INDIA Designation - CONSULTANT PATHOLOGIST Qualification: MD Pathology 2-4 years experienced doctors preferred Male or Female doctors Any language speaking doctors preferred Duty Time: 8 Hrs duty",full_time,doctors,https://www.naukri.com/job-listings-pathologist-in-port-blair-andaman-island-india-migrate-medico-port-blair-2-to-4-years-070826012833,2026-08-07,2,4,1800000,2500000,per_annum,INR,true,
Maldives,MV,+960,Maldives,Migrate Medico,hospital,https://img.naukimg.com/logo_images/groups/v1/9057819.gif,,"IVF Specialist JOB IN , Maldives, INDIA","IVF SPECIALIST JOB IN , MALDIVES, INDIA Designation:GYNECOLOGIST/REPRODUCTIVE MEDICINE SPECIALIST Qualification: MD/MS/DNB/DGO in OBG-GYN with Fellowship in Reproductive Medicine/IVF 1-5 years Experienced doctors preferred FEMALE ONLY Language: ANY",full_time,non_clinical,https://www.naukri.com/job-listings-ivf-specialist-in-maldives-india-migrate-medico-maldives-1-to-5-years-070826012777,2026-08-07,1,5,3500000,4000000,per_annum,INR,true,
India,IN,+91,Mumbai(Lower Parel),Blestio Solutions,hospital,https://img.naukimg.com/logo_images/groups/v1/12291884.gif,,Senior Accounts Manager,"Please note: We are hiring for one of the leading Pharmaceutical Companies in Mumbai. We are looking for CA's from both Pharmaceutical or manufacturing background. Job Summary We one of the leading pharmaceutical companies in India. We are looking for an experienced and detail-oriented CA-Accounts Manager to join the corporate finance team at our Mumbai office. The ideal candidate should have strong expertise in corporate accounting, taxation, MIS reporting, GST compliance, income tax, and bank reconciliation. The candidate will play a key role in managing financial operations, ensuring statutory compliance, preparing financial reports, and supporting management with accurate financial insights. Key Responsibilities Manage end-to-end corporate accounting activities. Handle direct and indirect taxation, including Income Tax and GST compliance. Prepare and review MIS reports for management decision-making. Ensure timely GST filings, reconciliations, and statutory compliance. Perform bank reconciliations and monitor daily fund movements. Manage month-end and year-end closing processes. Coordinate with auditors, tax consultants, and banking partners. Prepare financial statements, balance sheets, and cash flow reports. Ensure compliance with accounting standards and internal controls. Monitor accounts payable, receivable, and ledger scrutiny. Support budgeting, forecasting, and financial analysis activities. Required Skills Strong knowledge of Corporate Accounting Expertise in GST, Income Tax, and Taxation Hands-on experience in MIS Reporting Bank Reconciliation expertise is mandatory Strong understanding of financial compliance and statutory regulations Good analytical and problem-solving skills Proficiency in MS Excel and accounting software/ERP systems Excellent communication and stakeholder management skills Eligibility Criteria CA Qualified Mandatory 510 years of relevant experience in corporate accounting Experience from Pharma/Healthcare/Manufacturing industry preferred Candidates must be comfortable working from Lower Parel, Mumbai Preferred Candidate Profile Detail-oriented and highly organized professional Strong leadership and team coordination abilities Ability to work in a fast-paced corporate environment Immediate or early joiners preference Company Leading pharmaceutical companies in India Location Lower Parel, Mumbai Industry Pharmaceuticals Experience Required 5–10 Years Qualification Chartered Accountant (CA) – Mandatory Age Criteria Maximum 35 Years",full_time,non_clinical,https://www.naukri.com/job-listings-senior-accounts-manager-blestio-solutions-mumbai-all-areas-5-to-10-years-070826012615,2026-08-07,5,10,,,,,true,
India,IN,+91,Kota,Ang Placement And Staffing Solutions,hospital,https://img.naukimg.com/logo_images/groups/v1/6543249.gif,,IVF Specialist,"Good morning,and Greetings from ANG Placements,Indias leading Medical Placement Consulting firm. Respecting your busy and valued schedule,we would like to share a career opportunity for the position of Compensation: Minimum Slab - 0 LPM up to 5 LPM+ Incentives + Accommodation Location: . Rajasthan - Kota . Key Requirement for the Position :-",full_time,non_clinical,https://www.naukri.com/job-listings-ivf-specialist-ang-placement-and-staffing-solutions-kota-ajmer-jaipur-0-to-5-years-070826012340,2026-08-07,0,5,2000000,3000000,per_annum,INR,true,
India,IN,+91,Pune,2coms,hospital,https://img.naukimg.com/logo_images/groups/v1/467982.gif,,Hiring Freshers For Non IT/Non Voice- Chennai,"Shift: Rotational including Night Shifts Flexibility to work night shifts . Bachelors degree in BA,Bcom,BBA or any other Non Technical Background . Freshers from 2025 and 2026 pass - outs Submission of all academic transcripts up to the final semester of graduation without any pending courses,Aadhar card,and PAN card",full_time,non_clinical,https://www.naukri.com/job-listings-hiring-freshers-for-non-it-non-voice-chennai-2coms-pune-1-to-2-years-190626017681,2026-08-07,1,2,,,,,true,
India,IN,+91,Hyderabad,Eshieldz Healthcare Technologies,hospital,https://img.naukimg.com/logo_images/groups/v1/12406561.gif,,Staff Nurse,"Working Hours: Day Shift 9:00 AM to 6:00 PM Additional Requirement: Night shifts based on patient needs Be available for on-demand or scheduled visits,including occasional night shifts Experience: 2-3 Years Specialization: Gynecology / Pediatrics / General Nursing",full_time,nurses,https://www.naukri.com/job-listings-staff-nurse-eshieldz-healthcare-technologies-hyderabad-kokapet-2-to-3-years-070826912202,2026-08-07,2,3,,,,,true,
India,IN,+91,Hyderabad,V3 Staffing,hospital,https://img.naukimg.com/logo_images/groups/v1/4831719.gif,,Enterprise Sales Manager / Business Development Manager,"Stable career with minimum 2 years in each recent organization Team handling experience (2 3 years) is preferred for Business Development Manager roles Preferred Background . From Healthcare,Medical Devices,Diagnostics,Digital Health,Remote Monitoring,Healthcare Technology,or Hospital Solutions companies will be preferred. . Experience: 5 - 10 Years",full_time,non_clinical,https://www.naukri.com/job-listings-enterprise-sales-manager-business-development-manager-v3-staffing-hyderabad-bengaluru-delhi-ncr-5-to-10-years-290726014227,2026-08-07,5,10,650000,1500000,per_annum,INR,true,
India,IN,+91,Jalna,Ang Placement And Staffing Solutions,hospital,https://img.naukimg.com/logo_images/groups/v1/6543249.gif,,Pediatrician,"Good morning,and Greetings from ANG Placements,Indias leading Medical Placement Consulting firm. Respecting your busy and valued schedule,we would like to share a career opportunity for the position of Chhattisgarh: Ambikapur,Tilda Neora,Bilaspur . Key Requirement for the Position",full_time,doctors,https://www.naukri.com/job-listings-pediatrician-ang-placement-and-staffing-solutions-jalna-satna-bilaspur-1-to-6-years-070826011925,2026-08-07,1,6,3000000,4000000,per_annum,INR,true,
India,IN,+91,Hyderabad,Axis Services,hospital,https://img.naukimg.com/logo_images/groups/v1/178464.gif,,AR Hospital Billing,"1. AR callers || Hyderabad,Chennai,Bangalore,Mumbai | Hyderabad package :8 LPA+8800 Allowances -upto 2 months of notice period chennai package : 5.5 LPA /35k TH + 2200 Allowances -Immediate Joiners preferred Bangalore package : 38k TH -Immediate Joiners preferred Mumbai package :48k TH -Immediate Joiners preferred Eligibility criteria : Experience : Min 1+ year in physician billing & hospital billing in AR calling cab facility : 2 way cab Degree not mandatory 2.Hiring Hospital Billing AR QA Upto 48K Take-home Position: Hospital Billing AR QA Package: Up to 48,000/Month Experience: Minimum 4 Years in AR Calling Minimum 1 Year as Hospital Billing QA (On/Off Papers Accepted) Qualification: Intermediate & Above Benefits: 2-Way Cab Notice Period: Immediate Joiners Only Relieving Letter Not Mandatory 3.AR QA US Healthcare | Upto 12 LPA + 8K Allowances Location: Hyderabad Eligibility: 5+ Years in AR Calling with 1+ yrs as a AR QA - On Papers is Mandate Package : Upto 12 LPA + 8K Allowances Qualification: Degree Mandate Notice Period : 0 to 30 Days Transportation: 2 Way Cab Provided 4.HR Recruiter - Day Shift | Female | Immediate Joiners | Hyderabad | Work from office Eligibility Criteria: Qualification: Any Graduate(Pursuing candidates are not eligible). Fresher || 13000 Month + Incentives Experience: Min 3 months experience into International Voice / recruitment (HR) / AR Caller || 15000 to 20000 + Incentives Excellent communication skills Mandatory. Basic understanding of End-to-End Recruitment. Perks and Benefits: Incentives | Paid leaves | Early logouts Interested candidate can share their resume to HR Navya -+91 78421 37942 ( Call/ Whatsapp) References are highly appreciated Kindly refer to your female colleagues or friends",full_time,non_clinical,https://www.naukri.com/job-listings-ar-hospital-billing-axis-services-hyderabad-chennai-bengaluru-1-to-4-years-070826011809,2026-08-07,1,4,300000,800000,per_annum,INR,true,
India,IN,+91,Visakhapatnam,Nextenti Tech,hospital,https://img.naukimg.com/logo_images/groups/v1/11687426.gif,,Radiologist,"Responsibilities - Perform diagnostic imaging procedures including X-rays, MRIs, CT scans, and ultrasounds to assist in patient diagnosis. - Analyze and interpret medical images to identify abnormalities and provide accurate reports. - Collaborate with medical professionals to discuss imaging results and suggest further diagnostic steps or treatments. - Ensure the safety and comfort of patients during imaging procedures, adhering to safety protocols. - Maintain up-to-date clinical documentation and reports in patient records. - Provide emergency support in interpreting urgent imaging results and advising on immediate medical interventions. - Stay informed about advancements in radiology technology and techniques to improve diagnostic efficiency. - Assist in the training and mentoring of junior staff and radiology technicians. Qualification Md radiology, DNB Radiodiagnosis",full_time,doctors,https://www.naukri.com/job-listings-radiologist-nextenti-tech-visakhapatnam-1-to-2-years-070826011791,2026-08-07,1,2,,,,,true,
India,IN,+91,Mumbai,Kamms Management Consultants,hospital,https://img.naukimg.com/logo_images/groups/v1/21714.gif,,Executive Secretary To CEO,"Any Graduation . Qualifications: . Bachelors degree in a relevant field advanced degree preferred,must have computer skills 5 -6 years of experience in similar functions within the NGO sector,with a proven track record Experience in the healthcare sector and working with cancer patients is highly desirable",full_time,non_clinical,https://www.naukri.com/job-listings-executive-secretary-to-ceo-kamms-mumbai-5-to-10-years-070826911505,2026-08-07,5,10,,,,,true,
India,IN,+91,Hyderabad,Access Healthcare,hospital,https://img.naukimg.com/logo_images/groups/v1/2750596.gif,,Hiring HCC Medical Coders,Role: Certified HCC Coder. Experience: Minimum 1+ year. Certification: Mandatory,full_time,non_clinical,https://www.naukri.com/job-listings-hiring-hcc-medical-coders-access-healthcare-hyderabad-1-to-3-years-070826011475,2026-08-07,1,3,300000,425000,per_annum,INR,true,
India,IN,+91,Hyderabad,Epam Systems,hospital,https://img.naukimg.com/logo_images/groups/v1/4592441.gif,,Lead Integration Developer – Dell Boomi,". Bachelors degree in computer science,Engineering or a related field 12 years of experience in integration development and middleware technologies Proven experience with AWS cloud services Hands-on experience with Kubernetes,specifically Amazon EKS",full_time,non_clinical,https://www.naukri.com/job-listings-lead-integration-developer-dell-boomi-epam-systems-india-private-limited-hyderabad-pune-bengaluru-3-to-4-years-070826911457,2026-08-07,3,4,,,,,true,
India,IN,+91,karve raod,Galaxy Care Hospital,hospital,https://img.naukimg.com/logo_images/groups/v1/4729347.gif,,Infection Control Nurse,"Collection & Tabulation Of daily data of all incidents of hospital acquired infections. To make reqular visit to the clinincal area Key Responsibilities: Collect and tabulate daily data on all incidents of hospital-acquired infections (HAIs) Monitor infection trends and generate regular surveillance reports Investigate infection outbreaks and implement corrective actions Conduct infection control audits and risk assessments in clinical areas Educate and train hospital staff on infection prevention and control (IPC) protocols Ensure proper hand hygiene, sterilization, disinfection, and waste management practices are followed Collaborate with clinical departments to promote a culture of infection prevention",full_time,nurses,https://www.naukri.com/job-listings-infection-control-nurse-galaxy-care-hospital-karve-raod-0-to-2-years-070826911441,2026-08-07,0,2,,,,,true,
India,IN,+91,Chennai,Epam Systems,hospital,https://img.naukimg.com/logo_images/groups/v1/4592441.gif,,Senior Delivery Management Leader - AI productivity solutions,". 15 to 18 years of IT experience,with 8+ years in delivery leadership roles and 3+ years in AI / ML projects",full_time,non_clinical,https://www.naukri.com/job-listings-senior-delivery-management-leader-ai-productivity-solutions-epam-systems-india-private-limited-chennai-coimbatore-7-to-12-years-070826911344,2026-08-07,7,12,,,,,true,
India,IN,+91,Kolkata,Fetomat Wellness,hospital,https://img.naukimg.com/logo_images/groups/v1/11762355.gif,,USG Assistant,"Documentation and Reporting: Assist in preparing briefing materials,reports,and memos as required by the USG for meetings or projects",full_time,non_clinical,https://www.naukri.com/job-listings-usg-assistant-fetomat-wellness-kolkata-1-to-5-years-070826911298,2026-08-07,1,5,,,,,true,
India,IN,+91,New Delhi,Paeds Care,hospital,https://img.naukimg.com/logo_images/groups/v1/12244142.gif,,Medical Research & Script Writer,"Core outcome: Create a referenced master research brief first,then convert the approved evidence into a compelling educational script Convert clinical recommendations into clear,safe and practical advice,including appropriate red flags and guidance on when parents should seek medical care Required Skills Preferred Background",full_time,non_clinical,https://www.naukri.com/job-listings-medical-research-script-writer-paeds-care-new-delhi-5-to-6-years-070826011261,2026-08-07,5,6,,,,,true,
India,IN,+91,Hyderabad,Epam Systems,hospital,https://img.naukimg.com/logo_images/groups/v1/4592441.gif,,Senior Delivery Management Leader - AI productivity solutions,". 15 to 18 years of IT experience,with 8+ years in delivery leadership roles and 3+ years in AI / ML projects",full_time,non_clinical,https://www.naukri.com/job-listings-senior-delivery-management-leader-ai-productivity-solutions-epam-systems-india-private-limited-hyderabad-pune-bengaluru-7-to-12-years-070826911244,2026-08-07,7,12,,,,,true,
India,IN,+91,Cooch Behar,Newday Hr Solution,hospital,https://img.naukimg.com/logo_images/groups/v1/4262144.gif,,Operation Theatre Technician,able to work rotational shifts (9-hour duty) 3 years OT experience in a hospital,full_time,non_clinical,https://www.naukri.com/job-listings-operation-theatre-technician-newday-hr-solution-cooch-behar-1-to-3-years-110626006597,2026-08-07,1,3,250000,350000,per_annum,INR,true,
India,IN,+91,Chennai,Epam Systems,hospital,https://img.naukimg.com/logo_images/groups/v1/4592441.gif,,Delivery Management Leader – AI productivity solutions,". 13 to 15 years of IT experience,with 8+ years in delivery leadership roles and 3+ years in AI / ML projects",full_time,non_clinical,https://www.naukri.com/job-listings-delivery-management-leader-ai-productivity-solutions-epam-systems-india-private-limited-chennai-coimbatore-9-to-14-years-070826911194,2026-08-07,9,14,,,,,true,
India,IN,+91,Hyderabad,Epam Systems,hospital,https://img.naukimg.com/logo_images/groups/v1/4592441.gif,,Delivery Management Leader – AI productivity solutions,". 13 to 15 years of IT experience,with 8+ years in delivery leadership roles and 3+ years in AI / ML projects",full_time,non_clinical,https://www.naukri.com/job-listings-delivery-management-leader-ai-productivity-solutions-epam-systems-india-private-limited-hyderabad-pune-bengaluru-9-to-14-years-070826911145,2026-08-07,9,14,,,,,true,
India,IN,+91,Rajasthan,Lithous Services,hospital,https://img.naukimg.com/logo_images/groups/v1/8891087.gif,,Optometrist,"Clinical Expertise Diagnose and manage various eye conditions, including refractive errors, diseases and other visual disorders Conduct comprehensive eye examinations using specialized diagnostic equipment to assess visual acuity, refractive errors, binocular vision, and overall eye health Diagnose various eye conditions, including but not limited to:Refractive errors (myopia, hyperopia, astigmatism, presbyopia)Ocular diseases (eg.glaucoma, cataracts, macular degeneration, diabetic retinopathy)Ocular manifestations of systemic diseases Visual disorders and abnormalities",full_time,non_clinical,https://www.naukri.com/job-listings-optometrist-lithous-services-pvt-ltd-rajasthan-2-to-4-years-070826911148,2026-08-07,2,4,,,,,true,
India,IN,+91,Cooch Behar,Newday Hr Solution,hospital,https://img.naukimg.com/logo_images/groups/v1/4262144.gif,,Operation Theatre Incharge,"OT professional with experience across all OT departments (General,Ortho,Cardiac,Neuro)",full_time,non_clinical,https://www.naukri.com/job-listings-operation-theatre-incharge-newday-hr-solution-cooch-behar-5-to-10-years-200626018003,2026-08-07,5,10,600000,800000,per_annum,INR,true,
India,IN,+91,Hyderabad,Epam Systems,hospital,https://img.naukimg.com/logo_images/groups/v1/4592441.gif,,Director- Delivery Management,". 20-25 years of IT program delivery experience,with at least5-7 years in leadership roles (Senior Manager,Delivery Lead,etc Scrum Master or SAFe Certified Agilist Knowledge of automation / tools certification (e.g.,Tableau,RPA) . .",full_time,non_clinical,https://www.naukri.com/job-listings-director-delivery-management-epam-systems-india-private-limited-hyderabad-pune-bengaluru-21-to-26-years-070826911091,2026-08-07,21,26,,,,,true,
India,IN,+91,Bengaluru,Epam Systems,hospital,https://img.naukimg.com/logo_images/groups/v1/4592441.gif,,Account Manager - Lifesciences,"This role demands a strong blend of business acumen,delivery oversight,domain expertise in Life Sciences and leadership ideal for a results-driven professional who thrives at the intersection of technology,business and customer experience . 18+ years of experience in account management with large enterprise accounts",full_time,non_clinical,https://www.naukri.com/job-listings-account-manager-lifesciences-epam-systems-india-private-limited-bengaluru-15-to-17-years-070826911058,2026-08-07,15,17,,,,,true,
India,IN,+91,Chennai,Equitas Healthcare Foundation,hospital,https://img.naukimg.com/logo_images/groups/v1/7447865.gif,,Staff Nurse (OT),"Providing surgical patients with perioperative care in recovery, procedure, and operating rooms. Stocking operating rooms with sterile surgical equipment, linens, and supplies. Developing and implementing nursing care plans for surgical patients. Preparing patients for surgery by cleaning and disinfecting areas to be operated on. Assisting surgeons during surgical procedures. Applying sterile techniques in handling medical instruments and equipment pre-, during, and post-surgery. Collaborating with surgical teams and other medical professionals on patient medication and post-surgery care. Updating patient files and medical records. Assisting with the ordering, maintenance, and safe storage of surgical equipment and supplies. Providing patients with post-surgery care instructions and answering questions. Ensure preparation of the material and equipment in the OT, receive patients and take them from the preparation room to the OT, making sure they are ready for surgery Assist the surgeon and anaesthetist during the operation, anticipating their needs in order to facilitate their job; with the nurse anaesthetist, monitor the vital parameters of the patient Organise patient transportation from the OT to the recovery room and carry-out and/or supervise all the postoperative activities to prepare the OT for the next scheduled operation or emergency Implement the hygiene, sterilisation, asepsis and disinfection protocols and procedures at all times, before, during and after operations, to ensure the safety conditions of patients and staff Supervise and train the nurse aides and cleaners while in the OT, following MSF protocols Control all equipment and material stock used in the OT to ensure efficient and rational use of material resources Contribute to monthly reports according to guidelines (statistical reports, etc.)",full_time,nurses,https://www.naukri.com/job-listings-staff-nurse-ot-equitas-healthcare-chennai-gowrivakkam-2-to-5-years-070826911061,2026-08-07,2,5,,,,,true,
India,IN,+91,Manapparai,Kumaraguru College Of Technology,hospital,https://img.naukimg.com/logo_images/groups/v1/647816.gif,,Veterinary Officer,"The candidate should maintain proper documentation,field records,and monitoring reports related to animal health and project activities The position demands strong communication (Tamil & English),stakeholder coordination,and field engagement skills,with willingness to travel up to 50% based on project requirements",full_time,non_clinical,https://www.naukri.com/job-listings-veterinary-officer-kumaraguru-college-of-technology-manapparai-coimbatore-erode-0-to-5-years-070826911051,2026-08-07,0,5,,,,,true,
India,IN,+91,Cooch Behar,Newday Hr Solution,hospital,https://img.naukimg.com/logo_images/groups/v1/4262144.gif,,Consultant Neuroanaesthetist,Experience in neurosurgical OT and neurocritical care in a corporate or large institutional setup is an advantage,full_time,doctors,https://www.naukri.com/job-listings-consultant-neuroanaesthetist-newday-hr-solution-cooch-behar-2-to-5-years-100626005157,2026-08-07,2,5,5000000,6000000,per_annum,INR,true,
India,IN,+91,Bengaluru(Yelahanka),Gokula Education Foundation,hospital,https://img.naukimg.com/logo_images/groups/v1/6163111.gif,,Mri Technician,"Job Description: MRI Technician Job Title: MRI Technician (Magnetic Resonance Imaging Technologist) Job Summary: We are seeking a skilled and detail-oriented MRI Technician to perform high-quality MRI examinations while ensuring patient safety and comfort. The ideal candidate will operate MRI equipment, prepare patients for imaging procedures, maintain accurate records, and collaborate with radiologists and healthcare professionals to support accurate diagnosis and treatment. Key Responsibilities: Perform MRI scans as prescribed by physicians. Prepare and position patients correctly for imaging procedures. Explain MRI procedures and address patient concerns. Operate and maintain MRI equipment according to safety and quality standards. Monitor patients during scans and respond appropriately to any emergencies. Ensure compliance with MRI safety protocols and infection control guidelines. Maintain accurate patient records and imaging documentation. Coordinate with radiologists to ensure optimal image quality. Report equipment malfunctions and assist with routine quality assurance checks. Maintain patient confidentiality and adhere to hospital policies.",full_time,non_clinical,https://www.naukri.com/job-listings-mri-technician-gokula-education-foundation-bengaluru-1-to-3-years-070826010736,2026-08-07,1,3,375000,425000,per_annum,INR,true,
India,IN,+91,Ludhiana,Iospl Technology Services,pharma,https://img.naukimg.com/logo_images/groups/v1/11720113.gif,,Telecaller,"Qualifications: . Education: Graduate (preferably from science,pharma,or related background) Direct prospects to the field sales team when required Experience: 1-3 years of telecalling or telesales experience (preferably in pharma or healthcare industry) Excellent communication and interpersonal skills (English,Hindi,Punjabi preferred)",full_time,non_clinical,https://www.naukri.com/job-listings-telecaller-iospl-technology-services-ludhiana-1-to-2-years-070826910647,2026-08-07,1,2,,,,,true,
India,IN,+91,Ghaziabad,House Of Diagnostics,pharma,https://img.naukimg.com/logo_images/groups/v1/3495236.gif,,Radiology Coordinator,"1.Responsible for greeting patients, collecting appropriate information and scanning documents to the patients' medical record. 2. PNDT registration online & offline.",full_time,non_clinical,https://www.naukri.com/job-listings-radiology-coordinator-house-of-diagnostics-ghaziabad-new-delhi-1-to-4-years-070826910432,2026-08-07,1,4,,,,,true,
India,IN,+91,Ghaziabad,House Of Diagnostics,pharma,https://img.naukimg.com/logo_images/groups/v1/3495236.gif,,Radiology Coordinator,"1.Responsible for greeting patients, collecting appropriate information and scanning documents to the patients' medical record. 2. PNDT registration online & offline.",full_time,non_clinical,https://www.naukri.com/job-listings-radiology-coordinator-house-of-diagnostics-ghaziabad-delhi-ncr-1-to-2-years-070826910430,2026-08-07,1,2,,,,,true,
India,IN,+91,Ghaziabad,House Of Diagnostics,pharma,https://img.naukimg.com/logo_images/groups/v1/3495236.gif,,Radiology Coordinator,"1.Responsible for greeting patients, collecting appropriate information and scanning documents to the patients' medical record. 2. PNDT registration online & offline.",full_time,non_clinical,https://www.naukri.com/job-listings-radiology-coordinator-house-of-diagnostics-ghaziabad-delhi-1-to-3-years-070826910423,2026-08-07,1,3,,,,,true,
India,IN,+91,Pune(Pune  Ahmednagar Highway),Prognopharmaglobal,pharma,https://img.naukimg.com/logo_images/groups/v1/12483342.gif,,nurses For Home service,"We are expanding Home Healthcare & Nursing Services across Pune. Nature of Work Nurses will be deployed to patients' homes for providing professional nursing care, Post-operative patient care Elderly & geriatric care Bedridden patient care",full_time,non_clinical,https://www.naukri.com/job-listings-nurses-for-home-service-progno-pharma-global-pune-0-to-3-years-070826010331,2026-08-07,0,3,252000,360000,per_annum,INR,true,
India,IN,+91,Bengaluru(Whitefield),Osprosys Software,hospital,https://img.naukimg.com/logo_images/groups/v1/4615905.gif,,Walk-in || Direct Walk-in - AR Caller- Experienced-Male candidates,"Insurance follow-up Handle denials, rejections, underpayments, and appeals effectively Understand EOBs, ERAs, and AR aging reports Walk-in : 8th August, 2026 Saturday. CV to careers@osprosys.com contact: 9845701484 No CabDenial management Insurance follow-up Payment posting knowledge Claims status verification Appeal handling Physician/Hospital billing Good communication and negotiation skills",full_time,non_clinical,https://www.naukri.com/job-listings-walk-in-direct-walk-in-ar-caller-experienced-male-candidates-osprosys-software-bengaluru-2-to-4-years-060826031738,2026-08-07,2,4,,,,,true,
India,IN,+91,Mumbai(Khar),Quadrangle,hospital,https://img.naukimg.com/logo_images/groups/v1/3858.gif,,Family Medicine Physician required For Mumbai,"Greetings from Quadrangle, We are inviting application from Family Medicine Physicians with one of the renowned hospital in Mumbai, Post: Associate Consultant Location: Khar-Mumbai Qualification: MD/DNB Family Medicine Work Experience: 3+ years Remunerations: Best as per industry standard For further details, please connect with me at +919220647539(what's app) Best Regards,",full_time,doctors,https://www.naukri.com/job-listings-family-medicine-physician-required-for-mumbai-quadrangle-mumbai-3-to-6-years-070826010184,2026-08-07,3,6,,,,,true,
India,IN,+91,Madurai,INFINX,hospital,https://img.naukimg.com/logo_images/groups/v1/4668391.gif,,Trainee,"Dear Candidate,. We are looking for Trainees to work in the Payment posting process,the shift timing is 8pm to 5am (Night Shift). . Typing speed should be minimum 25words / Minute Only freshers can apply Prepare and share daily / weekly reports as required",full_time,non_clinical,https://www.naukri.com/job-listings-trainee-infinx-madurai-0-to-0-years-070826010176,2026-08-07,0,0,50000,300000,per_annum,INR,true,
India,IN,+91,Mumbai,Smile Foundation,hospital,https://img.naukimg.com/logo_images/groups/v1/75934.gif,,Monitoring Evaluation and Documentation Officer,"About Smile Foundation: Smile Foundation is a national-level development organisation working across India in the areas of education,healthcare,livelihoods and women empowerment,directly reaching children,youth and families in underserved communities Team player with good coordination skills and the ability to work with field teams,school staff and multiple stakeholders",full_time,non_clinical,https://www.naukri.com/job-listings-monitoring-evaluation-and-documentation-officer-smile-foundation-mumbai-all-areas-3-to-7-years-070826010168,2026-08-07,3,7,475000,600000,per_annum,INR,true,
India,IN,+91,Noida,Skinfinity,hospital,https://img.naukimg.com/logo_images/groups/v1/2765226.gif,,Dermatologist Female,"Preferred one year of experience in dermatology,with a strong background in aesthetic procedures Strong attention to detail and excellent problem-solving skills Commitment to associate for a minimum of 1 year Experience using the latest technologies and procedures in dermatology",full_time,doctors,https://www.naukri.com/job-listings-dermatologist-female-skinfinity-derma-clinic-noida-gurugram-1-to-4-years-070826910162,2026-08-07,1,4,,,,,true,
India,IN,+91,Noida,Skinfinity,hospital,https://img.naukimg.com/logo_images/groups/v1/2765226.gif,,Cosmetologist Female,Proven experience as a cosmetologist or in a related field,full_time,doctors,https://www.naukri.com/job-listings-cosmetologist-female-skinfinity-derma-clinic-noida-gurugram-2-to-3-years-070826910161,2026-08-07,2,3,,,,,true,
India,IN,+91,Mumbai(Bandra West),Prayastech,hospital,https://img.naukimg.com/logo_images/groups/v1/4219116.gif,,Microbiologist,"We are hiring a qualified and experienced Microbiologist for a reputed healthcare organization in Bandra West, Mumbai. - Valid MMC Registration is required. Interview Mode - Face-to-Face Interested candidates can apply or contact: 7847943601",full_time,doctors,https://www.naukri.com/job-listings-microbiologist-prayastech-mumbai-all-areas-3-to-8-years-070826010157,2026-08-07,3,8,1500000,2250000,per_annum,INR,true,
India,IN,+91,Gandhidham(Adipur),Gidel Crest,hospital,https://img.naukimg.com/logo_images/groups/v1/11899795.gif,,"Urgent Requirement For Neurology in Gandhidham, Gujarat",Experience: Any. Salary: Negotiable,full_time,doctors,https://www.naukri.com/job-listings-urgent-requirement-for-neurology-in-gandhidham-gujarat-gidel-crest-gandhidham-0-to-7-years-070826010144,2026-08-07,0,7,,,,,true,
India,IN,+91,Jamshedpur,Randstad,hospital,https://img.naukimg.com/logo_images/groups/v1/1422.gif,,Anesthesia Consultant,"Diploma in Anesthesia (DA) or equivalent qualification preferred but not mandatory. . Strong knowledge of anesthesia techniques,pharmacology,and critical care medicine",full_time,doctors,https://www.naukri.com/job-listings-anesthesia-consultant-randstad-jamshedpur-0-to-2-years-070826010087,2026-08-07,0,2,,,,,true,
India,IN,+91,Mumbai(Mulund),Fortis,hospital,https://img.naukimg.com/logo_images/groups/v1/533010.gif,,Walk-in || Ultrasound Technician,Preferred candidate profile,full_time,non_clinical,https://www.naukri.com/job-listings-ultrasound-technician-fortis-mumbai-1-to-4-years-070826010068,2026-08-07,1,4,,,,,true,
India,IN,+91,Kolkata(Sodepur),Jagannath Gupta Institute of Medical Sciences and Hospital (JIMSH),hospital,https://img.naukimg.com/logo_images/groups/v1/4715869.gif,,Pharmacist,"Manages, prepares, and dispenses medications within a medical facility, collaborating with doctors and nurses to optimize patient drug therapies, oversee medication safety, and maintain inventory control",full_time,pharmacists,https://www.naukri.com/job-listings-pharmacist-jagannath-gupta-institute-of-medical-sciences-and-hospital-jimsh-kolkata-1-to-6-years-070826010050,2026-08-07,1,6,180000,360000,per_annum,INR,true,
India,IN,+91,Saharanpur,Esalam Rathi,hospital,https://img.naukimg.com/logo_images/groups/v1/12483088.gif,,General Physician,"DNOOR HOSPITAL Excellence in Patient-Centred Care We Are Hiring General Physician / MBBS Doctor POSITION General Physician / MBBS LOCATION Saharanpur, U.P .EXPERIENCE 3-5 Years EMPLOYMENT Full-Time | Permanent About the Role DNOOR Hospital is looking for an experienced and patient-focused General Physician / MBBS Doctor with 3-5 years of hospital experience to join its clinical team. The selected candidate will be responsible for providing comprehensive medical care across OPD, IPD, Emergency/Casualty, and ward services including patient assessment, diagnosis, treatment planning, monitoring of admitted patients, and timely escalation or referral of critical cases. The ideal candidate should have strong clinical judgment, excellent patient-handling skills, the ability to respond effectively to medical emergencies, and a commitment to ethical, evidence-based patient care. Key Responsibilities 1. OPD & Clinical Consultation Conduct comprehensive OPD consultations and clinical examinations Assess patients, identify presenting symptoms, and formulate appropriate differential diagnoses Diagnose and manage common acute and chronic medical conditions Prescribe appropriate medication and treatment plans Order and interpret relevant laboratory and diagnostic investigations ¢ Explain diagnosis, treatment plans, medications, and follow-up requirements to patients and attendants ¢ Provide preventive healthcare and lifestyle counselling 2. IPD & Ward Management ¢ Conduct regular rounds of admitted patients ¢ Monitor patient progress, vital signs, investigations, and response to treatment ¢ Review and modify treatment plans as clinically indicated ¢ Coordinate with consultants and specialists for complex or deteriorating cases ¢ Ensure timely admission, transfer, referral, and discharge processes ¢ Prepare accurate clinical notes, progress notes, and discharge summaries 3. Emergency & Casualty Management ¢ Assess and provide immediate medical care to emergency patients ¢ Rapidly identify and stabilize critically ill patients ¢ Handle common medical emergencies, including acute respiratory distress, chest pain, seizures, altered sensorium, severe infections, uncontrolled hypertension, and hypoglycemia/hyperglycemia ¢ Initiate appropriate emergency investigations and treatment ¢ Recognize cases requiring higher-level critical care and arrange timely referral/transfer ¢ Respond promptly to emergency calls and clinical deterioration ¢ Participate in Code Blue and other emergency response procedures as required 4. Patient Monitoring & Clinical Decision-Making ¢ Monitor high-risk and medically complex patients ¢ Review investigation reports and correlate findings clinically ¢ Maintain continuity of care through proper handovers ¢ Identify early warning signs of deterioration ¢ Take timely clinical decisions within the scope of practice ¢ Escalate cases to appropriate specialists whenever required 5. Coordination with Hospital Teams ¢ Coordinate effectively with consu",full_time,doctors,https://www.naukri.com/job-listings-general-physician-danoor-hospital-saharanpur-3-to-5-years-070826009999,2026-08-07,3,5,1200000,1800000,per_annum,INR,true,
India,IN,+91,Jamshedpur,Randstad,hospital,https://img.naukimg.com/logo_images/groups/v1/1422.gif,,Radiation Oncologist,Participate in quality improvement initiatives to enhance departmental efficiency and patient satisfaction. . Desired Candidate Profile . MS / MD (Radiation Oncology) degree from a recognized institution. . DMRT (Diploma in Medical Radiotherapy Technician) certification preferred but not mandatory. . 0-5 years of experience as a Radiation Oncologist,full_time,doctors,https://www.naukri.com/job-listings-radiation-oncologist-randstad-jamshedpur-0-to-5-years-070826009998,2026-08-07,0,5,,,,,true,
India,IN,+91,Haridwar,Hector And Streak Consulting,hospital,https://img.naukimg.com/logo_images/groups/v1/6542995.gif,,Territory Sales Manager- Personal Protective equipment' & Safety soln.,"Preferred candidate profile Candidates must have strong connections with doctors and hospitals Experience: 8+ years of technical sales experience,technical support,or laboratory experience is preferred Experience of selling into sterile manufacturing",full_time,non_clinical,https://www.naukri.com/job-listings-territory-sales-manager-personal-protective-equipment-safety-soln-hector-and-streak-consulting-haridwar-indore-8-to-11-years-070826009970,2026-08-07,8,11,900000,1100000,per_annum,INR,true,
India,IN,+91,Jamshedpur,Randstad,hospital,https://img.naukimg.com/logo_images/groups/v1/1422.gif,,Radiologist,"Participate in quality control measures to ensure accuracy of diagnoses. . Desired Candidate Profile . 0-5 years of experience as a Radiologist or equivalent role. . Medical degree (MD / DNB/DMRE) or DM (Doctor of Medicine) / Fellowship in Interventional Radiology preferred. . Strong knowledge of radio diagnosis,radiology,MRI,USG,Ultrasound,CT scan technologies",full_time,doctors,https://www.naukri.com/job-listings-radiologist-randstad-jamshedpur-0-to-5-years-070826009798,2026-08-07,0,5,,,,,true,
India,IN,+91,Coimbatore,Omega Healthcare,hospital,https://img.naukimg.com/logo_images/groups/v1/644276.gif,,Walk-in || Omega healthcare is hiring For fresher(Certified) Medical coder at CBE,"Omega healthcare management. . We are hiring for fresher Medical coder(CPC-Certified) Certified - CPC(Mandatory) . Education : Bachelors or Masters degree in Life Sciences (BSc / MSc Nursing,Biotechnology,Microbiology,Biochemistry,Zoology) or Allied Health / Paramedical fields (BPT,BDS,Pharmacy)",full_time,non_clinical,https://www.naukri.com/job-listings-omega-healthcare-is-hiring-for-fresher-certified-medical-coder-at-cbe-omega-healthcare-coimbatore-0-to-0-years-070826009765,2026-08-07,0,0,125000,250000,per_annum,INR,true,
India,IN,+91,Delhi / NCR,Jain Hospital,hospital,https://img.naukimg.com/logo_images/groups/v1/741274.gif,,Dermatologist,"Required highly skilled Dermatologist in Kiara Lifestyle Clinic. Evaluate, diagnose, and manage dermatological conditions in OPD and IPD under consultant supervision. Manage common dermatological emergencies and provide follow-up care.",full_time,doctors,https://www.naukri.com/job-listings-dermatologist-jain-hospital-delhi-ncr-1-to-5-years-060126024851,2026-08-07,1,5,1200000,1800000,per_annum,INR,true,
India,IN,+91,Chennai,Capture Meditech,hospital,https://img.naukimg.com/logo_images/groups/v1/10059320.gif,,Area Sales Manager,"Drive NPWT case generation, doctor engagement, distributor management, sales targets, team supervision, government tenders, market expansion, stock & payment follow-up, clinical support, reporting, and territory growth.",full_time,non_clinical,https://www.naukri.com/job-listings-area-sales-manager-capture-meditech-chennai-1-to-3-years-070826009667,2026-08-07,1,3,180000,960000,per_annum,INR,true,
India,IN,+91,Bengaluru,Infosys,hospital,https://img.naukimg.com/logo_images/groups/v1/13832.gif,,Senior Stress Engineer - Aerostructures,"Educational Requirements Master Of Science Master Of Comp. Applications Master Of Technology Master Of Engineering Bachelor Of Science Bachelor Of Comp. Applications Bachelor Of Technology Bachelor Of Engineering Service Line Engineering Services Responsibilities Perform static, fatigue, and damage tolerance analysis using classical hand calculations. Apply Boeing Static and Book 1, 2, and 3 Fatigue Analysis methodologies. Use Boeing stress tools: IAS, XSA/SA+, FEADMS, IDTAS, Moss-Duberg, FAMOSS. Extract loads from Finite Element Models and determine critical failure modes. Analyze primary and secondary metallic and composite structures. Interpret engineering drawings and coordinate with cross-functional teams. Prepare Engineering Stress Reports ensuring compliance and safety. Collaborate with onsite coordinators to meet customer expectations. Additional Responsibilities Experience in metallic and composite structural analysis. Proficiency in Finite Element Analysis tools (Nastran, Patran). Knowledge of MRB and SRM processes. Experience with CATIA V5, Enovia. Strong communication and technical report writing skills. Technical and Professional Requirements Bachelors degree in Mechanical or Aerospace Engineering. 612 years of experience in aerospace stress analysis. Expertise in static, fatigue, and damage tolerance calculations. Familiarity with Boeing stress methodologies and tools. Preferred Skills Technology- >CAD- >CATIA- >CATIA V5 Technology- >Finite Element Analysis- >Finite Element Analysis - Others Domain- >Aerospace- >Aerospace Basics",full_time,non_clinical,https://www.naukri.com/job-listings-senior-stress-engineer-aerostructures-infosys-limited-bengaluru-6-to-11-years-040826909663,2026-08-07,6,11,,,,,true,
India,IN,+91,Amritsar,Amandeep Hospital,hospital,https://img.naukimg.com/logo_images/groups/v1/2147656.gif,,Walk-in || Senior Medical Officer,Manage RMO and duty roster Ensure that high quality and cost-effective primary care is consistently delivered,full_time,doctors,https://www.naukri.com/job-listings-senior-medical-officer-amandeep-hospital-amritsar-5-to-10-years-070826009656,2026-08-07,5,10,550000,900000,per_annum,INR,true,
India,IN,+91,Bengaluru,TATA 1 MG,hospital,https://img.naukimg.com/logo_images/groups/v1/2016162.gif,,Urgent Hiring For Senior Pharmacist || Bangalore,Experience in Retail Pharmacy,full_time,pharmacists,https://www.naukri.com/job-listings-urgent-hiring-for-senior-pharmacist-bangalore-tata-1-mg-bengaluru-2-to-4-years-070826009569,2026-08-07,2,4,125000,200000,per_annum,INR,true,
India,IN,+91,Chennai,Blue Chip Hr Solutions,hospital,https://img.naukimg.com/logo_images/groups/v1/331798.gif,,AR Recovery Analyst For a Leading RCM company,"Accounts Receivable Recovery Analyst Will be responsible for managing all data activities associated to work allocation, daily deliverables, payroll, attendance, incentives & variable pay. Track all data related to efficiency occupancy.Strong knowledge on medical billing workflows, claims processing, and reimbursement policies. Proficiency in data analysis, SQL, Excel, and RCM reporting tools. Pl call 8939678664 / 8680876555",full_time,non_clinical,https://www.naukri.com/job-listings-ar-recovery-analyst-for-a-leading-rcm-company-blue-chip-hr-solutions-chennai-1-to-6-years-020726023656,2026-08-07,1,6,,,,,true,
India,IN,+91,Chennai,Blue Chip Hr Solutions,hospital,https://img.naukimg.com/logo_images/groups/v1/331798.gif,,AR Escalation Specialist For a Leading RCM company,At least one year in the data entry field and one year in medical billing and claims resolution preferred. AAHAM and / or HFMA certification preferred. Pl call 8939678664 / 8680876555,full_time,non_clinical,https://www.naukri.com/job-listings-ar-escalation-specialist-for-a-leading-rcm-company-blue-chip-hr-solutions-chennai-1-to-6-years-020726024681,2026-08-07,1,6,,,,,true,
India,IN,+91,Bengaluru,Alegeus,hospital,https://img.naukimg.com/logo_images/groups/v1/5990582.gif,,Expert Software Engineer,"Job Summary Join our team at Alegeus, where youll experience unmatched opportunity and a culture that cares deeply about succeeding together. As an Expert Software Engineer II, youll drive our technology vision forward and push the boundaries of innovation with cutting-edge solutions. This is your opportunity to work with groundbreaking technology and tackle complex challenges, shaping of future of our tech landscape. If you are passionate about innovation and eager to make a difference, we would love to have you as a part of our dynamic and forward-thinking team. Opportunity Happens Here Realize Yours Alongside the best and the brightest, you will regularly: Build elegant, scalable microservices using Node.js or .NET on Azurebringing modern architectures, DDD principles and clean APIs to life. Shape the product, not just the code by partnering with product, design, QA and business teams to influence solutions from idea through customer impact. Own features end-to-endfrom whiteboard to productionensuring customers feel the value of what youve shipped. Champion engineering excellence through TDD, automated testing, code reviews, refactoring and hands-on mentorship. Continuously improve how we build by optimizing architecture, performance, observability and engineering practices. Leverage cuttingedge tools (including AI) to accelerate development, testing, documentation and innovation. Essential Skills for Creating a Lasting Impact Alegeus colleagues are known as problem-solvers, risk-takers, and innovative thinkers. As an Expert Software Engineer II, these skills are essential for success: Abilities: Bring deep engineering craftsmanshipfrom strong TDD discipline and handson experience with unit/integration test automation, to proficiency in C#/.NET (with Node.js or similar frameworks a plus), to building cloudnative microservices/microfrontends with eventdriven patterns, Azure SQL/CosmosDB integration, modern DevOps (CI/CD, containers, IaC), and the communication skills to collaborate across teams and translate complex engineering into clear business value. Experience: 7+ years of professional software engineering experience at a software product company (building software products sold to businesses or consumers); services/consultancy company backgrounds will only be considered if they involve product engineering in healthcare payments or similar domains. Education: Bachelors or masters degree in computer science, engineering or a related field preferred. Location: Bangalore, India",full_time,non_clinical,https://www.naukri.com/job-listings-expert-software-engineer-alegeus-technologies-india-private-limited-bengaluru-12-to-17-years-070826909466,2026-08-07,12,17,,,,,true,
India,IN,+91,Pune,2coms,hospital,https://img.naukimg.com/logo_images/groups/v1/467982.gif,,Hiring Freshers For Non IT/Non voice- Mumbai,"Shift: Rotational including Night Shifts Flexibility to work night shifts . Bachelors degree in BA,Bcom,BBA or any other Non Technical Background . Freshers from 2025 and 2026 pass - outs Only 2025,2026 graduates (with all the semester online marksheets or must have 5 semesters original Marksheet and 6th semester online marksheet)",full_time,non_clinical,https://www.naukri.com/job-listings-hiring-freshers-for-non-it-non-voice-mumbai-2coms-pune-1-to-2-years-220426014170,2026-08-07,1,2,,,,,true,
India,IN,+91,Hyderabad,CGI,hospital,https://img.naukimg.com/logo_images/groups/v1/1402790.gif,,PEGA Developer,"Position Description: Job Title: Pega Developer (CSSA Certified) Position: Senior Software Engineer Experience: 5 8 Years Category: Software Development / BPM Shift: General Shift Main Location: Hyderabad / Bangalore / Chennai Position ID: J0626-2474 Employment Type: Full Time Education Qualification: Bachelors degree in Computer Science, Information Technology, Engineering, or related field. ________________________________________ Position Description: We are seeking an experienced and skilled Pega Developer (CSSA Certified) to design, develop, and implement enterprise-level Business Process Management (BPM) applications using the Pega platform. The ideal candidate should possess strong expertise in Pega Case Management, workflow automation, integrations, and application development while adhering to Pega best practices and guardrails. The candidate will collaborate with cross-functional teams to deliver scalable, high-quality enterprise solutions in an Agile environment. #LI-AS26 Your future duties and responsibilities: Pega Application Development Design, develop, and implement enterprise-level Pega BPM applications. Build and configure: oCase Types oFlows oUser Interface (UI) Sections oData Models oBusiness Rules oIntegrations Ensure compliance with Pega Guardrails and development best practices. Case Management Workflow Design Design end-to-end business workflows using Pega Case Management. Develop reusable components, frameworks, and rule sets. Configure business rules, decision tables, validations, and routing logic. Integration APIs Develop and consume REST and SOAP web services. Integrate Pega applications with external systems using: oREST/SOAP APIs oConnectors and Services oFile Processing Ensure secure and reliable data exchange across enterprise systems. Performance Optimization Analyze application performance and identify bottlenecks. Optimize application scalability and performance. Follow enterprise architecture standards and coding guidelines. Code Quality Testing Perform unit testing and peer code reviews. Prepare technical documentation and deployment artifacts. Support QA teams during Integration Testing, System Testing, and UAT. Ensure high-quality and defect-free deliverables. Agile Delivery Participate actively in Agile/Scrum ceremonies. Collaborate with Business Analysts, Solution Architects, Product Owners, and QA teams. Provide technical estimates and participate in sprint planning activities. Support production deployments and post-production activities. Required qualifications to be successful in this role: Must-Have Skills: 58 years of hands-on experience in Pega Application Development. Pega CSSA (Certified Senior System Architect) Certification. Strong expertise in Pega Case Management. Hands-on experience with: oCase Types oFlows oSections oHarnesses oData Pages oDecision Tables oActivities oData Transforms Experience in REST and SOAP web service integrations. Strong understanding of Pega Guardrails and best pract",full_time,non_clinical,https://www.naukri.com/job-listings-pega-developer-cgi-information-systems-and-management-consultants-hyderabad-1-to-5-years-070826909452,2026-08-07,1,5,,,,,true,
India,IN,+91,Hyderabad,CGI,hospital,https://img.naukimg.com/logo_images/groups/v1/1402790.gif,,PEGA Developer,"Position Description: Job Title: Pega Developer (CSSA Certified) Position: Senior Software Engineer Experience: 5 8 Years Category: Software Development / BPM Shift: General Shift Main Location: Hyderabad / Bangalore / Chennai Position ID: J0626-2486 Employment Type: Full Time Education Qualification: Bachelors degree in Computer Science, Information Technology, Engineering, or related field. ________________________________________ Position Description: We are seeking an experienced and skilled Pega Developer (CSSA Certified) to design, develop, and implement enterprise-level Business Process Management (BPM) applications using the Pega platform. The ideal candidate should possess strong expertise in Pega Case Management, workflow automation, integrations, and application development while adhering to Pega best practices and guardrails. The candidate will collaborate with cross-functional teams to deliver scalable, high-quality enterprise solutions in an Agile environment. #LI-AS26 Your future duties and responsibilities: Pega Application Development Design, develop, and implement enterprise-level Pega BPM applications. Build and configure: oCase Types oFlows oUser Interface (UI) Sections oData Models oBusiness Rules oIntegrations Ensure compliance with Pega Guardrails and development best practices. Case Management Workflow Design Design end-to-end business workflows using Pega Case Management. Develop reusable components, frameworks, and rule sets. Configure business rules, decision tables, validations, and routing logic. Integration APIs Develop and consume REST and SOAP web services. Integrate Pega applications with external systems using: oREST/SOAP APIs oConnectors and Services oFile Processing Ensure secure and reliable data exchange across enterprise systems. Performance Optimization Analyze application performance and identify bottlenecks. Optimize application scalability and performance. Follow enterprise architecture standards and coding guidelines. Code Quality Testing Perform unit testing and peer code reviews. Prepare technical documentation and deployment artifacts. Support QA teams during Integration Testing, System Testing, and UAT. Ensure high-quality and defect-free deliverables. Agile Delivery Participate actively in Agile/Scrum ceremonies. Collaborate with Business Analysts, Solution Architects, Product Owners, and QA teams. Provide technical estimates and participate in sprint planning activities. Support production deployments and post-production activities. Required qualifications to be successful in this role: Must-Have Skills: 58 years of hands-on experience in Pega Application Development. Pega CSSA (Certified Senior System Architect) Certification. Strong expertise in Pega Case Management. Hands-on experience with: oCase Types oFlows oSections oHarnesses oData Pages oDecision Tables oActivities oData Transforms Experience in REST and SOAP web service integrations. Strong understanding of Pega Guardrails and best pract",full_time,non_clinical,https://www.naukri.com/job-listings-pega-developer-cgi-information-systems-and-management-consultants-hyderabad-1-to-5-years-070826909450,2026-08-07,1,5,,,,,true,
India,IN,+91,Hyderabad(Maheshwaram),Nextenti Tech,hospital,https://img.naukimg.com/logo_images/groups/v1/11687426.gif,,Ip Billing Executive,"We are looking for a detail-oriented and experienced In-Patient (IP) Billing Executive to manage hospital in-patient billing operations. The ideal candidate should have strong knowledge of hospital billing procedures, insurance claim processing, and government healthcare schemes while ensuring accurate and timely billing for patients. Key Responsibilities Process and manage In-Patient (IP) billing accurately in accordance with hospital policies and procedures. Verify patient information, treatment details, investigations, and services with clinical departments to ensure correct billing. Prepare and maintain accurate billing records, adjustments, and financial documentation. Coordinate with consultants, nursing staff, and other departments to resolve billing discrepancies. Handle insurance claim documentation and coordinate with Insurance TPAs for approvals, claims processing, and follow-ups. Manage billing related to CGHS, ECHS, corporate packages, and cashless insurance cases. Prepare final discharge estimates and ensure timely clearance of patient accounts before discharge. Assist patients and their families by explaining billing details, charges, and payment procedures. Generate billing reports and MIS for management review and financial analysis. Ensure compliance with hospital billing protocols, insurance regulations, and statutory requirements. Maintain confidentiality of patient information and financial records. Required Skills Strong knowledge of Hospital Information Systems (HIS) and medical billing processes. Hands-on experience with Insurance TPA protocols, CGHS, ECHS, and corporate billing packages. Expertise in final discharge estimation and cashless claim processing. Excellent analytical, numerical, and problem-solving skills. Good communication and interpersonal skills. Ability to work under pressure in a fast-paced hospital environment. Strong attention to detail and accuracy. Qualifications Bachelor's Degree (Preferably B.Com, BBA, Accounting, Finance, or Healthcare Administration). 25 years of experience in In-Patient Billing within a hospital setting. Experience in handling insurance claims and government healthcare schemes is mandatory. Preferred Candidate Candidates with prior experience in multi-specialty hospitals. Strong understanding of Insurance TPA protocols, CGHS/ECHS schemes, package billing, and discharge estimation. Immediate joiners will be preferred.",full_time,non_clinical,https://www.naukri.com/job-listings-ip-billing-executive-nextenti-tech-hyderabad-1-to-3-years-070826009391,2026-08-07,1,3,,,,,true,
India,IN,+91,Bengaluru,RV Educational Institutions,hospital,https://img.naukimg.com/logo_images/groups/v1/6287841.gif,,Lab Instructor,Conduct and supervise laboratory sessions for undergraduate students in allied and healthcare programs Masters Degree or additional certifications is an added advantage Minimum two years of relevant experience in a laboratory / clinical setting or academic institution Experience : . Prior experience in academic instruction is an added advantage.,full_time,non_clinical,https://www.naukri.com/job-listings-lab-instructor-rv-educational-institutions-bengaluru-2-to-7-years-070826009341,2026-08-07,2,7,300000,425000,per_annum,INR,true,
India,IN,+91,Kolhapur(Ujalaiwadi),Gidel Crest,hospital,https://img.naukimg.com/logo_images/groups/v1/11899795.gif,,Urgent Requirement For Haematology in Kolhapur Maharashtra,Experience: Minimum 2 years. Salary: Negotiable Note: The Doctor should be able to perform Bone Marrow Transplant (BMT) procedure independently,full_time,non_clinical,https://www.naukri.com/job-listings-urgent-requirement-for-haematology-in-kolhapur-maharashtra-gidel-crest-kolhapur-2-to-5-years-070826009305,2026-08-07,2,5,,,,,true,
India,IN,+91,Ranchi,Manipal Hospitals,hospital,https://img.naukimg.com/logo_images/groups/v1/4070.gif,,Infection Control Nurse,Certification in Infection Control (CIC) is preferred Collaborating with other healthcare professionals to improve patient care initiatives related to infection control. . To succeed in this role you should have the following: A nursing degree with a valid nursing license and certification in Infection Control preferred,full_time,nurses,https://www.naukri.com/job-listings-infection-control-nurse-manipal-hospitals-ranchi-3-to-5-years-070826009084,2026-08-07,3,5,,,,,true,
India,IN,+91,Amritsar,Amandeep Hospital,hospital,https://img.naukimg.com/logo_images/groups/v1/2147656.gif,,Occupational Therapist,"Maintains treatment records, educates patients and caregivers, and collaborates with the multidisciplinary healthcare team to ensure effective rehabilitation and quality patient care.",full_time,non_clinical,https://www.naukri.com/job-listings-occupational-therapist-amandeep-hospital-amritsar-4-to-9-years-070826009029,2026-08-07,4,9,200000,325000,per_annum,INR,true,
India,IN,+91,Dehradun,Shri Guru Ram Rai Institute ofMedical& Health Sciences,hospital,https://img.naukimg.com/logo_images/groups/v1/4884937.gif,,Radiology-Associate Professor,"Teach undergraduate and postgraduate students through lectures,demonstrations,and clinical training",full_time,doctors,https://www.naukri.com/job-listings-radiology-associate-professor-shri-guru-ram-rai-institute-ofmedical-health-sciences-dehradun-5-to-7-years-070826009011,2026-08-07,5,7,,,,,true,
India,IN,+91,Gurugram(Sector 59),Max Healthcare,hospital,https://img.naukimg.com/logo_images/groups/v1/95822.gif,,Human resources  - Payroll,Post Graduate (preferably MBA in HR). Minimum Qualifications Providing reliving letters & experience letters to the employees Experience More than 4 years of relevant experience,full_time,non_clinical,https://www.naukri.com/job-listings-human-resources-payroll-max-healthcare-gurugram-4-to-8-years-070826008982,2026-08-07,4,8,,,,,true,
India,IN,+91,Bareilly(Gulzar Nagar),Gidel Crest,hospital,https://img.naukimg.com/logo_images/groups/v1/11899795.gif,,"Urgent Requirement For Pulmonologist in Bareilly, Uttarpradesh",Experience: Any. Salary: Negotiable,full_time,doctors,https://www.naukri.com/job-listings-urgent-requirement-for-pulmonologist-in-bareilly-uttarpradesh-gidel-crest-bareilly-0-to-7-years-070826008940,2026-08-07,0,7,,,,,true,
India,IN,+91,Dehradun,Shri Guru Ram Rai Institute ofMedical& Health Sciences,hospital,https://img.naukimg.com/logo_images/groups/v1/4884937.gif,,Anesthesiology-Associate Professor,Teach undergraduate and postgraduate students in the field of anesthesiology Develop curriculum for anaesthesiology courses at both undergraduate and postgraduate levels,full_time,doctors,https://www.naukri.com/job-listings-anesthesiology-associate-professor-shri-guru-ram-rai-institute-ofmedical-health-sciences-dehradun-5-to-7-years-070826008857,2026-08-07,5,7,,,,,true,
India,IN,+91,Muktsar,Mv Palacements Panipat,hospital,https://img.naukimg.com/logo_images/groups/v1/11720977.gif,,Urgent requirement For Pediatrics in hospitals,"JOB OPENING FOR PEDIATRICS IN MEDICAL COLLEGE HARYANA-BEHAL PUNJAB-MUKTSRA ODISHA CHHATTISGARH ASSAM-GOALPARA,DHUBRI RAJASTHAN-BALOTRA GUJARAT-DAHOS ATTRACTIVE SALARY PACKAGE CONTACT: 8708989046 9350703989 7988255546 Email: mvpalacements@gmail.com",full_time,doctors,https://www.naukri.com/job-listings-urgent-requirement-for-pediatrics-in-hospitals-mv-palacements-panipat-muktsar-balotra-bhiwani-0-to-4-years-070826008829,2026-08-07,0,4,2500000,3250000,per_annum,INR,true,
India,IN,+91,Mumbai Suburban,Indira Ivf Hospital,hospital,https://img.naukimg.com/logo_images/groups/v1/2876480.gif,,Relationship Manager,Designation :Relationship Manager . Qualification : Graduation. Industry : Medical IVF Hospital only. Preferred Location - Experience : 2 to 7 years,full_time,non_clinical,https://www.naukri.com/job-listings-relationship-manager-indira-ivf-hospital-mumbai-suburban-2-to-7-years-070826008726,2026-08-07,2,7,300000,600000,per_annum,INR,true,
India,IN,+91,Telangana,Compass Enterprises,hospital,https://img.naukimg.com/logo_images/groups/v1/8510793.gif,,Sales Manager-IVD/Diagnostics,"Skills & Competencies . Strong knowledge of IVD products (Rapid Tests,ELISA,CLIA,Molecular preferred) Proven experience in distributor and channel management Willingness to travel extensively across assigned territories",full_time,non_clinical,https://www.naukri.com/job-listings-sales-manager-ivd-diagnostics-compass-enterprises-telangana-andhra-pradesh-odisha-6-to-10-years-040726009595,2026-08-07,6,10,,,,,true,
India,IN,+91,Bengaluru(Karnataka Layout),Compass Enterprises,hospital,https://img.naukimg.com/logo_images/groups/v1/8510793.gif,,Sales Manager IVD / Diagnostics,"Skills & Competencies . Strong knowledge of IVD products (Rapid Tests,ELISA,CLIA,Molecular preferred) Proven experience in distributor and channel management Willingness to travel extensively across assigned territories . .",full_time,non_clinical,https://www.naukri.com/job-listings-sales-manager-ivd-diagnostics-compass-enterprises-bengaluru-tamilnadu-kerala-6-to-10-years-040726010364,2026-08-07,6,10,,,,,true,
India,IN,+91,Hyderabad,Hireworks Recruitment Consultants,hospital,https://img.naukimg.com/logo_images/groups/v1/6137927.gif,,Senior Ar Caller,Shift: Night Shift (US Business Hours) Flexibility: Willingness to work regular night shifts Good day . Walk-in Interview: AR Caller (US Healthcare Voice Process) Experience: 1 to 4 years of experience in US Healthcare AR Calling,full_time,non_clinical,https://www.naukri.com/job-listings-senior-ar-caller-hireworks-recruitment-consultants-hyderabad-chennai-bengaluru-1-to-4-years-070826008523,2026-08-07,1,4,200000,550000,per_annum,INR,true,
India,IN,+91,Anand,Bhaikaka University,hospital,https://img.naukimg.com/logo_images/groups/v1/4453148.gif,,Lab Assistant,"Required Qualifications: . Bachelors degree in Life Sciences,Physiology,Biotechnology,Microbiology,Medical Laboratory Technology,or a related discipline Freshers with relevant laboratory exposure are encouraged to apply Preferred Skills: . Good documentation and record-keeping skills Good communication and interpersonal skills",full_time,non_clinical,https://www.naukri.com/job-listings-lab-assistant-bhaikaka-university-anand-0-to-2-years-060826013705,2026-08-07,0,2,,,,,true,
India,IN,+91,Indore,JAIPURIA GROUP OF EDUCATIONAL INSTITUTIONS,hospital,https://img.naukimg.com/logo_images/groups/v1/463312.gif,,Hiring For Residential Female Nurse - Indore (Female Only),"Required only Female residential Nurse. Role & responsibilities :- Provide first aid and emergency care to students and staff as needed. Monitor the health status of students, especially those with chronic conditions or recent illnesses. Maintain accurate health records and ensure confidentiality of student medical information. Coordinate with local hospitals, clinics, and emergency services for referrals and emergencies. Manage and maintain the college infirmary, including medical supplies and equipment. Conduct regular health check-ups and wellness programs. Educate students on hygiene, nutrition, and general health awareness. Ensure implementation of proper infection control procedures. Respond promptly to medical calls and be available during non-working hours for residential emergencies. Assist during college medical camps, vaccination drives, and health awareness activities. Preferred candidate profile :- Clinical and emergency care skills Empathy, patience, and excellent communication Ability to work independently and handle medical situations calmly Strong organizational and record-keeping abilities Willingness to stay on campus full-time Diploma or Degree in Nursing (GNM/B.Sc. Nursing) from a recognized institute. Minimum 1 year of relevant nursing experience (experience in a residential setting is preferred).",full_time,nurses,https://www.naukri.com/job-listings-hiring-for-residential-female-nurse-indore-female-only-jaipuria-group-of-educational-institutions-indore-1-to-4-years-070826008032,2026-08-07,1,4,,,,,true,
India,IN,+91,Hyderabad,Access Healthcare,hospital,https://img.naukimg.com/logo_images/groups/v1/2750596.gif,,Hiring HCC Medical Coders,Role: Certified HCC Coder. Experience: Minimum 1+ year. Certification: Mandatory,full_time,non_clinical,https://www.naukri.com/job-listings-hiring-hcc-medical-coders-access-healthcare-hyderabad-1-to-3-years-070826005162,2026-08-07,1,3,300000,425000,per_annum,INR,true,
India,IN,+91,Navi Mumbai,Medpace Clinical Research India,pharma,https://img.naukimg.com/logo_images/groups/v1/4725119.gif,,Clinical Research Associate Entry,"Title Our successful Clinical Research Associates possess varied backgrounds in medical and other science-related healthcare fields. Individuals who have succeeded in the CRA role include: Nurses Dieticians Pharmacy Technicians Pharmaceutical/Device Sales Representatives Biotech Engineers PhD/Pharm.D candidates Health and Wellness Coordinators Research Assistants. PACE® – MEDPACE CRA TRAINING PROGRAM No research experience is needed as Medpace provides comprehensive initial and ongoing training, unmatched by other CROs. Through our PACE® Training Program, you will join other Professionals Achieving CRA Excellence: PACE® provides the platform to effectively and confidently carry out your duties, enhance your current abilities and ultimately help you become a high-functioning independent Medpace CRA. PACE® will prepare you by developing your CRA skills through interactive discussions and hands on job-related exercises and practicums. To supplement your in-house and field-based training you may also participate in other clinical research departmental core rotations, learning other aspects of the drug/device development and approval process. UNEXPECTED REWARDS This role takes you on a journey through travel and excitement which will allow you to make a difference on a large scale through the enhancement of pharmaceuticals and medical devices. The CRA position provides many other distinctive advantages including: Dynamic working environment, with varying responsibilities day-to day Expansive experience in multiple therapeutic areas Work within a team of therapeutic and regulatory experts Defined CRA promotion and growth ladder with potential for mentoring and management advancements Competitive pay and opportunity for significant travel bonus Overview Medpace is a full-service clinical contract research organization (CRO) providing phase l-lV clinical development services to the biotechnology, pharmaceutical, and medical device industries. Our mission is to accelerate the global development of safe and effective medical therapeutics through the advancement of clinical research. We leverage in-country regulatory and therapeutic expertise across all major therapeutic areas including oncology, cardiology, metabolic, endocrinology, central nervous system, and anti-viral and anti-infective. Headquartered in Cincinnati, Ohio, we employ more than 6,500 people across 40+ countries. Responsibilities As a CRA Entry, you will specifically be responsible for the following: Conduct qualification, initiation, monitoring, and closeout visits for research sites in compliance with the approved protocol; Communication with the medical site staff including coordinators, clinical research physicians and their site staff; Verifying adequate investigator qualifications, training and resources, including facilities, laboratories, equipment, and staff; Medical record and research source documentation verification against case report form data, including informing the site st",full_time,non_clinical,https://www.naukri.com/job-listings-clinical-research-associate-entry-medpace-clinical-research-india-navi-mumbai-0-to-1-years-020626011479,2026-08-06,0,1,,,,,true,
India,IN,+91,Navi Mumbai,Medpace Clinical Research India,pharma,https://img.naukimg.com/logo_images/groups/v1/4725119.gif,,Experienced Clinical Research Associate,". Medical record and research source documentation verification against case report form data,including informing the site staff of any entry errors,ensuring good documentation practices are being adhered to and communicating protocol deviations appropriately per SOPs,GCP and applicable regulatory requirements",full_time,non_clinical,https://www.naukri.com/job-listings-experienced-clinical-research-associate-medpace-clinical-research-india-navi-mumbai-0-to-2-years-020626011478,2026-08-06,0,2,,,,,true,
India,IN,+91,Haldwani,Rukhar Talent Healthcare Recruitment Consultancy,hospital,https://img.naukimg.com/logo_images/groups/v1/12432090.gif,,Cardiologist,"Requirement of Interventional Cardiologist At Haldwani (Uttrakhand) In a 250 Bedded Multi Super Speciality Hospital. Salary Range : 5.00 Lac to 8 .00 Lac per month depends upon experience. Regards, RT Consultancy 846707925 Call or whatsapp",full_time,doctors,https://www.naukri.com/job-listings-cardiologist-rukhar-talent-healthcare-recruitment-consultancy-haldwani-0-to-3-years-070826000523,2026-08-06,0,3,6000000,9600000,per_annum,INR,true,
India,IN,+91,Chennai(Perungudi),Centaur Billing,hospital,https://img.naukimg.com/logo_images/groups/v1/7228147.gif,,Bulk Hiring - Prior Authorization - Voice,"Good understanding of Commercial,Medicare,Medicaid,and Managed Care Plans Preferred Candidate Profile Experience in Prior Authorization (Voice Process) is preferred Immediate Joiners Preferred",full_time,non_clinical,https://www.naukri.com/job-listings-bulk-hiring-prior-authorization-voice-centaur-billing-chennai-1-to-6-years-070826000345,2026-08-06,1,6,100000,500000,per_annum,INR,true,
India,IN,+91,Chennai,Bizopp Management Consultants,hospital,https://img.naukimg.com/logo_images/groups/v1/471556.gif,,Looking For AR Caller/Analyst - Physician/Hospital Billing,we have a wonderful job opportunity for AR Analyst/AR Callers/QA/SME. Should have experience in Hospital Billing/Physician Billing Voice.AR Voice Process looking for AR caller/Sr AR Caller/SME - Immediate joinees. Both Night and day shift availablelooking for AR Analyst/AR caller/Sr AR Caller/QA/SME. Who have experience in CMS1500 or UB04.Incentive based performance. Both Night shift and Day Shift are availableNIght Shift Allowance and to & fro cab,full_time,non_clinical,https://www.naukri.com/job-listings-looking-for-ar-caller-analyst-physician-hospital-billing-bizopp-management-consultants-chennai-coimbatore-vellore-1-to-4-years-070826000146,2026-08-06,1,4,400000,600000,per_annum,INR,true,
India,IN,+91,Hyderabad,Enovis,hospital,https://img.naukimg.com/logo_images/groups/v1/4589965.gif,,Walk-in || Subject Matter Expert | AR RCM,"Job Description At Enovis we pay attention to the details. We embrace collaboration with our partners and patients and take pride in the pursuit of scientific excellence with the goal of transforming medical technology as we know it. Because thats how we change the lives of patients for the better. And thats how we create better together. Why work at Enovis? See for yourself. As a key member of the Revenue Cycle Management team, you will play an integral part in helping Enovis drive the medical technology industry forward by transforming patient care and improving patient outcomes. Job Title: Subject Matter Expert Location: Hyderabad, India Business Unit: Revenue Cycle Management Role Summary: Are you detail-oriented and results-driven? We are looking for a motivated, customer-focused individual to join our team as a Subject Matter Expert. In this role, the Senior Process Executive - Voice will be responsible for accounts receivable (AR) follow-up and denial resolution through effective communication with U.S. insurance companies and payers. The position requires strong communication skills, analytical abilities, and knowledge of revenue cycle management (RCM) to resolve claim issues, reduce outstanding AR, and improve cash flow. Additionally, the Senior Process Executive will mentor junior associates and contribute to process improvements. This is an incredible opportunity to work in a fast-moving, patient-focused setting amongst extraordinarily talented professionals dedicated to making life-changing innovations possible in orthopedics and beyond with brands such as DonJoy, Aircast, ProCare and Exos. Key Responsibilities: The following are the primary duties and responsibilities of this role. Other related duties may be assigned to meet the business need. Train staff on updated RCM procedures, medical coding, and billing guidelines. Provide expert guidance during client meetings and internal reviews. Act as the primary knowledge source for RCM processes such as billing, cash posting, credit balance, accounts receivables, denial management, and correspondence review. Monitor RCM metrics like Days in AR, aging above 90 days, collections, and bad debt. Allocate work and track team performance with operational scorecards. Investigate claim denials, identify root causes, and implement strategies to reduce denial rates. Oversee collections follow-up to ensure timely payments from insurers and patients. Prepare and submit appeals for denied claims in compliance with payer guidelines. Generate daily, weekly, and monthly operational reports using billing systems and MS Excel. Identify trends and patterns in accounts receivable and initiate corrective action plans. Provide insights and recommendations to leadership based on data analysis. Ensure adherence to HIPAA, state, and federal healthcare regulations. Recommend process improvements to enhance accuracy, efficiency, and revenue. Collaborate with other departments to maintain the integrity of the RCM",full_time,non_clinical,https://www.naukri.com/job-listings-subject-matter-expert-ar-rcm-enovis-hyderabad-5-to-7-years-070826000120,2026-08-06,5,7,400000,850000,per_annum,INR,true,
India,IN,+91,Hyderabad,Enovis,hospital,https://img.naukimg.com/logo_images/groups/v1/4589965.gif,,Walk In Drive | Process Executive Voice AR,"Exclusive Walk-in Drive 10th, 11th and 12th August 2026 Job Description At Enovis we pay attention to the details. We embrace collaboration with our partners and patients and take pride in the pursuit of scientific excellence with the goal of transforming medical technology as we know it. Because thats how we change the lives of patients for the better. And thats how we create better together. Why work at Enovis? See for yourself. As a key member of the Revenue Cycle Management team, you will play an integral part in helping Enovis drive the medical technology industry forward by transforming patient care and improving patient outcomes. Job Title: Process Executive Voice Location: Hyderabad, India Business Unit: Revenue Cycle Management Role Summary: Are you detail-oriented and results-driven? We are looking for a motivated, customer-focused individual to join our team as a Process Executive - Voice. In this role, the Process Executive - Voice in Revenue Cycle Management (RCM) is primarily responsible for handling patient data, medical billing, insurance claims, and compliance tasks to ensure smooth financial operations in healthcare organizations. The role demands accuracy, knowledge of medical terminology, and strong communication skills. This is an incredible opportunity to work in a fast-moving, patient-focused setting amongst extraordinarily talented professionals dedicated to making life-changing innovations possible in orthopedics and beyond with brands such as DonJoy, Aircast, ProCare and Exos. Key Responsibilities: The following are the primary duties and responsibilities of this role. Other related duties may be assigned to meet the business need. Customer Interaction Answer calls, emails, and chats professionally. Provide product/service information and resolve queries. Handle complaints and escalate unresolved issues to specialized departments, order entry, cash posting, etc. Perform end-to-end AR follow-up with insurance companies via outbound calls to resolve pending/unpaid claims. Analyze claims to identify reasons for rejections/denials and ensure timely resolution. Initiate appeals or escalate unresolved claims to the appropriate department. Document all call outcomes and actions taken in the billing system with accuracy. Achieve and exceed SLA/KPI metrics such as productivity, call quality, resolution rate, and turnaround time. Handle complex claim escalations and ensure effective closure. Collaborate with Data, Quality, and Client Teams to ensure smooth claim resolution. Ensure strict adherence to HIPAA compliance and data confidentiality guidelines. Required Skills: Knowledge of US Healthcare RCM, Front-end and back-end processes aligned in Revenue cycle management Excellent verbal communication skills with neutral accent and active listening. Ability to handle difficult conversations and negotiate effectively with payers. Proficiency in working with practice management systems, payer portals, and MS Office tools. Strong probl",full_time,non_clinical,https://www.naukri.com/job-listings-walk-in-drive-process-executive-voice-ar-enovis-hyderabad-0-to-1-years-070826000095,2026-08-06,0,1,300000,350000,per_annum,INR,true,
India,IN,+91,Hyderabad,Access Healthcare,hospital,https://img.naukimg.com/logo_images/groups/v1/2750596.gif,,Hiring HCC Medical Coders,Role: Certified HCC Coder. Experience: Minimum 1+ year. Certification: Mandatory,full_time,non_clinical,https://www.naukri.com/job-listings-hiring-hcc-medical-coders-access-healthcare-hyderabad-1-to-3-years-060826032683,2026-08-06,1,3,300000,425000,per_annum,INR,true,
India,IN,+91,Chennai(Madipakkam +6),Apollo Health and Lifestyle (AHLL),hospital,https://img.naukimg.com/logo_images/groups/v1/51940.gif,,vaccine counsellor,Responsibilities: Provide patient education on vaccines Administer vaccinations per protocol Document medical records accurately Collaborate with healthcare team on immunization plans,full_time,non_clinical,https://www.naukri.com/job-listings-vaccine-counsellor-apollo-health-and-lifestyle-ahll-chennai-0-to-5-years-040825020459,2026-08-06,0,5,200000,350000,per_annum,INR,true,
India,IN,+91,Chennai,PlusPlus Lifesciences,pharma,https://img.naukimg.com/logo_images/groups/v1/7227891.gif,,Medical Sales Representative-Gynaecology Division,"Marketing Representative (Pharmaceutical Industry) - Gyneacology Division Position Title : Marketing Representative Department : Sales & Marketing Reporting To : Area Sales Manager / Regional Sales Manager Job Summary The Marketing Representative is responsible for promoting and selling the company's pharmaceutical products to healthcare professionals, including doctors, pharmacists, hospitals, and clinics. The role involves building strong customer relationships, increasing product awareness, achieving sales targets, and gathering market intelligence to support business growth. Key Responsibilities Sales & Business Development Promote the company's pharmaceutical products to doctors, hospitals, clinics, and pharmacies. Achieve monthly, quarterly, and annual sales targets assigned by the management. Generate prescriptions and increase product adoption within the assigned territory. Identify new business opportunities and expand the customer base. Customer Relationship Management Build and maintain strong professional relationships with healthcare professionals. Conduct regular visits to doctors, pharmacists, and key opinion leaders. Address customer queries and provide product-related information. Product Promotion Conduct product detailing and presentations to healthcare professionals. Organize Continuing Medical Education (CME) programs, product launches, and promotional activities. Distribute promotional materials and product samples in compliance with company policies. Working Conditions Extensive field travel within the assigned territory. Regular interaction with healthcare professionals and distributors. Flexible working hours based on business requirements. Key Performance Indicators (KPIs) Achievement of sales targets. Number of doctor and pharmacy visits. Prescription generation and product coverage. New customer acquisition. Customer retention and relationship management. Timely submission of reports and compliance requirements.",full_time,non_clinical,https://www.naukri.com/job-listings-medical-sales-representative-gynaecology-division-plusplus-lifesciences-chennai-delhi-ncr-mumbai-all-areas-1-to-3-years-220726005839,2026-08-06,1,3,300000,550000,per_annum,INR,true,
India,IN,+91,Mumbai(Girgaon),Sir Hn Reliance Foundation Hospital,hospital,https://img.naukimg.com/logo_images/groups/v1/4660015.gif,,Front Desk Executive And Receptionist,"Roles and Responsibilities Coordinate with other departments (e.g., housekeeping) to ensure seamless execution of services. Provide exceptional guest handling and relations by resolving issues promptly and efficiently. Manage front desk operations, ensuring a smooth check-in/check-out process for guests. Handle guest queries and concerns in a professional manner, providing excellent customer service. Maintain accurate records of transactions, including room assignments and guest information.",full_time,non_clinical,https://www.naukri.com/job-listings-front-desk-executive-and-receptionist-sir-hn-reliance-foundation-hospital-mumbai-all-areas-4-to-9-years-060826020174,2026-08-06,4,9,550000,950000,per_annum,INR,true,
India,IN,+91,Gorakhpur,preet diagnostic,pharma,https://img.naukimg.com/logo_images/groups/v1/12482514.gif,,Radiologist,"Roles and Responsibilities Conduct CT scans, MRI scans, ultrasounds, X-rays, and other diagnostic imaging procedures to diagnose medical conditions. Interpret radiology images and reports to provide accurate diagnoses and recommendations for treatment. Collaborate with referring physicians and other healthcare professionals to discuss patient care plans. Stay up-to-date with latest advancements in radiology technology and techniques. Participate in quality improvement initiatives to maintain high standards of patient care.",full_time,doctors,https://www.naukri.com/job-listings-radiologist-preet-diagnostic-gorakhpur-0-to-4-years-060826020543,2026-08-06,0,4,400000,550000,per_annum,INR,true,
India,IN,+91,Hyderabad,Vijaya Diagnostic Centre Limited,pharma,https://img.naukimg.com/logo_images/groups/v1/4638921.gif,,Urgent Requirement For Lab In-charge - PAN India,"Reporting Parallel To: Lab Director. Employment Type: Full Time / Part Time. Job Summary . Lead and support internal / external audits (e.g.,NABL,ISO) and maintain all required documentation MBBS,DNB,MD (Pathology / Microbiology/Biochemistry). Key Skills / Experience",full_time,non_clinical,https://www.naukri.com/job-listings-urgent-requirement-for-lab-in-charge-pan-india-vijaya-diagnostic-centre-limited-hyderabad-3-to-8-years-060826014237,2026-08-06,3,8,,,,,true,
India,IN,+91,Pune,Shalina Healthcare,hospital,https://img.naukimg.com/logo_images/groups/v1/2166.gif,,Machine Operator - Granulation,"Coordinate with team members to ensure smooth shift operations and effective shift handovers Achieve daily shift production targets to support the monthly production plan ITI / Diploma / BSc / B Pharm or equivalent. . 2yrs 5 years of experience in tablet compression in a regulated pharmaceutical environment. . Good knowledge of cGMP,safety standards,and regulatory requirements.",full_time,non_clinical,https://www.naukri.com/job-listings-machine-operator-granulation-shalina-healthcare-pune-2-to-5-years-090726021912,2026-08-06,2,5,350000,450000,per_annum,INR,true,
India,IN,+91,Hybrid - Hyderabad,Jacobs,hospital,https://img.naukimg.com/logo_images/groups/v1/4604773.gif,,Process Mechanical Lead /Sr Lead Engineer,"Should possess knowledge of Package Item in Biotech / API / OSD /Fill Finish (USP & DSP equipment) Facility Like Fermentation,Bioreactors,TFF,Chromatography,Centrifuge,Sterilisers,Filling Lines,ANFD,RCVD,Shifter,Mill,FBD,HSM etc Should be able to understand Process Flow Diagrams (PFDs) and Piping and Instrumentation Diagrams (P&IDs) Should be able to prepare Equipment datasheets",full_time,non_clinical,https://www.naukri.com/job-listings-process-mechanical-lead-sr-lead-engineer-jacobs-hyderabad-bengaluru-delhi-ncr-8-to-13-years-060826025431,2026-08-06,8,13,,,,,true,
India,IN,+91,Remote,TELUS Digital,hospital,https://img.naukimg.com/logo_images/groups/v1/1057820.gif,,Technical Pre Sales Executive,Shift allowance will be applicable . Job Title: Technical Sales Consultant. Certifications: One or more industry-recognized certifications are strong assets Minimum 3 years of experience in a similar role. Customer Experience . Healthcare . Sales training/ account planning experience is an asset,full_time,non_clinical,https://www.naukri.com/job-listings-technical-pre-sales-executive-telus-digital-noida-2-to-7-years-070826000056,2026-08-06,2,7,1300000,1600000,per_annum,INR,true,
India,IN,+91,Hybrid - Noida,Axtria,hospital,https://img.naukimg.com/logo_images/groups/v1/1047430.gif,,Senior Manager - Patient Analytics,"Qualifications : . Bachelors / Masters in Statistics,Economics,Mathematics,Operations Research,Engineering,Technology,Pharmacy,Management Requirements : . - 8-11 years of experience in Pharmaceutical / Life Sciences domain Experience with advanced analytics across patient journey (line of therapy,switch analysis,segmentation,adherence,patient identification,etc.)",full_time,non_clinical,https://www.naukri.com/job-listings-senior-manager-patient-analytics-axtria-noida-hyderabad-bengaluru-8-to-11-years-280526031094,2026-08-06,8,11,,,,,true,
India,IN,+91,Pune,Cotiviti,hospital,https://img.naukimg.com/logo_images/groups/v1/4422258.gif,,Walkin Drive For Clinical Doctors at Cotiviti Pune !!,"Willing to work in rotational shifts,including night shifts and weekends Physician -Freshers with strong clinical knowledge are welcome. Good communication skills. Ready to work from the office.",full_time,non_clinical,https://www.naukri.com/job-listings-walkin-drive-for-clinical-doctors-at-cotiviti-pune-cotiviti-pune-0-to-5-years-060826037095,2026-08-06,0,5,,,,,true,
India,IN,+91,Bengaluru,Neuroglia Health,hospital,https://img.naukimg.com/logo_images/groups/v1/4614597.gif,,Product Manager,"ABOUT DBMCI ONE DBMCI One is a learning platform for medical students and doctors, a product of NHPL (Neuroglia Health Private Limited), a subsidiary of M3, Inc., Japan's largest healthcare company, listed on the Tokyo Stock Exchange. NHPL is also the company behind Marrow, India's largest and most trusted learning platform for NEET PG preparation. DBMCI One brings together the legacy of Dr. Bhatia's Medical Coaching Institute, trusted by generations of medical aspirants, with the product velocity and data discipline of a modern tech company. We are building the definitive learning platform for India's next generation of doctors: one that adapts to how each aspirant learns, making the journey from preparation to practice measurably better. The stakes are real. The ambition is bigger. ABOUT THE ROLE We are looking for a Product Manager to own the learner growth and engagement charter at DBMCI One. This is not a coordination role. It is a high-ownership position where you define what keeps a medical student coming back every day, what drives them from trial to deep engagement, and what ultimately makes them succeed. You are joining at an inflection point. The habits and learning outcomes you shape today will determine how thousands of medical students learn, and in turn, how they diagnose, treat, and care for millions of patients tomorrow. You will work hand-in-hand with Engineering, Design, Content, Data, and Marketing to ship a product that moves real numbers and real lives. AI is not a tool you will be asked to explore here. It is the default. You are expected to prototype, automate, and iterate using AI natively from day one. WHAT YOU'LL OWN Own the full growth loop: Activation Engagement Habit Formation Retention for DBMCI One learners across platforms. Define and drive the product roadmap for learner-facing features, from discovery through experimentation, launch, and post-launch iteration. Use AI-assisted prototyping and vibe-coding tools to independently build and test product ideas, reducing dependence on full engineering cycles for early validation. Design and run GTM experiments: scope the hypothesis, build a lean version, get it in front of real users, gather feedback, and iterate fast before committing to a full build. Design and run A/B experiments at pace. Test hypotheses, kill what does not work, and double down on what does. Conduct structured user research: interviews, session analysis, and cohort studies to uncover the real reasons learners drop off or stay hooked. Identify leading indicators of learner success and build features that move them, not vanity metrics. Use agentic AI and automation workflows to accelerate research synthesis, user feedback analysis, and product iteration cycles. Write crisp PRDs, define acceptance criteria, and partner with Engineering and Design through the full delivery cycle. Own the metrics framework for your charter. Build dashboards, present to leadership, and stay fully accountable for outcomes",full_time,non_clinical,https://www.naukri.com/job-listings-product-manager-neuroglia-health-bengaluru-3-to-7-years-240626014523,2026-08-06,3,7,1500000,2000000,per_annum,INR,true,
India,IN,+91,Hyderabad,Om Healthcare Consultancy,hospital,https://img.naukimg.com/logo_images/groups/v1/6288717.gif,,Senior Resident Doctor,"Respected Sir/Mam, We are Hiring Senior Resident Medicine Surgeon Gynecology Physiology Pathology Microbiology ENT Pharmacology Anatomy Ophthalmology for Medical College in Pondicherry Qualification: MBBS & MD/MS Vaibhav Singh whatsapp-8423159700",full_time,doctors,https://www.naukri.com/job-listings-senior-resident-doctor-om-healthcare-consultancy-hyderabad-puducherry-0-to-5-years-050924021949,2026-08-06,0,5,1100000,1500000,per_annum,INR,true,
India,IN,+91,Saharanpur,Esalam Rathi,hospital,https://img.naukimg.com/logo_images/groups/v1/12483088.gif,,Gynecologist (OB-GYN),"Gynecologist LOCATIONHealthcare Department ObstetricsDNOOR HOSPITAL Excellence in Women's Healthcare We Are Hiring Consultant Gynecologist (Obstetrician & Gynaecologist) POSITION Consultant GynecologistLOCATION Saharanpur, U.P.EXPERIENCE Minimum 5 Years EMPLOYMENT Full-Time | Permanent About the Role DNOOR Hospital is seeking an experienced and patient-focused Consultant Gynecologist to join our growing Women's Health Department. The selected candidate will independently manage OPD, IPD, Labour Room, obstetric emergencies, and gynecological surgical procedures while delivering evidence-based, ethical, and compassionate care. The consultant will work alongside a multidisciplinary medical team to ensure excellent maternal and women's healthcare services. Key Responsibilities Obstetrics Manage antenatal, intrapartum, and postnatal care Conduct normal vaginal deliveries Perform elective and emergency Caesarean sections (LSCS) Handle high-risk pregnancy cases Manage obstetric emergencies, including eclampsia, PPH, preterm labour, PIH, PROM, multiple pregnancy, and gestational diabetes ¢ Supervise the labour room and oversee foetal monitoring and delivery planning Gynecology ¢ Diagnose and manage the full range of gynecological disorders, including menstrual disorders ¢ Manage PCOS/PCOD, fibroids, and ovarian cysts ¢ Treat endometriosis and manage menopause ¢ Manage cervical and uterine disorders ¢ Provide adolescent gynecology and preventive women's healthcare services Surgical Responsibilities The Consultant should be proficient in the following procedures: ¢ Caesarean section (LSCS) ¢ Total abdominal hysterectomy ¢ Vaginal hysterectomy ¢ Dilation & curettage (D&C) ¢ MTP procedures ¢ Tubectomy ¢ Ectopic pregnancy surgery ¢ Ovarian cystectomy ¢ Myomectomy ¢ Diagnostic & operative laparoscopy; hysteroscopy (preferred)Clinical Responsibilities ¢ Conduct daily OPD consultations and manage IPD patients ¢ Attend emergency calls and maintain medical documentation ¢ Prepare treatment plans and interpret diagnostic reports ¢ Counsel patients and family members ¢ Coordinate with Anaesthesia, NICU, ICU, and General Medicine teams ¢ Ensure NABH/NMC clinical standards where applicable ¢ Maintain infection control protocols ¢ Participate in clinical audits and CMEsQualifications & Eligibility ¢ MBBS with MS/DNB in Obstetrics & Gynaecology ¢ Valid NMC / State Medical Council registration (mandatory) ¢ Minimum 5 years of post-qualification experience ¢ Demonstrated ability to independently handle OPD, IPD, labour room, obstetric emergencies, and gynecological surgeries ¢ Fellowship in laparoscopy, infertility, high-risk obstetrics, or minimal access surgery is an added advantage ¢ Immediate joiners preferred Required Skills ¢ Excellent obstetric and gynecological clinical skills ¢ Strong surgical expertise ¢ Labour room management ¢ High-risk pregnancy management ¢ Emergency decision-making ¢ Patient counselling and ethical medical practice ¢ Leadership and team man",full_time,doctors,https://www.naukri.com/job-listings-gynecologist-ob-gyn-danoor-hospital-saharanpur-3-to-5-years-060826036924,2026-08-06,3,5,2500000,4000000,per_annum,INR,true,
India,IN,+91,Remote,Vipsa Talent Solutions,hospital,https://img.naukimg.com/logo_images/groups/v1/3797300.gif,,Lead CDM Programmer,"The role involves leading study build activities, programming, validation, post-production support, and mentoring team members while ensuring compliance with ICH-GCP and clinical data management standards.",full_time,non_clinical,https://www.naukri.com/job-listings-lead-cdm-programmer-vipsa-talent-solutions-bengaluru-10-to-16-years-060826036919,2026-08-06,10,16,,,,,true,
India,IN,+91,Kolkata,Apollo Health and Lifestyle (AHLL),hospital,https://img.naukimg.com/logo_images/groups/v1/51940.gif,,"Opening For TSM/ASM/RSM at Apollo Diagnostics, Hyderabad & Kolkata","BSc/ Graduation with healthcare experience / MBA/Any similar qualification which is recognized by the respective Govt Since its incorporation in 2000,AHLL has experienced significant growth and come a long way,not only in terms of its geographical footprint and number of centres,but also in the array of service delivery formats that it operates today",full_time,non_clinical,https://www.naukri.com/job-listings-opening-for-tsm-asm-rsm-at-apollo-diagnostics-hyderabad-kolkata-apollo-health-and-lifestyle-ahll-kolkata-vijayawada-hyderabad-5-to-10-years-060826036887,2026-08-06,5,10,,,,,true,
India,IN,+91,Udaipur,Right Training And Placement Solutions,hospital,https://img.naukimg.com/logo_images/groups/v1/970528.gif,,Sonologist Consultant,Preferred candidate profile . Qualification Required: MBBS. .,full_time,doctors,https://www.naukri.com/job-listings-sonologist-consultant-right-training-and-placement-solutions-udaipur-banswara-0-to-5-years-270426009886,2026-08-06,0,5,3500000,4500000,per_annum,INR,true,
India,IN,+91,Udaipur,Right Training And Placement Solutions,hospital,https://img.naukimg.com/logo_images/groups/v1/970528.gif,,Family Medicine Physician,"Maintain accurate records of patient interactions and treatments. . Desired Candidate Profile . 0-5 years of experience in family medicine or related field. . Diplomate of National Board (DNB) degree in Any Specialization. . Strong knowledge of general medicine,internal medicine,emergency medicine,MD medicine,physician practices",full_time,doctors,https://www.naukri.com/job-listings-family-medicine-physician-right-training-and-placement-solutions-udaipur-banswara-0-to-5-years-270726032307,2026-08-06,0,5,2500000,3500000,per_annum,INR,true,
India,IN,+91,Udaipur,Right Training And Placement Solutions,hospital,https://img.naukimg.com/logo_images/groups/v1/970528.gif,,General Physician/General Medicine/Internal Medicine,"Roles and Responsibilities Provide high-quality patient care to patients with various medical conditions, including acute and chronic illnesses. Conduct thorough physical examinations, take medical histories, and order diagnostic tests to diagnose and treat patients. Develop treatment plans for patients with complex medical conditions, collaborating with other healthcare professionals as needed. Stay up-to-date with latest medical research, guidelines, and best practices in internal medicine to provide evidence-based care. Participate in quality improvement initiatives to enhance patient outcomes and hospital processes. Desired Candidate Profile MBBS/MD degree from a recognized institution. Postgraduate qualification such as DNB or MD Medicine (Internal Medicine). 0-5 years of experience in general medicine/internal medicine department. Strong knowledge of emergency medicine principles and practices. Excellent communication skills for effective interaction with patients, families, and healthcare teams.",full_time,doctors,https://www.naukri.com/job-listings-general-physician-general-medicine-internal-medicine-right-training-and-placement-solutions-udaipur-banswara-0-to-5-years-270726032333,2026-08-06,0,5,3000000,4500000,per_annum,INR,true,
India,IN,+91,Udaipur,Right Training And Placement Solutions,hospital,https://img.naukimg.com/logo_images/groups/v1/970528.gif,,Obstetrics and Gynaecology Consultant,"Roles and Responsibilities Provide high-quality medical care to patients with obstetric and gynecological issues. Conduct routine check-ups, diagnose conditions, and develop treatment plans for patients. Perform surgeries such as hysterectomies, cesarean sections, and other gynecological procedures. Collaborate with other healthcare professionals to ensure comprehensive patient care. Stay up-to-date with latest advancements in obstetrics and gynaecology through continuous learning and professional development. Desired Candidate Profile 1-6 years of experience in Obstetrics & Gynaecology field. MS/MD degree from a recognized institution. DNB (Diplomate National Board) or equivalent qualification in relevant specialization. Strong knowledge of ultrasound technology used in OBG practices.",full_time,doctors,https://www.naukri.com/job-listings-obstetrics-and-gynaecology-consultant-right-training-and-placement-solutions-udaipur-banswara-1-to-6-years-270726032346,2026-08-06,1,6,3000000,4500000,per_annum,INR,true,
India,IN,+91,Bhavnagar,ADDJOBS,hospital,https://img.naukimg.com/logo_images/groups/v1/7518503.gif,,Chief Medical Administrator / Head - Medical Administration (Gujarat),Must be medical graduate + MBA Ensure that all the required documentation for the empanelment is done properly. . Act as a liaison between corporate and the organization. Ensure that all required documents for settlement of the patients bill are furnished to the corporate billing department. . Credit Patient Department (TPA & Corporate) .,full_time,non_clinical,https://www.naukri.com/job-listings-chief-medical-administrator-head-medical-administration-gujarat-addjobs-bhavnagar-rajkot-vadodara-1-to-5-years-060826036748,2026-08-06,1,5,1500000,3000000,per_annum,INR,true,
India,IN,+91,New Delhi(Hauz Khas Village +1),Anaya Jobs Solution,hospital,https://img.naukimg.com/logo_images/groups/v1/3688410.gif,,Non Invasive Cardiology Consultant,"We are looking for a skilled and passionate Dr. trained in Non-Invasive Cardiology & Echocardiography. - Perform & interpret 2D Echo, Color Doppler, TMT, Holter monitoring. - Provide clear diagnostic reporting and support in patient management.",full_time,doctors,https://www.naukri.com/job-listings-non-invasive-cardiology-consultant-anaya-jobs-solution-new-delhi-2-to-6-years-060826036698,2026-08-06,2,6,,,,,true,
India,IN,+91,Siliguri,Staff Plus Hr Services,hospital,https://img.naukimg.com/logo_images/groups/v1/7198951.gif,,Medical Superintendent,"MBBS with a post-graduate qualification like MD,MS,or a Master s in Hospital Administration (MHA / DNB in Health Administration)",full_time,doctors,https://www.naukri.com/job-listings-medical-superintendent-staff-plus-hr-services-siliguri-10-to-20-years-060826036696,2026-08-06,10,20,3500000,5000000,per_annum,INR,true,
India,IN,+91,Hyderabad(Kondapur),SU Hr Consulting,hospital,https://img.naukimg.com/logo_images/groups/v1/12427338.gif,,US Lead Verification Specialist (Inbound/Outbound Process),Preferred candidate profile . Required Skills Preferred Skills Experience Experience in BPO / Call Center / Lead Verification / Tele-calling 3 years experience in US Lead Verification process Experience in US Voice Process / Sales / Lead Generation,full_time,non_clinical,https://www.naukri.com/job-listings-us-lead-verification-specialist-inbound-outbound-process-su-hr-consulting-hyderabad-1-to-3-years-060826036679,2026-08-06,1,3,250000,300000,per_annum,INR,true,
India,IN,+91,Bhavnagar,ADDJOBS,hospital,https://img.naukimg.com/logo_images/groups/v1/7518503.gif,,Head of Pharmacy / Pharmacy Manager (Gujarat),Promote rational drug use and patient counseling whenever required,full_time,pharmacists,https://www.naukri.com/job-listings-head-of-pharmacy-pharmacy-manager-gujarat-addjobs-bhavnagar-rajkot-vadodara-5-to-10-years-060826036643,2026-08-06,5,10,600000,700000,per_annum,INR,true,
India,IN,+91,Delhi / NCR(Hauz Khas Village +1),Anaya Jobs Solution,hospital,https://img.naukimg.com/logo_images/groups/v1/3688410.gif,,"Radiologist Consultant | Hauz Khas, Delhi","Radiologist Dr Required in Hauz Khas Delhi Location Its a Part time job for 10:30am to 5:30pm All Modalities : UST, CT, MRI, X-RAY",full_time,doctors,https://www.naukri.com/job-listings-radiologist-consultant-hauz-khas-delhi-anaya-jobs-solution-delhi-ncr-2-to-5-years-060826036600,2026-08-06,2,5,5000000,5500000,per_annum,INR,true,
India,IN,+91,Bhiwadi(Bhagat Singh Colony),Vijay Hospital,hospital,https://img.naukimg.com/logo_images/groups/v1/5540748.gif,,Rmo Doctor,Responsibilities: Manage deliveries with expertise Provide emergency care and first aid Collaborate with healthcare team on patient management Participate in obstetric procedures under supervision,full_time,doctors,https://www.naukri.com/job-listings-rmo-doctor-vijay-hospital-bhiwadi-0-to-5-years-060826036570,2026-08-06,0,5,50000,50000,per_annum,INR,true,
India,IN,+91,Bhiwadi(Bhagat Singh Colony),Vijay Hospital,hospital,https://img.naukimg.com/logo_images/groups/v1/5540748.gif,,Obstetrics and Gynaecology Specialist,Responsibilities: Diagnose and treat reproductive health issues Perform sonograms on patients Collaborate with multidisciplinary team for patient care Maintain medical records accurately,full_time,doctors,https://www.naukri.com/job-listings-obstetrics-and-gynaecology-specialist-vijay-hospital-bhiwadi-2-to-5-years-060826036520,2026-08-06,2,5,250000,300000,per_annum,INR,true,
India,IN,+91,Noida(Sector 142),Compunnel,hospital,https://img.naukimg.com/logo_images/groups/v1/4603139.gif,,Us It Recruiter,Shift: 7:00 PM - 4:00 AM IST (Night Shift) . Experience required: 2+ Years 2+ years of recruiting experience in a fast-paced agency,full_time,non_clinical,https://www.naukri.com/job-listings-us-it-recruiter-compunnel-noida-2-to-6-years-060826036478,2026-08-06,2,6,,,,,true,
India,IN,+91,Bhiwadi(Bhagat Singh Colony),Vijay Hospital,hospital,https://img.naukimg.com/logo_images/groups/v1/5540748.gif,,Paediatrician,Responsibilities: Provide expert pediatric care in neonatal intensive care unit (NICU) Collaborate with multidisciplinary team on patient management plans,full_time,doctors,https://www.naukri.com/job-listings-paediatrician-vijay-hospital-bhiwadi-2-to-5-years-060826036453,2026-08-06,2,5,150000,200000,per_annum,INR,true,
India,IN,+91,Hyderabad,Softcode Solutions,hospital,https://img.naukimg.com/logo_images/groups/v1/10496906.gif,,Certified Medical Coder | Experienced | Hyderabad,Ltd. is looking for Certified HCC Medical Coders with 6 months to 4 years of experience Certified Medical Coder (Mandatory) Any Graduate Medical Coding Certification (Mandatory) Required Skills Minimum 6 Months of HCC Coding Experience Immediate Joiners Preferred Good Analytical Skills Good Communication Skills,full_time,non_clinical,https://www.naukri.com/job-listings-certified-medical-coder-experienced-hyderabad-softcode-solutions-hyderabad-0-to-3-years-060826036407,2026-08-06,0,3,300000,600000,per_annum,INR,true,
India,IN,+91,Mumbai(Vile Parle),Rejoice Wellness,hospital,https://img.naukimg.com/logo_images/groups/v1/12152604.gif,,Part Time Assistant Doctor(BHMS/BAMS/BPT/BSc Nutri & Dietetics) Female,"Assistant Doctor (BHMS/ BAMS/ BPT/ BSc Nutrition & Dietetics) | Female | Part-Time Job | Vile Parle [E], Mumbai | Clinic Experience Preferred Role: Clinical Assistant Doctor Industry: Fitness & Wellness Department: Healthcare & Life Sciences Employment Type: Part-Time, Permanent Role Category: Other Hospital Staff We are looking for a compassionate and dedicated Assistant Doctor to join our clinic in Mumbai (Western Suburbs). The candidate will be responsible for patient consultations, treatment execution, and ensuring smooth clinic operations. Key Responsibilities * Conduct patient consultations and assist in diagnosis and treatment planning * Handle patients pre- and post-treatment to ensure comfort and care * Perform treatments as per clinic protocols * Maintain accurate patient records and reports * Manage patient queries and provide appropriate guidance * Support clinic operations and administrative tasks * Ensure hygiene, safety, and quality standards are maintained * Coordinate with team members for smooth functioning of the clinic Required Candidate Profile * Bachelors degree in BHMS/ BAMS/ BPT/ BSc Nutrition & Dietetics (mandatory) * Good communication and interpersonal skills * Ability to multitask and manage clinic workflow * Patient-centric and empathetic approach Job Details * Job Type: Part-Time (5 hours/day) * Shift Timings: * 4:00 PM 9:00 PM * Working Days: Includes weekends * Total Hours: 30 hours/week Compensation * Performance-based incentives Location Vile Parle (East), Mumbai",part_time,doctors,https://www.naukri.com/job-listings-part-time-assistant-doctor-bhms-bams-bpt-bsc-nutri-dietetics-female-rejoice-wellness-mumbai-mumbai-suburban-0-to-3-years-060826036274,2026-08-06,0,3,,,,,true,
India,IN,+91,Chennai,AGS Health,hospital,https://img.naukimg.com/logo_images/groups/v1/2187308.gif,,TL & Assistant Manager - AR Operations,"Roles and Responsibilities Manage AR operations team to achieve daily targets and goals. Oversee all aspects of accounts receivable (AR) processing, including calls, emails, and follow-ups with patients, insurance companies, and healthcare providers. Ensure accurate and timely submission of claims to various payers using Epic Systems software. Coordinate with internal teams such as physician billing, hospital billing, and revenue cycle management to resolve any issues related to patient accounts. Analyze reports on AR aging trends and take corrective action to improve cash flow. Desired Candidate Profile 7-9 years of experience in US Healthcare industry with expertise in AR Calling & Team Handling. Strong knowledge of Epic Systems software for managing medical records and billing processes. Excellent communication skills for effective collaboration with cross-functional teams. Ability to work independently with minimal supervision while maintaining high levels of accuracy and productivity. Regards, Sopphiya Anbu 8925901308",full_time,non_clinical,https://www.naukri.com/job-listings-tl-assistant-manager-ar-operations-ags-health-chennai-6-to-11-years-060826036213,2026-08-06,6,11,,,,,true,
India,IN,+91,Hyderabad,R1 RCM,hospital,https://img.naukimg.com/logo_images/groups/v1/2483944.gif,,Virtual Drive - AR Callers Experienced,"Dear Candidate, We have a Virtual Mega drive tomorrow (7th Aug 2026) please join the below link also referrals are appreciated. Note: ONLY AR Experienced and only 1 Round Timings: 02.00 PM 03:30 PM Link for Virtual Drive : https://teams.microsoft.com/meet/227386971011810?p=w9n31RelSN5e9unBNl Below is the requirement detail, Note :We have openings for AR RCM (min 8 months Experience and above) and undergraduates having 12 months are also eligible, but PF deduction is Mandatory AR Follow up Undergraduate/Graduate in any discipline from a recognized university. Minimum 8 months of mandatory AR RCM experience. Good Communication skills (both written & Verbal). Applicants should be willing to work from the office and operate in night shifts. Applicant should have good knowledge in Denial Management and AR Scenarios. Please what's up Contact Details: Ramya HR : 7396138382 (Whatsup Message)",full_time,non_clinical,https://www.naukri.com/job-listings-virtual-drive-ar-callers-experienced-r1-rcm-hyderabad-1-to-2-years-100226041385,2026-08-06,1,2,100000,400000,per_annum,INR,true,
India,IN,+91,Kochi,Medcode,hospital,https://img.naukimg.com/logo_images/groups/v1/9795046.gif,,HCC Medical Coder,Both certified and non-certified candidates can apply Immediate joiners preferred Experience in HCC / Risk Adjustment coding Good understanding of medical terminology and anatomy Experience in HCC coding: 6 months to 5 years,full_time,non_clinical,https://www.naukri.com/job-listings-hcc-medical-coder-medcode-services-private-limited-kochi-chennai-coimbatore-1-to-5-years-060826909838,2026-08-06,1,5,,,,,true,
India,IN,+91,Bengaluru(Indira Nagar),Care Adhd,hospital,https://img.naukimg.com/logo_images/groups/v1/12439848.gif,,Clinic Operations Manager,"Job Description | Clinic Manager, Indiranagar | v1.0 C A R E A D H D Care Neurodiversity India Private Limited Job Description Clinic Operations Manager Indiranagar, Bangalore We are Care ADHD, and we are coming to India We are one of the largest specialist ADHD providers in the United Kingdom. We were built inside the NHS system, we are regulated by the Care Quality Commission, and we support tens of thousands of patients. We know what world class neurodevelopmental care looks like because we deliver it every single day. And now we are bringing it to India. Not a call centre. Not a back office. A real specialist clinic, in Indiranagar, staffed by brilliant Indian psychiatrists and psychologists, delivering assessment and treatment to the same clinical standard we hold ourselves to in the UK. Here is why this matters. There are millions of adults in India with ADHD who have never had a name for the way their mind works. Many have spent their whole lives being told they are lazy, careless or not trying hard enough. Stigma around ADHD and autism stops people seeking help, and when they do seek help, specialist care is very hard to find. We think that is wrong, and we intend to do something about it. Our mission is to unlock potential. Every assessment we deliver is a person finally getting an accurate explanation of themselves. Every treatment plan is someone getting their life back. And every open, honest conversation about ADHD and autism chips away at a stigma that should never have existed in the first place. The Indiranagar clinic is our first site in India. You would be running it. No pressure. 1. Role details Job title Clinic operation Manager JD register reference Legal entity Location JD-IND-001 (to be confirmed against JD register v3) Care Neurodiversity India Private Limited, CIN U62099KA2026FTC221673 Indiranagar clinic, Bangalore, Karnataka. On site role with limited travel CEO but will eventually be reporting into the Director of Operations, who will report into the Chief Operating Officer, Care ADHD Group Reports to Key clinical relationship Key internal partner Clinical Director India Clinical Pathway Lead India Patient services and front of house team. Four posts at launch, scaling with clinic volume Direct reports Contract type Permanent, full time 2. The role, in plain terms Care Neurodiversity India Private Limited | Job Description | Clinic Manager, Indiranagar | v1.0 You own the running of the Indiranagar clinic. Everything that happens around the clinical encounter, from the moment a patient first gets in touch to the point where they are settled on treatment and coming back for annual review, is yours. The job exists so that our clinicians can do clinical work and absolutely nothing else. If a psychiatrist is chasing an invoice, fixing a rota or apologising for a late running clinic, you have a problem to solve. This is a build role. You will open the clinic, set the operating rhythm and write down how everything works, becau",full_time,non_clinical,https://www.naukri.com/job-listings-clinic-operations-manager-care-adhd-bengaluru-5-to-10-years-060826036109,2026-08-06,5,10,,,,,true,
India,IN,+91,Bengaluru,INFINX,hospital,https://img.naukimg.com/logo_images/groups/v1/4668391.gif,,Opportunity For Medical Coders & Sr Medical Coder - Bangalore !!!!,"Bachelors degree desired,or any equivalent combination of education and experience Ensure number of charts in batch equals to total received from clients. . c. Maintenance of daily and monthly M.I.S. . d. Quality checking of the coding of the documents done by the associates Excellent written and oral communication skills required to represent Infinx Clients Experience",full_time,non_clinical,https://www.naukri.com/job-listings-opportunity-for-medical-coders-sr-medical-coder-bangalore-infinx-bengaluru-1-to-4-years-060826036072,2026-08-06,1,4,,,,,true,
India,IN,+91,Kollam,Jaji's Innovation,hospital,https://img.naukimg.com/logo_images/groups/v1/12482584.gif,,Dermatologist,"Patient Consultation & Diagnosis Examine patients and obtain detailed medical histories. Diagnose diseases of the skin, hair, and nails. Recommend appropriate investigations when required. Develop individualized treatment plans.",full_time,doctors,https://www.naukri.com/job-listings-dermatologist-jaji-s-innovation-kollam-0-to-2-years-060826036056,2026-08-06,0,2,1200000,1800000,per_annum,INR,true,
India,IN,+91,Hyderabad,2coms,hospital,https://img.naukimg.com/logo_images/groups/v1/467982.gif,,Pediatric Nurse,"SUMMARY Title: Pediatric Nurse Location: Qatar (Candidate must be willing to relocate to Qatar) Job Type: Full - Time Industry: Healthcare Key Responsibilities: Develop and assess nursing care plans Monitor vital signs and assess holistic patient needs Collaborate with physicians, staff nurses, and healthcare team members Administer oral and subcutaneous medications while ensuring safety Document nursing care, medications, and procedures using the company's Nurses Buddy application Conduct client assessment and reassessment using approved tools Salary: 1,30,000 lac Per Month Requirements Educational Qualification: Bachelor's Degree in Nursing or GNM or any Pediatric certification Experience: Minimum 2 years of working experience as a Nurse post - registration Citizenship: Indian Age limit: 18 to 40 years Certification: Any Nurse Certification from the Nursing Council Language: Basic English proficiency required Technical Skills: Bedside nursing, patient care, patient assessment and monitoring",full_time,nurses,https://www.naukri.com/job-listings-pediatric-nurse-2coms-hyderabad-india-2-to-7-years-120326031194,2026-08-06,2,7,,,,,true,
India,IN,+91,Thane,Platinum Hospital,hospital,https://img.naukimg.com/logo_images/groups/v1/938152.gif,,General Anesthetist,"Providing anesthesia services for elective, emergency, and critical surgical procedures in a multi-speciality hospital setup. MD / DNB / DA Anesthesia,Experience in ICU, emergency, and OT anesthesia,2–5 years of post-qualification,MMC registration",full_time,doctors,https://www.naukri.com/job-listings-general-anesthetist-platinum-hospital-thane-mumbai-all-areas-2-to-5-years-120626007337,2026-08-06,2,5,2000000,3000000,per_annum,INR,true,
India,IN,+91,Hyderabad,eSolutionsFirst,hospital,https://img.naukimg.com/logo_images/groups/v1/7848567.gif,,Us Healthcare Business Analyst,"Shift Timings: 11:00 AM IST to 08:00 PM IST The candidate should be comfortable translating complex business requirements into functional specifications that support the development and implementation of healthcare applications and data solutions Conduct requirement elicitation sessions,workshops,interviews,and process analysis Required Qualifications SQL (preferred)",full_time,non_clinical,https://www.naukri.com/job-listings-us-healthcare-business-analyst-esolutionsfirst-hyderabad-10-to-15-years-060826035840,2026-08-06,10,15,50000,200000,per_annum,INR,true,
India,IN,+91,Kolkata(Kasba),Desun Hospital,hospital,https://img.naukimg.com/logo_images/groups/v1/1143030.gif,,Hostel Warden,"Provide guidance and support to students on academic matters,personal issues,or any other concerns they may have.",full_time,non_clinical,https://www.naukri.com/job-listings-hostel-warden-desun-hospital-kolkata-1-to-3-years-060826035815,2026-08-06,1,3,,,,,true,
India,IN,+91,Greater Noida,CorroHealth,hospital,https://img.naukimg.com/logo_images/groups/v1/8172399.gif,,Walk-in || Medical Coder Trainee,Job Details: . Day Shift : We are hiring freshers for the position of Medical Coder Eligibility Criteria: . Life Science Graduates only Graduation is mandatory Freshers can apply Walk-in Interviews Only Good communication and analytical skills,full_time,non_clinical,https://www.naukri.com/job-listings-medical-coder-trainee-corrohealth-greater-noida-0-to-0-years-100626034298,2026-08-06,0,0,250000,300000,per_annum,INR,true,
India,IN,+91,Kanpur,AP Consultant,hospital,https://img.naukimg.com/logo_images/groups/v1/710490.gif,,"Senior resident, Assistant professor , ass , professor in medical req",Dear Doctors. We are hiring for all departments doctors in Medical college,full_time,doctors,https://www.naukri.com/job-listings-senior-resident-assistant-professor-professor-in-medical-req-ap-consultant-kanpur-0-to-5-years-060826035518,2026-08-06,0,5,2500000,4000000,per_annum,INR,true,
India,IN,+91,Chennai,Access Healthcare,hospital,https://img.naukimg.com/logo_images/groups/v1/2750596.gif,,Hiring Non Certified Coder,*Non Certified Coder* openings here Immediate Joiners Preferred to 2 month NP accepted,full_time,non_clinical,https://www.naukri.com/job-listings-hiring-non-certified-coder-access-healthcare-chennai-1-to-4-years-060826035499,2026-08-06,1,4,125000,500000,per_annum,INR,true,
India,IN,+91,Hyderabad,Access Healthcare,hospital,https://img.naukimg.com/logo_images/groups/v1/2750596.gif,,Hiring HCC Medical Coders,Role: Certified HCC Coder. Experience: Minimum 1+ year. Certification: Mandatory,full_time,non_clinical,https://www.naukri.com/job-listings-hiring-hcc-medical-coders-access-healthcare-hyderabad-1-to-3-years-060826035485,2026-08-06,1,3,300000,425000,per_annum,INR,true,
India,IN,+91,Siliguri(Sevoke Road),Lego Consultancy,hospital,https://img.naukimg.com/logo_images/groups/v1/553330.gif,,Consultant Opthalmology,Looking for consultant Opthalmology for medical college & hospital Position SR/AP/Asso/Prof Salary NegotiableEducation Mbbs/DNB/MD or MS/Diploma,full_time,doctors,https://www.naukri.com/job-listings-consultant-opthalmology-lego-consultancy-siliguri-krishnagar-durgapur-0-to-5-years-060826035404,2026-08-06,0,5,,,,,true,
India,IN,+91,Mumbai(Khar),Quadrangle,hospital,https://img.naukimg.com/logo_images/groups/v1/3858.gif,,Associate Consultant General/Internal/Family Medicine,"Dear Doctor , Greetings From Quadrangle!!! We are looking Associate Consultant General Physician for the renowned hospital located in Khar(Mumbai). Educational Qualification - General Medicine/Internal Medicine/Family Medicine For more details please call/whatsapp- 9871270451 Regards Smita",full_time,doctors,https://www.naukri.com/job-listings-associate-consultant-general-internal-family-medicine-quadrangle-mumbai-2-to-7-years-240626015415,2026-08-06,2,7,,,,,true,
India,IN,+91,Bengaluru,Indegene,hospital,https://img.naukimg.com/logo_images/groups/v1/3594512.gif,,Drug Safety Associate,"Must have: Attention to detail Good comprehension skills Good communication skills Good interpersonal skills Good communication (verbal and written),with fluency in English and interpersonal skills",full_time,non_clinical,https://www.naukri.com/job-listings-drug-safety-associate-indegene-bengaluru-2-to-6-years-060826035344,2026-08-06,2,6,,,,,true,
India,IN,+91,Noida,R1 RCM,hospital,https://img.naukimg.com/logo_images/groups/v1/2483944.gif,,Walk-in || R1 RCM is hiring CPC/CCS Certified Freshers.,Eligibility Criteria . Graduate (2023 to 2026 pass-outs) CPC or CCS Certification (Mandatory) Candidates must complete their registration before attending the interview. . https://r1rcm.wd1.myworkdayjobs.com/R1RCM/job/Noida-India/Medical-Coding---OP_R260000000007 Good understanding of Medical Coding concepts,full_time,non_clinical,https://www.naukri.com/job-listings-r1-rcm-is-hiring-cpc-ccs-certified-freshers-r1-rcm-noida-0-to-0-years-040826029353,2026-08-06,0,0,350000,350000,per_annum,INR,true,
India,IN,+91,Hybrid - Bengaluru,Dexcom Inc,hospital,https://img.naukimg.com/logo_images/groups/v1/11802899.gif,,Staff SW Development Engineer,"What makes you successful: . Bachelors degree in Computer Science,Software Engineering,or related field Experience balancing short-term delivery needs with long-term architectural sustainability Travel Required: . 0-5% Experience and Education Requirements: . 8+ years of software engineering experience with demonstrated technical leadership",full_time,non_clinical,https://www.naukri.com/job-listings-staff-sw-development-engineer-dexcom-inc-bengaluru-8-to-13-years-060826035249,2026-08-06,8,13,,,,,true,
India,IN,+91,Bengaluru,INFINX,hospital,https://img.naukimg.com/logo_images/groups/v1/4668391.gif,,Opportunity For Medical Coders & Sr Medical Coder - Bangalore !!!!,"Bachelors degree desired,or any equivalent combination of education and experience Ensure number of charts in batch equals to total received from clients. . c. Maintenance of daily and monthly M.I.S. . d. Quality checking of the coding of the documents done by the associates Excellent written and oral communication skills required to represent Infinx Clients Experience",full_time,non_clinical,https://www.naukri.com/job-listings-opportunity-for-medical-coders-sr-medical-coder-bangalore-infinx-bengaluru-1-to-4-years-060826035100,2026-08-06,1,4,100000,450000,per_annum,INR,true,
India,IN,+91,Bengaluru,INFINX,hospital,https://img.naukimg.com/logo_images/groups/v1/4668391.gif,,Opportunity For Medical Coders & Sr Medical Coder - Bangalore !!!!,"Bachelors degree desired,or any equivalent combination of education and experience Ensure number of charts in batch equals to total received from clients. . c. Maintenance of daily and monthly M.I.S. . d. Quality checking of the coding of the documents done by the associates Excellent written and oral communication skills required to represent Infinx Clients Experience",full_time,non_clinical,https://www.naukri.com/job-listings-opportunity-for-medical-coders-sr-medical-coder-bangalore-infinx-bengaluru-1-to-4-years-060826035048,2026-08-06,1,4,100000,450000,per_annum,INR,true,
India,IN,+91,Varanasi(Ashapur),Swiftly Meds,hospital,https://img.naukimg.com/logo_images/groups/v1/11721219.gif,,Walk-in || Sales And Relationship Manager,"Sales & Customer Relationship Executive Pharmaceutical Industry Company Name: Swiftly Meds Private Limited Industry: Pharmaceuticals, Healthcare and Medicine Export Job Location: Varanasi, Uttar Pradesh Work Mode: Full-time, On-site Department: Sales, Business Development and Customer Relationship Management Employment Type: Permanent Experience Required: 1–4 years Fixed Salary: 30,000 per month Monthly Performance Incentive: 10,000–12,000 Total Monthly Earning Potential: 40,000–42,000 Annual Earning Potential: Approximately 4.80–5.04 lakh Immediate Joiners Preferred About Swiftly Meds Private Limited Swiftly Meds Private Limited is a pharmaceutical wholesale, distribution and export company based in Varanasi, Uttar Pradesh. The company supplies a broad range of pharmaceutical and healthcare products, including: Pharmaceutical tablets Pharmaceutical capsules Pharmaceutical injections Anti-cancer medicines Inhalers and respiratory medicines General healthcare and pharmaceutical products Bulk pharmaceutical orders Swiftly Meds serves domestic and international pharmaceutical buyers and focuses on reliable sourcing, product quality, transparent communication, proper documentation, secure packaging and timely delivery. Our mission is to build long-term relationships with customers and partners by providing dependable pharmaceutical sourcing and responsive customer support. Job Summary We are hiring a confident, disciplined and result-oriented International Sales & Customer Relationship Executive. The selected candidate will be responsible for handling domestic and international customer enquiries, understanding product requirements, preparing quotations, following up with potential buyers, converting enquiries into confirmed orders and maintaining long-term customer relationships. The role involves a combination of: B2B pharmaceutical sales International sales Export sales coordination Lead generation Tele-sales Customer relationship management Order follow-up Payment coordination Repeat-order generation This is not only a calling position. The candidate will manage the complete sales journey from the first customer enquiry to quotation, negotiation, order confirmation, payment follow-up, dispatch coordination and post-sale relationship management. Key Responsibilities 1. Lead Handling and Qualification Handle incoming enquiries from the company website, email, telephone, WhatsApp and approved B2B marketplaces. Contact domestic and international pharmaceutical buyers. Understand the customer’s required product, brand, strength, dosage form, quantity, destination country and delivery expectations. Verify whether the enquiry is genuine and commercially relevant. Collect necessary customer and business information before processing an order. Prioritise high-value and urgent sales opportunities. Maintain professional response times for all incoming enquiries. 2. B2B Pharmaceutical Sales Explain the company’s products, services, sourcing capabilities and",full_time,non_clinical,https://www.naukri.com/job-listings-sales-and-relationship-manager-swiftly-meds-varanasi-3-to-7-years-060826035045,2026-08-06,3,7,400000,800000,per_annum,INR,true,
India,IN,+91,Hyderabad,Amgen Inc,hospital,https://img.naukimg.com/logo_images/groups/v1/11114410.gif,,Specialist IS Architect - Platform,"Demonstrated experience in managing global data projects and collaborating with cross-functional teams in a matrixed organization. . Advanced certifications in data visualization tools (e.g.,Tableau Certified Professional,Microsoft Power BI Certification). . SAFe for Teams certification (preferred) Work experience in the biotechnology or pharmaceutical industry. . .",full_time,non_clinical,https://www.naukri.com/job-listings-specialist-is-architect-platform-amgen-inc-hyderabad-7-to-12-years-060826934999,2026-08-06,7,12,,,,,true,
India,IN,+91,Mumbai,Syncom Formulations India,hospital,https://img.naukimg.com/logo_images/groups/v1/4632257.gif,,National Sales Manager,"Preferred candidate profile . 1218 years of experience in pharmaceutical sales,preferably in Gynaecology,Gastroenterology or related therapeutic segments Proven experience in handling large sales teams and Pan-India business operations",full_time,non_clinical,https://www.naukri.com/job-listings-national-sales-manager-syncom-formulations-india-mumbai-mumbai-suburban-mumbai-all-areas-15-to-24-years-060826034997,2026-08-06,15,24,1500000,2500000,per_annum,INR,true,
India,IN,+91,Pune,Suma Soft,hospital,https://img.naukimg.com/logo_images/groups/v1/617990.gif,,Sr. Manager / Manager - Medical Coding,". We are hiring an experienced Medical Coding Manager with 10+ years of domain experience and 2+ years of leadership experience A graduation in Life Science / Pharmacy is preferred,and candidates must possess excellent communication skills for team training and oversight . Education,Experience and Skillset Managerial Experience 2+ Years. .",full_time,non_clinical,https://www.naukri.com/job-listings-sr-manager-manager-medical-coding-suma-soft-private-limited-pune-4-to-8-years-060826934919,2026-08-06,4,8,,,,,true,
India,IN,+91,Chennai(Perungudi),Annova Solutions Pvt Ltd,hospital,https://img.naukimg.com/logo_images/groups/v1/10581434.gif,,Operations Manager-Medical Coding,"Bachelors degree in Health Information Management,Healthcare Administration,or related field required Masters degree preferred. . Certified Coding Specialist (CCS) certification required",full_time,non_clinical,https://www.naukri.com/job-listings-operations-manager-medical-coding-annova-solutions-pvt-ltd-chennai-10-to-12-years-220626035794,2026-08-06,10,12,,,,,true,
India,IN,+91,Hyderabad,Amgen Inc,hospital,https://img.naukimg.com/logo_images/groups/v1/11114410.gif,,Manager Supply Chain - Global Distribution Operations,"Bachelors or Masters degree,or equivalent,in: Logistics or Supply Chain Management and operational support processes. . At least three years of people-management or supervisory experience,leading Bachelors- or Masters-level professionals in an international,project-oriented,or regulated environment. Operational Excellence certification. . APICS CSCP or CPIM certification.",full_time,non_clinical,https://www.naukri.com/job-listings-manager-supply-chain-global-distribution-operations-amgen-inc-hyderabad-5-to-9-years-060826934878,2026-08-06,5,9,,,,,true,
India,IN,+91,Hyderabad,Amgen Inc,hospital,https://img.naukimg.com/logo_images/groups/v1/11114410.gif,,Associate Contracts & Pricing,"Basic Qualifications . Masters degree in business administration,Finance,Commerce,Economics,Life Sciences,Healthcare Administration,or related discipline. . 36 years of experience in pharmaceutical commercial operations,membership operations,contracts pricing,customer master data,managed markets,market access,revenue management,or related business functions.",full_time,non_clinical,https://www.naukri.com/job-listings-associate-contracts-pricing-amgen-inc-hyderabad-1-to-5-years-060826934871,2026-08-06,1,5,,,,,true,
India,IN,+91,Hyderabad,Amgen Inc,hospital,https://img.naukimg.com/logo_images/groups/v1/11114410.gif,,Senior Data Scientist,"Preferred Qualifications 8+ years of experience applying data science in enterprise environments with demonstrated track record of delivering business value. Experience building and developing forecasting models for biotech / pharma use cases with knowledge of healthcare commercial concepts such as payer / provider dynamics,formulary access,and coverage.",full_time,non_clinical,https://www.naukri.com/job-listings-senior-data-scientist-amgen-inc-hyderabad-6-to-11-years-060826934861,2026-08-06,6,11,,,,,true,
India,IN,+91,Hyderabad,Amgen Inc,hospital,https://img.naukimg.com/logo_images/groups/v1/11114410.gif,,Associate Contracts & Pricing,"This individual should bring ownership,accuracy,curiosity,stakeholder collaboration,and a continuous improvement mindset to support compliant andtimelyMedicaid rebate execution. . Preferred Qualifications",full_time,non_clinical,https://www.naukri.com/job-listings-associate-contracts-pricing-amgen-inc-hyderabad-1-to-5-years-060826934850,2026-08-06,1,5,,,,,true,
India,IN,+91,Hyderabad,Amgen Inc,hospital,https://img.naukimg.com/logo_images/groups/v1/11114410.gif,,Supply Chain Manager Compliance,"Preferred Qualifications . 13 Years of relevant experience Experience leading teams within Supply Chain,Compliance,Quality,Trade Compliance,or related functions. Experience within pharmaceutical,biotechnology,healthcare,or other highly regulated industries. Experience supporting audits,inspections,and compliance programs.",full_time,non_clinical,https://www.naukri.com/job-listings-supply-chain-manager-compliance-amgen-inc-hyderabad-4-to-9-years-060826934809,2026-08-06,4,9,,,,,true,
India,IN,+91,Hyderabad,Amgen Inc,hospital,https://img.naukimg.com/logo_images/groups/v1/11114410.gif,,Sr Associate Contracts & Pricing Execution,"This individual should bring ownership,accuracy,curiosity,stakeholder collaboration,and a continuous improvement mindset to support compliant andtimelyMedicaid rebate execution. . Preferred Qualifications",full_time,non_clinical,https://www.naukri.com/job-listings-sr-associate-contracts-pricing-execution-amgen-inc-hyderabad-3-to-7-years-060826934706,2026-08-06,3,7,,,,,true,
India,IN,+91,Hyderabad,Amgen Inc,hospital,https://img.naukimg.com/logo_images/groups/v1/11114410.gif,,Contracts & Pricing Execution Mgr,"The ideal candidate is a strong Medicaid / managed markets operations leader with experience in U.S. healthcare or pharmaceutical rebate operations,financial controls,systems enablement,and people leadership Experience supporting SOX controls,audit readiness,SOP / work instruction documentation,access reviews,issue management,UAT,and system enhancement activities.",full_time,non_clinical,https://www.naukri.com/job-listings-contracts-pricing-execution-mgr-amgen-inc-hyderabad-5-to-10-years-060826934681,2026-08-06,5,10,,,,,true,
India,IN,+91,Bengaluru,Kroll,hospital,https://img.naukimg.com/logo_images/groups/v1/38648.gif,,"Manager, Cyber Technology Consulting","Working knowledge of Identity Access Management concepts including SSO,MFA,Federation,PAM,and IGA. . Experience coordinating infrastructure,application,and security workstreams within complex enterprise environments. . Strong project management skills including planning,scheduling,RAID management,stakeholder communication,and executive reporting. . .",full_time,non_clinical,https://www.naukri.com/job-listings-manager-cyber-technology-consulting-kroll-llc-bengaluru-4-to-7-years-060826934663,2026-08-06,4,7,,,,,true,
India,IN,+91,Hyderabad,AGS Health,hospital,https://img.naukimg.com/logo_images/groups/v1/2187308.gif,,walkin drive For AR Voice Experienced - Hyderabad,"Dear Candidate, Greetings from AGS Health.! Job Title: Process Associate/Sr Process Associate Job Role: To address outstanding or assigned AR through analysis and phone calls by using available resources. Utilization of all possible tools and applications available to take account to the next level of resolution, which would result in a payment, corrected submission, appeals, patient transfer or adjustment. To report trends / patterns in denials, claim submission errors, credentialing issues and billing related roadblocks to the immediate reporting manager. To meet the established SLAs (service level agreements) for production and quality. To update the outcome of the calls or analysis in a clear and coherent manner in the billing system. To utilize the and stay updated with changes done with the P & Ps To improve the performance based on the feedback provided by the reporting manager / quality audit team. Process: International Voice process - AR Calling PB and HB Qualification: Intermediate/Graduation/PG Shift Timing: 5.30PM to 2.30AM or 06:30 PM to 3:30 AM Night Shift (US Shift) - Should be flexible for both the shift. Transport: Two-way transport available till 15kms Location: 9th floor, Western Pearl Building, Survey no. 13, Kondapur, Kothaguda, Hyderabad, Telangana 500084. Job Type: Full-time, Regular / Permanent Benefits: 5 days work Work from Office PF ESI Health insurance Performance bonus Required Skills: Minimum 1-3 years experience in AR calling Calling experience on Denial Management - Physician Billing/Hospital Billing Should be comfortable working with Night shifts Good Communication skills Looking for aspirant who can join us immediately. Interested candidate WhatsApp your resume to Vaishnavi-9150092587 Regards, Vaishnavi.",full_time,non_clinical,https://www.naukri.com/job-listings-walkin-drive-for-ar-voice-experienced-hyderabad-ags-health-hyderabad-1-to-4-years-060826034553,2026-08-06,1,4,,,,,true,
India,IN,+91,Bengaluru,Tusk Support Partners,hospital,https://img.naukimg.com/logo_images/groups/v1/10640266.gif,,Business Support Associate (Dental Billing),"Familiarity with US insurance procedures. . Bachelors degree in any field. . Strong attention to detail and Organizational Skills.ilities Preferred candidate profile Proficient with Excel: Data entry,analysis,and report generation Experience in a US healthcare setting is preferred. Good Communication Skills: Strong verbal and written communication",full_time,non_clinical,https://www.naukri.com/job-listings-business-support-associate-dental-billing-tusk-support-partners-bengaluru-0-to-4-years-060826034552,2026-08-06,0,4,275000,500000,per_annum,INR,true,
India,IN,+91,Chennai,Access Healthcare,hospital,https://img.naukimg.com/logo_images/groups/v1/2750596.gif,,Surgery Coder,Job description . We are hiring Experienced & Certified Medical Coders for the following specialty . Job Details Certification: CIC / CCS/CPC certified through AAPC / AHIMA Experience Required: 2 - 5years Notice Period: Immediate joiners preferred,full_time,non_clinical,https://www.naukri.com/job-listings-surgery-coder-access-healthcare-chennai-3-to-5-years-060826034374,2026-08-06,3,5,,,,,true,
India,IN,+91,Chennai,Prochant,hospital,https://img.naukimg.com/logo_images/groups/v1/4683563.gif,,Prochant hiring For RCM -Team leader AR,"Bachelors degree in any discipline (preferred) Proficiency in MS Excel and RCM applications Required Qualifications Minimum 1- 2 years of experience leading an AR team Preferred Skills 8 years of experience in Healthcare Revenue Cycle Management Experience with Medicare,Medicaid,and commercial insurance payers",full_time,non_clinical,https://www.naukri.com/job-listings-prochant-hiring-for-rcm-team-leader-ar-prochant-chennai-coimbatore-thiruvananthapuram-6-to-8-years-060826034142,2026-08-06,6,8,,,,,true,
India,IN,+91,Asansol(Kanyapur),Hlg Memorial Hospital,hospital,https://img.naukimg.com/logo_images/groups/v1/4663449.gif,,Critical Care Medicine Consultant,"To provide comprehensive critical care management of ICU/HDU patients, conduct daily rounds, manage emergencies and ventilated patients, coordinate with multidisciplinary teams and remain available for emergency services.Complimentary Family BHK Accommodation",full_time,doctors,https://www.naukri.com/job-listings-critical-care-medicine-consultant-hlg-memorial-hospital-asansol-0-to-2-years-060826033991,2026-08-06,0,2,4500000,6000000,per_annum,INR,true,
India,IN,+91,Kozhikode,Nextenti Tech,hospital,https://img.naukimg.com/logo_images/groups/v1/11687426.gif,,Billing Manager,"The candidate should have strong leadership skills and in-depth knowledge of hospital billing,insurance claims,and revenue cycle management. . Key Responsibilities",full_time,non_clinical,https://www.naukri.com/job-listings-billing-manager-nextenti-tech-kozhikode-4-to-6-years-060826010811,2026-08-06,4,6,,,,,true,
India,IN,+91,Bengaluru,Aatral Hr Consulting,hospital,https://img.naukimg.com/logo_images/groups/v1/10523944.gif,,Hirings For Medical Coders NEURO/cardio/IVR/ORTHO/ ENM ORTHO,ONLY CERTIFIED Location: ONLY BANGALORE(WALKIN INTERVIEWS) 1+ years of experience,full_time,non_clinical,https://www.naukri.com/job-listings-hirings-for-medical-coders-neuro-cardio-ivr-ortho-enm-ortho-aatral-hr-consulting-bengaluru-1-to-6-years-060826033879,2026-08-06,1,6,300000,800000,per_annum,INR,true,
India,IN,+91,Chennai,Access Healthcare,hospital,https://img.naukimg.com/logo_images/groups/v1/2750596.gif,,Hiring Non Certified Coder,*Non Certified Coder* openings here Immediate Joiners Preferred to 2 month NP accepted,full_time,non_clinical,https://www.naukri.com/job-listings-hiring-non-certified-coder-access-healthcare-chennai-1-to-4-years-060826033813,2026-08-06,1,4,125000,500000,per_annum,INR,true,
India,IN,+91,Chennai(Saidapet),Rapid Care,hospital,https://img.naukimg.com/logo_images/groups/v1/4621485.gif,,Walk-in || Charge Entry Executive - US Healthcare,"Charge Entry Executive US Healthcare Location: Saidapet, Chennai Shift: Day Shift Important Information This position is based out of Saidapet, Chennai and requires candidates to work from the office. Applicants should have prior experience in US Healthcare Medical Billing, particularly in Charge Entry and Payment Posting processes. Join Our US Healthcare Billing Team! We are looking for a detail-oriented and motivated Charge Entry Executive to join our US Healthcare Revenue Cycle Management (RCM) team. The ideal candidate will be responsible for accurate charge entry, payment posting, reconciliation, and ensuring compliance with healthcare billing standards. If you have a keen eye for accuracy and a strong understanding of medical billing processes, this is an excellent opportunity to grow your career in the US Healthcare domain. Key Responsibilities Accurately enter patient demographics, charges, CPT, ICD-10, and modifiers into the billing system. Review charge sheets and supporting documents to ensure completeness and accuracy. Post payments received through ERA (Electronic Remittance Advice) and EOB (Explanation of Benefits) from insurance companies and patients. Reconcile daily payments, deposits, and posted transactions to ensure data integrity. Identify and process denials using ANSI denial codes and escalate discrepancies when required. Maintain HIPAA compliance and protect patient confidentiality at all times. Coordinate with providers and internal teams to resolve billing-related issues. Ensure adherence to quality standards, turnaround times, and productivity goals. Preferred Candidate Profile Experience Minimum 1 year of experience in US Healthcare Medical Billing, preferably in Charge Entry and Payment Posting. Required Skills Strong knowledge of: Charge Entry Medical Billing CPT Coding ICD-10 Coding Modifiers Payment Posting ERA & EOB Processing Denial Handling ANSI Codes HIPAA Compliance Technical Skills Familiarity with EHR/EMR and Medical Billing Systems. Proficient in MS Excel. Excellent attention to detail with an accuracy level of 99% or higher. Additional Requirements Good analytical and problem-solving skills. Ability to work efficiently in a fast-paced environment. Strong organizational and communication skills. Why Join Us? Opportunity to work with a growing US Healthcare organization. Exposure to end-to-end Revenue Cycle Management processes. Professional work environment with learning and growth opportunities. Stable Day Shift schedule. Performance-driven career advancement.",full_time,non_clinical,https://www.naukri.com/job-listings-charge-entry-executive-us-healthcare-rapid-care-chennai-1-to-2-years-060826033806,2026-08-06,1,2,,,,,true,
India,IN,+91,Hyderabad,Access Healthcare,hospital,https://img.naukimg.com/logo_images/groups/v1/2750596.gif,,Hiring HCC Medical Coders,Role: Certified HCC Coder. Experience: Minimum 1+ year. Certification: Mandatory,full_time,non_clinical,https://www.naukri.com/job-listings-hiring-hcc-medical-coders-access-healthcare-hyderabad-1-to-3-years-060826033761,2026-08-06,1,3,300000,425000,per_annum,INR,true,
India,IN,+91,Bengaluru,Neuroglia Health,hospital,https://img.naukimg.com/logo_images/groups/v1/4614597.gif,,Videographer,"What Does This Team Do: This team brings creative ideas to life through high-quality video production for medical education and digital platforms. They manage everything from studio setup and filming to quality control and media management, ensuring every piece of content is visually engaging, technically flawless, and ready for seamless post-production. By combining technical expertise with creative storytelling, they help deliver impactful content that educates and inspires healthcare professionals and learners. What will you be doing here? Ensure Studio Quality Control (QC) by maintaining production standards, managing recording workflows, organizing and backing up media files, and maintaining a structured file management system for seamless post-production. Set up and operate studio equipment, including cameras, lighting, microphones, green screens, and other production gear. Execute high-quality video recordings as per the production schedule. Maintain accurate recording log sheets, documenting takes and production notes. Organize, transfer, and securely back up media files to external storage devices and cloud platforms. Diagnose, troubleshoot, and resolve technical issues related to cameras, audio, lighting, and other studio equipment. Collaborate on script conceptualization, shot planning, and creative execution to produce engaging visual content. Ensure all studio equipment is properly maintained and production-ready at all times. Adhere to production timelines while consistently delivering high-quality output. The Best-Fit Candidate Would Have: 6 months - 1 year of proven experience as a videographer with a strong portfolio showcasing diverse projects. Proficient in operating professional video cameras, DSLRs, and mirrorless cameras with a solid understanding of camera settings and workflows. Hands-on experience with studio and on-location shoots, including audio equipment such as wired and wireless microphones. Good understanding of lighting techniques and studio setups for different production environments. Strong knowledge of video production principles, including framing, timing, continuity, and visual storytelling. Creative mindset with excellent storytelling, composition, and problem-solving skills. Ability to work efficiently under pressure, manage multiple projects, and meet tight deadlines. Willingness to work flexible hours, including evenings and weekends, based on production requirements. Strong communication, collaboration, and organizational skills with a proactive approach to learning and innovation.",full_time,non_clinical,https://www.naukri.com/job-listings-videographer-neuroglia-health-bengaluru-1-to-2-years-050826028116,2026-08-06,1,2,350000,425000,per_annum,INR,true,
India,IN,+91,Pune(Pune Station),N M Wadia Institute of Cardiology,hospital,https://img.naukimg.com/logo_images/groups/v1/4672445.gif,,Cardiac Anesthesiologist,"Role & responsibilities Adult cardiac anaesthesia Off-pump and on-pump cardiac surgery Structural heart and hybrid procedures Transcatheter interventions (TAVI/TAVR, MitraClip, etc.) Transesophageal Echocardiography (TEE) Advanced haemodynamic monitoring Cardiac Critical Care and ECMO (desirable) Lead perioperative cardiac anaesthesia services for complex cardiac surgical and interventional procedures. Collaborate closely with cardiac surgeons, cardiologists, intensivists, perfusionist, and nursing teams to deliver outstanding clinical outcomes. Participate in clinical governance, quality improvement initiatives, teaching, and research. Mentor junior consultants, fellows, residents, and anaesthesia staff. Contribute to the continued growth and development of the institute's cardiac anaesthesia services.",full_time,doctors,https://www.naukri.com/job-listings-cardiac-anesthesiologist-n-m-wadia-institute-of-cardiology-pune-5-to-7-years-060826033461,2026-08-06,5,7,,,,,true,
India,IN,+91,Bengaluru(Marathahalli),Bold Fuse,hospital,https://img.naukimg.com/logo_images/groups/v1/7832615.gif,,Cardiology Consultant,"Designation: Associate consultant Cardiology Experience & Specialization: We are looking for Doctor's with 0 to 2 Years experience in Cardiology. Preference will be given to those who have worked in Cath Lab, Interventional Cardiology, or other specialized cardiology services, depending on the overall profile.",full_time,doctors,https://www.naukri.com/job-listings-cardiology-consultant-bold-fuse-bengaluru-0-to-2-years-060826033460,2026-08-06,0,2,300000,325000,per_annum,INR,true,
India,IN,+91,Hyderabad,Sipra Labs Limited,pharma,https://img.naukimg.com/logo_images/groups/v1/379294.gif,,Sr.Analyst/Analyst- LCMS/ GCMS,Stay up-to-date with industry developments in mass spectrometry technologies and apply this knowledge to improve laboratory operations. . Desired Candidate Profile: . 2-7 years of experience in Analytical Method Development & Validation (GC-MS & LCMS),full_time,non_clinical,https://www.naukri.com/job-listings-sr-analyst-analyst-lcms-gcms-sipra-labs-limited-hyderabad-2-to-7-years-060826933213,2026-08-06,2,7,300000,700000,per_annum,INR,true,
India,IN,+91,Hybrid - Hyderabad,Airvin Skills,hospital,https://img.naukimg.com/logo_images/groups/v1/9181901.gif,,Clinical Trial Assistant,"We are seeking a highly organized and detail-oriented Clinical Trial Coordinator (Fresher) to join our dynamic clinical research team Qualifications and Skills: . Education: Bachelors degree in life sciences,nursing,or a related field Experience: Fresher or recent graduate with a strong interest in clinical research",full_time,non_clinical,https://www.naukri.com/job-listings-clinical-trial-assistant-airvin-skills-hyderabad-mysuru-bengaluru-0-to-0-years-060826033215,2026-08-06,0,0,,,,,true,
India,IN,+91,Chennai(Madambakkam),Valara Child Development Center,hospital,https://img.naukimg.com/logo_images/groups/v1/12458568.gif,,Pediatric Occupational Therapist / Pediatric Physiotherapist,"Join VALARA Growing Communication. Nurturing Every Child. At VALARA Child Development Center, we believe every child deserves the opportunity to communicate with confidence and reach their fullest potential. We're looking for a passionate pediatric Occupational Therapist to become one of our founding team members and help build a premium child development centre from the ground up. Job Overview We are seeking a highly skilled and compassionate Pediatric Occupational Therapist (Pediatric OT) to join our team. As a Pediatric OT, you will play a crucial role in helping children with developmental and physical challenges achieve their full potential. In this dynamic and rewarding position, you will work with a team of healthcare professionals to design and implement individualized treatment plans and provide hands-on therapy to children of all ages. Pediatric Occupational Therapist (Pediatric OT) Responsibilities & Duties: Conduct comprehensive evaluations of children's strengths, weaknesses and abilities Develop and implement individualized treatment plans Provide hands-on therapy to children of all ages Collaborate with other healthcare professionals, such as physicians and teachers to coordinate care Document progress and communicate with families and other healthcare professionals Stay current with the latest developments in pediatric occupational therapy Qualifications & Skills Previous experience working with children in a therapeutic setting. Certification in sensory integration therapy or other specialized pediatric therapies. Strong communication skills for interacting with children and their families. Ability to create engaging and effective treatment plans tailored to each child's needs. Knowledge of pediatric developmental milestones and common childhood disorders. Experience working in a school or educational environment. Ability to work collaboratively with a multidisciplinary team. Licensed to practice as a Pediatric Occupational Therapist Strong communication, organizational, and interpersonal skills Ability to work effectively in a fast-paced, collaborative environment Passion for helping children and their families As a founding member at VALARA, we strongly prioritize attitude over experience. Ideal therapist needs to be empathetic, organized, and eager to learn. Qualifications Required Bachelors/masters in Occupational therapy/ pediatric physiotherapy from a recognized institution Valid RCI registration Preferred Experience working with children Strong communication and interpersonal skills What We Offer Supportive, child-focused work environment Opportunity to help build a growing organization Ongoing professional development Structured clinical documentation and systems Career growth opportunities as VALARA expands Location Madambakkam, Chennai To Apply Send your CV to: support@myvalara.com Salary: Competitive and commensurate with qualifications and experience.",full_time,non_clinical,https://www.naukri.com/job-listings-pediatric-occupational-therapist-pediatric-physiotherapist-valara-child-development-center-chennai-0-to-3-years-060826033203,2026-08-06,0,3,225000,425000,per_annum,INR,true,
India,IN,+91,Chennai,Grm Academy And Consultant,hospital,https://img.naukimg.com/logo_images/groups/v1/11720621.gif,,Accounts Receivable Caller,We are looking for enthusiastic and experienced AR Callers with strong communication skills and knowledge in the US Healthcare process. The ideal candidate should have experience in handling insurance claim follow-ups and denial management.Skills Required • AR Calling • Denial Management • Insurance Follow-up • Medical Billing • Communication Skills • Healthcare Process Knowledge,full_time,non_clinical,https://www.naukri.com/job-listings-accounts-receivable-caller-grm-academy-and-consultant-chennai-1-to-6-years-060826033197,2026-08-06,1,6,,,,,true,
India,IN,+91,Mumbai(Shivaji Park),Health Shastra,hospital,https://img.naukimg.com/logo_images/groups/v1/12482958.gif,,Healthcare Executive - Female,1. Interact with patients in a professional and empathetic manner. 2. Explain healthcare services and address patient queries. 3. Maintain patient records and coordinate appointments. 4. Support day-to-day clinic operations.,full_time,non_clinical,https://www.naukri.com/job-listings-healthcare-executive-female-health-shastra-mumbai-0-to-5-years-060826033194,2026-08-06,0,5,216000,240000,per_annum,INR,true,
India,IN,+91,Delhi / NCR,Prompt Career Consultants,hospital,https://img.naukimg.com/logo_images/groups/v1/1214038.gif,,Front Office Executive,Front Desk Executive Delhi/NCR Salary 25-26k Billing exp is must Only Female,full_time,non_clinical,https://www.naukri.com/job-listings-front-office-executive-prompt-career-consultants-delhi-ncr-1-to-3-years-060826033134,2026-08-06,1,3,300000,325000,per_annum,INR,true,
India,IN,+91,Ranchi,Intas Foundation,hospital,https://img.naukimg.com/logo_images/groups/v1/373276.gif,,"Counsellor - Ranchi, Jharkhand - Corporate Social Responsibility","Location: Ranchi,Jharkhand (locals are preferred). Qualification: Graduation or Post-Graduation in Social Work,Psychology,Clinical Psychology Required Skills and Knowledge: . Experience in public health and reporting will be a plus Experience: 0-1 Year. Primary Responsibility: . Experience in working with cross-functional teams",full_time,non_clinical,https://www.naukri.com/job-listings-counsellor-ranchi-jharkhand-corporate-social-responsibility-intas-foundation-ranchi-0-to-1-years-190825020383,2026-08-06,0,1,,,,,true,
India,IN,+91,Jaipur(C Scheme),S R Kalla Hospital,hospital,https://img.naukimg.com/logo_images/groups/v1/4743495.gif,,Staff Nurse,"We are looking for nurse who is responsible for patient care, medication administration, and record maintenance. Ensure safety, follow hospital protocols, and collaborate with doctors. BSN degree, RN license. for interview call on 7073999952.",full_time,nurses,https://www.naukri.com/job-listings-staff-nurse-s-r-kalla-hospital-jaipur-1-to-5-years-111125012144,2026-08-06,1,5,,,,,true,
India,IN,+91,Bengaluru,CorroHealth,hospital,https://img.naukimg.com/logo_images/groups/v1/8172399.gif,,Walk-in || Medical Coder Trainee,We are hosting a Mega Walkin Drive for the role of Medical Coding Trainee Freshers. Details: . - Qualification : Life Science graduation / PG (10+2+3 years mandatory) Certification : Both certified and non-certified candidates can attend Immediate joiners required Documents Required : - Resume (please carry soft copies of education documents),full_time,non_clinical,https://www.naukri.com/job-listings-medical-coder-trainee-corrohealth-bengaluru-0-to-1-years-060826032820,2026-08-06,0,1,200000,300000,per_annum,INR,true,
India,IN,+91,Agartala,Intas,hospital,https://img.naukimg.com/logo_images/groups/v1/373276.gif,,"Counsellor - Agartala, Tripura, Corporate Social Responsibility","INTAS Foundation, CSR arm of Intas Pharmaceuticals Ltd., is committed to drive meaningful corporate social responsibility initiatives aimed at uplifting underserved communities across India. Key initiatives such as Apna Ghar, Blood for Life, Patient Assistance Programs, and Emerging Initiatives, impacted over 6.9 million lives across thirty-one (31) States and Union territories. The CSR projects are operational through resolute regional and state teams working cohesively to design, implement, and scale up activities to deliver tangible outcomes. As part of its continued efforts, Foundation is looking to onboard compassionate and committed professionals to provide essential mental health support to individuals and families affected by cancer and other chronic medical conditions. Position: Counsellor Location: Agartala, Tripura Qualification: Graduation or Post-Graduation Psychology, Clinical Psychology. Experience in public health and reporting will be a plus. Experience: 0-1 Year Primary Responsibility: Conduct individual and group therapy sessions for patients and caregivers to address psychological needs arising from the medical condition. Offer socio-economic guidance, raise awareness about various social and health security schemes. Maintaining case files and patient data and reports. Collaborate with healthcare institutions, clinicians and other service providers to facilitate patient access to healthcare services and navigate treatment journey. Establish and maintain networks with hospitals and healthcare institutions, fostering strong relationships with service providers. Coordinate patient centric services and empower patients and caregivers with necessary knowledge and skills. Required Skills and Knowledge: Knowledge and skills in Counselling. Excellent communication and collaboration skills. Experience in working with cross-functional teams. Diligence in reporting and administrative matters. Documentation and reporting skills Working knowledge in English and local language proficiency. Salary and Benefits: Salary based on candidates experience / qualifications. Additional benefits include group life insurance, accidental insurance, medical insurance, and travel reimbursement, leaves as per policy. The position requires 20% travel within and outside state. Interested candidates can apply at career@intasfoundation.org",full_time,non_clinical,https://www.naukri.com/job-listings-counsellor-agartala-tripura-corporate-social-responsibility-intas-agartala-0-to-1-years-211125033163,2026-08-06,0,1,,,,,true,
India,IN,+91,Hybrid - Bengaluru(C V Raman Nagar),Cardinal Health,hospital,https://img.naukimg.com/logo_images/groups/v1/4673837.gif,,Data Scientist,BTech-BE from Tier 1 / 2 engineering schools or MStat / MS (Math)/MA Econ/ MS Analytics / data science from Tier 1 / 2 schools Preferably good knowledge of Agile & SCRUM development processes 6 - 8 years of experience preferred Familiarity with enterprise applications such as SAP and Salesforce is highly preferred,full_time,non_clinical,https://www.naukri.com/job-listings-data-scientist-cardinal-health-bengaluru-6-to-10-years-060826032732,2026-08-06,6,10,,,,,true,
Saudi Arabia,SA,+966,Saudi Arabia,Fine Tours & Travels Ernakulam,hospital,https://img.naukimg.com/logo_images/groups/v1/11720495.gif,,Nurse Specialist,"HIRING MALE INDUSTRIAL NURSES SAUDI ARABIA Position: Male Industrial Nurse Minimum 3 - 5 years of experience. Experience in ER,ICU,or CCU,PICU,NICU,CASUALITY.",full_time,nurses,https://www.naukri.com/job-listings-nurse-specialist-fine-tours-travels-ernakulam-saudi-arabia-3-to-6-years-060826032720,2026-08-06,3,6,1200000,1300000,per_annum,INR,true,
India,IN,+91,Hybrid - Chennai,Hexaware Technologies,hospital,https://img.naukimg.com/logo_images/groups/v1/12466.gif,,Account Service Delivery Manager,"Strong background in service based IT organizations (preferred over pure product companies) candidates with only testing backgrounds are not suitable Required Skills & Competencies Experience Overall Experience: 15+ years Proven experience managing end to end project lifecycle from pre sales,solutioning,delivery,operations,to closure",full_time,non_clinical,https://www.naukri.com/job-listings-account-service-delivery-manager-hexaware-technologies-chennai-18-to-23-years-060826032713,2026-08-06,18,23,,,,,true,
India,IN,+91,Nagpur(Shankar Nagar +1),Parijatak Ayurveda,hospital,https://img.naukimg.com/logo_images/groups/v1/8828672.gif,,Panchakarma Therapist,. Certification or training in Panchakarma Therapy preferred Freshers with good practical skills are welcome Assist doctors during Panchakarma procedures when required Preferred candidate profile Good communication and patient-handling skills,full_time,non_clinical,https://www.naukri.com/job-listings-panchakarma-therapist-parijatak-ayurveda-nagpur-0-to-5-years-060826032677,2026-08-06,0,5,,,,,true,
India,IN,+91,Udaipur,Pathfinders Global(P) Ltd,hospital,https://img.naukimg.com/logo_images/groups/v1/8603813.gif,,Hospital and Medical College - Nephrologist,Nephrologist Required for Hospitals & Medical Colleges,full_time,doctors,https://www.naukri.com/job-listings-hospital-and-medical-college-nephrologist-pathfinders-global-p-ltd-udaipur-varanasi-delhi-ncr-0-to-5-years-060826032620,2026-08-06,0,5,,,,,true,
India,IN,+91,Hybrid - Hyderabad,Airvin Skills,hospital,https://img.naukimg.com/logo_images/groups/v1/9181901.gif,,Clinical Research Associate,"Job Type- Fresher or Internship level Clinical Research Associates manage clinical trials and studies pertaining to biotechnological and pharmaceutical products,drugs and procedures Maintain accurate and up-to-date documentation of all activities performed during the internship Preferred candidate profile . .",full_time,non_clinical,https://www.naukri.com/job-listings-clinical-research-associate-airvin-skills-hyderabad-mysuru-bengaluru-0-to-0-years-060826032506,2026-08-06,0,0,,,,,true,
India,IN,+91,Mumbai(Goregaon +1),SRV Hospital,hospital,https://img.naukimg.com/logo_images/groups/v1/1784884.gif,,Pharmacist,"Rotational shifts,including weekends and public holidays,as per hospital requirements Diploma in Pharmacy (D.Pharm) or Bachelor of Pharmacy (BPharm) Additional certifications in hospital pharmacy are preferred. Required Skills Experience 4 6 years of hospital pharmacy experience,with at least 1 2 years in a supervisory or senior role.",full_time,pharmacists,https://www.naukri.com/job-listings-pharmacist-srv-hospital-mumbai-all-areas-2-to-5-years-060826032474,2026-08-06,2,5,300000,350000,per_annum,INR,true,
India,IN,+91,Noida,Persistent,hospital,https://img.naukimg.com/logo_images/groups/v1/3835862.gif,,Solution Architect,"About Position: We are seeking a highly experienced System Architect with 15+ years of experience in designing, governing, and modernizing large-scale on-premises enterprise applications and infrastructure platforms. The ideal candidate will possess deep expertise in enterprise architecture, distributed systems, data center technologies, network and security architecture, and application modernization. The role requires strong leadership capabilities to drive architecture strategy, technology governance, scalability, resilience, and security across mission-critical environments. Exposure to cloud and hybrid-cloud architecture is desirable. Role: Solution Architect Location: All Persistent Location Experience: 12+years Job Type: Full-Time Employment What You'll Do: Define and govern enterprise architecture standards, frameworks, and technology roadmaps for on-premises application ecosystems. Design scalable, resilient, and secure enterprise applications using Microservices, SOA, Event-Driven Architecture, and Domain-Driven Design principles. Lead modernization of legacy systems and enterprise platforms. Architect highly available and disaster-resilient solutions across data centres and distributed environments. Define enterprise integration strategies for applications, databases, third-party systems, and operational platforms. Drive infrastructure architecture decisions spanning compute, storage, networking, security, and middleware. Establish architecture governance, security controls, risk management, and compliance standards. Collaborate with business stakeholders, product owners, delivery teams, and executive leadership to align technology with business goals. Lead architecture reviews, technology evaluations, and solution governance forums. Mentor architects and senior engineers while promoting engineering best practices. Expertise You'll Bring: Enterprise Architecture frameworks (TOGAF, Zachman, or equivalent) Microservices, Service-Oriented Architecture (SOA), Event-Driven Architecture Domain-Driven Design (DDD) Distributed Systems Architecture Application Modernization and Legacy Transformation High Availability and Fault-Tolerant System Design Infrastructure & Data Centre Architecture Enterprise Data Centre Architecture and Operations VMware, Hyper-V, and Virtualization Platforms High Availability, Clustering, and Disaster Recovery Solutions Business Continuity Planning (BCP) Capacity Planning and Performance Engineering Backup and Recovery Solutions (Commvault, NetBackup, Veeam) Active-Active and Active-Passive Architecture Design Network Architecture & Management Enterprise Network Architecture (LAN, WAN, MPLS, SD-WAN) DNS, DHCP, NTP Administration Network Segmentation and Micro-Segmentation Load Balancing Solutions (F5, Citrix ADC, HAProxy) Firewall Architecture and Policy Governance VPN, Reverse Proxy, and Secure Remote Access Solutions Network Monitoring, Troubleshooting, and Performance Optimization Operating Systems & Platforms Lin",full_time,non_clinical,https://www.naukri.com/job-listings-solution-architect-persistent-noida-gurugram-12-to-20-years-060826032473,2026-08-06,12,20,,,,,true,
India,IN,+91,Chandigarh(Sector 22),Apollo Health and Lifestyle (AHLL),hospital,https://img.naukimg.com/logo_images/groups/v1/51940.gif,,IVF Counsellor,"Roles and Responsibilities Provide counseling services to patients undergoing IVF treatment, addressing their concerns, questions, and emotions throughout the process. Educate patients on various aspects of IVF procedures, including egg retrieval, embryo transfer, and medication protocols. Facilitate communication between patients and medical professionals to ensure seamless coordination during treatments. Offer psychological support to patients experiencing anxiety or stress related to infertility treatments. Maintain accurate records of patient interactions, progress notes, and treatment plans.",full_time,non_clinical,https://www.naukri.com/job-listings-ivf-counsellor-apollo-health-and-lifestyle-ahll-chandigarh-2-to-5-years-060826032410,2026-08-06,2,5,,,,,true,
India,IN,+91,Udaipur,Pathfinders Global(P) Ltd,hospital,https://img.naukimg.com/logo_images/groups/v1/8603813.gif,,Critical Care Consultant,Critical Care Consultants Medical Colleges & Hospitals . Pathfinders Global is hiring Critical Care Consultants for reputed Medical Colleges & Hospitals across multiple locations Participate in teaching and academic activities (for Medical Colleges) Reputed Medical Colleges & Hospitals Relevant experience in ICU / Critical Care preferred,full_time,doctors,https://www.naukri.com/job-listings-critical-care-consultant-pathfinders-global-p-ltd-udaipur-bareilly-delhi-ncr-0-to-5-years-060826032356,2026-08-06,0,5,,,,,true,
India,IN,+91,Faridabad,Fortis,hospital,https://img.naukimg.com/logo_images/groups/v1/533010.gif,,Attending Consultant-Anaesthesia,Preferred candidate profile,full_time,doctors,https://www.naukri.com/job-listings-attending-consultant-anaesthesia-fortis-faridabad-3-to-6-years-060826032351,2026-08-06,3,6,3000000,4500000,per_annum,INR,true,
India,IN,+91,Hyderabad,PwC,hospital,https://img.naukimg.com/logo_images/groups/v1/9246.gif,,Accounts Receivable Caller,"Role Requirements AR Caller (Healthcare RCM) Experience Level: 1 to 3 years Key Requirements: Proven experience of 1–3years in Healthcare Revenue Cycle Management (RCM), with a strong focus on Accounts Receivable (AR) followup and collections. Solid understanding of medical billing processes, insurance claims, and reimbursement methodologies. Excellent communication skills, with the ability to interact effectively with insurance companies, patients, and internal stakeholders. Proficiency in billing software, Electronic Health Records (EHR) systems, and Microsoft Office applications. Strong attention to detail with the ability to prioritize tasks and meet deadlines. Working knowledge of medical coding (ICD10, CPT) will be an added advantage. Shift & Work Model: Must be flexible to work night shifts (US time zone). 5 days working from office. Job Location: Hyderabad & Bangalore",full_time,non_clinical,https://www.naukri.com/job-listings-accounts-receivable-caller-pwc-hyderabad-bengaluru-0-to-4-years-060826032309,2026-08-06,0,4,,,,,true,
India,IN,+91,Surendranagar,Pathfinders Global(P) Ltd,hospital,https://img.naukimg.com/logo_images/groups/v1/8603813.gif,,Urology @Medical Colleges & Hospitals Pain India .,"@9218105969 MCH -Urology Location :-(Moradabad /Dehradun/ Gujarat) How to Apply: Call/WhatsApp:9218105969 Email: hr8@pathfindersglobal.com Share your spouse's CV if they're a medical professional (clinical or non-clinical). References are also appreciated! Help Us Spread the Word! Circulate this announcement within your networks and help your peers discover these amazing opportunities. Explore Exciting Opportunities in Clinical & Non-Clinical Medicine Across India! We're hiring for various positions in All Clinical and Non- Clinical Profiles across multiple locations in India! Best Regards, HR SHIKSHA 9218105969",full_time,non_clinical,https://www.naukri.com/job-listings-urology-medical-colleges-hospitals-pain-india-pathfinders-global-p-ltd-surendranagar-dehradun-moradabad-0-to-5-years-060826032279,2026-08-06,0,5,,,,,true,
India,IN,+91,Bengaluru,INFINX,hospital,https://img.naukimg.com/logo_images/groups/v1/4668391.gif,,Immediate openings For - E/M Surgery Medical Coder,"Job Title: E/M Surgery Medical Coder (Orthopedic, Neurology, Cardiology , IVR) Job Summary: An E/M (Evaluation and Management) Surgery Medical Coder is responsible for reviewing physician documentation and assigning accurate CPT, ICD-10-CM, HCPCS, and modifier codes for surgical E/M services. The coder ensures compliance with AMA, CMS, and payer-specific guidelines while supporting accurate reimbursement and reducing claim denials. Key Responsibilities Review and analyze surgical patient records, office visits, consultations, hospital visits, and follow-up encounters. Assign accurate E/M CPT codes based on Medical Decision Making (MDM) and time-based coding guidelines. Apply appropriate ICD-10-CM diagnosis codes, HCPCS codes, and modifiers. Code E/M services for surgical specialties such as: General Surgery Orthopedic Surgery Neurosurgery ENT Surgery Urology Cardiothoracic Surgery Plastic Surgery Ensure documentation supports the selected E/M level. Identify and report documentation deficiencies to providers when clarification is required. Follow current AMA CPT and CMS E/M coding guidelines. Ensure compliance with Medicare, Medicaid, HIPAA, and commercial payer requirements. Review denied claims and assist in coding corrections when necessary. Meet productivity and quality standards established by the organization. Stay updated on annual coding guideline changes. Required Qualifications Bachelor's degree or equivalent in Life Sciences, Pharmacy, Nursing, or related healthcare field. Certification preferred: CPC (Certified Professional Coder) CCS (Certified Coding Specialist) COC (Certified Outpatient Coder) Required Skills Strong knowledge of E/M coding guidelines. Knowledge of CPT, ICD-10-CM, HCPCS, and modifiers. Understanding of surgical documentation and medical terminology. Excellent analytical and problem-solving skills. Attention to detail and coding accuracy. Familiarity with EMR/EHR systems. Resume Job Responsibility Example Reviewed and coded Evaluation & Management (E/M) services for surgical specialties using CPT, ICD-10-CM, and HCPCS coding systems. Analyzed physician documentation to determine appropriate E/M levels based on Medical Decision Making and time guidelines. Ensured compliance with AMA, CMS, and payer-specific regulations while maintaining high coding accuracy and productivity. Identified documentation gaps, initiated provider queries, and supported denial resolution activities. Participated in coding quality reviews and maintained coding accuracy above organizational standards. Contact - 9177875702 whatsapp durga Bhavani hr -- contact only 11 am to 5pm",full_time,non_clinical,https://www.naukri.com/job-listings-immediate-openings-for-e-m-surgery-medical-coder-infinx-bengaluru-2-to-6-years-060826020504,2026-08-06,2,6,200000,600000,per_annum,INR,true,
India,IN,+91,Udaipur,Pathfinders Global(P) Ltd,hospital,https://img.naukimg.com/logo_images/groups/v1/8603813.gif,,SR/ AP/ Associate Professor/ Professor/ Consultant- Surgical Oncology,. Full Time Call- 9218173751 . SR/ AP/ Associate Professor / Professor/ Consultant Surgical Oncologists Required @Medical colleges & Hospitals,full_time,doctors,https://www.naukri.com/job-listings-sr-ap-associate-professor-professor-consultant-surgical-oncology-pathfinders-global-p-ltd-udaipur-kanpur-ahmedabad-0-to-5-years-060826032190,2026-08-06,0,5,,,,,true,
India,IN,+91,Lucknow,Era University,hospital,https://img.naukimg.com/logo_images/groups/v1/2825194.gif,,Consultant Interventional Radiologist,As per NMC norms Interested candidates may share their updated resume on below mention details 8318758255 or walinaqi@erauniversity.in,full_time,doctors,https://www.naukri.com/job-listings-consultant-interventional-radiologist-era-university-lucknow-1-to-6-years-060826032160,2026-08-06,1,6,,,,,true,
India,IN,+91,Udaipur,Pathfinders Global(P) Ltd,hospital,https://img.naukimg.com/logo_images/groups/v1/8603813.gif,,Neurosurgeon,"Locations- Gujrat,Udaipur,Bareilly,Kanpur,Varanasi,Jaipur,Bhopal,Lucknow,Nasik,Chennai,Bangalore . Full Time Contact 9218173754 . Neurosurgery Required @Medical colleges & Hospital Build Your Medical Career with a Leading Medical College",full_time,doctors,https://www.naukri.com/job-listings-neurosurgeon-pathfinders-global-p-ltd-udaipur-bareilly-ahmedabad-0-to-5-years-060826032153,2026-08-06,0,5,,,,,true,
India,IN,+91,Bengaluru(Vijayanagar),Kangaroo Care Hospital,hospital,https://img.naukimg.com/logo_images/groups/v1/5918936.gif,,Nicu Staff Nurse/ Ward Nurse,"Patient Safety and comfort is the whole and sole responsibility. Takeover of night duty in detail. Regular monitoring of working conditions of all the equipments. Follow NISED Policy. Every fortnight audit needs to be done on medicines in stock, consumables and non- consumables. Everyday checking of the crash cart and make sure that all medicines are available. Maintaining below checklist on day-to-day basis: a) Oxygen cylinder b) Suction c) Fridge d) Crash Cart e) ECG machine f) Patient monitors g) Any other Bio medical equipment Routine check on the facilities provided by the hospital for patient comfort like Fan, AC, Geyser, Nurse call bell, Lights. Etc. Need to intimate the maintenance prior admitting any patient to check for all the facilities if it is in working condition. Protocols of waste segregation to be maintained in the wards. All the patients who are posted for surgery, check all the documents are completed. All the doctors order needs to be follow . All the ward registers to be maintained regularly. Allocation of staff on duty needs to be made on priority basis for patient. Discharge documents to be completed and submit on time to MRD, any Birth or death and MLC to be submitted to MRD with in 24 Hrs. Any grievances among the nursing staffs to be immediately escalated to CNO and HR CNE classes attend regularly . Infection control policy and protocol to be maintained. In case of medication or quality error, incident report to be raised by the senior staff nurse. Leave policy to be follow as per Hospital leave policyRole & responsibilities",full_time,nurses,https://www.naukri.com/job-listings-nicu-staff-nurse-ward-nurse-kangaroo-care-hospital-bengaluru-0-to-6-years-080426023698,2026-08-06,0,6,,,,,true,
India,IN,+91,Durgapur,The Mission Hospital,hospital,https://img.naukimg.com/logo_images/groups/v1/1464024.gif,,Staff Nurse,"Preferred candidate profile GNM / B.Sc Nursing Min 2 Years experience from reputed hospital (Post registration) Cathlab Nurse, OT Nurse, ICU Nurse.",full_time,nurses,https://www.naukri.com/job-listings-staff-nurse-the-mission-hospital-durgapur-2-to-7-years-280426034540,2026-08-06,2,7,,,,,true,
India,IN,+91,Kolkata(Sodepur +5),Djka Developers,hospital,https://img.naukimg.com/logo_images/groups/v1/12443332.gif,,Walk-in || Neuro Technician,"Company-RB Diagnostic Pvt. Ltd Perform NCV tests, explain procedures, position patients, apply electrodes, monitor comfort, operate and maintain equipment, record accurate results, and coordinate with neurologists for quality patient care.",full_time,non_clinical,https://www.naukri.com/job-listings-neuro-technician-djka-developers-kolkata-bidhannagar-baranagar-2-to-3-years-060826032105,2026-08-06,2,3,225000,625000,per_annum,INR,true,
India,IN,+91,Bengaluru(Whitefield),Visit Health,hospital,https://img.naukimg.com/logo_images/groups/v1/4639273.gif,,Guest Relations Manager,"Shift Timings & Working Days Essential Qualifications & Skills . Education: Minimum Bachelors degree a certification in medical secretarial or healthcare administration is a plus Computer Skills: Proficiency in basic office software,typing,and managing digital appointment systems Immediate Joiners or who can join within 15-20 Days are preferred",full_time,non_clinical,https://www.naukri.com/job-listings-guest-relations-manager-visit-health-bengaluru-1-to-3-years-060826032060,2026-08-06,1,3,350000,450000,per_annum,INR,true,
India,IN,+91,New Delhi(Ashok Vihar Phase II),Continuum Aesthetics,hospital,https://img.naukimg.com/logo_images/groups/v1/10306238.gif,,Walk-in || Dermatologist,"Freshers typically become independent on core aesthetic procedures within four to six months here Fully funded training,device certification,and conference attendance as above Prior aesthetics exposure is welcome but not required we train",full_time,doctors,https://www.naukri.com/job-listings-dermatologist-continuum-aesthetics-new-delhi-0-to-5-years-060826032045,2026-08-06,0,5,600000,1600000,per_annum,INR,true,
India,IN,+91,Pune,Ciklum,hospital,https://img.naukimg.com/logo_images/groups/v1/6183885.gif,,Data Scientist AIML Experts,Notice Period: Immediate to 30 Days Preferred. Agile delivery experience Experience :: 6-15 yrs.,full_time,non_clinical,https://www.naukri.com/job-listings-data-scientist-aiml-experts-ciklum-pune-chennai-10-to-15-years-060826032011,2026-08-06,10,15,,,,,true,
India,IN,+91,Gurugram,Medanta,hospital,https://img.naukimg.com/logo_images/groups/v1/388114.gif,,Walk-in || Pharmacist,Willingness to work in rotational shifts Only Haryana-registered pharmacists will be considered Experience: 13 Years Eligibility: . 1 3 years of experience in a hospital / retail pharmacy Good communication and interpersonal skills,full_time,pharmacists,https://www.naukri.com/job-listings-pharmacist-medanta-gurugram-1-to-3-years-060826031905,2026-08-06,1,3,,,,,true,
India,IN,+91,Mathura,Pathfinders Global(P) Ltd,hospital,https://img.naukimg.com/logo_images/groups/v1/8603813.gif,,Consultant Gastro Surgeon For Hospitals & Medical Colleges,Consultant Gastro Surgeon required for Multi Specialty Hospitals & Medical Colleges,full_time,doctors,https://www.naukri.com/job-listings-consultant-gastro-surgeon-for-hospitals-medical-colleges-pathfinders-global-p-ltd-mathura-moradabad-delhi-ncr-0-to-5-years-060826031865,2026-08-06,0,5,,,,,true,
India,IN,+91,Mumbai(Ambernath +1),Krew Instruments Pvt. Ltd.,hospital,https://img.naukimg.com/logo_images/groups/v1/4599699.gif,,Sales Manager,"Manage the complete sales cycle from enquiry generation to order closure. Develop new business opportunities in Pharmaceutical Companies, Healthcare Organizations, Hospitals, Diagnostic Laboratories, Medical Colleges, Biotechnology Companies, CROs, and Research Institutes. Promote and sell pharmaceutical and laboratory equipment, including Stability Chambers, Laboratory Centrifuges, Laminar Air Flow Cabinets, Biosafety Cabinets, Laboratory Refrigerators, Blood Bank Equipment, Deep Freezers, Incubators, Autoclaves, Sterilizers, and other laboratory instruments. Conduct customer meetings, technical presentations, product demonstrations, and requirement analysis. Prepare techno-commercial quotations, negotiate pricing, and close sales orders. Handle sales documentation, including quotations, work orders, purchase orders, and order follow-ups. Coordinate with production, service, and installation teams to ensure smooth project execution. Build and maintain long-term relationships with key customers and channel partners. Generate new business through cold calling, customer visits, references, exhibitions, seminars, and networking. Maintain accurate sales forecasts, weekly reports, and MIS. Ensure timely payment collections and customer satisfaction. Monitor competitor activities, pricing trends, and market developments. Required Technical Knowledge The candidate should possess sound knowledge of: Stability Chambers Laminar Air Flow Systems Biosafety Cabinets Laboratory Centrifuges Laboratory Refrigerators & Deep Freezers Incubators Autoclaves & Sterilizers Laboratory Instruments Refrigeration Systems Automation Controls QA & QC Laboratory Equipment Pharmaceutical Equipment Experience Minimum 5+ years of experience in Sales & Marketing within the Pharmaceutical Equipment, Laboratory Equipment, Medical Equipment, or Healthcare Equipment industry. Proven experience in selling products such as Stability Chambers, Laboratory Equipment, Autoclaves, Sterilizers, Refrigeration Equipment, and other pharmaceutical equipment. Experience in handling Pharma, QA, QC, R&D, Production, and Engineering department customers will be preferred.",full_time,non_clinical,https://www.naukri.com/job-listings-sales-manager-krew-instruments-pvt-ltd-mumbai-5-to-8-years-060826031820,2026-08-06,5,8,,,,,true,
India,IN,+91,Mumbai(Airoli),Yes Bank,hospital,https://img.naukimg.com/logo_images/groups/v1/161414.gif,,Sales Manager -Healthcare and Business Equipment Finance,"Regularly Engaging with OEMs,colleagues in Branch Banking,MSME Associations Office Bearers and SME team for generating leads from existing CRM of the bank as well as meeting minimum 2 Manufacturing clients on daily basis A minimum of 2-3 years of relevant experience with at least 1 year in a similar role .",full_time,non_clinical,https://www.naukri.com/job-listings-sales-manager-healthcare-and-business-equipment-finance-yes-bank-mumbai-all-areas-2-to-6-years-060826031781,2026-08-06,2,6,,,,,true,
India,IN,+91,Mumbai(Vile Parle),Malay Mehta Aesthetic Clinic,hospital,https://img.naukimg.com/logo_images/groups/v1/12482824.gif,,Skin Therapist,Preferred candidate profile . Someone who is trained or prior experience in working in similar field would be preferred,full_time,non_clinical,https://www.naukri.com/job-listings-skin-therapist-malay-mehta-aesthetic-clinic-mumbai-1-to-5-years-060826031758,2026-08-06,1,5,150000,250000,per_annum,INR,true,
India,IN,+91,Jaipur(Malviya Nagar),Bhagwan Mahaveer Cancer Hospital & Research Centre,hospital,https://img.naukimg.com/logo_images/groups/v1/4659957.gif,,Staff Nurse,Note: Oncology and Chemo experience is preferred,full_time,nurses,https://www.naukri.com/job-listings-staff-nurse-bhagwan-mahaveer-cancer-hospital-research-centre-jaipur-0-to-5-years-070125014766,2026-08-06,0,5,150000,300000,per_annum,INR,true,
India,IN,+91,Bengaluru,Apollo HomeCare,hospital,https://img.naukimg.com/logo_images/groups/v1/1687956.gif,,Homecare Physician,"Roles and Responsibilities: Home visits, visit approximately 4 to 5 enrolled patients in a day. To assess the patients needs and formulate personalized care plan based on comprehensive assessment To deliver outstanding clinical care guided by evidence based medicine and ethical practices To monitor the care delivered and provide the necessary clinical leadership to facilitate better recovery To provide Goal based care for patients resulting in better outcomes To implement clinical care protocols and pathways for common home healthcare presentations Report on number of visits and maintain the documentation of the visits.",full_time,doctors,https://www.naukri.com/job-listings-homecare-physician-apollo-homecare-bengaluru-1-to-2-years-201125013288,2026-08-06,1,2,600000,700000,per_annum,INR,true,
India,IN,+91,Jaipur,Bhagwan Mahaveer Cancer Hospital & Research Centre,hospital,https://img.naukimg.com/logo_images/groups/v1/4659957.gif,,Consultant Oncopathology- Histopathology Expert in IHC,"Follows code of professional ethics & implementing good lab practices by providing training as needed,develop work plan,procedures and ensure their implementation in all day to day Lab Operations",full_time,doctors,https://www.naukri.com/job-listings-consultant-oncopathology-histopathology-expert-in-ihc-bhagwan-mahaveer-cancer-hospital-research-centre-jaipur-3-to-4-years-080726020932,2026-08-06,3,4,,,,,true,
India,IN,+91,Pune(Pune Station),N M Wadia Institute of Cardiology,hospital,https://img.naukimg.com/logo_images/groups/v1/4672445.gif,,Anesthesia Consultant,Opportunity to work at a premier dedicated cardiac care institute Exposure to cardiac anesthesia / cardiac procedures preferred Good clinical skills and ability to work in a multidisciplinary cardiac team,full_time,doctors,https://www.naukri.com/job-listings-anesthesia-consultant-n-m-wadia-institute-of-cardiology-pune-0-to-3-years-060826031655,2026-08-06,0,3,,,,,true,
India,IN,+91,Bengaluru(Whitefield),Osprosys Software,hospital,https://img.naukimg.com/logo_images/groups/v1/4615905.gif,,Hiring For AR Caller - Experienced - US Healthcare - Male candidates,"Follow-up, Handle denials, rejections, underpayments, and appeals effectively Understand EOBs, ERAs, & AR aging reports cv to careers@osprosys.com contact : 9845701484 No Cab Direct Walk-in: 8th August 2026, Saturday Interview timings: 9.30am to 4pm",full_time,non_clinical,https://www.naukri.com/job-listings-hiring-for-ar-caller-experienced-us-healthcare-male-candidates-osprosys-software-bengaluru-2-to-4-years-060826031409,2026-08-06,2,4,,,,,true,
India,IN,+91,Noida,R Systems International,hospital,https://img.naukimg.com/logo_images/groups/v1/3832032.gif,,Open Position For AR Caller || US Healthcare,"Requisition Description Claims Management: Follow up on outstanding claims to reduce the accounts receivable (AR) days and resolve claim issues in a timely manner. Denial Management: Handle denials by understanding the root cause, correcting errors, and re-submitting claims for processing. Communication: Effectively communicate with insurance companies, healthcare providers, and other stakeholders regarding claims status, denials, appeals, and payment discrepancies. Account Follow-up: Monitor and review AR aging reports to identify and prioritize unpaid claims for follow-up. Documentation: Maintain accurate records of communications, actions taken, and status updates on patient accounts using company software systems. Compliance: Ensure adherence to HIPAA guidelines and US healthcare regulations during all interactions and processes. Reporting: Prepare and submit daily/weekly/monthly reports to management on claims status, denials, and collections achieved Share resume at Simran.Gulati@rsystems.com",full_time,non_clinical,https://www.naukri.com/job-listings-open-position-for-ar-caller-us-healthcare-r-systems-international-noida-ghaziabad-delhi-ncr-1-to-4-years-060826031371,2026-08-06,1,4,,,,,true,
India,IN,+91,New Delhi(Ashok Vihar Phase II),Continuum Aesthetics,hospital,https://img.naukimg.com/logo_images/groups/v1/10306238.gif,,Walk-in || Laser and Skin Therapist - Female,"Given the intimate nature of many of our treatments including bikini-line and full-body laser hair reduction and body contouring and our patients stated preference,this role is for a female therapist. What we offer CIDESCO / VLCC/Orane / ISAS certification is a plus 1 5 years of hands-on laser experience please name the specific platforms youve operated",full_time,non_clinical,https://www.naukri.com/job-listings-laser-and-skin-therapist-female-continuum-aesthetics-new-delhi-0-to-5-years-060826031370,2026-08-06,0,5,200000,450000,per_annum,INR,true,
India,IN,+91,Jaipur,Bhagwan Mahaveer Cancer Hospital & Research Centre,hospital,https://img.naukimg.com/logo_images/groups/v1/4659957.gif,,Consultant-Nuclear Medicine,"Job summary: Responsible for smooth functioning of Nuclear Medicine department. Diagnose and treat diseases using Nuclear medicine techniques and radioactive materials. May monitor radionuclide preparation, administration, and disposition. JOB DESCRIPTION 1) Evaluate molecular, physiological, metabolic conditions of the patient to make the appropriate decisions in diagnosis, treatment and research. 2) Advise other physicians of the clinical indications, limitations, assessments, or risks of diagnostic and therapeutic applications of radioactive materials, Test results, possible outcomes etc 3) Check and approve the quality of diagnostic images and PET/CT whole body. 4) Perform I-131, investigation and therapy of thyrotoxicosis & cancer thyroid. 5) Perform general gamma camera scans. 6) Consult with patients following radiation treatments to provide information and assess outcomes or to recommend further consultation or treatments as appropriate. 7) 5) Direct nuclear medicine technologists or technicians regarding desired dosages, 8) Techniques, positions, and projections. 6) Establish and enforce radiation protection standards for patients and staff. 9) Formulate plans and procedures for nuclear medicine departments. 10) Monitor cleanup of radioactive spills to ensure that proper procedures are followed and decontamination activities are conducted. 11) Review procedure requests and patients' medical histories to determine applicability of procedures and radioisotopes to be used. 12) Monitor handling of radioactive materials to ensure that established procedures are followed. 13) Provide advice on the selection of nuclear medicine supplies or equipment. 14) Direct the safe management and disposal of radioactive substances. 15) Monitor quality control of radionuclide preparation, administration, or disposition ensuring that activities comply with applicable regulations and standards. 16) Perform cardiovascular nuclear medicine procedures such as exercise testing and pharmacologic stress testing. 17) To ensure radiation safety during storage, handling, transport of the isotopes within the premises and during administration to the patient. 18) Monitoring equipment to ensure that correct and consistent results or outputs are achieved and ensuring that ongoing maintenance routines are followed; 19) Follow BMCHRC rules & regulations. 20) Any other professional work as assigned by Top management.",full_time,doctors,https://www.naukri.com/job-listings-consultant-nuclear-medicine-bhagwan-mahaveer-cancer-hospital-research-centre-jaipur-3-to-7-years-060826031361,2026-08-06,3,7,,,,,true,
India,IN,+91,Pune(Punawale),Medburg Hospital Llp,hospital,https://img.naukimg.com/logo_images/groups/v1/12447928.gif,,Receptionist cum Billing Executive,"Receptionist cum billing executive job description mainly includes serving as the first point of contact for patients,visitors,and healthcare professionals,ensuring a courteous,professional,and efficient front office experience",full_time,non_clinical,https://www.naukri.com/job-listings-receptionist-billing-executive-medburg-hospital-llp-pune-1-to-3-years-060826031347,2026-08-06,1,3,175000,300000,per_annum,INR,true,
India,IN,+91,Bareilly,Amrach Consulting Services,hospital,https://img.naukimg.com/logo_images/groups/v1/11637606.gif,,Anesthesiology - Senior Resident & Assistant Professor,Anesthesiology - Senior Resident & Assistant Professor (Full Time Only) . .,full_time,doctors,https://www.naukri.com/job-listings-anesthesiology-senior-resident-assistant-professor-amrach-consulting-services-bareilly-0-to-5-years-060826031193,2026-08-06,0,5,2000000,2750000,per_annum,INR,true,
India,IN,+91,Bengaluru,Even Healthcare,hospital,https://img.naukimg.com/logo_images/groups/v1/5652842.gif,,Walk-in || Icu Staff Nurse,"Ensure proper handover during shift changes. Rotational shifts including night duties,weekends,and emergency calls. Key Procedures Exposure (Preferred): . Ventilator management 13 years of ICU experience preferred (freshers with ICU training may apply) Certification in Basic Life Support (BLS) Advanced Cardiac Life Support (ACLS) preferred.",full_time,nurses,https://www.naukri.com/job-listings-icu-staff-nurse-even-healthcare-bengaluru-0-to-5-years-060826027128,2026-08-06,0,5,,,,,true,
India,IN,+91,Bareilly,Amrach Consulting Services,hospital,https://img.naukimg.com/logo_images/groups/v1/11637606.gif,,General Surgery - Senior Resident & Assistant Professor,"II We are Hiring II General Surgery - Senior Resident & Assistant Professor Provide clinical care to patients with general medical conditions Teach medical students in the classroom and clinical settings Participate in academic activities such as seminars, conferences, and workshops Supervise and mentor junior residents and medical students Perform administrative tasks as assigned by the department head Monitoring and providing general care to patients on hospital wards and in outpatient clinics. Admitting patients requiring special care, followed by investigations and treatment. Examining and talking to patients to diagnose their medical conditions. Carrying out specific procedures, e.g. Performing operations and specialist investigations. Teaching and supervising junior doctors and medical students. Qualification - MBBS, MS/DNB Free Accommodation within Campus Salary - 18 L - 30 L (Negotiable) Share CV @ hr@amrach.com Thanks & Regards; Amrach Consulting Services LLP Call@ 9105521331 WhatsApp@ 9105521331",full_time,doctors,https://www.naukri.com/job-listings-general-surgery-senior-resident-assistant-professor-amrach-consulting-services-bareilly-0-to-5-years-060826031098,2026-08-06,0,5,2000000,2500000,per_annum,INR,true,
India,IN,+91,Bareilly,Amrach Consulting Services,hospital,https://img.naukimg.com/logo_images/groups/v1/11637606.gif,,Ophthalmology - Senior Resident & Assistant Professor,"II We are Hiring II Ophthalmology - Senior Resident & Assistant Professor Provide clinical care to patients with general medical conditions Teach medical students in the classroom and clinical settings Participate in academic activities such as seminars, conferences, and workshops Supervise and mentor junior residents and medical students Perform administrative tasks as assigned by the department head Monitoring and providing general care to patients on hospital wards and in outpatient clinics. Admitting patients requiring special care, followed by investigations and treatment. Examining and talking to patients to diagnose their medical conditions. Carrying out specific procedures, e.g. Performing operations and specialist investigations. Teaching and supervising junior doctors and medical students. Qualification - MBBS, MS/DNB Free Accommodation within Campus Salary - 18 L - 30 L (Negotiable) Share CV @ hr@amrach.com Thanks & Regards; Amrach Consulting Services LLP Call@ 9105521331 WhatsApp@ 9105521331",full_time,doctors,https://www.naukri.com/job-listings-ophthalmology-senior-resident-assistant-professor-amrach-consulting-services-bareilly-0-to-5-years-060826030744,2026-08-06,0,5,1800000,2750000,per_annum,INR,true,
India,IN,+91,Ahmedabad,Accqdata,hospital,https://img.naukimg.com/logo_images/groups/v1/12456306.gif,,Walk-in || Medical Biller,* Bachelors Degree in any discipline (Mandatory). . * Freshers are encouraged to apply. . * Basic knowledge of computers and MS Office. . * Good typing speed and data entry skills. . * Good written and verbal communication in English. . * Quick learner with a positive attitude. . * Strong attention to detail and willingness to learn Preferred candidate profile,full_time,non_clinical,https://www.naukri.com/job-listings-medical-biller-accqdata-ahmedabad-0-to-0-years-060826030597,2026-08-06,0,0,150000,200000,per_annum,INR,true,
India,IN,+91,Bareilly,Amrach Consulting Services,hospital,https://img.naukimg.com/logo_images/groups/v1/11637606.gif,,Gynecology - Senior Resident & Assistant Professor,"II We are Hiring II Gynaecology - Senior Resident & Assistant Professor Provide clinical care to patients with general medical conditions Teach medical students in the classroom and clinical settings Participate in academic activities such as seminars, conferences, and workshops Supervise and mentor junior residents and medical students Perform administrative tasks as assigned by the department head Monitoring and providing general care to patients on hospital wards and in outpatient clinics. Admitting patients requiring special care, followed by investigations and treatment. Examining and talking to patients to diagnose their medical conditions. Carrying out specific procedures, e.g. Performing operations and specialist investigations. Teaching and supervising junior doctors and medical students. Qualification - MBBS, MS/DNB Free Accommodation within Campus Salary - 18 L - 30 L (Negotiable) Share CV - hr@amrach.com Thanks & Regards; Amrach Consulting Services LLP Call@ 9105521331 WhatsApp@ 9105521331",full_time,doctors,https://www.naukri.com/job-listings-gynecology-senior-resident-assistant-professor-amrach-consulting-services-bareilly-0-to-5-years-060826030571,2026-08-06,0,5,1800000,3000000,per_annum,INR,true,
India,IN,+91,Durgapur,The Mission Hospital,hospital,https://img.naukimg.com/logo_images/groups/v1/1464024.gif,,Registrar Anesthesiology,"Desired Candidate Profile Medical-MS/MD degree in Anaesthesiology. or Diplomate National Board (DNB) Diploma in Anesthesiology. Strong knowledge of anesthesia principles, practices, and protocols. 0-2 Years experience",full_time,doctors,https://www.naukri.com/job-listings-registrar-anesthesiology-the-mission-hospital-durgapur-1-to-3-years-060826030373,2026-08-06,1,3,,,,,true,
India,IN,+91,Hyderabad,Gloplax Solutions,hospital,https://img.naukimg.com/logo_images/groups/v1/7904129.gif,,Trainer AR,"Trainers will master and deliver curriculum and content across multiple subjects,applications,learners roles,and formats Associates may be required to perform other job-related duties as required by their supervisor,subject to reasonable accommodation. . Education,Certifications & Experience . The trainer will be responsible for creating unrivaled training experience",full_time,non_clinical,https://www.naukri.com/job-listings-trainer-ar-gloplax-solutions-hyderabad-5-to-6-years-060826030331,2026-08-06,5,6,,,,,true,
India,IN,+91,Gurugram,Sun Pharma,pharma,https://img.naukimg.com/logo_images/groups/v1/241236.gif,,"DGM - Global Claims, Risk Governance & Insurance Excellence","Additional qualifications in Insurance,Risk Management,Law,Corporate Governance,or Enterprise Risk Management preferred. . CPCU,ARM,CII,IRM,RIMS,or equivalent certifications desirable. . Exposure to pharmaceuticals,healthcare,life sciences,manufacturing,or other regulated industries preferred. . Experience",full_time,non_clinical,https://www.naukri.com/job-listings-dgm-global-claims-risk-governance-insurance-excellence-sun-pharma-gurugram-16-to-25-years-060826030255,2026-08-06,16,25,,,,,true,
India,IN,+91,Mumbai,Sun Pharma,pharma,https://img.naukimg.com/logo_images/groups/v1/241236.gif,,Vertical Head - Emerging Market,"Job Title: Vertical Head - EM Business Unit: EM – Marketing Job Grade DGM Location: Mumbai At Sun Pharma, we commit to helping you “Create your own sunshine”— by fostering an environment where you grow at every step, take charge of your journey and thrive in a supportive community. Are You Ready to Create Your Own Sunshine? As you enter the Sun Pharma world, you’ll find yourself becoming ‘Better every day’ through continuous progress. Exhibit self-drive as you ‘Take charge’ and lead with confidence. Additionally, demonstrate a collaborative spirit, knowing that we ‘Thrive together’ and support each other’s journeys.” What will you do? The Vertical Head role will be responsible for therapies of Dermatology, Respiratory & Nutraceuticals across EM (APAC, Africa, MENA, & LatAm) and in terms of Geographies, the role will be responsible for co-ordinating the Rx. Marketing effort of Latin American markets (Peru, Ecuador, Columbia & Mexico) Key responsibilities: Strategic Brand & Portfolio Leadership Develop and execute long-term therapy and brand strategies aligned with country / regional business objectives. Lead portfolio planning and lifecycle management across assigned therapy areas to drive sustainable growth. Identify market opportunities, competitive gaps, and growth drivers to strengthen market positioning. Ensure effective implementation, monitoring, and optimization of marketing strategies across focus markets. Business Planning & Performance Management Develop annual marketing plans and country-specific growth strategies in partnership with commercial teams. Drive achievement of revenue, profitability, market share, and business growth objectives. Lead demand forecasting and marketing budget management for assigned portfolios. Monitor business performance through periodic reviews and implement corrective actions where necessary. New Product Development & Launch Excellence Identify and assess new product opportunities across Emerging Markets. Develop launch strategies and commercialization plans for new products and indications. Ensure successful execution of pre-launch, launch, and post-launch activities through cross-functional coordination. Market Development & Customer Engagement Develop differentiated marketing programs tailored to local market dynamics and customer needs. Strengthen relationships with Key Opinion Leaders (KOLs), healthcare professionals, and scientific societies. Leverage customer insights, market research, and competitive intelligence to guide strategic decision-making. Enhance brand visibility and customer engagement through innovative and impactful marketing initiatives. Cross-Functional Collaboration Partner with Sales, Medical Affairs, Regulatory, Supply Chain, Finance, and Country / Regional teams to drive business objectives. Ensure alignment between regional strategy and country-level execution. Facilitate seamless collaboration across geographies to maximize organizational effectiveness. Leadership & Team Develo",full_time,non_clinical,https://www.naukri.com/job-listings-vertical-head-emerging-market-sun-pharma-mumbai-10-to-15-years-060826030105,2026-08-06,10,15,,,,,true,
India,IN,+91,Gurugram(Sector 43),Paras Health,hospital,https://img.naukimg.com/logo_images/groups/v1/8882741.gif,,Critical Care Doctor,"Job Description (JD) Position: Attending Consultant / Associate Consultant Critical Care Department: Critical Care Reporting To: Senior Consultant / Director Critical Care Experience 35 years of post-MD/DNB experience in Critical Care within a reputed multi-specialty or tertiary care hospital. Qualification MD/DNB in Anaesthesia, Internal Medicine, Respiratory Medicine, Emergency Medicine, or equivalent. Fellowship/DM/DNB in Critical Care Medicine (preferred). Valid registration with the National Medical Commission (NMC)/State Medical Council. Job Summary The Attending/Associate Consultant – Critical Care is responsible for delivering high-quality, evidence-based critical care services to critically ill patients in the Intensive Care Unit (ICU). The incumbent will manage complex medical emergencies, coordinate multidisciplinary care, perform critical care procedures, and ensure patient safety while maintaining the highest standards of clinical excellence. Key Responsibilities Clinical Responsibilities Assess, diagnose, and manage critically ill patients admitted to the ICU. Develop and implement individualized treatment plans based on evidence-based clinical protocols. Perform comprehensive daily patient rounds and document clinical findings accurately. Monitor and manage patients requiring advanced organ support, including mechanical ventilation, vasopressors, renal replacement therapy, and invasive monitoring. Perform bedside critical care procedures such as: Central venous catheter insertion Arterial line placement Endotracheal intubation Percutaneous tracheostomy (where credentialed) Chest tube insertion Ultrasound-guided procedures Respond promptly to medical emergencies, code blue events, and rapid response team activations. Ensure timely referrals and collaborate with specialists for multidisciplinary patient management. Patient Care & Quality Maintain adherence to ICU clinical protocols, infection prevention guidelines, and patient safety standards. Communicate effectively with patients' families regarding diagnosis, prognosis, and treatment plans. Ensure accurate and timely documentation in the Electronic Medical Records (EMR). Participate in mortality and morbidity meetings, quality audits, and clinical governance initiatives. Promote antibiotic stewardship and rational use of critical care resources. Academic & Research Participate in CMEs, journal clubs, departmental academic sessions, and case presentations. Contribute to clinical research, publications, and quality improvement projects. Mentor junior doctors, residents, fellows, nurses, and allied healthcare professionals. Administrative Responsibilities Ensure compliance with NABH/NABL and hospital quality standards. Participate in ICU duty rosters and provide emergency coverage as required. Support implementation of departmental policies, SOPs, and clinical pathways. Coordinate with nursing, respiratory therapy, laboratory, radiology, and other support departments for seamless pat",full_time,doctors,https://www.naukri.com/job-listings-critical-care-doctor-paras-health-gurugram-2-to-4-years-060826030005,2026-08-06,2,4,2000000,3000000,per_annum,INR,true,
India,IN,+91,Bhiwani(Charkhi Dadri),Rx Placement Services Sriganganagar,hospital,https://img.naukimg.com/logo_images/groups/v1/11885831.gif,,General Surgeon,"A general surgeon is a medical specialist who performs surgery for a wide range of illnesses. They are educated and trained in the diagnosis, preoperative, operative, and postoperative management of patient care.",full_time,doctors,https://www.naukri.com/job-listings-general-surgeon-rx-placement-services-sriganganagar-bhiwani-bhilwara-moga-0-to-5-years-060826029798,2026-08-06,0,5,3000000,4000000,per_annum,INR,true,
India,IN,+91,Jalandhar,Rx Placement Services Sriganganagar,hospital,https://img.naukimg.com/logo_images/groups/v1/11885831.gif,,Radiologist Consultant,Radiologists are medical professionals that are specialists in the field of medical imaging. Radiologists work with medical imaging technology in order to diagnose and treat diseases and injuries.,full_time,doctors,https://www.naukri.com/job-listings-radiologist-consultant-rx-placement-services-sriganganagar-jalandhar-hoshiarpur-bathinda-0-to-5-years-060826029460,2026-08-06,0,5,5000000,6000000,per_annum,INR,true,
India,IN,+91,Pune(Kalyani Nagar),AM Infoweb,hospital,https://img.naukimg.com/logo_images/groups/v1/2918158.gif,,Head Service Delivery,HIPAA certification will be an added advantage Preferred domain expertise in healthcare or life insurance processes Desired Candidate Profile . Strong experience managing voice operations within the BPO / BPM industry Proven experience handling large BPM client engagements,full_time,non_clinical,https://www.naukri.com/job-listings-head-service-delivery-am-infoweb-pune-11-to-14-years-060826929275,2026-08-06,11,14,,,,,true,
India,IN,+91,Pune,AM Infoweb,hospital,https://img.naukimg.com/logo_images/groups/v1/2918158.gif,,Legal Transcription,Shift: 6:30 pm to 3:30 am * Standard salary hike on current or last drawn. * Immediate Joining. * Fixed US shifts (6:30 PM IST to 3:30 AM IST). * Fixed Sat and Sun Off. * Self travel / Cab * Any Graduate / Under Graduate Requirement,full_time,non_clinical,https://www.naukri.com/job-listings-legal-transcription-am-infoweb-pune-1-to-6-years-060826929254,2026-08-06,1,6,400000,550000,per_annum,INR,true,
India,IN,+91,Pune(Kalyani Nagar),AM Infoweb,hospital,https://img.naukimg.com/logo_images/groups/v1/2918158.gif,,Medical Records Reviewer - Medical Summarization,Required Skills: . Medical terminology knowledge. Medical record review & summarization experience. Strong written English skills.,full_time,non_clinical,https://www.naukri.com/job-listings-medical-records-reviewer-medical-summarization-am-infoweb-pune-1-to-2-years-060826929256,2026-08-06,1,2,,,,,true,
India,IN,+91,Ankleswar,Danopharm,hospital,https://img.naukimg.com/logo_images/groups/v1/4788999.gif,,Officer - QCD,"Must have experience in using HPLC,Must have experience in using all instrument in QC .",full_time,non_clinical,https://www.naukri.com/job-listings-officer-qcd-danopharm-chemicals-ankleswar-3-to-6-years-060826929251,2026-08-06,3,6,,,,,true,
India,IN,+91,Ahmedabad,Ehealth Konnect,hospital,https://img.naukimg.com/logo_images/groups/v1/12080164.gif,,Medical Billing Specialist - Night Shift,Shift: Night Shift Commitment to working night shifts Mandatory experience with DrChrono,full_time,non_clinical,https://www.naukri.com/job-listings-medical-billing-specialist-night-shift-ehealth-konnect-ahmedabad-2-to-4-years-060826929120,2026-08-06,2,4,,,,,true,
India,IN,+91,Ahmedabad,Ehealth Konnect,hospital,https://img.naukimg.com/logo_images/groups/v1/12080164.gif,,Medical Billing Specialist,Shift: Night Shift Experience: 1+ Year Commitment to working night shifts Mandatory experience with Office Ally,full_time,non_clinical,https://www.naukri.com/job-listings-medical-billing-specialist-ehealth-konnect-ahmedabad-1-to-3-years-060826929122,2026-08-06,1,3,,,,,true,
India,IN,+91,Panipat,Rx Placement Services Sriganganagar,hospital,https://img.naukimg.com/logo_images/groups/v1/11885831.gif,,Radiologist Consultant,Radiologists are medical professionals that are specialists in the field of medical imaging. Radiologists work with medical imaging technology in order to diagnose and treat diseases and injuries.,full_time,doctors,https://www.naukri.com/job-listings-radiologist-consultant-rx-placement-services-sriganganagar-panipat-rohtak-karnal-0-to-5-years-060826029092,2026-08-06,0,5,5000000,6000000,per_annum,INR,true,
India,IN,+91,Kolkata,Care247,hospital,https://img.naukimg.com/logo_images/groups/v1/12373500.gif,,"MBBS, MD/MS Doctors","Position - MBBS, MD/MS Doctors for Home Visit Home Consult (Occasional) Up to 2, 30-minute home visit in person per month TeleConsult anytime, anywhere-using secure audio or video calls, late night slot available Refer families to our 24/7 care platform and help them access reliable support. Conduct thorough medicalexaminations and diagnose patients' conditions. Develop and implementeffective treatment plans. Collaborate with other healthcare professionals to provide comprehensivecare.",full_time,doctors,https://www.naukri.com/job-listings-mbbs-md-ms-doctors-care247-kolkata-chandigarh-bengaluru-3-to-5-years-060826929084,2026-08-06,3,5,,,,,true,
India,IN,+91,Bhopal,Care247,hospital,https://img.naukimg.com/logo_images/groups/v1/12373500.gif,,"MBBS, MD / MS Doctors","MBBS, MD/MS Doctors for Home Visit Home Consult (Occasional) Up to 2, 30-minute home visit in person per month Tele Consult anytime, anywhere using secure audio or video calls, late night slot available Refer families to our 24/7 care platform and help them access reliable support Conduct thorough medical examinations and diagnose patients' conditions. Develop and implement effective treatment plans. Collaborate with other healthcare professionals to provide comprehensive care. Maintain accurate and detailed patient records. Provide guidance and support to patients and their families. Stay updated with the latest medical research and advancements.",full_time,doctors,https://www.naukri.com/job-listings-mbbs-md-ms-doctors-care247-bhopal-indore-pune-3-to-7-years-060826929080,2026-08-06,3,7,,,,,true,
India,IN,+91,Noida,Care247,hospital,https://img.naukimg.com/logo_images/groups/v1/12373500.gif,,"MBBS, MD/MS Doctors","Position - MBBS, MD/MS Doctors for Home Visit Home Consult (Occasional) Up to 2 30-minute home visit in person per month TeleConsult anytime, anywhere-using secure audio or video calls, late night slot available Refer families to our 24/7 care platform and help them access reliable support. Conduct thorough medicalexaminations and diagnose patients' conditions. Develop and implementeffective treatment plans. Collaborate with other healthcare professionals to provide comprehensivecare.",full_time,doctors,https://www.naukri.com/job-listings-mbbs-md-ms-doctors-care247-noida-gurugram-delhi-ncr-3-to-5-years-060826929075,2026-08-06,3,5,,,,,true,
India,IN,+91,Ghaziabad,Care247,hospital,https://img.naukimg.com/logo_images/groups/v1/12373500.gif,,MBBS / MD / MS Doctor - Home Visit,"Home Consult (Occasional) Up to 2, 30-minute home visit in person per month Tele Consult anytime, anywhere - using secure audio or video calls, late night slot available Refer families to our 24/7 care platform and help them access reliable support Doctors for Home Visit Education : - MBBS, MD/MS",full_time,doctors,https://www.naukri.com/job-listings-mbbs-md-ms-doctor-home-visit-care247-ghaziabad-faridabad-greater-noida-3-to-8-years-060826929072,2026-08-06,3,8,,,,,true,
India,IN,+91,Mumbai,Care247,hospital,https://img.naukimg.com/logo_images/groups/v1/12373500.gif,,"MBBS, MD / MS Doctors","MBBS, MD/MS Doctors for Home Visit Home Consult (Occasional) Up to 2 30-minute home visit in person per month TeleConsult anytime, anywhere using secure audio or video calls, late night slot available Refer families to our 24/7 care platform and help them access reliable support Conduct thorough medical examinations and diagnose patients' conditions. Develop and implement effective treatment plans. Collaborate with other healthcare professionals to provide comprehensive care. Maintain accurate and detailed patient records. Provide guidance and support to patients and their families. Stay updated with the latest medical research and advancements.",full_time,doctors,https://www.naukri.com/job-listings-mbbs-md-ms-doctors-care247-mumbai-pune-chennai-3-to-7-years-060826929068,2026-08-06,3,7,,,,,true,
India,IN,+91,Gurugram(Sector 43),Paras Health,hospital,https://img.naukimg.com/logo_images/groups/v1/8882741.gif,,General Anaesthesia Doctor,"Job Description (JD) Associate Consultant General Anaesthesia Job Title: Associate Consultant – General Anaesthesia Department: Anaesthesia Reporting To: Senior Consultant / Director – Anaesthesia Experience: 5+ years of post MD/DNB experience in General Anaesthesia within a multispecialty or tertiary care hospital Qualification: MD/DNB in Anaesthesiology from a recognized institution Valid State Medical Council/NMC registration Fellowship in Critical Care, Regional Anaesthesia, Pain Management, or Cardiac/Neuro Anaesthesia will be an added advantage Job Summary The Associate Consultant – General Anaesthesia is responsible for providing comprehensive perioperative anaesthesia care across multiple surgical specialties. The role includes pre-operative evaluation, administration of anaesthesia, intraoperative patient management, post-operative pain management, emergency response, and ICU support while ensuring patient safety and adherence to clinical protocols. Key Responsibilities Clinical Responsibilities Conduct comprehensive pre-anaesthetic evaluations and assess patients for surgical fitness. Formulate individualized anaesthesia plans based on patient condition and surgical requirements. Administer general, regional, and monitored anaesthesia safely for elective and emergency procedures. Monitor patients throughout surgery and manage any intraoperative complications. Provide post-operative monitoring, pain management, and recovery care. Participate in management of critically ill patients requiring airway management and ventilatory support. Respond promptly to emergency situations including trauma, code blue, obstetric emergencies, and difficult airway management. Support ICU and emergency department for critical patient care whenever required. Maintain accurate documentation of anaesthesia records and clinical notes. Patient Care & Safety Ensure compliance with NABH, infection control, and patient safety standards. Follow WHO Surgical Safety Checklist and departmental protocols. Promote safe medication practices and anaesthesia equipment safety checks. Ensure informed consent and effective patient counselling regarding anaesthesia procedures. Academic & Quality Responsibilities Participate in departmental CMEs, academic meetings, mortality & morbidity reviews, and case discussions. Guide and mentor junior residents and postgraduate trainees. Participate in clinical audits, quality improvement initiatives, and protocol development. Stay updated with advances in anaesthesia techniques and evidence-based practices. Administrative Responsibilities Coordinate effectively with surgeons, nursing staff, OT personnel, and ICU teams. Assist in OT scheduling and efficient utilization of operation theatres. Ensure proper maintenance and readiness of anaesthesia machines, monitors, and emergency equipment. Maintain compliance with hospital policies, accreditation standards, and documentation requirements. Required Skills & Competencies Strong clinical expe",full_time,doctors,https://www.naukri.com/job-listings-general-anaesthesia-doctor-paras-health-gurugram-4-to-6-years-060826029063,2026-08-06,4,6,3000000,3500000,per_annum,INR,true,
India,IN,+91,Mumbai,Cara Healthcare,hospital,https://img.naukimg.com/logo_images/groups/v1/12290918.gif,,Clinic Assistant,"We are hiring an experienced Hair Transplant Technician to assist in hair transplant procedures such as FUE/FUT. Responsibilities include graft extraction, implantation, assisting doctors, and ensuring proper sterilization and patient care. Candidate must have good technical skills, attention to detail, and prior experience in hair transplant procedures.",full_time,non_clinical,https://www.naukri.com/job-listings-clinic-assistant-cara-healthcare-mumbai-santacruz-1-to-5-years-060826928972,2026-08-06,1,5,,,,,true,
India,IN,+91,Ranchi,Cyber Care,hospital,https://img.naukimg.com/logo_images/groups/v1/120268.gif,,Admission Consultant - Marketing,Skill & Experience. Strong field survey and community outreach communication skills,full_time,non_clinical,https://www.naukri.com/job-listings-admission-consultant-marketing-cyber-care-ranchi-2-to-6-years-060826928926,2026-08-06,2,6,,,,,true,
India,IN,+91,Kurukshetra,Right Training And Placement Solutions,hospital,https://img.naukimg.com/logo_images/groups/v1/970528.gif,,Resident Medical Officer (MBBS),Preferred candidate profile . Qualification Required: MBBS. Experience Required: 1 Year. .,full_time,doctors,https://www.naukri.com/job-listings-resident-medical-officer-mbbs-right-training-and-placement-solutions-kurukshetra-1-to-5-years-060826028841,2026-08-06,1,5,850000,1200000,per_annum,INR,true,
India,IN,+91,Udaipur,Rx Placement Services Sriganganagar,hospital,https://img.naukimg.com/logo_images/groups/v1/11885831.gif,,Radiologist Consultant,Radiologists are medical professionals that are specialists in the field of medical imaging. Radiologists work with medical imaging technology in order to diagnose and treat diseases and injuries.,full_time,doctors,https://www.naukri.com/job-listings-radiologist-consultant-rx-placement-services-sriganganagar-udaipur-kotputli-jaipur-0-to-5-years-060826028789,2026-08-06,0,5,5000000,6000000,per_annum,INR,true,
India,IN,+91,Haridwar,Rx Placement Services Sriganganagar,hospital,https://img.naukimg.com/logo_images/groups/v1/11885831.gif,,Radiologist Consultant,Radiologists are medical professionals that are specialists in the field of medical imaging. Radiologists work with medical imaging technology in order to diagnose and treat diseases and injuries.,full_time,doctors,https://www.naukri.com/job-listings-radiologist-consultant-rx-placement-services-sriganganagar-haridwar-dehradun-rishikesh-0-to-5-years-060826028489,2026-08-06,0,5,5000000,6000000,per_annum,INR,true,
