country_name,country_code,country_dial_code,city_name,company_name,company_type,company_logo,company_about,title,description,job_type,category,sub_category,role_family,application_url,posted_at,min_experience,max_experience,qualification,min_salary,max_salary,salary_period,salary_currency
United Kingdom,GB,+44,London,Queen Mary University of London,hospital,https://www.jobs.ac.uk/images/employer-logos/medium/20.gif,,Senior Clinical Trials Statistician,"About the Role An exciting opportunity has arisen for an experienced and motivated Statistician to join the Critical Care & Perioperative Medicine Research Group. The Group sits within the William Harvey Research Institute at Queen Mary University of London under the leadership of Professor Rupert Pearse. About You The post holder will provide statistical support for research studies including multi-centre clinical trials, assist in design of new studies and ensure that data is analysed accurately to maximise the quality of publishable results from research studies that they work on. They will be responsible for developing statistical analysis plans, performing data cleaning, conducting statistical analysis, and preparing scientific reports. They will also support the development of large prospective clinical trials and analyse clinical datasets in collaboration with national and international groups focused on improving survival after major surgery. We are looking for a talented individual with a postgraduate qualification, including a major statistical component, and an interest in evaluating novel treatments or interventions of pharmaceuticals, surgery, medical devices or complex interventions. You will have applied experience in clinical trial statistics and/or medical statistics including some project and people management. You should be a good communicator, team-player and be flexible, co-operative, self-motivated and hardworking with a willingness to learn new skills. About the School/Department/Institute/Project Professor Pearse and his team lead a wide variety of research projects that have a major impact both nationally and globally. If you are interested in research on topics such as improving outcomes following major surgery, critical illness, polytrauma and acute kidney injury then this is the team for you. The group includes Prof Gareth Ackland, Dr John Prowle, Prof Zudin Puthucheary, Clinical Lecturers, Research Fellows and PhD students. This post allows you to join a world leading research programme that prioritises excellence in all areas. About Queen Mary At Queen Mary University of London, we believe that a diversity of ideas helps us achieve the previously unthinkable. Throughout our history, we’ve fostered social justice and improved lives through academic excellence. And we continue to live and breathe this spirit today, not because it’s simply ‘the right thing to do’ but for what it helps us achieve and the intellectual brilliance it delivers. We continue to embrace diversity of thought and opinion in everything we do, in the belief that when views collide, disciplines interact, and perspectives intersect, truly original thought takes form. Benefits We offer competitive salaries, access to a generous pension scheme, 30 days’ leave per annum (pro-rata for part-time/fixed-term), a season ticket loan scheme and access to a comprehensive range of personal and professional development opportunities. In addition, we offer a range of work life balance and family friendly, inclusive employment policies, flexible working arrangements, and campus facilities. Queen Mary’s commitment to our diverse and inclusive community is embedded in our appointments processes. Reasonable adjustments will be made at each stage of the recruitment process for any candidate with a disability. We are open to considering applications from candidates wishing to work flexibly. £54,617 to £60,901 per annum",full_time,Non Clinical,Clinical Research,Clinical Research,https://www.jobs.ac.uk/job/DSS893/senior-clinical-trials-statistician,2026-08-26,,,PhD,,,,
United Kingdom,GB,+44,Dundee,University of Dundee,hospital,https://www.jobs.ac.uk/images/employer-logos/medium/63.gif,,Clinical Trial Delivery Manager - UOD2331,"We are seeking an exceptional Clinical Trial Delivery Manager to join the Health Informatics Centre at the University of Dundee. You will play a key role in supporting and advancing clinical trial recruitment through data -enabled research and informatics services with the Health Informatics Centre (HIC) at the University of Dundee. This is a highly collaborative role which is both externally and internally focused , with a strong emphasis on HIC’s clinical trial capability, stakeholder engagement and data - enabled research delivery . A core focus of the role is to bridge the gap between clinical trial units, NHS partners and delivery teams by translating complex clinical trial and technical requirements into clear, actionable deliverables. As HIC’s Clinical Trial Delivery Manager , you will play an important role in facilitating coordination for clinical trial informatics activities, bringing together partners, platforms and HIC delivery teams to ensure a unified approach. You will manage the delivery of complex, high -impact projects, while strengthening collaboration between NHS organisations, academia, clinical trial units and other stakeholders. The role requires a proactive and adaptable individual who can bring together diverse stakeholder groups , translating complex technical concepts into clear , actionable requirements and delivery plans. Key responsibilities You will be responsible for: Lead ing the delivery of clinical trial informatics projects , coordinating technical solutions that support efficient clinical trial recruitment and delivery. Building and manag ing relationships with NHS, academic and research partners, acting as the key interface between stakeholders and HIC delivery teams. Driving the development of innovative informatics services, identifying opportunities to enhance clinical trial recruitment, data access and digital capabilities. Support ing the growth of HIC's clinical trials portfolio by contributing to strategic initiatives, business development and funding applications. Ensuring high standards of governance and delivery, managing risks and ensuring compliance with information governance, data protection and quality requirements. Collaborat ing across multidisciplinary teams to plan priorities, share knowledge, drive innovation and continuously improve clinical trial informatics services. Who we're looking for essential Educated to degree level or equivalent professional experience. Broad knowledge of IT project management, software development and delivery, service management a nd technical infrastructure. Experience managing complex informatics or clinical research projects. Experience translating business or clinical requirements into technical delivery outputs. Track record of effectively leading and managing change in a complex environment. Experience working within the health sector, ideally involving the use of health data for research or service delivery. Strong stakeholder engagement skills across NHS, academia and industry. Proven ability to work across multiple organisations and influence decision -makers. Excellent verbal and written communication skills to both technical staff and senior management. A team player with the ability to work independently, manage competing priorities and deliver outputs within agreed timeframes. String problem solving skills with the ability to develop innovate solutions and continuously improve existing processes. Ability to discuss and debate constructively",full_time,Non Clinical,Clinical Research,Clinical Research,https://www.jobs.ac.uk/job/DSQ705/clinical-trial-delivery-manager-uod2331,2026-08-26,,,,,,,
United Kingdom,GB,+44,London,Imperial College London,hospital,https://www.jobs.ac.uk/images/employer-logos/medium/6.gif,,Research Associate in Molecular Virology,"Location : South Kensington campus About the role : We are looking for a motivated postdoctoral research associate with molecular virology skills to join our team ( www.imperial.ac.uk/barclay-lab ). Our mission is to define how viruses cross species barriers and evolve to infect humans. We are using influenza viruses as models to understand the crucial steps for pandemicity. In this job you will focus on the early events inside the cell that underpin the virus’ ability to replicate in their new host. What you would be doing : You will be validating the roles of a series of novel host factors we have discovered to be associated with the influenza A virus polymerase as it carries out different functions inside the host cell nucleus. You will do this through a combination of bioinformatics and molecular virology techniques. This will involve knocking down expression of the factors and assessing virus replication, looking for in situ colocalization of the factors with viral polymerase, and by comparing the interaction of the factors with viral ribonucleoproteins assembled from positive or negative sense viral RNA. What we are looking for : We are looking for a team member who has previously worked with viruses in mammalian cell systems. It will be great for our team if you can bring in more experience in genetically manipulating cells with CRISPR, generating and/or working with primary cell systems, and/or handling large data sets. We are keen to bring on board someone with experience in using AlphaFold and other bioinformatics packages to apply to our sets of host factors. What we can offer you : Be part of a diverse team who work together on one of today’s big challenges and support each other to advance our knowledge and careers. The opportunity to continue your career at a world-leading institution and be part of our mission to continue science for humanity. Grow your career: gain access to Imperial’s sector-leading dedicated career support for researchers as well as opportunities for promotion and progression. As a member of research staff you have 10 development days to use to develop your skills and explore your career prospects. Sector-leading salary and remuneration package (including 41 days off a year and generous pension schemes). Be part of a diverse, inclusive and collaborative work culture with various staff networks and resources to support your personal and professional wellbeing . Further information Please note that this is a PhD level role but candidates who have not yet been officially awarded will be appointed as a Research Assistant . Time (35 h/w) post and a fixed-term contract for 24 months. Expected start date January 1 st 2027. The Barclay lab team consists of 6 postdoctoral associates, three technicians and a lab manager. Everyone in the group works on respiratory viruses with pandemic potential, and our work spans from discovery of host factors that affect the outcome of infection, through using complex models of airway to recapitulate the challenging environments these viruses must negotiate, to designing new vaccines and testing mitigations to block infection and transmission. For further details please contact: Wendy Barclay w.barclay@imperial.ac.uk About Imperial Welcome to Imperial, a global top ten university where scientific imagination leads to world-changing impact.",full_time,Public Health,Public Health Research,Clinical Research,https://www.jobs.ac.uk/job/DSS848/research-associate-in-molecular-virology,2026-08-26,,,PhD,,,,
United Kingdom,GB,+44,London,Imperial College London,hospital,https://www.jobs.ac.uk/images/employer-logos/medium/6.gif,,Research Associate in Host Immunity,"Location : Hammersmith Campus (and occasionally other Imperial College London sites) About the role : Do you want to lead high-dimensional immunology research to tackle one of the world's important bacterial pathogens? Staphylococcus aureus is a leading cause of life-threatening infection worldwide, yet current prevention and treatment strategies remain limited by a lack of defined human correlates of protection. As a Post-Doctoral Research Associate within Dr Dinesh Aggarwal’s group, you will play a role in a controlled human infection study designed to address this need. Working at the forefront of translational infection biology, you will lead the design, validation, and execution of advanced cellular and humoral immunology techniques. Your work will map local and systemic immune responses during this human challenge study; by analysing complex immunological datasets, you will help define correlates of protection to support vaccine and therapeutic development in the fight against Antimicrobial Resistance (AMR), a mission of the Fleming Initiative. What you would be doing : You will drive independent research within a multi-disciplinary team of clinicians, research nurses, microbiologists, and industry partners. Leading experimental pipelines including developing and validating advanced methods to evaluate host cellular and humoral immune responses following natural clinical infection and controlled human infection with S. aureus . Leading the bioinformatics integration and multivariate analysis of high-dimensional immunological data, ensuring reproducibility and driving technical innovation. Writing high-quality manuscripts for publication in leading peer-reviewed journals, presenting findings at national and international conferences, and preparing reports for grant sponsors. Providing day-to-day scientific supervision, training, and mentorship to PhD students, research technicians, and clinical fellows, while contributing to the safe operation of the laboratory. What we are looking for : A PhD (or equivalent) in Immunology, Infection Biology, Immuno-pathology, or a closely related discipline (or imminent award of one). *Candidates who have not yet been officially awarded their PhD will be appointed as a Research Assistant within the salary range £45,399 - £48,876 per annum. Substantial postdoctoral or doctoral research experience in an academic or industrial immunology laboratory, supported by first-author publications in peer-reviewed journals and conference presentations. Extensive hands-on experience designing, running, and analysing high-parameter flow cytometry panels, developing and validating functional immunoassays with deep knowledge of human immunology and host-pathogen interactions. Strong working knowledge of biostatistics, multivariate analysis, and high-dimensional datasets. The ability to independently plan, prioritise, and troubleshoot complex research over 3- to 6-month horizon, and the ability and willingness to mentor and supervise PhD students and junior staff. Excellent scientific writing and verbal communication skills to collaborate effectively across a multidisciplinary team. What we can offer you : The chance to contribute to the Fleming Initiative, a transformative partnership tackling AMR through people-centred science. Work within Dr. Dinesh Aggarwal’s group, collaborating with the wider teams of Prof. Chris Chiu, Prof. Shiranee Sriskandan and Dr. Malick Gibani, and external academic and industry partners. The opportunity to drive impactful research in a world-leading research environment, with access to Imperial’s dedicated career support for researchers. A Sector-leading salary and remuneration package (including 41 days off a year and generous pension schemes). A diverse, inclusive and collaborative culture with staff networks and personal and professional wellbeing support. Further information This is a full-time post and a fixed term for 12 months in the first instance. For more details, please contact: Dr. Dinesh Aggarwal ( d.aggarwal@imperial.ac.uk ).",full_time,Public Health,Public Health Research,Clinical Research,https://www.jobs.ac.uk/job/DSS841/research-associate-in-host-immunity,2026-08-26,,,PhD,,,,
United Kingdom,GB,+44,Leicester,University of Leicester,hospital,https://www.jobs.ac.uk/images/employer-logos/medium/85.gif,,Research Associate,"Vacancy terms: Full time fixed term contract until 31 December 2033 About the role We are seeking a Post-Doctoral Research Associate (PDRA) to play a key role in the Wellcome-funded project, “ASCEND-HD: Advancing Support and Care for Emotional Needs and Distress in Huntington’s Disease”. Working within the School of Psychology and Vision Sciences, you will contribute to improving understanding of mental wellbeing difficulties in Huntington’s disease, supporting the development of resources for the Huntington’s community and collaborating with academics, healthcare professionals and third-sector organisations. You will undertake qualitative and quantitative research, lead data collection and analysis activities, contribute to patient and public involvement work, and support the dissemination of findings through publications, presentations and wider knowledge exchange activities. Working closely with the project team under the supervision of the project lead, you will take ownership of key project components, contribute to ethics applications and research outputs, and help ensure the successful delivery of a research programme valued at £2 million. The role offers opportunities to contribute to doctoral student supervision, teaching activities and professional development while engaging with national and international collaborators. As part of our research community, you will be expected to attend regular meetings and be present on campus for the majority of the time, though some working from home is possible. About you You will hold, or be close to completing, a PhD or DClinPsy in a relevant psychological or healthcare discipline and you will have significant experience of research involving people affected by neurological conditions. You will have experience of leading substantial qualitative research projects, applying research methods and techniques to produce high-quality outputs, and obtaining informed consent within research studies. Experience of qualitative and quantitative research methods in healthcare or psychological settings and an understanding of Good Clinical Practice will be advantageous. You will possess excellent interpersonal and communication skills, with the ability to conduct sensitive one-to-one interviews involving potentially challenging or distressing topics. Strong analytical, organisational and problem-solving skills are essential, alongside a commitment to delivering high-quality research and engaging effectively with participants, collaborators and wider stakeholders. £39,906 to £46,049 per annum: Grade 7",full_time,Public Health,Public Health Research,Clinical Research,https://www.jobs.ac.uk/job/DSS840/research-associate,2026-08-26,,,PhD,,,,
United Kingdom,GB,+44,Cambridge,University of Cambridge,hospital,https://www.jobs.ac.uk/images/employer-logos/medium/52.gif,,Research Associate in Cognitive Neuroscience & AI (Fixed Term),"Department/Location: Cambridge Institute for Technology and Humanity, Central Cambridge, Cambridgeshire, UK We are seeking a highly motivated Research Associate to join an exciting programme of research investigating the cognitive and neural mechanisms that underpin language generation. This project combines intracranial electrophysiology (iEEG) with cutting-edge computational modelling using Large Language Models (LLMs) to explore how people produce language in natural, real-world conversations. Working closely with Dr Ariel Goldstein, the successful candidate will contribute to pioneering research at the intersection of cognitive neuroscience, psychology and artificial intelligence. The Research Associate will play a key role in advancing our understanding of how the brain generates and communicates meaningful language. They will design and conduct experiments, analyse neural and behavioural datasets, and develop computational models of language production using LLMs. The postholder will help translate empirical findings into testable theories of language generation, contributing to an ambitious research agenda that integrates experimental and computational approaches to human cognition. As part of the role, the successful candidate will contribute to the dissemination of research through high-quality publications, conference presentations, and engagement with the wider scientific community. They will also support the preparation of reports and funding applications, while helping to foster a collaborative and intellectually stimulating research environment. This is an excellent opportunity for an ambitious researcher to contribute to internationally significant work addressing fundamental question about language, cognition and the human brain. Fixed-term: The funds for this post are available for 24 months in the first instance. Please ensure that you upload your 1) Curriculum Vitae (CV), 2) a research publication list, and 3) a covering letter outlining how you match the criteria for the post and why you are applying in the Upload section of the online application. If you upload any additional documents which have not been requested, we will not be able to consider these as part of your application. Please be advised that we will be requesting references in advance of interviews, for longlisted candidates. Please inform your referees that reference letters may be requested shortly after the closing date. To apply online for this vacancy and to view further information about the role, please click the 'Apply' button above. If you have any questions about this vacancy, please contact Dr Ariel Goldstein ( ag2542@cam.ac.uk ), for questions on the application process, please contact the School's HR Team at: sahhr@admin.cam.ac.uk The closing date for applications is midnight (BST) on Wednesday 9 September 2026. Interviews will be held in the week commencing 21 September 2026, subject to change. Please quote reference GO50857 on your application and in any correspondence about this vacancy. The University actively supports equality, diversity and inclusion and encourages applications from all sections of society. The University has a responsibility to ensure that all employees are eligible to live and work in the UK. £37,694 to £46,049 per annum",full_time,Public Health,Public Health Research,Clinical Research,https://www.jobs.ac.uk/job/DSS833/research-associate-in-cognitive-neuroscience-and-ai-fixed-term,2026-08-26,,,,,,,
United Kingdom,GB,+44,Cambridge,University of Cambridge,hospital,https://www.jobs.ac.uk/images/employer-logos/medium/52.gif,,Research Associate in Islamic Art (Fixed Term),"The HRH Prince Alwaleed Bin Talal Centre of Islamic Studies (CIS) at the University of Cambridge is seeking to appoint a Postdoctoral Research and Outreach Associate in Islamic art and architecture and/or material culture. The post is a three-year, fixed-term position which will commence in September 2027. It is full-time and based in the Centre of Islamic Studies, which is located in the Faculty of Asian and Middle Eastern Studies. CIS research and outreach posts are distinctive in that postholders are expected to 1) pursue a research project in an area of Islamic art, architecture and/or material culture and 2) design and run a set of outreach activities that reach beyond the academic community. What form the latter will take will depend on the specialism of the appointee but collaboration with the Fitzwilliam Museum, other Cambridge museums, the University Library and local schools is welcomed, as well as proposals for other forms of outreach. CIS is one of a network of HRH Alwaleed Bin Talal centres and research and outreach associates are strongly encouraged to collaborate with colleagues at our UK partner institution, the Alwaleed Centre at the University of Edinburgh and with other Alwaleed centres at Harvard, Georgetown, the American University of Beirut and the American University of Cairo as appropriate. Research and outreach associates are expected to apply for additional external funding for the activities they design, when possible. The postholder may also contribute to the teaching of Islamic art, architecture and material culture within the Department of Middle Eastern Studies, with which CIS has close links, or elsewhere in the University. Candidates will need to demonstrate an upward research trajectory and an ability to develop and carry out research projects of a high academic standard. They will also need to show an interest in and understanding of the remit of the Centre of Islamic Studies and a commitment to outreach beyond academia. Attendance at and participation in CIS weekly seminars and events during term-time, and annual conferences or symposia, is expected. The role requires an ability to work independently but also as part of a team, and native or near native fluency in spoken and written English. The successful candidate will be expected to have been awarded their PhD by the date their employment commences. CIS Research and Outreach posts are intended primarily for early-career researchers. Applications are therefore invited from researchers who have submitted their doctoral thesis for viva voce examination no more than four years prior to the application closing date. Those wishing to make a case for a career break due to maternity leave, family commitments, illness, or other exceptional circumstances should provide relevant details. Please note that time spent working outside academia does not qualify as a career break. The closing date for applications is 15 October 2026. Academic references will be requested for shortlisted candidates in advance of the interviews, which will likely take place towards the end of November. They may take place in-person or online, depending on the applicant's and interviewers’ availability. Any offer of employment will be conditional on the offer-holder having or gaining the right to work in the UK and receipt of a satisfactory workplace reference if relevant.",full_time,Public Health,Public Health Research,Clinical Research,https://www.jobs.ac.uk/job/DSS407/research-associate-in-islamic-art-fixed-term,2026-08-26,,,PhD,,,,
United Kingdom,GB,+44,Oxford,University of Oxford,hospital,https://www.jobs.ac.uk/images/employer-logos/medium/102.gif,,Postdoctoral Research Associate in Degradable Electronic Polymers,"Location: Department of Chemistry - Chemistry Research Laboratory, 12 Mansfield Road, Oxford, OX1 3TA Interested in all things polymer? Chromic, Electronic, Degradable? Applications are invited for a Postdoctoral Research Associate to help develop polymers that are electronically functional, degradable, and that shift colour as they break down, so a device can report its own remaining lifetime before it stops working. This post sits at the point where conjugated polymers meet classic cleavable polyester and carbonate chemistry. It is associated with the recently funded EPSRC New Investigator Award ""Colour-Changing Electroactive Polymers: Degradation-Responsive Materials for Self-Reporting Electronics"". Based in the Department of Chemistry under the supervision of Dr Georgina Gregory, this post is fixed-term for up to 2.5 years. This is a new programme and you would be leading its experimental work in a small, well-equipped group, with room to shape the chemistry and the freedom to follow what the results suggest. Find out more about the Gregory Group at: https://www.chem.ox.ac.uk/people/georgina-gregory About you Applicants must hold a PhD in polymer chemistry, materials chemistry or a closely related field, (or be close to submission), prior to taking up the appointment, with a publication record appropriate to your career stage. Experience of conjugated polymer synthesis or ring-opening polymerisation, conductivity measurements, spectroelectrochemistry, or thin film processing and device fabrication would all be an advantage. The project spans synthesis, degradation and electronic and optical characterisation, and nobody arrives with all of it. You will enjoy learning, and take satisfaction in taking a polymer from synthetic design through to working material. You will be able to work independently, and to work supportively and enthusiastically with others, communicating what you find in writing and in person. There will be the opportunity to supervise an undergraduate project student, and to take an interest and a share of responsibility in the equipment the group depends on. The post is full-time, applications from those wishing to work part-time will be considered, and will be based in the Chemistry Research Laboratory, 12 Mansfield Road, Oxford, OX1 3TA. Applicants must hold a PhD in polymer chemistry, materials chemistry or a closely related field (or close to completion), prior to taking up the appointment. Essential experience includes: Polymer synthesis Standard polymer characterisation techniques Conductivity measurements of polymers You will be expected to manage your own research activities under guidance, contribute to experimental work, analyse and present scientific data, and work collaboratively with colleagues in partner institutions, and research groups, both within the department and externally. The closing date for applications is 12.00 midday on 16 September 2026 , UK time. Interviews will be held as soon as possible thereafter. Please upload a CV and Supporting Statement as part of your online application (via the ' Apply ' button above). Your supporting statement must explain how you meet each of the selection criteria for the post, using clear examples drawn from skills and experience. Please note that certificates, references and research papers should not be provided at this stage. £39,424 to £47,779 per annum (inclusive of Oxford University Weighting). Grade 7",full_time,Public Health,Public Health Research,Clinical Research,https://www.jobs.ac.uk/job/DSS797/postdoctoral-research-associate-in-degradable-electronic-polymers,2026-08-26,,,PhD,,,,
United Kingdom,GB,+44,Edinburgh,The University of Edinburgh,hospital,https://www.jobs.ac.uk/images/employer-logos/medium/67.gif,,Postdoctoral Research Associate,"Full Time: 35 hours per week Fixed term: for 36 months Where discovery never stops. Be part of something bigger. A unique employer in a vibrant city The University isn’t just any employer. We are part of a local community and a contributor to global thinking, progress and research. In Edinburgh, you are in one of the world’s most attractive cities with active arts and social sectors, while working in a University that has made significant contributions to society, medicine, physics and teaching for over four centuries. Our people have helped create the modern world and are working on more ground-breaking technologies and practices. Make a meaningful impact Here, you can continue to make a difference in everything around you. Take on new challenges, grow your career, be recognised for your contributions, and benefit from our commitment to your wellbeing. Be part of something bigger — where your work has real impact and your development matters. There are so many reasons to take your next step with us. The University of Edinburgh is a world-class organisation. We look for the best in the field across all disciplines and provide a working environment where academics can develop their careers and passion for their chosen subject area. We offer the full range of academic roles and have a genuine focus on our students’ performance and wellbeing. The Opportunity: We are looking for a postdoctoral researcher to join the team led by Dr Alice Green in the School of Chemistry. The post holder will work on a new project led by Dr Green to build an advanced time-resolved Coulomb explosion imaging apparatus in the group’s laboratory. This instrument will be used to image, with high fidelity, ultrafast molecular motion that occurs during photochemical reactions of isolated gas-phase molecules. These exciting experimental capabilities will be used to advance our understanding of fundamental photochemical reactivity. The candidate must have completed a PhD degree in Chemistry, Physics, or a related discipline. Experience with ultrafast spectroscopy and charged-particle detection/imaging is essential. This role will involve significant instrument design and practical work. Experience in instrument design and construction, particularly of high-vacuum apparatuses, is therefore highly beneficial. People have always been at the heart of our work. Our people are at the centre of the University community and everything we do. We value colleagues with drive, determination and a passion for what they do. We are a place where everyone is welcome and offer a range of policies and benefits designed to support you in building the right meaningful flexibility that works for you. A career with us has a range of other benefits that can be tailored to your lifestyle: Professional development and subject matter expertise Opportunities to develop new skills and broaden your experience Responsibility and autonomy Apply Before : 02/10/2026, 23:59 £41,064 to £48,822 per annum",full_time,Public Health,Public Health Research,Clinical Research,https://www.jobs.ac.uk/job/DSS784/postdoctoral-research-associate,2026-08-26,,,PhD,,,,
United Kingdom,GB,+44,Cambridge,University of Cambridge,hospital,https://www.jobs.ac.uk/images/employer-logos/medium/52.gif,,Research Assistant/Research Associate (Fixed Term),"Applications are invited for a postdoctoral research associate in the lab of Dr Jasper Poort, based at the Department of Physiology, Development and Neuroscience at the University of Cambridge. The successful candidate will work on a research project that will investigate the neural mechanisms of visual decision-making, learning, and attention. The research combines electrophysiology, and optogenetic manipulation of different cell types and neural projections in visual and decision-making brain areas to understand how mice learn to become experts in different visually-guided decision-making tasks and flexibly switch attention between tasks. The successful applicant will join a supportive and multi-disciplinary research environment including experimental facilities and expertise in the Poort lab ( https://www.pdn.cam.ac.uk/svl/ ) and collaborators. Applicants should have completed (or are about to submit) a PhD (research associate) or (under)graduate degree (research assistant) in neuroscience, biology, or other relevant disciplines. We are looking for someone with previous experience in chronic extracellular electrophysiology (e.g. tetrodes or multichannel probes), behaviour in mice and advanced data analysis skills (e.g. Matlab or Python). Fixed-term: The funds for this post are available for 2 years in the first instance. Once an offer of employment has been accepted, the successful candidate will be required to undergo a basic disclosure (criminal records check) check and a security check. To apply online for this vacancy and to view further information about the role, please click 'Apply' above. To apply for this post, please submit a CV, cover letter, and a 1 page research proposal on 'circuit mechanisms of visually-guided decision-making'. We also need the contact details of two people who can provide a professional reference. The closing date for applications is 8th September 2026. Informal enquiries about the position can be made to Dr Jasper Poort ( jp816@cam.ac.uk ). Please quote reference PM50828 on your application and in any correspondence about this vacancy. The University actively supports equality, diversity and inclusion and encourages applications from all sections of society. The University has a responsibility to ensure that all employees are eligible to live and work in the UK.",full_time,Public Health,Public Health Research,Clinical Research,https://www.jobs.ac.uk/job/DSS758/research-assistant-research-associate-fixed-term,2026-08-26,,,PhD,,,,
United Kingdom,GB,+44,Oxford,University of Oxford,hospital,https://www.jobs.ac.uk/images/employer-logos/medium/102.gif,,Researcher in Statistical Epidemiology,"Location: New Radcliffe House, Radcliffe Observatory, Woodstock Rd, Oxford OX2 6GG The National Perinatal Epidemiology Unit (NPEU) is looking for a Researcher in Statistical Epidemiology to join our research team working on an exciting new programme of research to improve understanding of the longer-term effects of medical interventions in pregnancy on children’s health and development. You will contribute to the design, conduct and analysis of observational studies using large, complex, routinely collected UK health and education data, including CPRD, HES and ECHILD, and methods such as target trial emulation. You will undertake data management and statistical analysis, contribute to the development of study protocols, and draft study reports and papers for peer-reviewed publication. You will work closely with internal and external collaborators, including service users, and contribute to the wider academic activities of the Unit. You will hold an MSc in statistics, epidemiology or a health-related field which includes a substantial amount of biomedical statistics and have substantial experience in health services research and epidemiology. You will have practical experience of managing and analysing large and complex datasets and proficiency in STATA or R. Excellent written and verbal communication skills, experience of preparing documents for publication and drafting manuscripts, and the ability to manage multiple projects and work effectively both independently and as part of a multidisciplinary team are essential. The post is offered on a full-time basis and is fixed term for three years. Applications for flexible working arrangements are welcomed and will be considered in line with business needs. Applications for part-time working will also be considered, with a minimum commitment of 0.8 FTE. You will be required to upload a CV and supporting statement as part of your online application. Your supporting statement should clearly demonstrate, using specific examples, how your skills and experience meet each of the selection criteria for the post. Go to Cover Letters | Oxford University Careers Service for information and advice on writing an effective Supporting Statement. For more information about the role, please contact Dr Kate Fitzpatrick at kate.fitzpatrick@npeu.ox.ac.uk or the recruitment manager at recruitment@wrh.ox.ac.uk . The closing date for applications is 12.00 noon on 21st September 2026. Interviews are expected to take place at the beginning of October. £38,674 to £45,163 per annum. Research Grade 7",full_time,Public Health,Epidemiology,Public Health,https://www.jobs.ac.uk/job/DSS748/researcher-in-statistical-epidemiology,2026-08-26,,,MSc,,,,
United Kingdom,GB,+44,London,Queen Mary University of London,hospital,https://www.jobs.ac.uk/images/employer-logos/medium/20.gif,,Postdoctoral Research Associate,"About the Role We are seeking a motivated Postdoctoral Research Associate to join a Pancreatic Cancer UK funded project at the Barts Cancer Institute (BCI), Queen Mary University of London. The project focuses on developing novel urine-based phosphoproteomic biomarkers for the early detection and personalised management of pancreatic ductal adenocarcinoma (PDAC). About You The successful candidate will be completing or will already hold a PhD in relevant field. You will have experience in mass spectrometry-based proteomics and/or phosphoproteomics, including protein extraction, phosphopeptide enrichment, LC-MS/MS workflows, and analysis of proteomics datasets using appropriate bioinformatic and statistical tools. You should have a strong interest in translational cancer research and knowledge of cancer signalling pathways, particularly kinase signalling and phosphorylation biology. Experience working with human biological samples, including urine, plasma or tissue, is essential. Experience with software and analysis tools such as R, Mascot, DIA-NN, or related platforms would be advantageous. About the Institute The Barts Cancer Institute (BCI) is a Cancer Research UK Centre of Excellence whose work aims to transform the lives of those with and at risk of cancer through innovative research in the laboratory, in patients and in populations. It is one of six institutes within The Faculty of Medicine and Dentistry (FMD) BCI is internationally renowned in many areas of cancer research and it combines ground-breaking basic research with the expertise of clinicians and clinician scientists from the Centre for Experimental Cancer Medicine and the Barts NHS Trust to achieve improvements in cancer patient care. BCI is also a partner in the CRUK City of London Major Centre (together with UCL, Kings and the Francis Crick Institute) which is a Centre of Excellence in Biotherapeutics. BCI is committed in supporting and developing future cancer researchers through its extensive postgraduate training. About Queen Mary At Queen Mary University of London, we believe that a diversity of ideas helps us achieve the previously unthinkable. Throughout our history, we’ve fostered social justice and improved lives through academic excellence. And we continue to live and breathe this spirit today, not because it’s simply ‘the right thing to do’ but for what it helps us achieve and the intellectual brilliance it delivers. We continue to embrace diversity of thought and opinion in everything we do, in the belief that when views collide, disciplines interact, and perspectives intersect, truly original thought takes form. Benefits We offer competitive salaries, access to a generous pension scheme, 30 days’ leave per annum (pro-rata for part-time/fixed-term), a season ticket loan scheme and access to a comprehensive range of personal and professional development opportunities. In addition, we offer a range of work life balance and family friendly, inclusive employment policies, flexible working arrangements, and campus facilities. Queen Mary’s commitment to our diverse and inclusive community is embedded in our appointments processes. Reasonable adjustments will be made at each stage of the recruitment process for any candidate with a disability. We are open to considering applications from candidates wishing to work flexibly.",full_time,Public Health,Public Health Research,Clinical Research,https://www.jobs.ac.uk/job/DSS728/postdoctoral-research-associate,2026-08-26,,,PhD,,,,
United Kingdom,GB,+44,London,Imperial College London,hospital,https://www.jobs.ac.uk/images/employer-logos/medium/6.gif,,Research Associate,"About the role Are you passionate about engineering biology and developing sustainable solutions to address global environmental challenges? We are seeking an ambitious and highly motivated Post Doctoral Researcher to join the Rodrigo Ledesma-Amaro Lab in the Department of Bioengineering at Imperial College London as part of the PROPEL project, an exciting European collaborative initiative developing next-generation sustainable biomanufacturing technologies. The successful candidate will join the Bezos Centre for Sustainable Protein and the Microbial Food Hub, internationally recognised centres driving innovation in engineering biology, precision fermentation and sustainable food systems. Working within a multidisciplinary and collaborative research environment, you will contribute to pioneering research at the interface of synthetic biology, metabolic engineering, microbial biotechnology and bioprocess engineering. This role will focus on engineering the oleaginous yeast Yarrowia lipolytica to produce high-value lipids using state-of-the-art synthetic biology and metabolic engineering approaches. You will design and construct novel microbial cell factories, optimise metabolic pathways and develop sustainable bioprocesses that contribute to a circular bioeconomy. As part of the PROPEL consortium, you will contribute to developing innovative biological manufacturing platforms that transform renewable and waste-derived carbon sources into valuable bio-based products. The project aims to establish sustainable alternatives to fossil-derived materials by combining advances in synthetic biology, fermentation and waste valorisation, helping accelerate Europe's transition towards greener manufacturing. This is a unique opportunity to contribute to cutting-edge research with real-world environmental impact while working alongside leading academic and industrial collaborators across Europe. What you would be doing You will undertake research within the Rodrigo Ledesma-Amaro Laboratory, contributing to the development of sustainable microbial cell factories for lipid production. Your responsibilities will include: Engineering Yarrowia lipolytica using synthetic biology and metabolic engineering approaches. Designing, constructing and characterising engineered yeast strains for lipid biosynthesis. Developing and optimising fermentation and bioprocess strategies. Analysing experimental data and presenting findings at group meetings and scientific conferences. Collaborating with researchers across the PROPEL consortium and contributing to project deliverables, publications and future grant applications. What we are looking for PhD (or equivalent) in Bioengineering, Biotechnology, Synthetic Biology, Microbiology, Biochemistry or a related discipline. Experience in molecular biology, microbial engineering or metabolic engineering. Experience working with yeast or other microbial systems (desirable). Knowledge of synthetic biology, genome engineering or fermentation processes. Excellent communication and organisational skills. Ability to work independently and collaboratively within an international research environment. What we can offer you Opportunity to work on research addressing sustainable food and biomanufacturing challenges A collaborative and interdisciplinary research environment The opportunity to continue your career at a world-leading institution and be part of our mission to continue science for humanity. Grow your career: gain access to Imperial’s sector-leading dedicated career support for researchers as well as opportunities for promotion and progression. As a member of research staff you have 10 development days to use to develop your skills and explore your career prospects Sector-leading salary and remuneration package (including 41 days off a year and generous pension schemes). Be part of a diverse, inclusive and collaborative work culture with various staff networks and resources to support your personal and professional wellbeing . Further information This post is available immediately for up to 2 years in the first instance, with any extension subject to research funding. For informal enquiries, please contact Naheed Khan – n.khan2@imperial.ac.uk",full_time,Public Health,Public Health Research,Clinical Research,https://www.jobs.ac.uk/job/DSS734/research-associate,2026-08-26,,,PhD,,,,
United Kingdom,GB,+44,London,Queen Mary University of London,hospital,https://www.jobs.ac.uk/images/employer-logos/medium/20.gif,,Postdoctoral Research Associate,"About the Role We are looking for a post-doctoral researcher to be part of an exciting new NIHR-funded project. The project aims to evaluate offering a choice of HPV self-sampling or clinician screening within the cervical screening programme in England and Wales. Under the supervision of Prof Jo Waller, you will lead the day-to-day work on the behavioural science aspects of the project in England, collaborating closely with a similar post-holder in Wales. In the first year, this will involve developing information materials to support the offer to choice, collaborating closely with the NHS and patient and public contributors, and conducting focus groups and interviews to develop and iterate the materials. In Years 2 to 4, you will help evaluate the impact of the offer of choice (using surveys and interviews) and test the impact of different versions of information materials as part of a SWAT (study with a trial). Throughout the project, there will be a strong focus on social inequalities. About You Applicants should have a PhD (or be close to completion) in an applied health-related social science (e.g. health psychology). We are looking for candidates with experience of running research studies related to psychological and behavioural aspects of cancer screening. Excellent self-motivation and communications skills, experience of quantitative and qualitative data collection and analysis, and experience of working with multiple stakeholders are essential. About the School/Department/Institute/Project The Wolfson Institute of Population Health (WIPH) is an exciting and dynamic environment, home to 450 staff, 100 PhD students and 500 postgraduate taught students. It harnesses expertise across a wide range of population-based research and education activities. The Institute is organised into six research centres which, though complementary and following the Institute’s strategic plan, also have Centre-specific objectives and requirements. The postholder will be based in the Centre for Cancer Screening, Prevention and Early Diagnosis (CCSPED). CCSPED brings together globally leading researchers focusing on cancer prevention, screening and detection and early diagnosis across two units. CCSPED also hosts the cross-cutting Cancer Behavioural Science group and the CRUK-funded Cancer Prevention Trials Unit. About Queen Mary At Queen Mary University of London, we believe that a diversity of ideas helps us achieve the previously unthinkable. Throughout our history, we’ve fostered social justice and improved lives through academic excellence. And we continue to live and breathe this spirit today, not because it’s simply ‘the right thing to do’ but for what it helps us achieve and the intellectual brilliance it delivers. We continue to embrace diversity of thought and opinion in everything we do, in the belief that when views collide, disciplines interact, and perspectives intersect, truly original thought takes form. Benefits We offer competitive salaries, access to a generous pension scheme, 30 days’ leave per annum (pro-rata for part-time/fixed-term), a season ticket loan scheme and access to a comprehensive range of personal and professional development opportunities. In addition, we offer a range of work life balance and family friendly, inclusive employment policies, campus facilities and flexible working arrangements. Queen Mary’s commitment to our diverse and inclusive community is embedded in our appointments processes. Reasonable adjustments will be made at each stage of the recruitment process for any candidate with a disability. We are open to considering applications from candidates wishing to work flexibly. £38,419 to £46,618 per annum",full_time,Public Health,Public Health Research,Clinical Research,https://www.jobs.ac.uk/job/DSS571/postdoctoral-research-associate,2026-08-25,,,PhD,,,,
United Kingdom,GB,+44,Edinburgh,The University of Edinburgh,hospital,https://www.jobs.ac.uk/images/employer-logos/medium/67.gif,,Postdoctoral Research Associate,"Full time: 35 hours per week Fixed-term: 36 months Vacancies available: 2 The opportunity: This project seeks to realise a new approach to turbulence computation via a combination of modern AI technology (graph neural networks and transformers) with a dynamical systems framework. The dynamical systems viewpoint imagines the turbulence as a space-time tapestry of connected states, which are related to exact solutions of the governing equations in smaller domains. This viewpoint is compelling: it connects dynamical events to statistical properties of the flow, it generates a set of rules by which different recurrent patterns can coexist and interact and it is a robust platform on which to build low-order models for deployment in industrial applications. However, to date this approach has been restricted to small-scale flows because of (1) the computational challenge of identifying the coherent patterns and (2) the combinatorial challenge of identifying the rules by which the patterns join to form the space-time tapestry. These problems are a natural fit for frontier AI models. The two postdocs on this project will, together with the PI, his collaborators and industrial partners, design, train and release these models. These positions are funded by UKRI to work with Dr Jacob Page on the design and construction of large neural networks for the embedding and prediction of high Reynolds number turbulence. The approach is motivated by Hopf’s “dynamical systems” view of turbulent flows. The project includes collaboration with a leading researcher at a major tech company, in addition to ongoing collaborations with Prof Steve Brunton’s group at the University of Washington and Dr Georgios Rigas’ group at Imperial College London. There will also be scope for involvement in other ongoing industrial collaborations. £41,064 to £48,822 per annum (Grade 7)",full_time,Public Health,Public Health Research,Clinical Research,https://www.jobs.ac.uk/job/DSS582/postdoctoral-research-associate,2026-08-25,,,,,,,
United Kingdom,GB,+44,London,Queen Mary University of London,hospital,https://www.jobs.ac.uk/images/employer-logos/medium/20.gif,,Clinical Trial Monitor,"About the Role We are seeking an enthusiastic and dedicated Clinical Trial Monitor who shares our passion for advancing cancer prevention research to join The Cancer Research UK Cancer Prevention Trials Unit (CPTU) at Queen Mary University of London. As the IMProVE Clinical Trial Monitor, you will play a pivotal role in delivering monitoring activities across the Yorkshire Cancer Research funded IMProVE Prostate Cancer Screening Trial. Working closely with our CPTU Compliance and the IMProVE project teams, the role focus will be to coordinate and carry out monitoring activities, spanning remote, central, and on-site monitoring. About You You will be a detail-oriented and motivated professional with: Previous monitoring experience in clinical trials, ideally on in vitro diagnostics trials Excellent verbal and written communication skills, especially in scientific writing and reporting Strong knowledge of ICH GCP principles and relevant legislation Willingness to travel within the UK flexibly to accommodate the needs of the project About the School/Department/Institute/Project The Wolfson Institute of Population Health (WIPH) is an exciting and dynamic environment, home to 450 staff, 100 PhD students and 500 postgraduate taught students. It harnesses expertise across a wide range of population-based research and education activities and aims to be an internationally recognised centre of excellence in population health, primary care and preventive medicine. The Institute is organised into six separate research centres which, though complementary and following the Institute strategic plan, also have Centre-specific objectives and requirements. The Centre for Cancer Screening, Prevention and Early Diagnosis (CCSPED) forms part of the WIPH and brings together globally leading researchers focusing on cancer prevention, screening and detection and early diagnosis across two units. CCSPED also hosts the cross-cutting Cancer Behavioural Science group and the CRUK-funded Cancer Prevention Trials Unit (CPTU, Director, Sasieni). About Queen Mary At Queen Mary University of London, we believe that a diversity of ideas helps us achieve the previously unthinkable. Throughout our history, we’ve fostered social justice and improved lives through academic excellence. And we continue to live and breathe this spirit today, not because it’s simply ‘the right thing to do’ but for what it helps us achieve and the intellectual brilliance it delivers. We continue to embrace diversity of thought and opinion in everything we do, in the belief that when views collide, disciplines interact, and perspectives intersect, truly original thought takes form. Benefits We offer competitive salaries, access to a generous pension scheme, 30 days’ leave per annum (pro-rata for part-time/fixed-term), a season ticket loan scheme and access to a comprehensive range of personal and professional development opportunities. In addition, we offer a range of work life balance and family friendly, inclusive employment policies, campus facilities and flexible working arrangements. Queen Mary’s commitment to our diverse and inclusive community is embedded in our appointments processes. Reasonable adjustments will be made at each stage of the recruitment process for any candidate with a disability. We are open to considering applications from candidates wishing to work flexibly. £40,015 to £46,618 per annum",full_time,Non Clinical,Clinical Research,Clinical Research,https://www.jobs.ac.uk/job/DSS554/clinical-trial-monitor,2026-08-25,,,PhD,,,,
United Kingdom,GB,+44,Edinburgh,The University of Edinburgh,hospital,https://www.jobs.ac.uk/images/employer-logos/medium/67.gif,,Postdoctoral Research Associate,"Full time: 35 hours per week Fixed term: 2 years Vacancies: 2 The role is part of AI²: Assurance and Insurance for Artificial Intelligence, a major research programme on insuring AI systems. The project is a collaboration between the University of Edinburgh, the University of Oxford, the University of Warwick and AXA. It aims to develop the mathematical, statistical and computational foundations needed to evaluate, price, monitor and mitigate risks arising from AI systems, including generative and agentic AI. The successful candidates will work on rigorous methods for AI risk assessment and insurance. Relevant research areas include risk measures, systemic risk, conformal prediction, uncertainty quantification, stochastic and Bayesian optimisation, reinforcement learning, AI security, red-teaming and jailbreak evaluation. Candidates are not expected to cover all of these areas, but should have strong expertise in at least one and an interest in developing methods that apply to AI assurance, risk management and insurance. The Opportunity: The School of Mathematics at the University of Edinburgh is at the forefront of research in financial mathematics, stochastic analysis, machine learning, AI safety and quantitative risk. The successful candidates will join a growing interdisciplinary team working on the foundations of AI insurance and algorithmic assurance. The project will develop tools and theory for questions such as: how should AI-related risk be measured; how can uncertainty and tail risk be quantified; how can failures of AI systems be modelled and priced; how can systemic risk emerge from interacting AI systems; and how can testing, validation, monitoring and red-teaming evidence be translated into insurance and risk-management frameworks? The posts offer the opportunity to work closely with leading academic and industry partners, including AXA, and to contribute to a broader international research agenda on safe, trustworthy and insurable AI. Main responsibilities The postholders will be expected to: Conduct high-quality research on AI risk, algorithmic assurance and insurance. Develop mathematical, statistical or computational methods for evaluating, pricing and monitoring AI-related risks. Work on one or more relevant areas, including risk measures, systemic risk, conformal prediction, stochastic/Bayesian optimisation, reinforcement learning, AI security, red-teaming, jailbreak evaluation or agentic AI evaluation. Build reproducible research code, simulations, benchmarks or evaluation tools where appropriate. Publish research in leading peer-reviewed journals and conferences. Present findings at academic conferences, industry workshops and project meetings. Collaborate with researchers at Edinburgh, Oxford and Warwick, and with industry partners including AXA. Contribute to the development of the broader AI² research agenda. Support project activities, including workshops, reports, grant development and engagement with stakeholders in insurance, finance, AI assurance and regulation. This post is full-time (35 hours per week); however, we are open to considering part-time or flexible working patterns. We are also open to considering requests for hybrid working (on a non-contractual basis) that combines a mix of remote and regular on-campus working. Informal enquiries may be directed to Professor Lukasz Szpruch: L.Szpruch@ed.ac.uk . £41,064 to £48,822 per annum pro-rata if part-time (Grade 7)",full_time,Public Health,Public Health Research,Clinical Research,https://www.jobs.ac.uk/job/DSS549/postdoctoral-research-associate,2026-08-25,,,,,,,
United Kingdom,GB,+44,Cambridge,University of Cambridge,hospital,https://www.jobs.ac.uk/images/employer-logos/medium/52.gif,,Research Associate/ Senior Research Associate (Fixed Term),"This position is part of the Better Methods Better Research (BMBR)-funded project ""Confidence intervals and distributions for adaptive clinical trials"". The postholder will work on the development of novel statistical methodology for assessing the uncertainty around treatment effect estimates in adaptive clinical trials, will develop guidelines around the choice and use of these methods in practice, and will implement the developed methods in statistical software. The postholder will also contribute to the outreach activities and will have an opportunity to support the planning of innovative clinical trials. This postholder will work with Dr David Robertson within the Efficient Study Design (ESD) theme of the MRC Biostatistics Unit. The work is embedded within the MRC Biostatistics Unit, one of Europe's leading biostatistics research institutions. Our focus is to deliver new analytical and computational strategies based on sound statistical principles for the challenging tasks facing biomedicine and public health. The Unit is situated on the Cambridge Biomedical Campus, one of the world's most vibrant centres of biomedical research, which includes the University of Cambridge's Clinical School, two major hospitals, the MRC Laboratory of Molecular Biology, and the world headquarters of Astra Zeneca. We believe that talented and inclusive teams deliver the highest quality research. The Unit is actively seeking to increase diversity among its staff, creating opportunities for people traditionally under-represented in the biostatistics research community, including promoting an equitable representation of men and women. The Unit therefore especially encourages applications from women, from minority ethnic groups and from those with non-standard career paths. The Unit strives to maintain an environment where people can be their authentic selves. Appointment will be made on merit. The Biostatistics Unit is committed to supporting hybrid working for all staff, but we do expect that staff will work from the office on a regular basis to help integration and to build our fantastic scientific community. Working entirely from the office is possible. We welcome applications from those wishing to work part-time. Fixed-term: The funds for this post are available for 3 years in the first instance. To apply online for this vacancy and to view further information about the role, please click the 'Apply' button above. Please ensure that you upload a covering letter and CV in the Upload section of the online application. The covering letter should outline how you match the criteria for the post and why you are applying for this role. If you upload any additional documents which have not been requested, we will not be able to consider these as part of your application. Please include details of your referees, including email address and phone number, one of which must be your most recent line manager. The closing date for applications is: 28th September 2026 The interview date for the role is:12th October 2026 Please quote reference SL50853 on your application and in any correspondence about this vacancy. The University actively supports equality, diversity and inclusion and encourages applications from all sections of society. The University has a responsibility to ensure that all employees are eligible to live and work in the UK. £37,694 to £59,966 per annum",full_time,Public Health,Public Health Research,Clinical Research,https://www.jobs.ac.uk/job/DSS526/research-associate-senior-research-associate-fixed-term,2026-08-25,,,,,,,
United Kingdom,GB,+44,London,Imperial College London,hospital,https://www.jobs.ac.uk/images/employer-logos/medium/6.gif,,Research Associate,"Location: South Kensington Campus About the role: We are looking for motivated individuals to Join the Formal Methods in AI (FMAI) lab at Imperial College London, led by Dr. Francesco Belardinelli , in a fully funded postdoctoral research role to lead transformative research in formal methods for safe reinforcement learning. Overview . The FMAI lab at Imperial is seeking highly motivated & talented Postdoctoral Research Associates (PDRAs/PostDocs), who have demonstrated competence in conducting cutting-edge research. The position is fully funded in the context of Dr. Francesco Belardinelli’s ARIA project Enforcing Safety in Cyber-Physical Systems via Proof Certificates , and focus on the design, development, and application of Safe RL algorithms as well as their verification via Proof Certificates , including monitoring & shielding of cyber-physical systems. AI-powered cyber-physical systems must operate continuously and reactively in safety-critical environments. Failures pose severe economic risks, even cost human lives. In recent years, Safe RL has been developed to apply RL techniques in safety-critical environments. However, current methods primarily provide finite-horizon, statistical, or asymptotic guaranties, and fail to ensure strict safety compliance at runtime. This creates a fundamental gap between scalable learning & certifiable safety. To address this gap, this project aims at developing Certified Reinforcement Learning , a neuro-symbolic framework for learning safe controllers in real-world cyber-physical systems that leverages the scalability and adaptability of RL, while providing the formal, verifiable guaranties associated with Formal Methods. The proposed methodology will be implemented in the MASA-Safe-RL library – an open-source platform for Safe RL currently being developed at the FMAI lab. What you would be doing: Within the project, you will conduct original research in the new & exciting field of Formal Methods for Safe RL and explore its applications across cyber-physical systems. You will develop novel algorithms that leverage proof certificates. In doing so, you will collaborate with a team of expert researchers in reinforcement learning, formal methods, strategy synthesis, multi-agent systems, & related fields. We strive in publishing in top-tier conferences and journals. What we are looking for: Self-driven and motivated individuals with genuine love for at least one of Formal Methods/Reinforcement Learning, possibly both, with a drive to learn about the other area. The applicant is also expected to have a strong track record in top conferences & journals in the field of Formal Methods/Reinforcement Learning, such as AAAI, AAMAS, IJCAI, NeurIPS, ICML, ICLR etc. We expect excellent skills in mathematics, especially knowledge in formal methods, stochastic systems and processes, the foundations of deep learning. Experience coding with deep learning libraries such as Pytorch/JAX is essential. Fluent written and spoken English skills as well as contributions to the group culture are expected. Applicants must hold a PhD in computer science, mathematics or equivalent experience. Please see job description for a full list of requirements. Further Information Full-time, Fixed-term contract to start ASAP up to 31 st May 2028. *Candidates who have not yet been officially awarded their PhD will be appointed as Research Assistant within the salary range £45,399 - £48,876 per annum. Visit https://www.imperial.ac.uk/jobs/ and search vacancy reference ENG04023. In addition to completing the online application candidates should attach: A full CV with a list of all publications A 1-page research statement indicating what you see are interesting research issues relating to the above post and why your expertise is relevant. Informal enquiries should be directed to: Dr Francesco Belardinelli francesco.belardinelli@imperial.ac.uk Closing Date: 20 th September 2026 (midnight) £50,733 to £59,484 per annum",full_time,Public Health,Public Health Research,Clinical Research,https://www.jobs.ac.uk/job/DSS514/research-associate,2026-08-25,,,PhD,,,,
United Kingdom,GB,+44,Bristol,University of Bristol,hospital,https://www.jobs.ac.uk/images/employer-logos/medium/49.gif,,Research Associate/Senior Research Associate in Intracellular Transport and Protein Design,"Salary Grade I, £39,906 – £44,746, or Grade J, £44,746 - £50,253 per annum depending on experience The role A post-doctoral position is available to investigate and engineer the molecular mechanisms that regulate intracellular transport by cytoskeletal motor proteins. This Wellcome-funded post is available for 3 years within the laboratory of Dr Jessica Cross in the School of Chemistry at the University of Bristol. The successful candidate will work closely with collaborators including Professor Dek Woolfson (protein design), Dr Mark Dodding (molecular cell biology), Dr Andrew Carter (structural biology) and Dr Simon Bullock (cell biology). The project will combine computational protein design, protein expression and purification, structural and biophysical characterisation, and cell biology to understand how coiled-coil adaptor proteins regulate dynein and kinesin motors, and to engineer novel switchable proteins capable of controlling intracellular transport. What will you be doing? Specifically, the work will investigate how the dynein adaptor Bicaudal D2 (BicD2) regulates intracellular transport through dynamic coiled-coil conformational changes. Building on our discoveries of conformational regulation and peptide-mediated control of kinesin-1 (Cross et al. Cell Chemical Biology , 2021; Weijman et al. Science Advances , 2022; Rhys, Cross, Dawson et al. Nature Chemical Biology , 2022, Cross et al. Nature Chemical Biology , 2024; Shulka, Cross, Kish et al . eLife, 2025), the appointee will engineer novel protein and peptide switches to control BicD2 activity using a combination of computational protein design, protein biochemistry and cell biology. We anticipate that this work will provide fundamental mechanistic insights into motor regulation while delivering new tools to manipulate intracellular transport and inform future therapeutic strategies for diseases associated with motor dysfunction. You should apply if This position would suit a talented and ambitious early-career researcher with an interest in protein engineering, structural biology, biophysics or cell biology. Essential skills include experience in recombinant protein expression and purification, molecular biology and protein characterisation, together with the ability to design and conduct independent research. Experience in computational protein design, structural biology, cell biology, motor proteins or intracellular transport would be advantageous, but is not essential, and we particularly encourage applicants who are enthusiastic about developing expertise across disciplines. The successful applicant will join a highly collaborative research environment and work closely with Professor Dek Woolfson, Dr Mark Dodding, Dr Andrew Carter and Dr Simon Bullock. There will be excellent opportunities for training in computational protein design, advanced biophysical techniques, single-molecule assays and live-cell imaging. The appointee will be expected to work seamlessly across collaborating laboratories to maximise opportunities for interdisciplinary research. Additional information To find out more about what it's like to work in the Faculty of Engineering, and how the Faculty supports people to achieve their potential, please see our staff blog: https://engineering.blogs.bristol.ac.uk/category/engineering-includes-me/ Contract type: Open ended with fixed funding until 04/01/2030 (36 months funding) This advert will close at 23:59 UK time on 21/09/26 For informal queries please contact: Jessica Cross, Lecturer Email: jessica.cross@bristol.ac.uk Our strategy and mission We recently launched our strategy to 2030 tying together our mission, vision and values. Available documents ACAD108686 - Research Associate -Senior Research Associate - JD.pdf Faculty of Science & Engineering Further Particulars 2024-25.pdf £39,906 to £50,253. Grade I / J, per annum, depending on experience per annum",full_time,Public Health,Public Health Research,Clinical Research,https://www.jobs.ac.uk/job/DSS434/research-associate-senior-research-associate-in-intracellular-transport-and-protein-design,2026-08-25,,,,,,,
United Kingdom,GB,+44,London,Imperial College London,hospital,https://www.jobs.ac.uk/images/employer-logos/medium/6.gif,,"Research Nurse, band 6","Location : Hammersmith Campus - On site only About the role : Are you an enthusiastic Research Nurse looking who wants to make a real difference in the UK’s pandemic preparedness? Join our team and play a key role in delivering the HOPPER study, an innovative household respiratory virus research study that will strengthen the UK's readiness for future pandemics. This is a varied role combining community-based research, participant engagement and study coordination, giving you the opportunity to contribute to research with real public health impact. What you would be doing : As a Research Nurse, you will recruit and support participants, conduct home visits across London to collect biological samples and study data, and ensure participants are followed up in line with study protocols. You will maintain accurate research documentation, coordinate with collaborating sites and laboratories, contribute to study logistics, and work closely with a multidisciplinary research team to deliver high-quality clinical research. What we are looking for : Support study participants throughout their research journey. Conduct home visits across London to collect biological samples and research data. Coordinate participant follow-up and maintain accurate electronic study records. Liaise with collaborating sites and laboratories to ensure the smooth delivery of the study. Contribute to the day-to-day organisation of the study, working closely with a multidisciplinary research team. What we can offer you : The opportunity to work on nationally and internationally impactful pandemic preparedness research Training and development in research The opportunity to continue your career at a world-leading institution and be part of our mission to use science for humanity A sector-leading salary and benefits package, including generous annual leave and pension schemes Access to a range of workplace benefits including a flexible working policy from day one, generous family leave packages, on-site leisure facilities and cycle-to-work scheme. Interest-free season ticket loan schemes for travel. Be part of a diverse, inclusive and collaborative work culture with various staff networks and resources to support your personal and professional wellbeing . This is a full-time post (37 hours per week). This role is for a fixed-term contract for 24 months. Please note that this role will require flexible working hours, including occasional late shifts and weekend work. Time worked outside normal working hours will be compensated by time off in lieu. Please note that, if successful, the postholder will be required to be in post by 1 October. If you require any further details about the role, please contact: Dr Seran Hakki – s.hakki@imperial.ac.uk . About Imperial Welcome to Imperial, a global top ten university where scientific imagination leads to world-changing impact. Join us and be part of something bigger. From global health to climate change, AI to business leadership, we navigate some of the world’s toughest challenges. Whatever your role, your contribution will have a lasting impact. As a member of our vibrant community of 22,000 students and 8,000 staff, you’ll collaborate with passionate minds across nine London campuses and a global network. This is your chance to help shape the future. We hope you’ll join us at Imperial. £39,959 to £48,117 per annum",full_time,Non Clinical,Clinical Research,Clinical Research,https://www.jobs.ac.uk/job/DSS420/research-nurse-band-6,2026-08-25,,,,,,,
United Kingdom,GB,+44,London,"Birkbeck, University of London",hospital,https://www.jobs.ac.uk/images/employer-logos/medium/1.gif,,Associate Lecturer in Public Health,"Do you have a passion for Public Health? Join us as an Associate Lecturer delivering public health classes to our undergraduate bioscience students. You will contribute to teaching on our BSc Bioscience and Health, and BSc Biomedicine programmes, giving an introduction to public health to students who have chosen this module. You will have a strong commitment to undergraduate teaching within the biological and health sciences and to providing support to students that fosters academic growth. The appointment is to cover a 15-credit, Level 6 module, Public Health . The Public Health module is taught: Spring term (January - April 2027). Classes 6 - 9 pm on Thursdays. The work would require 27 contact hours of teaching as well as preparation of teaching materials, organization, communication with students, student support, and assessment marking. You will have knowledge and experience of public health and be qualified to the corresponding level of the award as required to teach (or demonstrate equivalent professional/industry level experience). Please refer to the person specification (available on the university's website, accessed by the 'Apply' button) for further selection criteria. If you have knowledge in this area and want to contribute to an impactful educational experience - apply with us at Birkbeck today. Remuneration: Payment is based on an hourly rate depending on length of continuous service with the College, starting rate £69.68 per hour inclusive of pro-rata London Allowance and holiday pay, for contact hours worked. This hourly rate is based on the starting point of Grade 7 and is inclusive of a ‘Duties Related to Teaching Multiplier’ at 2.5, which covers preparation, teaching, administration, assessment marking and other examining duties in connection with the course. Contract: Fixed-term, part-time contract teaching. Closing date: Sunday, 20 September, Interview date: Thursday, 1 October 2026. Enquiries: If you would like to know more about the role, please click on the 'Apply' button or contact Dr Tracey Barrett, Programme Director, BSc Biomedicine, on t.barrett@bbk.ac.uk . If you have difficulty using the recruitment portal, please contact jobs@bbk.ac.uk providing your name and the job reference number of the position. While we are happy to respond to all informal enquiries, only formal applications through the online system will be considered. We welcome applicants from all sections of the community and backgrounds. The College is committed to improving the gender and ethnic diversity of its workforce, holding a bronze Athena SWAN award and operating Disability Confident & Mindful Employer schemes. £69.68 per hour. See advert text for details.",part_time,Public Health,,Public Health,https://www.jobs.ac.uk/job/DSS400/associate-lecturer-in-public-health,2026-08-25,,,BSc,,,,
United Kingdom,GB,+44,London,The Alan Turing Institute,hospital,https://www.jobs.ac.uk/images/employer-logos/medium/8839.gif,,"Senior / Research Associate, AI for Physical Systems","The Alan Turing Institute Named in honour of Alan Turing, the Institute is a place for inspiring, exciting work and we need passionate, sharp, and innovative people who want to use their skills to contribute to our mission to make great leaps in data science and AI research to change the world for the better. Please find more information about us here ROLE PURPOSE The primary purpose of the role is to conduct internationally leading research, and the postholder will be part of the Institute’s Fundamental Research strategic priority area. The Senior / Research Associate will be part of a collaborative, multidisciplinary team of researchers and research engineers, and will be expected to engage with internal and external stakeholders and collaborators to support delivery of an ambitious research programme. The role will lead on and work closely with other researchers and team members on various Fundamental Research activities, and more broadly in support of other science and innovation priorities at the Turing. HOW YOU WILL MAKE AN IMPACT Publish and disseminate high-quality research papers and publications. Communicate or present research outputs to diverse stakeholders. Adhere to and promote principles of reproducible and ethical data science and ensure secure handling of data and health and safety in all aspects of work. Undertake high-quality research, actively contributing to the research aims of the AI for Physical Systems mission and the broader Fundamental Research area. Engage with stakeholders to ensure that research outcomes can be deployed in the real world. Additional duties for Senior Research Associate level Define the research direction in collaboration with Principal Investigators (PIs). Be a point of contact, supporting PIs in engaging with stakeholders Take the lead on writing up findings as they emerge. Lead on the preparation of proposals and applications to external bodies. Manage and/or provide leadership and mentorship of junior team members ABOUT YOU The ideal candidate will hold a PhD (or equivalent) in an area relevant to this role. They will have experience developing software codes, ideally for GPU frameworks, and have a proven ability to initiate, develop and deliver high quality research aligned with a mission. The successful candidate will have strong background in statistical and/or scientific machine learning with particular experience in either probabilistic or generative modelling, neural operators, surrogate modelling, uncertainty quantification for ML models, conformal prediction or the application of ML modelling to physical systems. They will have excellent written and verbal communication skills proven by high-quality publications in a relevant field, as well as the ability to present complex information to a variety of audiences. Please see our portal for a full breakdown of the Job Description. Terms and Conditions This post is offered on a 2-year fixed-term basis. The annual salary range is £45,505 - £51,465 for Research Associate level / £57,000 - £58,482 for Senior level, including flexible working and family friendly policies, Employee-only benefits guide | The Alan Turing Institute Equality Diversity and Inclusion We value diversity of background, experience, and perspective, and are proud to be an inclusive employer. We warmly encourage applications from all backgrounds, particularly from groups currently under-represented in our sector. If you feel passionate about this role but don’t meet every single requirement, please apply – we recognise that great candidates may bring strengths beyond the criteria listed . To apply, please click the 'Apply' button above.",full_time,Public Health,Public Health Research,Clinical Research,https://www.jobs.ac.uk/job/DSR495/senior-research-associate-ai-for-physical-systems,2026-08-25,,,PhD,,,,
United Kingdom,GB,+44,Kingston upon Hull,University of Hull,hospital,https://www.jobs.ac.uk/images/employer-logos/medium/78.gif,,Research Assistant,"We are committed to equality, diversity and inclusion, creating a community where colleagues feel respected and valued. We aim to reflect the diversity of our students and communities, and to strengthen our university through collaboration and diverse perspectives, across all roles at the University. The Research Assistant will support the delivery of the NEOREHAB study, a YCR-funded feasibility trial evaluating a hybrid exercise rehabilitation programme for patients undergoing neoadjuvant treatment for resectable lung cancer. The post holder will be based at Leeds Teaching Hospitals NHS Trust and work closely with the multidisciplinary lung cancer team and the Hull Health Trials Unit to ensure the successful day-to-day delivery of the study. The role involves identifying and recruiting eligible participants, coordinating and conducting study visits, delivering and supervising personalised exercise interventions, collecting high-quality clinical and research data, maintaining study databases in accordance with Good Clinical Practice (GCP) and ALCOA++ principles, and supporting study monitoring and regulatory requirements. The post holder will contribute to participant engagement, promote healthy lifestyle behaviours, and ensure accurate documentation throughout the study. The successful candidate will also contribute to data analysis, dissemination of findings through presentations and publications, and collaborative working with investigators, clinical teams and research partners. This post offers an excellent opportunity for an individual wishing to develop a career in clinical research within exercise oncology and thoracic surgery while working in a multidisciplinary academic and clinical environment. The post holder will be primarily based at Leeds Teaching Hospitals NHS Trust , where the majority of participant recruitment, study visits, and delivery of the exercise intervention will take place. Regular attendance at the University of Hull/Hull Health Trials Unit will also be required to work closely with the Chief Investigator, supervisors, and the clinical trials team, ensuring effective study oversight, governance, monitoring, and collaboration across both sites. This post therefore involves cross-site working between Leeds and Hull throughout the duration of the study. The post holder will have overall responsibility for the day-to-day operational delivery of the NEOREHAB trial, ensuring recruitment targets are achieved and study milestones are met. They will lead participant screening, recruitment and retention activities, coordinate study visits, and oversee the implementation of the exercise intervention, ensuring that personalised rehabilitation programmes are delivered safely, consistently and in accordance with the study protocol. The post holder will work closely with the Chief Investigator and multidisciplinary clinical teams to optimise trial performance, maintain high-quality data collection, and contribute to the successful completion of the study. The full job description can be viewed here. For any informal queries, please contact Cecelia Pomili at Cecelia.Pompili@hyms.ac.uk . Applications close at 00:01am of the closing date listed. We reserve the right to close this vacancy early if we receive sufficient applications. If you are interested in this role, please submit your application as early as possible.",full_time,Public Health,Public Health Research,Clinical Research,https://www.jobs.ac.uk/job/DSS367/research-assistant,2026-08-25,,,,,,,
United Kingdom,GB,+44,Edinburgh,The University of Edinburgh,hospital,https://www.jobs.ac.uk/images/employer-logos/medium/67.gif,,Research Associate in Superconducting Aircraft Propulsion Motors,"Full Time: 35 hours per week Fixed term: up to 24 months The Opportunity: Develop the future of sustainable aviation Where curiosity becomes impact With roles from hospitality to research, there’s a career for everyone at the University of Edinburgh. We can offer opportunities for you to develop in your career and make a real difference in the communities around us while contributing to the world at large. The University of Edinburgh is a world-leading research-intensive university (QS ranking top 35), committed to excellence, innovation and making a positive contribution to society. As part of our diverse and inclusive community, you will work with colleagues at the SuperMachine Group and the Superconducting Electrical Futures (SEF) Lab in the School of Engineering, who share a passion for addressing global net zero challenges through superconducting technologies The School of Engineering is seeking a Postdoctoral Research Associate in Superconducting Aircraft Propulsion Motors to join a €5m Horizon Europe consortium project led by Dr Hongye Zhang at the University of Edinburgh. This 24-month, full-time role will contribute to the development of superconducting motor windings for fully electric, hydrogen fuel-cell-powered aircraft. You will undertake research involving the multiphysics modelling, design, testing and evaluation of superconducting propulsion motor technologies. You will work closely with Dr Hongye Zhang and EU/UK academic/industrial partners across the project consortium, contributing to project milestones, technical reports, publications and presentations. We are looking for a highly motivated researcher with a PhD, or equivalent experience, in electrical engineering, mechanical engineering, thermal engineering, aerospace engineering, physics or a related discipline. You should have strong analytical and research skills, together with knowledge or experience relevant to electric machines, applied superconductivity, or aerospace technologies. Experience with electro-mechanical-thermal modelling, cryogenic systems, superconducting materials, motor windings or hydrogen-electric propulsion would be advantageous. The role offers an opportunity to contribute to internationally significant research addressing the transition to cleaner aviation. Occasional travel to consortium meetings, conferences or partner facilities may be required. Laboratory work may involve cryogenic liquids, including liquid nitrogen, and will be supported by appropriate training and risk assessments. We encourage applications from candidates with diverse backgrounds and experiences who can contribute to our values of excellence, integrity, inclusion, relevance and ambition. Apply now to join the project team and help develop innovative propulsion technologies for the future of sustainable aviation. A career with us has a range of other benefits that can be tailored to your lifestyle, including: A competitive pension scheme Generous annual leave allowance Staff discounts and a wide range of health and wellbeing support Professional development and training opportunities Family-friendly and inclusive policies Employee networks and support for a diverse and welcoming community £41,064 to £48,822 per annum (Grade 7)",full_time,Public Health,Public Health Research,Clinical Research,https://www.jobs.ac.uk/job/DSS599/research-associate-in-superconducting-aircraft-propulsion-motors,2026-08-25,,,PhD,,,,
United Kingdom,GB,+44,Manchester,The University of Manchester,hospital,https://www.jobs.ac.uk/images/employer-logos/medium/92.gif,,Clinical Research Fellow (PhD) in Biliary Tract Cancer Liquid Biopsy Translational Research,"Salary: £65,048 - £73,992 per annum (according to relevant experience) aligned to NHS Resident Doctors Pay Scale Post Start Date: January 2027 About The Fellowship Applicants will undertake a 3-year fully funded PhD fellowship (The University of Manchester) in cancer research through the highly successful CRUK PhD programme, supervised by internationally recognised scientists and clinical academics. The fellowship will be predominantly laboratory-based with opportunities to gain experience in novel liquid biopsy technologies and training in bioinformatics and computational analysis whilst maintaining clinical engagement within the Hepato-pancreatico-biliary (HPB) Medical Oncology Team at The Christie NHS Foundation Trust. This PhD will investigate the development and clinical application of circulating nucleic acid biomarkers to improve the diagnosis, prognostication and treatment stratification of patients with biliary tract cancers (BTC). Despite advances in systemic therapies, BTC remains associated with poor survival and there is an urgent need for minimally invasive biomarkers that enable earlier diagnosis, molecular characterisation and real-time monitoring of treatment response. The successful candidate will undertake translational laboratory research within the Nucleic Acid Biomarker Team at the CRUK National Biomarker Centre, working alongside leading scientists, bioinformaticians and clinician researchers. Supervised by Dr A Conway (Senior Clinical Lecturer and Honorary Consultant in Medical Oncology) and Dr A Clipson (Deputy Team Lead Nucleic Acid Biomarker Team), the project will focus on the development and validation of novel liquid biopsy approaches including circulating tumour DNA (ctDNA), cell-free RNA (cfRNA) and other circulating biomarkers from blood and bile samples. The fellow will gain extensive training in molecular biology techniques, next-generation sequencing technologies, biomarker assay development, experimental design, statistical analysis and bioinformatics. They will also have opportunities to collaborate with national and international research partners and present their work at major scientific conferences. About You We are seeking a talented and enthusiastic clinical academic, passionate about cancer research, who has a strong academic track record and a clear commitment to pursuing a career in clinical academia. The successful applicant will be intellectually curious, self-motivated and capable of working both independently and collaboratively within a multidisciplinary research environment. You will have a Medical Degree (MB, ChB or equivalent), full General Medical Council (GMC) registration with licence to practise in the UK and MRCP, FRCP (or equivalent qualifications) along with relevant clinical or medical oncology experience. You will have previous laboratory-based research experience. Previous experience of management of patients in clinical trials would be an advantage. You will possess excellent communication and organisational skills, with the ability to critically evaluate scientific literature, manage competing priorities and contribute effectively to collaborative research projects. Prior laboratory research experience is desirable but not essential, as comprehensive training and mentorship will be provided throughout the fellowship. This fellowship is ideally suited to clinicians who aspire to become future leaders in translational cancer research and who are motivated to improve outcomes for patients with biliary tract cancer through innovative biomarker discovery and precision medicine. Apply Now Please submit your online application by 18:00 on 07 September 2026 Monday For any informal enquiries about this post, please contact Alicia-Marie Conway, alicia-marie.conway@cruk.manchester.ac.uk or Alexandra Clipson alexandra.clipson@cruk.manchester.ac.uk",full_time,Public Health,Public Health Research,Clinical Research,https://www.jobs.ac.uk/job/DSS590/clinical-research-fellow-phd-in-biliary-tract-cancer-liquid-biopsy-translational-research,2026-08-25,,,PhD,,,,
Ireland,IE,+353,Dublin,Dublin Innovation Institute - Northeastern University,hospital,https://www.jobs.ac.uk/images/employer-logos/medium/12992.gif,,Postdoctoral Research Associate in Topological Machine Learning and Generative AI,"Location: Dublin Innovation Institute, Block 6 Founders District, Belfield Office Park, Beech Hill Road, Dublin 4, Ireland Working arrangement: Full Time on site at the Dublin Innovation Institute Click to read more about the Dublin Innovation Institute (DII) : https://dublininstitute.northeastern.edu/about/ Term: 10 months, full time Reports to: Dr. Shashi Murthy, Head of Institute. Prof. Giovanni Petri Start: 1 September 2026 or as soon as possible thereafter The role Northeastern University's Dublin Innovation Institute (DII) wishes to appoint a Postdoctoral Research Associate to work on TOPO-LLM: Topologically-Informed Large Language Models for Innovation Intelligence . The project is funded by FFplus, a EuroHPC Joint Undertaking initiative under the European Union's Digital Europe Programme, and brings together DII and Futurity Systems, a Barcelona-based technology company developing AI tools for innovation and competitive intelligence. TOPO-LLM asks whether large language models can reason more effectively about scientific and technological innovation when they are given explicit information about the higher-order structure of the underlying data. The project will combine topological data analysis, higher-order network methods and large-scale language-model training on a knowledge graph of scientific publications, patents and related innovation data. The appointed researcher will lead DII's scientific contribution. The main task is to design and validate an Innovation Topology Embedding: a compact representation built from persistent-homology summaries, higher-order Laplacian features and multiscale network structure. The researcher will develop scalable methods for computing these features on a very large knowledge graph, integrate them into a transformer-based language model, and test their value through carefully controlled benchmarks and ablation studies. This is a deliberately interdisciplinary role. We are looking for someone who combines a strong foundation in topological or geometric methods with the ability to implement and evaluate machine-learning systems at scale. Candidates may come from topological data analysis, geometric deep learning, network science, statistical physics, machine learning, or a closely related field. We recognise that few applicants will be equally strong in every area; where a candidate's experience is weighted towards either topology or machine-learning engineering, we particularly value evidence that they can collaborate across the boundary and learn quickly. The researcher will be based at DII on the University College Dublin campus and will join Prof. Giovanni Petri's research group, NP Lab , within Northeastern's Network Science Institute London. They will work closely with the Futurity Systems team in Barcelona and with collaborators across Northeastern's global network. The project includes access to the EuroHPC MareNostrum 5 supercomputer at the Barcelona Supercomputing Centre. We provide an opportunity to carry out academically substantive research in close contact with an industry partner. The successful candidate will be expected to contribute to research publications, project reports and reusable research software arising from the work, subject to the project's collaboration and intellectual-property agreements. We know diversity fosters creativity and innovation. We are committed to equality of opportunity, to being fair and inclusive, and to being a place where all belong. We therefore particularly encourage applications from candidates who are likely to be underrepresented in the applicant pool. Dublin Innovation Institute and the research group Northeastern University's Dublin Innovation Institute serves as a bridge between the University's global network and the European research ecosystem. Located on the campus of University College Dublin, DII offers opportunities for collaboration across Europe and North America. Its current projects span political science, computer science and network science, and this appointment will form part of the Institute's initial cohort of research staff. The position will be part of NPLab, led by Prof. Giovanni Petri, Professor of Network Science at Northeastern University London and core faculty at the Network Science Institute. The group works at the intersection of higher-order network science, topological data analysis and information theory, with applications in machine learning, neuroscience, collective behaviour and animal communication. NPLab brings together doctoral and postdoctoral researchers in London and across Northeastern's global network. This post is funded by FFplus. The research directly relevant to the position sits within the group's wider work on higher-order Laplacian renormalisation, higher-order connectomics, and topological representations of complex systems. Prof. Petri leads a broader research programme in this area, including as Principal Investigator on the ERC Consolidator Grant RUNES and Project CETI, and as Co-Investigator on the BeyondTheEdge Marie Skłodowska-Curie Doctoral Network, giving the group a rich international research environment beyond this specific project. Network Science Institute Northeastern University's Network Science Institute (NetSI) brings together researchers from the physical, information, biological and social sciences to develop the theory and applications of complex networks. Founded in Boston in 2014, NetSI now connects research communities across Northeastern's global network, including its London hub. The successful candidate will join this international and highly interdisciplinary community. About Northeastern University Founded in 1898, Northeastern is a global research university and a recognised leader in experience-driven lifelong learning. Its locations across the United States, Canada, the United Kingdom, and Ireland create opportunities for collaborative, solutions-focused research across disciplines and regions. Northeastern University is an equal opportunity employer, seeking to recruit and support a broadly diverse community of faculty and staff. Northeastern values and celebrates diversity in all its forms and strives to foster an inclusive culture built on respect. Job Duties The appointed researcher will carry out independent research, analyse and publish results, prepare project reports and technical documentation, and contribute to the wider research environment at DII and NPLab. Job duties will include the following, with the distribution of time varying across the project: 60-70% Research and implementation: design the Innovation Topology Embedding; develop and scale the topology-computation pipeline; integrate topological features into the language model; and run controlled evaluations and ablation studies. 15-20% Research communication: prepare publications, project deliverables, presentations and documentation for research software. 10-15% Project collaboration: coordinate technical work with Futurity Systems, manage use of the EuroHPC allocation, and report progress against project milestones. 5-10% Research-group activity: participate in NP Lab and Network Science Institute meetings and contribute to the group's collaborative research culture. Person Specification Criteria A PhD, awarded or near completion by the start date, in computer science, mathematics, physics, statistics, network science, or a related quantitative discipline. Research experience in at least one of the following: topological data analysis; computational topology; geometric or topological deep learning; higher-order network science; graph machine learning; or statistical physics of complex systems. Strong programming skills in Python and experience with modern scientific or machine-learning software. Experience designing, running and interpreting computational experiments. Demonstrated ability to plan, execute and publish independent research. Ability to communicate technical ideas clearly in written and spoken English. A collaborative working style, strong personal initiative and the ability to deliver against project milestones. We recognise that excellent candidates may not match every item listed above. If your background is adjacent and you are excited by the project, we encourage you to apply. Additional desired skills and experience: Practical experience with persistent homology or related topological descriptors, using tools such as GUDHI, Ripser, giotto-tda, or equivalent. Experience with transformers or large language models, including fine-tuning, continued pretraining, representation learning, or model evaluation. Experience with PyTorch and the Hugging Face ecosystem. Experience with high-performance computing, SLURM, distributed multi-GPU training, or large-scale checkpointing. Familiarity with hypergraphs, simplicial complexes, higher-order Laplacians, network renormalization, or multiscale graph methods. Experience with large knowledge graphs, sparse linear algebra, graph databases, or bibliometric and patent data. A track record in open-source scientific software or research collaborations with external partners. Additional Information Enquiries Informal enquiries may be made to Prof. Giovanni Petri at giovanni.petri@nulondon.ac.uk and are warmly encouraged. To be considered for the position, applications must be made in accordance with the process specified in the final advertisement. Application Process The panel will be shortlisting for this position on a rolling basis so please apply as soon as possible. We reserve the right to close this post before the closing date if we receive a large number of applications. Applications should be made to Caroline Ward, HR Director (caroline.ward@nulondon.ac.uk) by 12pm on Wednesday 09 September 2026 . Please reference TOPO-LLM-DII-2026 in your application. Please ensure that your application includes the following: A CV, including a publication list and details of relevant software or open-source contributions. A covering letter explaining how you meet the selection criteria and why you are interested in the role. A research statement of no more than two pages and at least 1 figure, describing your relevant work and how you would approach the first six months of the project. Names and contact information for up to three referees. References will only be sought for shortlisted candidates. Shortlisted candidates will be interviewed by video call. The interview will include a technical discussion of the candidate's relevant work and of the practical challenges involved in scaling topological methods and language-model training. Eligibility to work. Due to DII’s current staffing requirements, at this time we are only able to appoint an EEA, UK or Swiss national to this role. Applicants must also be able to demonstrate their entitlement to work in Ireland. Please describe your status in your covering letter. €64,000 for 10 month project period",full_time,Public Health,Public Health Research,Clinical Research,https://www.jobs.ac.uk/job/DSS062/postdoctoral-research-associate-in-topological-machine-learning-and-generative-ai,2026-08-24,,,PhD,,,,
United Kingdom,GB,+44,London,King's College London,hospital,https://www.jobs.ac.uk/images/employer-logos/medium/15.gif,,Research Associate,"About the role: This is a rare opportunity for an ambitious postdoctoral researcher, with a strong background in quantitative methods and work, welfare and health research, to shape the evidence base on youth trajectories into economic inactivity, benefit receipt and work, as part of a major programme funded by the Colt Foundation at King’s College London. You will work across some of the UK’s richest linked datasets including Department for Work and Pensions and HMRC administrative data via the new RAPID linkage, the Longitudinal Educational Outcomes (LEO) dataset, and major birth cohorts such as Next Steps via the UK Longitudinal Linkage Collaboration (UK LLC). You will apply advanced statistical methods including time to event and competing risk models, sequence analysis and multilevel modelling, and will lead a systematic review as part of this work to address research questions that are policy relevant. You will work closely with the Principal Investigators of this programme of work, Professor Sharon Stevelink and Professor Ioannis Bakolis, as well as the work package leads, colleagues across the Department of Psychological Medicine, Health Services and Population Research Department, King’s Policy Institute and King’s Business School, and our lived experience partners, whose voices you will help embed throughout the research. You will also line manage/supervise a Research Assistant. Experience across a range of health and administrative data sources (e.g. RAPID, LEO, UK birth cohorts) and linked data sources would be an advantage, as well as past experience of engaging with a wide range of stakeholders and having contributed to outputs beyond scientific publications such as policy briefings, infographics or government consultation responses. You will be supported to developing your academic career, including a research visit to our international collaborators in Norway, access to a range of training courses, and dedicated support with fellowship and grant applications. This is a full time (35 hours per week), based at King’s College London (Denmark Hill campus) for 4 days a week with the option to work from home for 1 day a week. You will be offered an a fixed term contract until 18 th October 2029 Research staff at King’s are entitled to at least 10 days per year (pro-rata) for professional development. This entitlement, from the Concordat to Support the Career Development of Researchers , applies to Postdocs, Research Assistants, Research and Teaching Technicians, Teaching Fellows and AEP equivalent up to and including grade 7. Visit the Centre for Research Staff Development for more information. £45,031 to £48,607 per annum, including London Weighting Allowance",full_time,Public Health,Public Health Research,Clinical Research,https://www.jobs.ac.uk/job/DSS178/research-associate,2026-08-24,,,,,,,
United Kingdom,GB,+44,London,Queen Mary University of London,hospital,https://www.jobs.ac.uk/images/employer-logos/medium/20.gif,,Postdoctoral Research Associate,"About the Role A Postdoctoral Research Associate position is available in Dr Alex de Mendoza’s laboratory in the Department of Biology, School of Biological and Behavioural Sciences, Queen Mary University of London. Building on ongoing work in the group on the evolution of adenine DNA methylation in eukaryotic genomes ( www.demendozalab.com ), this project will investigate the regulatory roles of this epigenetic mark using synthetic biology approaches. In particular, it will leverage heterologous expression systems to test the role of 6mA methyltransferases, aiming to understand their deposition patterns and effects on the wide epigenome. The project will leverage laboratory experience in heterologous and evolutionary inspired synthetic epigenomics to decode an ancestral regulatory pathway so far poorly understood. The post is full-time, with an initial contract of 1.5 years, with the possibility of extension subject to funding. The main responsibilities include performing synthetic biology, comparative genomics, epigenome engineering and preparation of manuscripts for publication. There will also be opportunities to contribute to supervision of students and to collaborate with international partners. About You The ideal candidate will have a PhD or be about to defend one in Genetics, Evolution, Biochemistry, or a related field. Have experience with epigenetics and cell culture / molecular biology. With desirable skills include experience in omics data analysis and working on mammalian cell cultures. You will hold strong communication skills and effective collaboration, with demonstrable outcomes. Self-motivation, teamwork abilities, and excellent research management skills. Informal enquiries please contact Dr Alex de Mendoza ( a.demendoza@qmul.ac.uk ). About the School/Department/Institute/Project The role sits within the School of Biological and Behavioural Sciences, one of the largest Schools within Queen Mary University of London. The school has a strong research output and demanding educational standards for its students, but all members benefit from a high level of academic and social integration. In addition, the school is committed to equality of opportunity and holds a Silver Athena SWAN Award. About Queen Mary At Queen Mary University of London, we believe that a diversity of ideas helps us achieve the previously unthinkable. Throughout our history, we’ve fostered social justice and improved lives through academic excellence. And we continue to live and breathe this spirit today, not because it’s simply ‘the right thing to do’ but for what it helps us achieve and the intellectual brilliance it delivers. We continue to embrace diversity of thought and opinion in everything we do, in the belief that when views collide, disciplines interact, and perspectives intersect, truly original thought takes form. Benefits We offer competitive salaries, access to a generous pension scheme, 30 days’ leave per annum (pro-rata for part-time/fixed-term), a season ticket loan scheme and access to a comprehensive range of personal and professional development opportunities. In addition, we offer a range of work life balance and family friendly, inclusive employment policies, flexible working arrangements, and campus facilities. Queen Mary’s commitment to our diverse and inclusive community is embedded in our appointments processes. Reasonable adjustments will be made at each stage of the recruitment process for any candidate with a disability. We are open to considering applications from candidates wishing to work flexibly. £38,419 to £44,288 per annum",full_time,Public Health,Public Health Research,Clinical Research,https://www.jobs.ac.uk/job/DSS163/postdoctoral-research-associate,2026-08-24,,,PhD,,,,
United Kingdom,GB,+44,Liverpool,University of Liverpool,hospital,https://www.jobs.ac.uk/images/employer-logos/medium/88.gif,,M-RIC Research Assistant - Clinical Trials Support,"We are looking to appoint a Research Assistant to work for the Mental Health Research for innovation Centre (M-RIC) which is part of the university Centre; Civic Health Innovation Labs (CHIL). M-RIC is an ambitious programme of work jointly delivered between University of Liverpool and Mersey care NHS Foundation Trust (MCFT). It has wide reaching benefits to the region whilst raising the profile of all partners as leaders in Mental Health Innovation. The ideal candidate will: Support the delivery of research studies, clinical trials and innovation projects across M-RIC work packages. Support project teams to deliver studies in line with agreed milestones, timelines and regulatory requirements Contribute to study reporting, monitoring and governance activities, providing updates to project leads and relevant committees as required. Working collaboratively with NHS and wider partners on M-RIC aligned projects Engage closely with PPIE colleagues in M-RIC and other infrastructure grants to progress and develop best practice principles Engage in relevant training and academic advancement relevant to the postholder’s interests and career ambitions Support the development of funding applications, study documentation and research dissemination activities as appropriate. The post is available until the 31 st August 2027 with hybrid/flexible working. The university operates a hybrid work environment for staff, with a current requirement for a minimum of 40% of working time on campus, depending on business needs. When in the office, the role will be based in the Liverpool Science Park. Informal enquiries about the post can be directed to R.G.Crick@liverpool.ac.uk . Commitment to Diversity The University of Liverpool is committed to enhancing workforce diversity. We actively seek to attract, develop, and retain colleagues with diverse backgrounds and perspectives. We welcome applications from all genders/gender identities, Black, Asian, or Minority Ethnic backgrounds, individuals living with a disability, and members of the LGBTQIA+ community. For full details and to apply online, please visit: recruit.liverpool.ac.uk £33,951 to £38,784 per annum (Grade 6)",part_time,Public Health,Public Health Research,Clinical Research,https://www.jobs.ac.uk/job/DSS154/m-ric-research-assistant-clinical-trials-support,2026-08-24,,,,,,,
United Kingdom,GB,+44,London,ARU London,hospital,https://www.jobs.ac.uk/images/employer-logos/medium/5125.gif,,"Lecturer / Senior Lecturer in Health and Social Care, and Public Health","Post start date: Negotiable; as soon as possible Interviews: 07 th September 2026 ARU London offers a range of undergraduate and postgraduate courses in Business and Management; Finance and Accounting; Hospitality, Events and Tourism; Health; and Law. We currently have over 5,000 students, located at our East London campus, very close to the East India Docklands Light Railway stop. Our National Student Survey (NSS) 2026 were excellent, demonstrating our commitment to students and the very high student satisfaction levels. We are now seeking to recruit a student-centred and innovative academic as a Lecturer/Senior Lecturer, dependent on experience. The successful applicant will have prior experience teaching across Health and Social Care, and Public Health . You will be a proactive, supportive and values-led member of the ARU London community and will provide sound evidence-informed teaching, and may also act as a module leader with responsibilities including: Designing, reviewing and developing module material in line with contemporary evidence / data and professional body requirements, where applicable. Delivering lectures, tutorials and seminars in line with the prepared module plan, with reference to module documentation and module contact hours. Engaging students in a dynamic, interactive and stimulating learning experience If you are enthused by your subject, motivated by helping students develop their academic and professional knowledge and skills, share our belief in the transformational nature of education, are capable of working in a fast-paced environment, and wish to be rewarded for your teaching excellence, then we would like to talk to you about opportunities at ARU London. You will be qualified to a minimum of Master’s Degree level in a relevant discipline, and doctoral qualifications are desirable. A strong grounding in industry will be an advantage, together with fellowship (or commitment to gain fellowship) of the Higher Education Academy (HEA). ARU London offers a range of staff benefits including 25 days’ annual leave entitlement plus bank holidays, Nest pension scheme, free library services, wellbeing services and CPD opportunities. To view the full Job Description and Person Specification please click: Lecturer / Senior Lecturer in Health and Social Care, and Public Health To apply, please forward your CV with a cover letter via the ' Apply ' button above ( E: Academicresourcing@london.aru.ac.uk ). Competitive",full_time,Public Health,,Public Health,https://www.jobs.ac.uk/job/DSS094/lecturer-senior-lecturer-in-health-and-social-care-and-public-health,2026-08-24,,,,,,,
United Kingdom,GB,+44,Oxford,University of Oxford,hospital,https://www.jobs.ac.uk/images/employer-logos/medium/102.gif,,Quality Assurance Manager,"This is a full time (part time will be considered at a minimum of 80% FTE), fixed term position for 2 years. This post is available as a secondment opportunity. The Botnar Institute for Musculoskeletal Sciences enables and encourages research and education into the causes of musculoskeletal disease and their treatment. The Centre provides world-class facilities for scientists in the field of musculoskeletal research. Oxford EMCRF is part of the National Institute of Health Research (NIHR) Oxford Clinical Research Facility. This is a collaboration between Oxford University and Oxford University Hospitals NHS Foundation Trust to support the delivery of experimental research in Oxford. Oxford EMCRF supports the delivery of clinical research projects to the highest standards of research and clinical governance, ensuring that quality and safety considerations are embedded throughout the facility, and promoting a culture of continual quality improvement. The facility has a documented and maintained quality management system in accordance with the requirements of ICH GCP Guidelines and all applicable regulatory requirements. Oxford EMCRF also aims to work to the best practice principles outlined by the NIHR UKCRF Network workstream and current MHRA Guidance for CRF accreditation. About the Role We are seeking an experienced and enthusiastic Quality Assurance Manager to support the EMCRF (CRF) Operational team with the implementation, maintenance and development of the CRF Quality Management System to assure that clinical research is completed in accordance with prevailing legislative and best practice requirements. In this role you will review study documents in development to ensure that they comply with current clinical trial regulations; and institutional SOPs as well as assist with the review CRF processes to ensure compliance with SOPs and regulations. You will coordinate risk assessments in the CRF space and manage the CRF Risk Register as well as review clinical trials in terms of risk, lead the construction of risk assessment and monitoring plans at trial set up and throughout the trial when necessary. Additionally, you will plan and participate in proactive audits of both systems and trials, including preparation of audit plans, audit report, and track from plan to close. About You You will hold a Bachelor’s degree (or the equivalent relevant education and experience), together with previous Quality Assurance experience including: conducting, managing, auditing or monitoring in a GCP environment. You will posses sound knowledge of the EU Directive 2001/20/EC, the Department of Health Research Governance Framework for Health and Social Care 2017, the Medicines for Human Use (Clinical Trials) Regulations 2004 and its amendments, Guidelines for Good Clinical Practice (GCP), the Human Tissue Act 2004, Data Protection Act 2000, GDPR 2018 and the Mental Capacity Act 2005 and the ability to interpret these in a non-commercial environment. You will also demonstrate a flexible and adaptive approach to work with an organised approach to dealing with large numbers of complex documents and an ability to think on one’s feet under pressure. Experience using iPassport is desirable. Application Process You will be required to upload a covering letter/supporting statement, CV and the details of two referees as part of your online application. Please quote 188222 in all correspondence. The closing date for applications is 12pm 7 September 2026. Interviews will take place during week commencing 14 September 2026 and will be in person. £39,424 per annum. Grade 7. This is inclusive of a pensionable Oxford University Weighting of £1,730 per year.",full_time,Non Clinical,Clinical Research,Clinical Research,https://www.jobs.ac.uk/job/DSS045/quality-assurance-manager,2026-08-24,,,,,,,
United Kingdom,GB,+44,Sheffield,University of Sheffield,hospital,https://www.jobs.ac.uk/images/employer-logos/medium/111.gif,,"Research Associate (Bioinformatics, Population Genomics & Research Data Management)","Job description: We are seeking a Research Associate in Bioinformatics, Population Genomics & Research Data Management who is passionate about applying population genomics, data curation, and open science to address real-world ecological challenges. In this role, you will play a central part in Technical Area 4 (TA4) of the ARIA Accelerated Adaptation programme. Working alongside Sheffield’s NEOF and Research Software Engineering (RSE) teams, as well as partners at the Earlham Institute, you will empower research groups across the UK to accelerate ecological adaptation through cutting-edge genomic and computational tools. In this role you will use your expertise in bioinformatics, quantitative genetics, and data curation to co-develop reproducible bioinformatic pipelines and deliver hands-on data training to programme research teams. You will also perform independent re-analyses and verification workflows to ensure programme findings are robust, transparent, and rapidly accessible via interactive dashboards. Applicants must hold a PhD (or be close to completion / have equivalent postdoctoral work experience) in Bioinformatics, Evolutionary Genomics, Quantitative Genetics, Computational Biology, or a relevant area along with experience in bioinformatic or population genomic analyses, including processing high-throughput sequencing (NGS) datasets. Strong programming skills (e.g., Linux/Bash, R, Python) and experience using High-Performance Computing (HPC) clusters are also essential. We build teams of people from different heritages and lifestyles from across the world, whose talent and contributions complement each other to greatest effect. We believe diversity in all its forms delivers greater impact through research, teaching and student experience. £38,784 to £41,064 per annum",hybrid,Public Health,Public Health Research,Clinical Data Management,https://www.jobs.ac.uk/job/DSS005/research-associate-bioinformatics-population-genomics-and-research-data-management,2026-08-24,,,PhD,,,,
United Kingdom,GB,+44,Colchester,University of Essex,hospital,https://www.jobs.ac.uk/images/employer-logos/medium/68.gif,,Head of Metadata Management and Discovery,"Are you a metadata professional with the vision and leadership skills to shape the future of research data discovery and reuse? The UK Data Archive, based at the University of Essex, is seeking a Head of Metadata Management and Discovery to lead the strategic development of metadata standards, governance, and discovery services across one of the UK's most important research data infrastructures. This is an exciting opportunity to play a pivotal role in ensuring that high-quality, interoperable and sustainable metadata supports the full data lifecycle – from acquisition and curation through to discovery, access, impact and reuse by researchers, policymakers and other data users worldwide. About the Role As a senior member of the Data Operations team, you will provide strategic leadership for metadata policies, standards, workflows and services across the UK Data Service. Working closely with colleagues across data collections, curation, access, user support, and technical services, you will ensure metadata remains central to delivering high-quality services and an excellent user experience. You will: Lead the development and implementation of the UK Data Service metadata strategy. Oversee metadata governance, standards, quality assurance and lifecycle management. Champion the use of controlled vocabularies, ontologies and semantic assets, including the European Languages Social Science Thesaurus (ELSST). Represent the UK Data Service in national and international collaborations, standards bodies, and communities of practice. Manage and develop specialist staff, fostering a culture of innovation and continuous improvement. Help shape future discovery systems and metadata services, including participation in major European initiatives such as CDIF4EOSC and AI4SOCIAL+. About You You will bring substantial experience in metadata management within a research, data, library, archive or digital infrastructure environment, together with a strong understanding of metadata standards, interoperability, controlled vocabularies and data lifecycle management. You will be a confident leader and communicator, capable of translating strategic priorities into practical solutions, influencing senior stakeholders and working effectively across multidisciplinary teams. Experience of metadata quality frameworks, governance and service improvement will be essential. Why Join Us? The UK Data Archive is the lead partner in the UK Data Service which hosts the UK's largest collection of social, economic, and population data and plays a vital role in supporting world-leading research. This role offers the opportunity to influence national and international metadata practice, contribute to innovative European research infrastructure projects and help shape the future of data discovery in an increasingly AI-enabled research landscape. Join us and make a lasting impact on how research data is discovered, understood and reused around the world. This post is full-time and fixed term until 31st March 2030. This post involves access to Government systems, information or data and will be subject to the staff vetting process. Further information can be found in the job pack. Please use the 'Apply' button to read further information about this role including the full job description and person specification which outlines the full duties, skills, qualifications and experience needed for this role. You will also find details of how to make your application here. Our website http://www.essex.ac.uk contains more information about the University of Essex. If you have a disability and would like information in a different format, please email resourcing@essex.ac.uk . £47,389 to £56,535 per annum",hybrid,Non Clinical,Clinical Data Management,Clinical Data Management,https://www.jobs.ac.uk/job/DSS024/head-of-metadata-management-and-discovery,2026-08-24,,,,,,,
United Kingdom,GB,+44,Sheffield,University of Sheffield,hospital,https://www.jobs.ac.uk/images/employer-logos/medium/111.gif,,"Research Associate in Fungal Molecular Biology, Engineering and Control","We have an exciting opportunity to join the Johnston lab within the School of Medicine and Population Health. The role is part of a major new externally funded interdisciplinary programme led by Dr Thomas Paterson, bringing together bioengineering, microbiology, neuroscience and translational neurotechnology. The programme will explore whether engineered fungal networks can be developed as controllable bioelectronic interface materials. Current neural-interface technologies remain limited by trade-offs between surgical invasiveness, tissue compatibility, spatial coverage and long-term function. Fungal networks offer a distinctive biological platform: soft, three-dimensional structures that can be grown, modified and tested as part of future bioelectronic interface systems. The appointed candidate will contribute to an ambitious research programme developing candidate fungal biointerfaces and evaluating them against clear safety, control and functional criteria as part of a large multidisciplinary team. You will lead the fungal engineering strand of the programme, developing candidate fungal chassis with properties required for controllable bioelectronic interface materials. This will include fungal strain selection, culture and characterisation; reporter or labelled background strains; genome editing or other molecular approaches; strain validation; and reliable handover of candidate fungal materials to the safety and function work packages. We are particularly interested in candidates with experience in filamentous fungi, fungal genetics, CRISPR/genome editing, molecular microbiology, reporter strain construction, fungal morphology or related synthetic biology approaches. Experience with fungal systems would be valuable, but we welcome candidates with strong transferable expertise in microbial genetics and engineering. The role would suit a highly motivated researcher who can work independently while contributing to a large interdisciplinary programme. You will be expected to develop robust experimental workflows, work closely with colleagues across the biological and bioelectronic strands of the project, and contribute to publications, milestone reporting and future development of the platform.",full_time,Public Health,Public Health Research,Clinical Research,https://www.jobs.ac.uk/job/DSR996/research-associate-in-fungal-molecular-biology-engineering-and-control,2026-08-24,,,,,,,
United Kingdom,GB,+44,Oxford,University of Oxford,hospital,https://www.jobs.ac.uk/images/employer-logos/medium/102.gif,,Senior GMP Programme Manager,"Location: Dorothy Crowfoot Hodgkin Building (DCHB), Sherrington Road, Oxford About the role We are seeking an experienced and highly organised Senior GMP Programme Manager to join our friendly Pre‑Clinical team and play a central role in advancing malaria vaccines and other biological investigational products through our translational pipeline. This is an excellent opportunity for a candidate with scientific skills and experience in regulated environments to lead the operational delivery of our GMP programme. Working at the interface of laboratory science, outsourced GMP manufacture, and clinical trial delivery, you will ensure that our products move smoothly and compliantly from early development through to clinical use. You will oversee day-to-day programme activities, coordinating external CMO activities, analytical laboratories to support the delivery of high-quality materials for clinical trials. The role will include management of GMP development and manufacturing activities, oversight of stability programmes, coordination of batch release activities, review of quality and technical documentation, and support for the management of product-related quality matters arising during the conduct of clinical trials. You will work closely with senior scientists, clinical project managers, external manufacturing partners and consultants to deliver high‑quality materials for clinical trials. This is a role requiring technical and scientific experience, excellent organisational skills and the ability to work effectively across multiple stakeholders. You will be working in a growing department within the Medical Sciences Division. The Department of Paediatrics is a world leader in child health research and hosts internationally renowned research programmes in drug development, gastroenterology, haematology, HIV, immunology, neuroimaging, neuromuscular diseases and vaccinology. Please visit the Draper Lab website to find out more about the group. The University of Oxford is committed to equality and valuing diversity. All applicants will be judged on merit, according to the selection criteria. This position is offered full-time on a fixed-term contract initially 24 months with the possibility to extend provided further external funding is available. Part-time applications may be considered (with a minimum of 30 weekly hours). About the department The Department of Paediatrics has been honoured with the Athena Swan Gold award, a national gender equality charter, recognising the Department's innovative policies and practices. We are committed to the professional development of our staff by providing up to ten paid days annually for skill enhancement and allowing applications for additional training funding. Please visit our website to find out more about the Department. About you You will have a scientific degree in a relevant subject area with significant experience delivering scientific or technical projects in a regulated GMP/GxP environment. You will have a strong working knowledge of GMP for IMPs, confidence with managing external relationships and of delivering projects on time and within budget. You will be highly organised, have good interpersonal skills and be able to interact productively and collaboratively with other team members. Good communication skills and the ability to work as part of a team are essential. Application process You will be required to upload a CV and Supporting Statement as part of your online application. The Supporting Statement should include a cover letter and should also clearly describe how you meet each of the selection criteria listed in the job description. Only online applications received before 12.00 midday on Friday 18th September 2026 will be considered. Interviews will be held as soon as possible thereafter. £49,119 to £58,265 with a discretionary range to £63,489 per annum (pro rata)",full_time,Public Health,Public Health Program Management,Clinical Research,https://www.jobs.ac.uk/job/DSS091/senior-gmp-programme-manager,2026-08-24,,,,,,,
United Kingdom,GB,+44,Guildford,University of Surrey,hospital,https://www.jobs.ac.uk/images/employer-logos/medium/120.gif,,Project & Data Manager (0.6 FTE),"The University of Surrey is a global community of ideas and people, dedicated to life-changing education and research. We are ambitious and have a bold vision of what we want to achieve - shaping ourselves into one of the best universities in the world, which we are achieving through the talents and endeavour of every employee. Our culture empowers people to achieve this aim and to collectively, and individually, make a real difference. The Surrey Sleep Research Centre (SSRC) is dedicated to multidisciplinary research on the function and regulation of sleep and circadian rhythms. Its sleep recording facilities and equipment are state of the art enabling longitudinal and intensive physiological monitoring of participants under carefully controlled conditions. The SSRC is home to a forward-thinking team of physiologists, molecular biologists, neuroscientists, psychologists, and engineers who passionately address several of the most important questions in sleep and neuroscience research. The role You are a dedicated and agile person willing and able to take responsibility for the project management (planning, preparation, and reporting) of multiple concurrent human research projects being conducted in the Surrey Sleep Research Centre. These projects will be conducted in both healthy volunteers and patient groups living with chronic conditions. You will ensure that these projects are delivered to high quality, safely, within timelines and budget, and in accordance with relevant standards and regulations.. In addition, you will take responsibility for the accurate and efficient management of a range of data types collected during the lifecycle of these research projects. About you You will have a degree in Life Sciences or equivalent vocational qualifications plus a number of years' practical experience in a similar or related role(s) or significant vocational experience, demonstrating development through the acquisition of appropriate professional or specialist knowledge. How to apply For more information and informal discussions, please contact Professor Vikki Revell ( v.revell@surrey.ac.uk ) Please apply on the University website with your CV and cover letter detailing why you are interested in this job also answering the criteria questions. Further details For more information and to apply online, please download the further details and click on the 'apply online' button above. In return we offer a generous pension, relocation assistance where appropriate , flexible working options including job share and blended home/campus working locations (dependent on work duties), access to world-class leisure facilities on campus, a range of travel schemes and supportive family friendly benefits including an excellent on-site nursery. Click here to find out more about the benefits we offer to support you. The University of Surrey is committed to providing an inclusive environment that offers equal opportunities for all. We place great value on diversity and are seeking to increase the diversity within our community. Therefore we particularly encourage applications from under-represented groups, such as people from Black, Asian and minority ethnic groups and people with disabilities. £22,616 to £27,629 pro rata",part_time,Non Clinical,Clinical Data Management,Clinical Data Management,https://www.jobs.ac.uk/job/DSS086/project-and-data-manager-06-fte,2026-08-24,,,Life Sciences,,,,
United Kingdom,GB,+44,Sheffield,University of Sheffield,hospital,https://www.jobs.ac.uk/images/employer-logos/medium/111.gif,,Research Assistant / Research Associate in Systematic Reviewing,"An exciting opportunity has arisen for a Research Assistant (Grade 6) or Research Associate (Grade 7) in Systematic Reviewing to join our Evidence Synthesis Centres within the School of Medicine and Population Health. You will deliver high-quality systematic reviews, rapid reviews, mapping reviews and health technology assessment critiques. Your work will inform policy decisions made by the National Institute for Health and Care Excellence (NICE), the UK National Screening Committee (UK NSC) and other organisations. As a motivated self-starter, you will also have the opportunity to develop (or collaborate on) funding proposals and the development of systematic review methodologies. You will be responsible for the dissemination of findings in peer-reviewed journals and at conferences, and may undertake postgraduate teaching and student supervision. You will have a PhD (for the Grade 7 Research Associate role) or postgraduate qualification (for the Grade 6 Research Assistant role) in a related discipline, or equivalent relevant experience in systematic reviewing. Expertise in conducting reviews of diagnostic tests and screening programmes will be an advantage. You will possess strong numerical skills, a high level of attention to detail and excellent scientific writing ability. You should also have a good working knowledge of appropriate software such as systematic review packages, AI packages, Microsoft Office and reference management software. We build teams of people from different heritages and lifestyles from across the world, whose talent and contributions complement each other to greatest effect. We believe diversity in all its forms delivers greater impact through research, teaching and student experience.",hybrid,Public Health,Public Health Research,Clinical Research,https://www.jobs.ac.uk/job/DSR997/research-assistant-research-associate-in-systematic-reviewing,2026-08-24,,,PhD,,,,
United Kingdom,GB,+44,London,Imperial College London,hospital,https://www.jobs.ac.uk/images/employer-logos/medium/6.gif,,Clinical Trial Manager,"About the role: This post will be based within the Department of Surgery and Cancer with the Imperial Vascular Unit at St Mary’s Hospital and at the Imperial Clinical Trials Unit (ICTU) based in White City. The opportunity has arisen to work with the Imperial Vascular Unit to deliver a long-term study to perform a multicentre randomised controlled trial in patients with uncomplicated type B aortic dissection, to answer the question whether thoracic endovascular aortic repair (TEVAR) in the subacute phase in addition to best medical therapy is beneficial compared to standard treatment. What you would be doing: The post holder will be responsible for all aspects of trial management, including close liaison with the Chief Investigator and Principal Investigators at other centres, management of the associated study and implementing and adapting established ICTU systems to ensure the trial is developed and conducted to the highest scientific and regulatory standards. What we are looking for: A bachelor's degree or equivalent in biomedical/scientific field or related field and proven clinical trial/project management and monitoring experience gained in multi-centre, randomised trials are essential. The post holder will need to show strong leadership and motivational skills as well as effective communication, organisational and time management skills. What we can offer you: The opportunity to continue your career at a world-leading institution and be part of our mission to use science for humanity. Benefit from a sector-leading salary and remuneration package (including 43 days’ annual leave and generous pension schemes). Access to a range of workplace benefits including a flexible working policy from day one, generous family leave packages, on-site leisure facilities and cycle-to-work scheme. Interest-free season ticket loan schemes for travel. Be part of a diverse, inclusive and collaborative work culture with various staff networks and resources to support your personal and professional wellbeing . Further information: This full-time post is available from September 2026 and is offered for 1 year in the first instance. Travel is expected between the Imperial College campuses and research sites as detailed in the job description. If you require any further details about the role, please contact: t.sasikaran@imperial.ac.uk (Operations Manager, ICTU) or colin.bicknell@imperial.ac.uk (Chief Investigator and Head of Specialty, Imperial Vascular Unit)",hybrid,Non Clinical,Clinical Research,Clinical Research,https://www.jobs.ac.uk/job/DSS020/clinical-trial-manager,2026-08-24,,,Bachelor's degree,,,,
United Kingdom,GB,+44,Colchester,University of Essex,hospital,https://www.jobs.ac.uk/images/employer-logos/medium/68.gif,,Senior Research Associate,"THE PROJECT The University of Essex in partnership with Colchester Borough Homes offers an exciting opportunity to a graduate with the relevant skills and knowledge to develop a proactive approach to supporting individuals, and particularly children and families experiencing housing insecurity, by identifying and supporting children and households at risk, before homelessness or temporary accommodation disrupts their education, wellbeing and development. This project is funded by Innovate UK. DUTIES OF THE POST The duties of the post will include: Lead the development of a data-driven framework to identify children, families and households at risk of housing insecurity and homelessness, from data preparation through to testing and evaluation. Manage, link and analyse housing, local authority and related datasets, ensuring data quality and maintaining clear, reproducible analytical workflows. Carry out statistical and machine learning analyses to identify factors, patterns and trends associated with housing insecurity, family vulnerability and homelessness risk. Develop and evaluate risk prediction and decision-support tools that help services identify vulnerable households earlier and support timely intervention. Work closely with Colchester Borough Homes and other stakeholders to understand service needs, interpret findings, and ensure project outputs are practical and relevant to operational decision-making. Lead the pilot implementation and evaluation of project outputs, including the analysis of outcomes, collection of stakeholder feedback, and assessment of their usefulness in practice. Prepare reports, presentations, academic publications and future funding applications, and contribute to the wider dissemination of project findings. Contribute to the overall management and delivery of the project, ensuring compliance with ethical, data protection and information governance requirements. These duties are a guide to the work that the post holder will initially be required to undertake. They may be changed from time to time to meet changing circumstances. KEY REQUIREMENTS A Master's degree in Data Science, Computer Science, Artificial Intelligence, Statistics, Applied Mathematics, Operational Research, or a closely related discipline. Demonstrable experience of conducting independent research and delivering research outputs. Strong programming skills in Python for data analysis and machine learning. Experience working with complex real-world datasets, including data cleaning, preprocessing, feature engineering, and data quality assurance. Strong knowledge of statistical analysis and exploratory data analysis. Experience applying machine learning methods, including both supervised and unsupervised approaches. Experience evaluating predictive models using appropriate validation and performance metrics. Experience producing reproducible analytical workflows and well-documented code. Ability to communicate complex technical findings clearly to both technical and non-technical audiences. Ability to work effectively with external stakeholders and contribute to collaborative projects. Understanding of data protection, research ethics, and responsible handling of sensitive personal data. Excellent written and verbal communication skills. Please use the 'Apply' button to read further information about this role including the full job description and person specification which outlines the full duties, skills, qualifications and experience needed for this role. You will also find details of how to make your application here. Our website http://www.essex.ac.uk contains more information about the University of Essex. If you have a disability and would like information in a different format, please email resourcing@essex.ac.uk . £38,784 per annum",hybrid,Public Health,Public Health Research,Clinical Research,https://www.jobs.ac.uk/job/DSS200/senior-research-associate,2026-08-24,,,Master's degree,,,,
United Kingdom,GB,+44,London,Queen Mary University of London,hospital,https://www.jobs.ac.uk/images/employer-logos/medium/20.gif,,Postdoctoral Research Associate,"About the Role We are seeking an enthusiastic and highly motivated Postdoctoral Research Associate to join a BBSRC-funded research programme investigating how immune and metabolic pathways interact to shape infection outcomes. Using the genetically tractable model organism Drosophila melanogaster, this project will determine how infection-induced triglyceride mobilisation influences survival and why males and females respond differently to bacterial infection. The successful candidate will play a leading role in the imaging and data analysis components of the project. They will develop and apply high-resolution confocal microscopy, quantitative image analysis and computational approaches to investigate host metabolic responses during infection. The role also involves analysing and integrating large-scale biological datasets to generate a systems-level understanding of infection biology. About You Candidates should hold a PhD (or be close to completion) in microbiology, molecular biology, cell biology, infection biology, bioinformatics or another relevant biological discipline. You should have experience of confocal microscopy and fluorescence imaging, together with expertise in quantitative image analysis. Experience analysing large biological datasets, including RNA sequencing, metabolomics, proteomics or whole-genome sequencing data, is essential, along with strong quantitative and computational skills. Experience using R, Python or other statistical programming languages to analyse biological data would be advantageous. You should be able to work independently, demonstrate excellent organisational and communication skills, and have a track record of disseminating research through scientific publications and presentations. Experience working with Drosophila , infection biology or metabolism is desirable but not essential. About the School/Department/Institute/Project A strong multi-disciplinary focus on teaching and research. The school has well-established links with industry, offering students a stimulating and supportive learning experience. In addition, the school is committed to fostering an inclusive culture where diverse perspectives are heard and respected, as recognised by a departmental-level Silver Athena SWAN Award. About Queen Mary At Queen Mary University of London, we believe that a diversity of ideas helps us achieve the previously unthinkable. Throughout our history, we’ve fostered social justice and improved lives through academic excellence. And we continue to live and breathe this spirit today, not because it’s simply ‘the right thing to do’ but for what it helps us achieve and the intellectual brilliance it delivers. We continue to embrace diversity of thought and opinion in everything we do, in the belief that when views collide, disciplines interact, and perspectives intersect, truly original thought takes form. Benefits We offer competitive salaries, access to a generous pension scheme, 30 days’ leave per annum (pro-rata for part-time/fixed-term), a season ticket loan scheme and access to a comprehensive range of personal and professional development opportunities. In addition, we offer a range of work life balance and family friendly, inclusive employment policies, flexible working arrangements, and campus facilities. Queen Mary’s commitment to our diverse and inclusive community is embedded in our appointments processes. Reasonable adjustments will be made at each stage of the recruitment process for any candidate with a disability. We are open to considering applications from candidates wishing to work flexibly. £38,419 to £46,618 per annum",full_time,Public Health,Public Health Research,Clinical Research,https://www.jobs.ac.uk/job/DSS196/postdoctoral-research-associate,2026-08-24,,,PhD,,,,
United Kingdom,GB,+44,Edinburgh,The University of Edinburgh,hospital,https://www.jobs.ac.uk/images/employer-logos/medium/67.gif,,Postdoctoral Research Associate,"Full time: 35 hours/week Fixed-term: 36 months The opportunity: Solutions of long and flexible polymer molecules do not flow like water. Even when flowing slowly, these fluids exhibit hydrodynamic instabilities and a new type of turbulence, so-called elastic turbulence (ET). When flowing faster, polymer solutions exhibit a new state – elasto-inertial turbulence (EIT) – seen in subcritical wall-bounded (pipe) flows. Considerable progress has been made in probing ET and EIT flows in state-of-the-art viscoelastic models, but questions remain as to how these models actually connect to experimental observations. At the heart of this is the continuing suspicion about the fidelity of theoretical models to describe experiments. An opportunity thus exists to develop new methods for the investigation of viscoelastic fluid flows that rely on integrating experimental, theoretical, and machine-learning methods that can lead to quantitative agreement between experimental observations and models. This postdoc forms parts of an integrated research program in which experiments and simulations will be designed to access extensive time and space information in order to perform experiment/simulation comparison. We will use statistical methods to identify similarities and discrepancies between experiments and simulations, as well as machine learning tools. The project itself falls into three separate “aims”, and the post holder will work on all three: Aim 1 will focus on 2D flows and simulations to obtain the best possible agreement (statistics, flow structures, etc) between experiments and simulations. ML methods will be developed and applied to identify and optimize simulation parameters. An important part of this aim is to estimate the polymer stresses in the experimental flows using data-driven methods. Aim 2 will explore the uniqueness of the elastic turbulence flow state in flows with streamline curvature and in parallel shear flows, in both 2D and 3D flows. Aim 3 will relax the low inertia condition and explore the relationship between ET and EIT in 2D flows. There will be extensive opportunities for travel to visit our experimental collaborators at the University of Pennsylvania, as well as collaborators in DAMTP, University of Cambridge and the University of Vermont. This post is full-time (35 hours per week). £41,064 to £48,822 per annum (Grade 7)",hybrid,Public Health,Public Health Research,Clinical Research,https://www.jobs.ac.uk/job/DSR725/postdoctoral-research-associate,2026-08-21,,,,,,,
United Kingdom,GB,+44,Nottingham,University of Nottingham,hospital,https://www.jobs.ac.uk/images/employer-logos/medium/99.gif,,Research Associate/ Fellow (Fixed Term),"Location: University Park The School of Geography at the University of Nottingham is committed to being a globally leading centre for the creation, dissemination, and application of geographical knowledge and understanding. As part of this commitment, the School invites applications for a fixed-term Post-Doctoral Research Associate to join the UKRI Future Leaders Fellowship project ‘Constructing Climate Coloniality: Histories, Knowledges and Materialities of Climate Adaptation in Southern Africa’. The School promotes and maintains a supportive environment to help all colleagues achieve their full potential. We positively encourage applications from underrepresented groups, for example women and people from Black, Asian, and minority ethnic backgrounds. We are also supportive of requests for flexible working and to those with caring responsibilities. The purpose of this role will be to support Dr Matthew Hannaford on the UKRI Future Leaders Fellowship project ‘Constructing Climate Coloniality: Histories, Knowledges and Materialities of Climate Adaptation in Southern Africa.’ The fellowship is an ambitious and transdisciplinary project about the emergence, evolution and ongoing forms of climate coloniality in southern Africa, specifically western Zimbabwe, southern Mozambique and southern Malawi. It aims to build new, usable pasts of climate extremes, colonial marginalisation and local agency by drawing upon diverse archival collections and oral history. Through co-production with project partners and local stakeholders, a further key goal is to determine ways to integrate these histories into foresight planning to drive equitable and sustainable climate change adaptation. The appointee will develop, conduct and publish work on the (trans)formation of knowledges and practices relating to climate in southern Malawi and/or wider southeast Africa during the 19th and 20th centuries. They will also shape and contribute to the project database, co-production workshops and dissemination in the project areas. The position offers an exceptional opportunity for an individual aiming to lead interdisciplinary, high-impact research through collaboration with leading researchers in the field. The successful candidate will be expected to meet regularly with other project members and will be required to travel in the UK and internationally for data collection, co-production and dissemination activities. The candidate will have a PhD in History, Geography, or a related area. Experience of archival and/or oral history research is essential, as is a research profile in African history and/or environmental/climate history. Experience of organising workshops, co-production, or developing creative outputs (e.g. exhibitions, digital history) is also key. The candidate should have a good track record of publishing in the field. An aptitude for interdisciplinary team working and excellent written and spoken communication skills are essential. This full time, fixed term post is available for a duration of 22 months. Informal enquiries may be addressed to Matthew Hannaford, Future Leaders Fellow, email matthew.hannaford@nottingham.ac.uk . Please note that applications sent directly to this email address will not be accepted. £32,080 to £47,389 per annum, depending on skills and experience (minimum £35608 with relevant PhD). Salary progression beyond this scale is subject to performance.",full_time,Public Health,Public Health Research,Clinical Research,https://www.jobs.ac.uk/job/DSR687/research-associate-fellow-fixed-term,2026-08-21,,,PhD,,,,
United Kingdom,GB,+44,Nottingham,University of Nottingham,hospital,https://www.jobs.ac.uk/images/employer-logos/medium/99.gif,,"Research Associate/Fellow (Fixed Term, Part Time)","Location: UK Other Applications are invited for the above post based at School of Medicine, Academic Unit - Injury, Recovery and Inflammation Sciences. About the role The purpose of this role will be to have specific responsibility for research, for developing research objectives and proposals for a research project, Falls in Stroke Survivors, in the Centre for Rehabilitation and Ageing Research. You will be expected to plan and conduct work using approaches or methodologies and techniques appropriate to the type of research and will be responsible for writing up your work for publication. About the team You will join an established team, led by Professor Pip Logan and Dr Vicky Booth, whose main areas of research interest include falls, stroke, and rehabilitation. The Falls in Stroke Survivors study is a multisite randomised controlled trial funded by the NIHR that started in September 2024. The initial phase of the study adapted an existing, effective falls intervention, Action Falls, to a stroke population using coproduction with patient representatives and other stakeholders. Your role will support the next phase of this exciting study, working with the wider research team to support the delivery of the Stroke Action Falls trial by training and supporting the clinicians working on the trial, collect, collate and analyse the therapy records and work alongside the trials team to support any intervention-related tasks for the study. About you You will have a PhD or equivalent in a relevant subject area, or be about to complete your PhD and be able to manage, plan and conduct research as part of the team. You will have had experience of the research methodologies and techniques we are using within the trial (e.g., intervention fidelity assessments) as well as experience delivering training and support as part of a research study. What we offer: At the University of Nottingham, we are committed to providing competitive employment packages whilst supporting the well-being of our staff to help them reach their full potential. As a University employee, you will have access to a range of benefits and rewards, including: A friendly, diverse, and supportive working environment A hybrid working arrangement with the blended approach of home and office working each week Generous holiday entitlement of 30 days (or pro rata) plus standard bank holidays and five university closure days including closure between Christmas and New Year. Our reward scheme grants bonuses of numerous values for excellent work We are committed to staff development through the provision of training, continued support, and career progression opportunities You will have access to a range of benefits and rewards, including fitness and health facilities, staff discounts, travel schemes and many more. To find out more about what we can offer you, follow the link to our benefits website What next: Further information is available in the role profile and selection criteria. To apply for this vacancy please click ‘Apply Now’ to complete your details. The post is offered on a part-time basis fixed-term contract until 29 th February 2028. We may consider job share arrangements. Informal enquiries may be addressed to Vicky Booth: vicky.booth@nottingham.ac.uk. Please note that applications sent directly to this address will not be accepted. www.nottingham.ac.uk/hr/guidesandsupport/absenceandannualleave/annualleave/annualleaveentitlementbyjobfamilystaffgroup.aspx £32,080 to £47,389 per annum, pro rata depending on skills and experience (minimum £35,608 with relevant PhD). Salary progression beyond this scale is subject to performance.",part_time,Public Health,Public Health Research,Clinical Research,https://www.jobs.ac.uk/job/DSR683/research-associate-fellow-fixed-term-part-time,2026-08-21,,,PhD,,,,
United Kingdom,GB,+44,Bath,University of Bath,hospital,https://www.jobs.ac.uk/images/employer-logos/medium/44.gif,,Artificial Intelligence Research Associate,"The Department of Computer Science at the University of Bath welcomes applications for an Artificial Intelligence Research Associate to work with Professor Özgür Şimşek and the Centre for Artificial Intelligence . This is currently a fixed-term position for 48 months, to start on 1 October 2026 or as soon as possible thereafter. About the role The postholder will support the EPSRC Prosperity Partnership on Injectable Medicines, which explores the problem of sequential decision making applicable to optimising the high-volume, high-variation manufacturing of injectable medicines. The emphasis is on approaches that could eventually be deployed into real scenarios to improve industrial processes. Relevant areas of research include reinforcement learning and probabilistic machine learning. Candidates will be expected to design and develop novel approaches in these areas that are robust and applicable to real industrial scenarios. There is a strong expectation you will actively contribute to the strong profile of machine learning work at Bath and its interdisciplinary ethos through participation in the development and publication of research results in major international conferences and journals. The postholder will have the opportunity to work with Centre for AI scholars and academics, contributing to developing new funding bids, as well as support existing funded projects, and to gain experience in one or more areas of AI. Our capabilities are also of significant interest to industry, and you will be able to help deepen existing partnerships and develop new ones. About the Centre for Artificial Intelligence The Centre for AI at the University of Bath provides a new home for this exciting field of research, focusing primarily, but not exclusively, on machine learning, the field that is driving the major developments in AI today. The Centre aims to lead, enable, connect, prepare, nurture, and showcase the fundamental research in AI, innovative applications and commercial activities that represents the distinctive internationally leading identity for Bath AI. Centre for AI members conduct basic research in AI and the Centre fosters interdisciplinary collaborations, e.g. Chemistry (drug discovery, material synthesis, chemical reaction prediction), Life Sciences (analyses of biological systems), Maths (theory of machine learning), and Physics (simulating complex physical systems, analysing vast data from astrophysics, particle physics, oceans) Further information This is initially a 2-year fixed term role, with the potential to extend, depending on the success of funding applications. The long-term aim is to build a group of AI Research Associates with different areas of expertise, skills, and capabilities, working closely with Centre for AI academics and driving our research forward. The role is full-time (36.5 hours per week) role, but we welcome applications from candidates looking for less than full-time hours. Please state your preferred working pattern in your application. For an informal discussion regarding the role please contact Özgür Şimşek at os435@bath.ac.uk. As a member of Research Staff at the University of Bath, you will be entitled to a minimum of 10 days professional development (pro rata) each year and will have considerable freedom to shape your own scientific programme within the strategic aims of the Centre. The Centre and the University actively support postdoctoral researchers in developing independent research directions and fellowship applications. Recent AIRAs have progressed to interesting, competitive long-term positions at Bath or elsewhere and continue to work with us in different capacities as part of our network. £38,784 to £46,049. Grade 7",full_time,Public Health,Public Health Research,Clinical Research,https://www.jobs.ac.uk/job/DSR673/artificial-intelligence-research-associate,2026-08-21,,,Life Sciences,,,,
United Kingdom,GB,+44,York,University of York,hospital,https://www.jobs.ac.uk/images/employer-logos/medium/137.gif,,Research Associate,"Department The School of Physics, Engineering and Technology brings physicists and engineers together to push the frontiers of knowledge, foster innovation and meet the grand challenges facing society. Our aim is to deliver world-leading research in both fundamental and applied areas whilst developing new technologies that work for the public good, in an environment where everyone can thrive. As a School, equality, diversity, and inclusion are central to our culture and we strive to provide a working environment which allows all staff and students to contribute fully, to flourish, and to excel. We aim to ensure that there is a supportive and egalitarian culture at all levels and across all staff groups and offer a range of family friendly, inclusive employment policies, flexible working arrangements, staff engagement forums, campus facilities and services to support staff from different backgrounds. We are proud to hold Juno Champion and Athena Swan silver awards, which recognise our commitment to creating an equitable and fully inclusive environment in which staff and students can thrive. We aim to inspire young people to engage with science and engineering through our outreach work. The PDRA will work in the Robot-assisted Living Lab in close collaboration with Fairlamb Group in the Chemistry department. The wider team includes PhD students from ALBERT CDT (Autonomous Robotic Systems for Laboratory Experiments). Role The PDRA will work in the intersection of AI/Robotics and Chemistry for our Human – AI Teaming for Chemistry (HATCH) project funded by AIChemy Frointer Fund. The ultimate goal of HATCH is to enable Physical AI (robot manipulators, automated handling units) working with human chemists collaboratively, conducting frontier synthetic chemistry experiments. Skills, Experience & Qualification needed You will have: PhD (or close to completion) in Robotics, Computer Science, or a closely related field. A strong track record of high-quality research publications in top-tier journals or conferences relevant to robotics (e.g., ICRA/IROS, RSS, CoRL, RAL, TRO, IJRR or other similar venues). Robot Manipulation: Hands-on experience programming and controlling robot manipulators (e.g., UR, Franka Emika) and end-effectors for precise tasks. Software Proficiency: Strong proficiency in ROS/ROS2 (Robot Operating System) and hardware-software communication protocols. Programming: Advanced programming skills in Python and standard ML libraries Human-AI Collaboration: Understanding of Human-Robot Interaction (HRI), shared autonomy, or collaborative decision-making frameworks. Desirable to have: Experience working with Large Language Models (LLMs) or Vision-Language-Action (VLA) models, particularly in grounding text/code generation into physical robot actions. Strong willingness and enthusiasm to learn synthetic chemistry workflows, laboratory safety protocols, and chemical domain knowledge. Prior experience collaborating with scientists outside of core computer science/engineering (e.g., chemists, biologists, physicists) is highly valued. Interview date: To be confirmed For informal enquiries: please contact Dr Jihong Zhu ( Jihong.zhu@york.ac.uk ) and pet-admin@york.ac.uk The University strives to be diverse and inclusive – a place where we can ALL be ourselves. We particularly encourage applications from people who identify as Black, Asian or from a Minority Ethnic background, who are underrepresented at the University. We offer family friendly, flexible working arrangements, with forums and inclusive facilities to support our staff. #EqualityatYork As a Disability Confident employer, we will ensure that a fair and proportionate number of disabled applicants that meet the minimum (essential) criteria for each position will be offered an interview. Read more about the University of York’s commitments under the Disability Confident scheme . £37,694 to £46,049 per year",full_time,Public Health,Public Health Research,Clinical Research,https://www.jobs.ac.uk/job/DSR641/research-associate,2026-08-21,,,PhD,,,,
United Kingdom,GB,+44,Oxford,University of Oxford,hospital,https://www.jobs.ac.uk/images/employer-logos/medium/102.gif,,Senior Research Associate in Control Engineering/Engineering Biology,"Location: Department of Engineering Science, Parks Road, Oxford, OX1 3PJ About the role We are seeking a full-time senior researcher to work with the group of Prof Antonis Papachristodoulou at the Department of Engineering Science in central Oxford. The post is funded by the Engineering and Physical Sciences Research Council (EPSRC) and is fixed-term for up to thirty six months. This position is part of the recently funded EPSRC Programme Grant ""EEBio: Efficient engineering and control of predictable and reliable biotechnologies"", a collaboration between the universities of Oxford, Bristol, and Imperial College as well as several industry and academic partners. The research project will develop new technologies underpinning Synthetic/Engineering Biology, with the goal of transforming the field to add reliability, robustness, and predictability throughout the biological design process. About you For this post, candidates with experience in the intersection of Control Engineering, mathematical modelling and Engineering Biology are being sought. The successful candidate will work in collaboration with our interdisciplinary team that includes experts in synthetic biology, mathematics, robotics, control, AI, and biotechnology more broadly, and also interface with EEBio team members at Imperial College and the University of Bristol. You should hold a PhD/DPhil together with relevant experience at the intersection of control engineering, mathematical biology and Engineering/Synthetic Biology, and strong computational skills. You should have excellent written and oral communication skills and a strong ability to work as part of an interdisciplinary team. How to apply Applications for this vacancy are to be made online via our e-recruitment system and should include the covering letter/supporting statement (describing how you meet the criteria), a CV, and names of two academic references. The position is a full-time post, fixed term for 36 months. The closing date for applications is 12.00 noon on Friday 18 September 2026. Informal enquiries may be addressed to Professor Antonis Papachristodoulou: antonis@eng.ox.ac.uk Further information can be found at https://eng.ox.ac.uk/jobs Applications are particularly welcome from women and black and minority ethnic candidates who are under-represented in academic posts in Oxford. The Department is committed to equality and valuing diversity and holds an Athena Swan Bronze award, highlighting its commitment to promoting gender equality in academia. The University is a Living Wage Employer, holds an Athena Swan Silver Award, an HR Excellence in Research and a Race Equality Charter Bronze Award and is a Stonewall Diversity Champion. Our staff and students come from all over the world, and we seek to create a friendly and inclusive culture. Diversity is positively encouraged, through our EDI Committee, working groups and networks, for example eng.ox.ac.uk/women-in-engineering , as well as a number of family friendly policies . £49,119 to £58,265 per annum",full_time,Public Health,Public Health Research,Clinical Research,https://www.jobs.ac.uk/job/DSR638/senior-research-associate-in-control-engineering-engineering-biology,2026-08-21,,,PhD,,,,
United Kingdom,GB,+44,London,Imperial College London,hospital,https://www.jobs.ac.uk/images/employer-logos/medium/6.gif,,"Clinical Research Nurse, Chiu Group","Location : Hammersmith Campus, St Mary’s Campus, Charing Cross Campus & Chelsea and Westminster Hospital About the role : Are you a registered nurse with a passion for clinical research and improving global health? We are seeking a Clinical Research Nurse to join Professor Chris Chiu's internationally recognised Respiratory Virus Immunity Group, supporting pioneering studies that aim to improve our understanding of respiratory viral infections and accelerate the development of new vaccines and treatments. In this exciting patient-facing role, you will recruit and support study participants, deliver clinical research procedures, and contribute to world-leading human infection challenge studies investigating viruses such as influenza, RSV and SARS-CoV-2. What you would be doing : You will: Recruit, screen and enrol volunteers into clinical research studies. Support participants throughout their study journey, providing clear information, guidance and reassurance. Undertake clinical research procedures including phlebotomy, microbiological sampling and support for specialist procedures. Monitor participants during outpatient visits and inpatient study periods, escalating concerns appropriately. Record and manage clinical and research data in accordance with Good Clinical Practice (GCP), GDPR and research governance requirements. Work closely with research nurses, clinicians, laboratory scientists and project managers to ensure smooth and efficient study delivery. Contribute to the development of study processes, participant pathways and recruitment strategies. Help deliver internationally recognised human challenge studies that inform the development of future vaccines and treatments. What we are looking for : . You should have: Current NMC registration with at least two years' post-registration experience as an Adult Nurse in a relevant clinical specialty. Previous clinical research experience. Strong phlebotomy skills and confidence collecting clinical samples. A solid understanding of Good Clinical Practice (GCP), research governance and patient confidentiality. Excellent communication, organisational and interpersonal skills. A patient-centred approach and commitment to delivering an excellent participant experience. Strong attention to detail and the ability to manage competing priorities. The ability to work independently while contributing positively to a multidisciplinary team. Enthusiasm for learning new skills and contributing to cutting-edge clinical research. Flexibility to support occasional weekend study visits during inpatient study periods. What we can offer you : The opportunity to work alongside Professor Chris Chiu and a leading multidisciplinary team undertaking globally recognised respiratory virus research. Exposure to unique human infection challenge studies and experimental medicine research. Comprehensive support and mentorship from experienced Band 7 and senior research nurses. Excellent opportunities to develop specialist clinical research skills and advance your career. Access to Imperial's extensive learning, development and wellbeing resources. Sector-leading salary and remuneration package, including generous annual leave and pension benefits. A welcoming, supportive and collaborative team environment dedicated to improving global health through research. Grow in your career with tailored training programmes for clinical staff including dedicated support with navigating your career and managing research as well as a transparent promotion process. Further Information This is a full-time post (37 hours per week) and a fixed-term contract to 30 June 2028. You will usually work Monday to Friday, 09:00-17:00, with some flexibility and occasional pre-agreed Work-From-Home days. During inpatient phases of studies, some pre-planned weekend working will be required as part of a rota system. If you require any further details about the role, please contact: Lydia Slater: Lydia.taylor@imperial.ac.uk £39,959 to £48,117 per annum",full_time,Non Clinical,Clinical Research,Clinical Research,https://www.jobs.ac.uk/job/DSR629/clinical-research-nurse-chiu-group,2026-08-21,,,RN,,,,
United Kingdom,GB,+44,Leicester,University of Leicester,hospital,https://www.jobs.ac.uk/images/employer-logos/medium/85.gif,,Research Associate,"About the role We are seeking a highly motivated Research Associate to join the University of Leicester’s Department of Microbiology and Infection (MI) on a full-time fixed-term contract until 30th June 2028. The post is funded by the LEO Foundation and will focus on investigating bacteriophage-encoded endolysins, particularly those found in Staphylococcus phages that encode two distinct endolysins. You will lead and contribute to cutting-edge research exploring the structural and functional relationships between these enzymes, helping to advance our understanding of bacteriophage biology and the development of novel antimicrobial approaches. Working both independently and collaboratively, you will design and undertake molecular, microbiological and biochemical experiments, including protein expression, purification and functional characterisation. You will analyse and interpret data, contribute to publications and conference presentations, develop collaborations within the University and beyond, and support the mentorship of students and junior researchers. As part of our research community, you will contribute to a culture of open, inclusive and impactful research that transforms lives through discovery and innovation. About you You will hold a PhD in microbiology or a closely related discipline, or possess equivalent experience, together with substantial expertise in microbiology, molecular microbiology or biochemistry. You will have experience of recombinant protein expression and purification, molecular cloning, enzyme characterisation and the investigation of bacterial systems, ideally including Staphylococcus aureus, bacteriophages and antimicrobial proteins. You will be confident in designing and delivering high-quality research, adapting methodologies where required and contributing to the development of new research opportunities. You will be an excellent communicator with the ability to work effectively with internal and external collaborators, contribute positively to a team environment and support the development of students and colleagues. We welcome applicants who share the University’s commitment to being inclusive, inspiring and impactful, and who value academic freedom, open debate and diverse perspectives. Additional information For informal enquiries, please contact Dr Edouard Galyov on eg98@leicester.ac.uk . As part of the University’s ongoing commitment to professional development, this role will also be considered on a seconded basis for existing staff members. Please ensure this is discussed with your line manager prior to applying. The University of Leicester has been changing the world, and changing people’s lives, for 100 years. When you join us, you’ll become part of a community of Citizens of Change , which includes not only our staff and our current students but also thousands of Leicester graduates around the world. As a diverse and forward-thinking employer, we embed the principles of equity, diversity and inclusion into everything we do. That includes not just our core missions of teaching and research, but also our support for staff, students and our local community through our values of Inspiring, Impactful and Inclusive through our values of Inspiring, Impactful and Inclusive. We’re committed to the wellbeing of all our staff and to the sustainability of our environment, on our campus and beyond. We offer a competitive salary package, excellent pension scheme and a generous annual leave allowance, along with opportunities to develop your career in a supportive and collaborative environment. £39,906 to £46,049 per annum, pro-rata if part-time: Grade 7",full_time,Public Health,Public Health Research,Clinical Research,https://www.jobs.ac.uk/job/DSR617/research-associate,2026-08-21,,,PhD,,,,
United Kingdom,GB,+44,Bristol,University of Bristol,hospital,https://www.jobs.ac.uk/images/employer-logos/medium/49.gif,,Research Associate/Senior Research Associate in Evidence Synthesis,"Salary: Grade I: £39,096 - £44,746; Grade J: £44,746 - £50,253 per annum (pro rata if part-time) The role We have an exciting opportunity for a talented systematic reviewer or quantitative researcher with an interest in evidence synthesis to join the BEAM (Bristol Evidence Synthesis, Appraisal and Modelling) Centre at the University of Bristol. BEAM brings together researchers working on evidence synthesis and modelling research across Bristol Medical School. BEAM is an internationally renowned centre of excellence in evidence synthesis and is the only centre to host all three types of NIHR funded Evidence Synthesis Groups, providing access to a wealth of knowledge and expertise in evidence synthesis across a broad range of topics and clinical areas. The current role will work primarily within the Bristol Evidence Synthesis for Screening (BESS) Group, but with some flexibility to contribute to work of other research groups within BEAM where needed. The BESS Group conducts evidence syntheses to support the work of the UK National Screening Committee (UK SC). You will be part of a multidisciplinary team including systematic reviewers, statisticians, information specialists, and health economists. You will also work closely with clinical experts and public contributors. Posts are available from 1 September 2026 with funding for up to 3 years. Requests for part time hours, as well as flexible and hybrid working patterns will be considered. What will you be doing? Projects will include applied evidence syntheses, from evidence maps and rapid reviews to full systematic reviews and may include methodological work related to evidence synthesis. You will be required to contribute to: The day-to-day review processes and research-related administration of conducting systematic reviews and other evidence syntheses. Developing review protocols, screening studies for inclusion, data collection, risk of bias and GRADE assessments, preparation of datasets, interpretation of data and writing reports. Narrative and quantitative syntheses (e.g. meta-analyses) for a wide range of projects. Peer reviewed publications, grant proposals and conference presentations You should apply if You have strong training in quantitative research, including knowledge of basic concepts in medical statistics You have an enthusiasm to learn more about evidence synthesis and to contribute to the work of the UK National Screening Committee. You have some experience of working on evidence synthesis, although this is not a requirement and training will be available You have excellent critical appraisal skills for a range of study designs You have a relevant PhD (or near completion) in a relevant discipline Additional information Contract type: Open-ended with funding for up to 3 years (start date ideally 01/09/2026) Work pattern: Full-time (part-time will be considered) This advert will close at 23:59 UK time on 10/09/2026 For informal queries please contact: Penny Whiting ( Professor of Clinical Epidemiology) , penny.whiting@bristol.ac.uk; or Hayley Jones ( Professor of Medical Statistics) , hayley.jones@bristol.ac.uk Our strategy and mission We recently launched our strategy to 2030 tying together our mission, vision and values. Available documents Faculty of Health and Life Sciences - October 2024.pdf ACAD108682 - RA or SRA in Evidence Synthesis JD.pdf £39,096 to £50,253. Grade I / J, per annum (pro rata if part-time)",full_time,Non Clinical,HEOR,Clinical Research,https://www.jobs.ac.uk/job/DSR587/research-associate-senior-research-associate-in-evidence-synthesis,2026-08-21,,,"PhD, Life Sciences",,,,
United Kingdom,GB,+44,Glasgow,University of Glasgow,hospital,https://www.jobs.ac.uk/images/employer-logos/medium/72.gif,,Research Associate,"We have an exciting opportunity for a Research Associate to join our team in the School of Psychology & Neuroscience. Our group examines the offline processing of human memory. We integrate a variety of cutting-edge techniques including behavioural analysis, functional imaging, and brain stimulation. Together, these are used to provide a picture of the unique and privileged processing that occurs to memories offline following their formation (including learning enhancement supported by memory system crosstalk). Currently, there is an opening in our group funded by the Air Force Office of Scientific Research (AFOSR: USA). It would suit bright, creative, enthusiastic, aspiring researchers willing to think carefully, creatively, and collaboratively (with the Principal Investigator) about their work in this project on human neuroscience. The position for at least one year with funding available for extension for two years. Any costs associated with working in the UK will be met by the University. Specific details of background, experience and skills can be found below. Applicants must have a PhD in neuroscience, or cognitive science with strong analytical skills combined with substantial experience in brain stimulation (including paired or double pulse; transcranial magnetic stimulation). Ideally, applicants will also have experience using a programming language (MATLAB/Python/R) as a tool for the conduct and analysis of experiments. Experience with either human neuroimaging (MEG or fMRI) would be an advantage. Any applicant will have enthusiasm, a desire to learn, and be focused on the success of the project. The group provides a superb training environment. With many using it as a foundation to secure independent fellowships, and faculty positions (including in Europe and the USA). Informal Enquiries should be directed to Professor Edwin Robertson, Edwin.Robertson@glasgow.ac.uk This post is full-time (35 hours per week) and has funding for up to until 14 November 2028. For more information and to apply please click the 'Apply' button above. Closing date: 4 September 2026 23:45 We believe that we can only reach our full potential through the talents of all. Equality, diversity and inclusion are at the heart of our values. Applications are particularly welcome from across our communities and in particular people from the Black, Asian and Minority Ethnic (BAME) community, and other protected characteristics who are under-represented within the University. Read more on how the University promotes and embeds all aspects of equality and diversity within our community https://www.gla.ac.uk/myglasgow/humanresources/equalitydiversity/ We endorse the principles of Athena Swan https://www.gla.ac.uk/myglasgow/humanresources/equalitydiversity/athenaswan/ and hold bronze, silver and gold awards across the University. We are investing in our organisation, and we will invest in you too. The University of Glasgow, charity number SC004401. £41,064 to £46,049 per annum",full_time,Public Health,Public Health Research,Clinical Research,https://www.jobs.ac.uk/job/DSR585/research-associate,2026-08-21,,,PhD,,,,
United Kingdom,GB,+44,Manchester,Manchester Metropolitan University,hospital,https://www.jobs.ac.uk/images/employer-logos/medium/93.gif,,Monitoring and Evaluation Assistant (Greater Manchester Higher),"Join the Greater Manchester Higher team and help us make a difference to the lives of young people across Greater Manchester. This is an exciting opportunity to join a friendly, supportive and passionate team committed to improving access to higher education for underrepresented groups. As our Monitoring and Evaluation Assistant, you will play a vital role in ensuring the accurate collection, processing and management of data that helps us understand and demonstrate the impact of our work. You will support the monitoring and evaluation function by cleaning, coding and uploading participant data to national databases, maintaining records, responding to enquiries, and working with colleagues to collect activity registers and evaluation information. You will also provide administrative support to the wider team, including supporting outreach activities and events where required. We're looking for someone who is highly organised, enjoys working with data, has excellent attention to detail and can build positive working relationships with colleagues and partners. If you'd like to know more about our partnership, please visit Home - Greater Manchester Higher Application & Assessment Process To apply, submit your CV and supporting statement outlining how best you met the criteria, via our online portal (available on our website, accessed by the 'Apply' button). To help us assess your application fairly and consistently, please ensure your supporting statement is structured under the following four headings, providing specific examples wherever possible, explaining what you did and the impact of your contribution. Data Processing and Information Management (maximum 300 words). Tell us about your experience of working with data, spreadsheets, databases or information systems. Include examples of checking data accuracy, maintaining records, or processing information. Office Administration and Event Support (maximum 300 words). Describe your administrative experience, including managing inboxes, organising records, coordinating activities or supporting events. Customer Service, Communication and Relationship Building (maximum 300 words). Provide examples of responding to enquiries, supporting colleagues or customers, and building effective working relationships. Commitment to Equality of Opportunity and Widening Participation (maximum 150 words). Tell us why equality of opportunity is important to you and how your values align with the aims of Greater Manchester Higher. Please note applications received without a supporting statement will not be considered. Assessment for the role will include a competency-based interview, and interviews will be held on 25 September. Due to the volume of applications, we receive, we sometimes close our vacancies early. It is therefore advisable to apply as early as possible if you would like to be considered for a role. For an informal discussion about the role, please contact Eleanor Wharfe on E.Wharfe@mmu.ac.uk . Further information Manchester Metropolitan University fosters an inclusive culture of belonging that promotes equity and celebrates diversity. We value a diverse workforce for the innovation and diversity of thought it brings and welcome applications from all local and international communities, including Black, Asian, and Minority Ethnic backgrounds, disabled people, and LGBTQ+ individuals. We support a range of flexible working arrangements, including hybrid and tailored schedules, which can be discussed with your line manager. If you require reasonable adjustments during the recruitment process or in your role, please let us know so we can provide appropriate support. Our commitment to inclusivity includes mentoring programmes, accessibility resources, and professional development opportunities to empower and support underrepresented groups. Manchester Met is a Disability Confident Leader and, under this scheme, aims to offer an interview to disabled people who apply for the role and meet the essential criteria as listed in the attached Job Description for that vacancy. This vacancy is expected to attract a high volume of applications. Therefore, under the Disability Confident Scheme, only disabled people who apply under the scheme and best meet the essential criteria will be offered an interview. £26,093 to £27,319. Grade 4.",full_time,Public Health,Monitoring & Evaluation,Public Health,https://www.jobs.ac.uk/job/DSR476/monitoring-and-evaluation-assistant-greater-manchester-higher,2026-08-21,,,,,,,
United Kingdom,GB,+44,Cambridge,University of Cambridge,hospital,https://www.jobs.ac.uk/images/employer-logos/medium/52.gif,,Research Associate in Machine Learning for Materials Simulation (Fixed Term),"Location: West Cambridge Salary £34,610 - £35,608 £37,694 - £46,049 Fixed-term: The funds for this post are available for 6 months in the first instance. We are seeking a postdoctoral researcher to develop and apply machine learning methods to the atomistic simulation of materials, with a particular focus on amorphous and disordered systems, based in the Theory of Condensed Matter group at the Cavendish Laboratory working in the group of Dr Christoph Schran. Machine learning interatomic potentials now make it possible to run molecular dynamics simulations at close to first-principles accuracy on length and time scales far beyond the reach of electronic structure methods. Amorphous materials are among the most demanding applications. Their properties depend on complex, porous structures, which places stringent demands on the models: they must remain reliable across a wide range of conditions, and they must be validated against properties that emerge only from large systems and long trajectories. The role holder will develop and apply machine learning models for amorphous materials, covering the generation of reference data, model training and validation, and large-scale molecular dynamics simulations on national high-performance computing facilities. There is scope to shape the direction of the project and to collaborate with others in the Theory of Condensed Matter group and across the Lennard-Jones Centre. Candidates should hold, or be close to obtaining, a PhD in physics, chemistry, materials science or a related discipline. A strong background in machine learning interatomic potentials, including their development, training and validation, is essential, as are strong scientific programming skills in Python and machine learning frameworks such as PyTorch. Direct experience of simulating amorphous or disordered materials is also required. Experience of generating reference data with density functional theory, of high-performance and GPU computing, or of contributing to open-source scientific software would be an advantage. Appointment at research associate is dependent on having a PhD including those who have submitted but not yet received their PhD (in which case appointment will initially be made at research assistant and amended to research associate when the PhD is awarded). To apply online for this vacancy and to view further information about the role, please click 'Apply' above. Informal enquiries are welcomed and should be directed to: Dr Christoph Schran ( cs2121@cam.ac.uk ). If you have any questions about the application process, please contact hr@phy.cam.ac.uk . Please quote reference KA50805 on your application and in any correspondence about this vacancy. The University actively supports equality, diversity and inclusion and encourages applications from all sections of society. The University has a responsibility to ensure that all employees are eligible to live and work in the UK. £34,610 to £46,049. Grade 5 and Grade 7",full_time,Public Health,Public Health Research,Clinical Research,https://www.jobs.ac.uk/job/DSR540/research-associate-in-machine-learning-for-materials-simulation-fixed-term,2026-08-21,,,PhD,,,,
United Kingdom,GB,+44,Edinburgh,The University of Edinburgh,hospital,https://www.jobs.ac.uk/images/employer-logos/medium/67.gif,,Postdoctoral Research Associate,"Full time: 35 hours per week Fixed term contract: until 12 February 2030 The Opportunity: Shape what happens next. Be part of something bigger. Here, you can continue to make a difference in everything around you. Take on new challenges, grow your career, be recognised for your contributions, and benefit from our commitment to your wellbeing. Be part of something bigger — where your work has real impact and your development matters. There are so many reasons to take your next step with us. The University of Edinburgh is a world-class organisation. We look for the best in the field across all disciplines and provide a working environment where researchers can develop their careers and passion for their chosen subject area. We seek a postdoctoral research associate (PDRA) to undertake climate and air pollution related research within two large multi-institutional UKRI funded hubs: ""Indoor HABItability during the Transition to NetZero Housing Hub: INHABIT and HEARTH: National Hub on Net Zero, Health and Extreme Heat"" which aim to produce scientific evidence and policy-relevant solutions to realise the health co-benefits of the UK’s net zero transition. The research will utilise street-scale process-based modelling and statistical analysis methods applicable to large climate datasets, to quantify ambient environmental exposures. The PDRA will focus on two related strands of research focusing on air pollution and climate change: You will perform simulations of outdoor air quality, within an outdoor-indoor air quality exposure and health modelling framework, using the ADMS-Urban model. This research will develop emissions scenarios for model simulations that consider future emission pathways and sector–based interventions that utilise the UK NAEI emissions inventory and/or regional action plans. You will also examine heat and related co-occurring climate extremes (such as outdoor air quality, wildfires, drought, flooding), and their impacts through analysis of regional long-term weather and climate model projections datasets (e.g. UKCP18, EURO-CORDEX). You will co-develop an indoor heat-health warning system for different settings (such as homes, care homes, hospitals, prisons) and co-produce a set of indicators and metrics to measure impacts and quantify the health co-benefits of net zero interventions. You will gain exposure of interdisciplinary working across natural and built environments and in health sciences within a large hub team and benefit from hub career development opportunities. Our people are at the centre of the University community and everything we do. We value colleagues with drive, determination and a passion for what they do. A career with us has a range of other benefits that can be tailored to your lifestyle: Professional development and subject matter expertise Opportunities to develop new skills and broaden your experience Leading-edge research Opportunities for publication Working within one of the world’s leading universities Apply Before : 17/09/2026, 23:59 £41,064 to £48,822 per annum, pro rata if part time",full_time,Public Health,Public Health Research,Clinical Research,https://www.jobs.ac.uk/job/DSR512/postdoctoral-research-associate,2026-08-21,,,,,,,
United Kingdom,GB,+44,Cambridge,University of Cambridge,hospital,https://www.jobs.ac.uk/images/employer-logos/medium/52.gif,,Research Associate in Machine Learning (Fixed Term),"A position exists for a Research Associate (RA) in the Department of Engineering to work on Project Cumulus, led by Professor Richard Turner. The post holder will be located in Central Cambridge, Cambridgeshire, UK. The Research Associate will join Project Cumulus a collaborative initiative developing AI-powered weather forecasting systems tailored for farming communities in Africa, particularly in Ghana and Senegal. The Research Associate will contribute to the development of global AI weather models for sub-seasonal forecasting in Africa. They will design and implement modular AI forecasting systems, including data encoders, processors, and task-specific decoders, integrating remote sensing and numerical weather prediction inputs to generate agriculturally relevant predictions. In addition, they will support the development of AI-based downscaling and post-processing methods, including end-to-end integration and fine-tuning. The Research Associate will evaluate the new AI methods on sub seasonal benchmarks and publish the findings. The Research Associate will work closely with UK and African partners facilitating in-country testing and operationalization of the new AI approaches. This role will be part of the End-to-end forecasting team, and you will be reporting to Professor Richard E. Turner and working closely with Senior Research Associates and Research Associates within the same area. The skills, qualifications and experience required to perform the role of Research Associate are: Holds or is about to be awarded a PhD in a relevant specialist subject: Computer Science, Information Engineering, Statistics or a related field of study. Essential: Experience of deep learning, software engineering, and strong mathematical skills. Desirable: Experience in weather, environmental forecasting, spatio-temporal modelling, or related fields. The successful candidate may be required to undertake travel as necessary to support the duties and responsibilities of the role. Teaching may be required as part of collaborative work undertaken within the role. Fixed-term: The funds for this post are available until 31 March 2028 in the first instance. To apply online for this vacancy and to view further information about the role, please click 'Apply' above. Please ensure that you upload your Curriculum Vitae (Resume) including a list of your publications and a covering letter in the 'Upload' section of the online application. If you upload any additional documents which have not been requested, we will not be able to consider these as part of your application. If you have any questions about this vacancy or the application process, please email Kimberly Cole, Divisional Administrator, Division F (Information Engineering): div-f@eng.cam.ac.uk Please quote reference NM50807 on your application and in any correspondence about this vacancy. The University actively supports equality, diversity and inclusion and encourages applications from all sections of society. The University has a responsibility to ensure that all employees are eligible to live and work in the UK.",full_time,Public Health,Public Health Research,Clinical Research,https://www.jobs.ac.uk/job/DSR480/research-associate-in-machine-learning-fixed-term,2026-08-21,,,PhD,,,,
United Kingdom,GB,+44,Manchester,The University of Manchester,hospital,https://www.jobs.ac.uk/images/employer-logos/medium/92.gif,,Scientific Officer,"Duration: fixed term until 31 st March 2028 (in the first instance) About the role: The goal of the CRUK National Biomarker Centre (NBC) is to discover, develop, validate and implement biomarkers that facilitate the optimisation of cancer patient treatment. In this regard, the NBC is an acknowledged world leader in the study of minimally invasive biomarkers, or liquid biopsies, for improving cancer management. Our biomarker research integrates clinical, molecular and computational science into a highly convergent programme. An exciting opportunity has arisen for a Scientific Officer 2 to join the Rare Cell Team in NBC working with Dr Dominic G. Rothwell, and to contribute to work on the detection and analysis of circulating cancer-associated cells in patient blood samples. The role will involve joining a dynamic team of scientist that detect and characterise these clinically informative cells to better understand their utility in predicting patients’ response to treatments and likelihood of disease relapse. The role will also involve analysis of additional blood-based biomarkers, such as circulating tumour DNA, to facilitate the development of more sensitive, multi-analyte biomarkers. The successful candidate will provide technical support for the development and assessment of these next generation liquid biomarkers. Working closely with experienced staff, the appointee will be aligned to the processing, banking and analysis of important clinical trial samples and will be required to work under Good Clinical Practice (GCP) regulations. All the required training and supervision will be provided. About you: The successful candidates will possess a BSc degree or equivalent in Biological Sciences or related subject (or equivalent relevant experience), along with relevant experience of working in a laboratory environment. Highly desirable is a keen interest in cancer biology and experience of handling clinical samples, ideally working in a cancer research setting. Effective communication, good organisational skills and basic computer skills are essential. Previous experience working in a Good Laboratory Practice (GCP) environment would also be advantageous. Why choose the Cancer Research UK National Biomarker Centre? We are an internationally leading, highly specialised translational research centre within The University of Manchester ( www.manchester.ac.uk ), aligned with the Cancer Research UK Manchester Institute ( www.cruk.manchester.ac.uk ) and core-funded by Cancer Research UK ( www.cancerresearchuk.org ), the largest independent cancer research organisation in the world. In spring 2023, the NBC moved into the state-of-the-art Paterson Building, a £150 million flagship purpose-built biomedical research centre directly attached to The Christie NHS Foundation Trust in South Manchester (www.christie.nhs.uk), one of the largest cancer treatment centres in Europe. These factors combine to provide an exceptional environment in which to pursue basic, translational and clinical research programmes and a perfect location for a multidisciplinary and highly collaborative Cancer Biomarker Centre. How to apply For any Informal enquiries please contact Dominic Rothwell email: dominic.rothwell@cruk.manchester.ac.uk Please note this vacancy will close for applications at 18:00 hours on the closing date specified. Closing date: Sunday 13 September 2026",full_time,Non Clinical,Clinical Research,Clinical Research,https://www.jobs.ac.uk/job/DSR303/scientific-officer,2026-08-20,,,BSc,,,,
United Kingdom,GB,+44,Edinburgh,The University of Edinburgh,hospital,https://www.jobs.ac.uk/images/employer-logos/medium/67.gif,,Postdoctoral Research Associate,"Full-time: 35 hours per week Fixed-term: 2 years (with potential for extension) The Opportunity: Help us to understand how fungi cause disease, by bringing data-driven engineering biology and cool fluorescent protein tools into fungal pathogens. We seek to recruit a postdoctoral scientist in Engineering Biology. The job will focus on developing a pan-fungal molecular bioimaging toolbox including fluorescent labelled fungal pathogen strains that can reveal previously hidden aspects of fungal biology. The post holder will take a lead on computational/bioinformatic aspects of strain engineering, and designing and analysing experiments to investigate these strains, collaborating with experimental and computational scientists across the team to answer the project's overarching research questions. The successful candidate will be part of an interdisciplinary, intercontinental team that aims to develop and democratise the study and imaging of fungal pathogens through a newly funded long-term programme, entitled ‘Removing Barriers to Fungal Bioimaging for the Global Medical Mycology Community’. Funded by Wellcome and in collaboration with the Universities of Edinburgh, Exeter, and Cape Town, the program is summarised: Human fungal pathogens cause 2.5 million deaths each year, primarily in low and middle income (LMIC) countries. The WHO identified 20 Priority Fungal Pathogens requiring urgent fundamental research. Advanced bioimaging is crucial to achieving this agenda by enabling dynamic, live, quantitative, single-cell analysis in infection contexts. Yet molecular, technological, analytical and expertise barriers, coupled with challenges inherent to the study of fungal pathogens, prevent the global medical mycology community from applying major new bioimaging advances. Leveraging an international collaborative team including medical mycologists, engineering biologists, and imaging experts from the Universities of Exeter, Cape Town, and Edinburgh, we will address these barriers in three aims: 1) Bespoke, affordable, single cell imaging chambers; 2) A Pan-fungal molecular bioimaging toolbox; and 3) Robust high-throughput image analysis pipelines, underpinned by advanced training courses and research exchange. Our foundation phase delivered stakeholder consolidation and proof- of-principle development in three emerging fungal pathogens. The scale-up phase will broaden access to advanced bioimaging tools across fungal pathogens and build fungal bioimaging expertise in Africa. Addressing these barriers simultaneously and ensuring uptake by the global medical mycology community will propel fungal pathogen research to the forefront of modern bioimaging, enabling insight into basic biology and antifungal resistance mechanisms. This position is ideal for scientists wishing to switch their research focus to medical mycology. We are happy to support a transition to independence of the post-holder, e.g. developing a side project and co-writing grant applications, providing that key outcomes of our project are delivered. The job will be in the Wallace lab in Edinburgh’s School of Biological Sciences. We are affiliated with the excellent Centre for Engineering Biology, and Edinburgh Infectious Diseases. The research programme is in association with the University of Cape Town, and the University of Exeter’s MRC Centre for Medical Mycology, one of the world’s leading centres for studying fungal pathogens. £41,064 to £48,822 per annum, UE07",hybrid,Public Health,Public Health Research,Clinical Research,https://www.jobs.ac.uk/job/DSR298/postdoctoral-research-associate,2026-08-20,,,,,,,
United Kingdom,GB,+44,London,Queen Mary University of London,hospital,https://www.jobs.ac.uk/images/employer-logos/medium/20.gif,,Postdoctoral Research Associate,"About the Role We are seeking a highly motivated Postdoctoral Research Associate to join Dr Nekisa Zakeri’s lab within the Centre for Tumour Biology, Barts Cancer Institute. This exciting Wellcome Trust funded project will use advanced 3D patient-derived models to develop gamma delta T cell-based immunotherapeutic strategies for liver cancer and investigate the liver tumour microenvironment. Depending on the candidate’s expertise, the project may also extend to in vivo murine models. The postholder will have opportunities to contribute to supervision of MSc/PhD students and collaborate with partner research centres. About You The successful candidate will hold a PhD (or close to completion) in Cancer Immunology or a related discipline. Applicants should have expertise in tissue-derived 3D modelling approaches including organoid and/or tissue slice models, and experience with immune cell co-cultures, flow cytometry and confocal microscopy. Experience in animal research is desirable. We are seeking a motivated researcher with excellent communication, teamworking, and research management skills. About the Institute The Barts Cancer Institute (BCI) is a Cancer Research UK Centre of Excellence whose work aims to transform the lives of those with and at risk of cancer through innovative research in the laboratory, in patients and in populations. It is one of six institutes within The Faculty of Medicine and Dentistry (FMD) BCI is internationally renowned in many areas of cancer research and it combines ground-breaking basic research with the expertise of clinicians and clinician scientists from the Centre for Experimental Cancer Medicine and the Barts NHS Trust to achieve improvements in cancer patient care. BCI is also a partner in the CRUK City of London Major Centre (together with UCL, Kings and the Francis Crick Institute) which is a Centre of Excellence in Biotherapeutics. BCI is committed in supporting and developing future cancer researchers through its extensive postgraduate training. About Queen Mary At Queen Mary University of London, we believe that a diversity of ideas helps us achieve the previously unthinkable. Throughout our history, we’ve fostered social justice and improved lives through academic excellence. And we continue to live and breathe this spirit today, not because it’s simply ‘the right thing to do’ but for what it helps us achieve and the intellectual brilliance it delivers. We continue to embrace diversity of thought and opinion in everything we do, in the belief that when views collide, disciplines interact, and perspectives intersect, truly original thought takes form. Benefits We offer competitive salaries, access to a generous pension scheme, 30 days’ leave per annum (pro-rata for part-time/fixed-term), a season ticket loan scheme and access to a comprehensive range of personal and professional development opportunities. In addition, we offer a range of work life balance and family friendly, inclusive employment policies, flexible working arrangements, and campus facilities. Queen Mary’s commitment to our diverse and inclusive community is embedded in our appointments processes. Reasonable adjustments will be made at each stage of the recruitment process for any candidate with a disability. We are open to considering applications from candidates wishing to work flexibly. £38,419 to £46,618 per annum",full_time,Public Health,Public Health Research,Clinical Research,https://www.jobs.ac.uk/job/DSR280/postdoctoral-research-associate,2026-08-20,,,"PhD, MSc",,,,
United Kingdom,GB,+44,Edinburgh,The University of Edinburgh,hospital,https://www.jobs.ac.uk/images/employer-logos/medium/67.gif,,Post-Doctoral Research Associate: Polar Diatom Responses To Changes In Light And Biogeochemical Impacts,"Full-time: 35 Hours per week Fixed Term: 36-months The Opportunity: Post-doctoral research associate: Phytoplankton responses to changes in light and biogeochemical impacts. The position: Responses of natural systems to climate change impacts are a major international research priority, and the world’s oceans are a key research focus. The Southern Ocean in particular is critically important at the global scale, as a modulator of global climate through the uptake of heat and carbon, driver of global ocean currents and home to globally important biodiversity consisting of resident and migratory organisms. Central to many of these phenomena are Antarctic phytoplankton, and yet their responses to ongoing climate change – and in particular the availability of light – remain poorly constrained. The biogeochemical impacts of these responses – especially with respect to silica cycling within and beyond the Southern Ocean – remain even more elusive. The newly awarded NERC Pushing the Frontiers grant Polar Dawn aims to address these fundamental research gaps. Join a world-leading team in marine biological and biochemical responses to climate change and lead a cutting-edge experimental study to examine how dark-light transitions impact population growth and silica uptake in Antarctic diatoms. You will work with a dynamic team with a range of expertise to advance scientific understanding of how Antarctic diatoms respond to changes in their light environment and what the consequences of these responses are for uptake and cycling of silica, as a key macronutrient in the Southern Ocean. Through this project, you will also support the wider project team, including providing guidance to PhD students and others, as well as having many opportunities to build collaborations and networks nationally and internationally. People have always been at the heart of our work. As part of the University, you are a part of our community. We are looking for people with drive, determination, and a passion for what they do. We are a place where everyone is welcome and offer a range of policies and benefits designed to support all staff. you in building the right meaningful/personalised flexibility for you A career with us has a range of other benefits that can be tailored to your lifestyle: Professional development and subject matter expertise Leading-edge research Opportunities for publication This post is full-time (35 hours per week); we are open to considering flexible working patterns as long as this is compatible with the requirements for the laboratory work. We are also open to considering requests for hybrid working (on a non-contractual basis) that combines a mix of remote and regular on-campus working that is compatible with the project goals. £41,064 to £48,822 per annum, UE07",hybrid,Public Health,Public Health Research,Clinical Research,https://www.jobs.ac.uk/job/DSR287/post-doctoral-research-associate-polar-diatom-responses-to-changes-in-light-and-biogeochemical-impacts,2026-08-20,,,PhD,,,,
United Kingdom,GB,+44,Oxford,University of Oxford,hospital,https://www.jobs.ac.uk/images/employer-logos/medium/102.gif,,Public & Patient Research Engagement Coordinator,"About the role This role is based in the Radcliffe Department of Medicine and the role reports to Professor James Chalmers. (Rhodes Professor of Experimental Therapeutics and Clinical Pharmacology). Prof. James Chalmers at the University of Oxford specialises in translational and clinical research on respiratory diseases, including bronchiectasis, COPD and pneumonia, with a focus on the development of new treatments through clinical trials and laboratory research. As a Public and Patient Research Engagement coordinator, you will play a key role in disseminating scientific work to the wider public and to patient organisations. You will work within a multidisciplinary team of researchers, medical professionals, study coordinators and collaborators on projects with direct patient impact. You will be responsible for working with the European Lung Foundation, and other organisations to develop and perform research studies and activities involving patients. Your primary responsibility will be the EMBARC project – an international collaborative project working to develop new treatments for bronchiectasis. You will be responsible for generating engaging content for the EMBARC website at www.bronchiectasis.net, managing related social media accounts, and helping to coordinate events such as the annual bronchiectasis patient conference (Bronchiectasis Patient Conference 2026 - European Lung Foundation) and activities for world bronchiectasis day. This post is full-time and fixed term for 2 years. The post is only available as full-time on-site. About You To be considered for this position you should have. • A BSc in a relevant discipline • Demonstrable experience working with and communicating with patients, the public, charitable stakeholders and/or industry. • Strong applied knowledge of research methods and quantitative data so that you can communicate research data in an informed way. • Demonstrable excellent communication skills including the ability to speak in public, with small groups and to lead discussions with stakeholders where required. • Proven ability to generate high quality dissemination materials such as figures, infographics, tables, slides and other materials to communicate science to a wide audience in an accessible way • Experience in professional dissemination of information on social media • Experience of working in a team and ability to take a lead where required and provide a supporting role where required. About the Radcliffe Department of Medicine (RDM) The Radcliffe Department of Medicine (RDM) within the Medical Sciences Division is one of the largest departments in the University of Oxford. Benefits of working As an employer, we genuinely care about our employees’ wellbeing, and this is reflected in the range of benefits that we offer including: • An excellent contributory pension scheme • 38 days annual leave • A comprehensive range of childcare services • Family leave schemes • Cycle loan scheme • Discounted bus travel and Season Ticket travel loans Application Process Applications for this vacancy are to be made online. You will be required to upload a supporting statement and CV as part of your online application. The supporting statement should include a cover letter and should also clearly describe how you meet each of the selection criteria listed in the job description. Only applications received before 12:00 midday on Thursday 10/09/2026 will be considered. £35,681 to £41,636 p.a",full_time,Non Clinical,Clinical Research,Clinical Research,https://www.jobs.ac.uk/job/DSR237/public-and-patient-research-engagement-coordinator,2026-08-20,,,BSc,,,,
United Kingdom,GB,+44,Sheffield,University of Sheffield,hospital,https://www.jobs.ac.uk/images/employer-logos/medium/111.gif,,Research Associate - FAST Processing and Extrusion of Aerospace Powder,"Job description: We have an exciting opportunity in the School of Chemical, Materials & Biological Engineering for someone with a passion for advanced metals processing research looking to use their skills in metallurgy to make an impact on new processes and alloys in industry, including regional companies. You will work in a well-connected team with world-leading reputations in the Sheffield Titanium Alloy Research group. We are well known internationally for our research and are one of the largest research groups for advanced metals processing, particularly titanium alloy processing in the World. You will use your metallurgical skillset to provide essential support to the Sheffield Titanium Alloy Research group helping to ensure the reputation of the University by carrying out pioneering advanced metals processing research into alloy development and new disruptive processing routes. Educated to PhD level, you will have strong metallurgical experience and first hand experience in alloy development, thermomechanical processing and associated characterising and testing experience. As you will be responsible for translating new alloys and processes into industry, experience in an industrial metals processing and quality assurance would be an advantage. £38,784 to £47,389 per annum",full_time,Public Health,Public Health Research,Clinical Research,https://www.jobs.ac.uk/job/DSR222/research-associate-fast-processing-and-extrusion-of-aerospace-powder,2026-08-20,,,PhD,,,,
United Kingdom,GB,+44,Glasgow,University of Glasgow,hospital,https://www.jobs.ac.uk/images/employer-logos/medium/72.gif,,Research Associate in Quantum Sensing with Molecular Spin Qubits,"Overview Molecular spins combine the coherence, optical readout, and room-temperature operation of solid-state spin qubits with the atomistic tunability and nanoscale modularity of synthetic chemistry. You will use this combination to develop a new class of quantum sensors for biosensing and nanoscale magnetic resonance. Background Optically addressable spins—most prominently the nitrogen-vacancy centre in diamond—have demonstrated the promise of spin-based quantum-sensing, e.g., sub-cellular magnetic-resonance spectroscopy under ambient conditions. However, quantum sensing involves a delicate balance: coherence thrives far from external influences, while proximity and strong interactions with targets optimise their detection. Molecular spins offer a compelling balance of such demands. At ~1 nm size, they open unprecedented target proximity, and chemical techniques allow them to be attached to desired locations, engineered for stronger coupling to sensing fields, and tuned atom-by-atom. We have established such systems as a distinctive quantum-sensing platform [see e.g., Phys. Rev. Lett. 133, 120801 (2024); JACS 147, 22911 (2025); MRS Bulletin 51, 312 (2026); arXiv:2510.09440; chemRxiv.15004718]. The role You will deploy advanced spin-optical measurements—including pulsed optically detected magnetic resonance—on molecular spins in both ground and excited states. You will advance their capabilities for nanoscale measurement and control, enhanced couplings to sensing fields, room-temperature operation, and deployment as practical quantum probes. You will focus on quantum measurement, with molecules synthesised by collaborators. What we offer Vibrant team —more than ten researchers spanning physics, chemistry, quantum engineering, and materials science. State-of-the-art experimental capabilities —including single-spin confocal pulsed ODMR from 4-300 K. World-class collaborators —including at Imperial, Cambridge, Tokyo, with opportunities for lab visits. Career development —conference travel, support for independent Fellowship applications, PhD-student co-supervision. What we’re looking for A PhD in physics/chemistry/materials science/engineering/a related discipline. Experimental experience with spin systems and their control—e.g. spin resonance, solid-state defects. We particularly welcome applications from candidates from groups historically under-represented in STEM, and are committed to fostering an inclusive, supportive, and flexible working environment. For informal enquiries please contact Dr. Sam Bayliss (sam.bayliss@glasgow.ac.uk). This post is full-time (35 hours per week), and has funding available for up to 3 years in the first instance. Relocation assistance will be provided where appropriate. For more information and to apply online please click on the ' Apply ' button above. Closing date: 17 September 2026 We strongly endorse the principles of Athena SWAN, including a supportive and flexible working environment, with commitment from all levels of the organisation in promoting gender equality. The University of Glasgow, charity number SC004401. £41,064 to £46,049 per annum. Grade 7",full_time,Public Health,Public Health Research,Clinical Research,https://www.jobs.ac.uk/job/DSR171/research-associate-in-quantum-sensing-with-molecular-spin-qubits,2026-08-20,,,PhD,,,,
United Kingdom,GB,+44,London,King's College London,hospital,https://www.jobs.ac.uk/images/employer-logos/medium/15.gif,,Research Associate at the Human Functional Genomics Initiative,"About us: At the Centre for Developmental Neurobiology (CDN), we investigate the mechanisms governing the formation of the brain during embryonic development and in early postnatal life. This is based on the understanding that early experience shapes the way our brain is constructed. While the “ground plan” of the brain is genetically determined, it is also influenced by environmental experience. We are still far from a complete understanding of how these processes work. CDN is one of four departments in the School of Neuroscience at the Institute of Psychiatry, Psychology & Neuroscience and is located at Guy’s campus. Researchers have access to support facilities in genotyping, molecular biology and Drosophila work. CDN has close partnership with the Medical Research Council (MRC) and CDN researchers, together with clinical researchers from King’s, make up the MRC Centre for Neurodevelopmental Disorders. About the role: We are seeking a skilled and motivated postdoctoral scientist with experience and expertise in human stem cell culture to join our UKRI-funded Functional Genomics of Human Developing Brain cluster. This project focuses on investigating loss-of-function mutations in genes associated with neurodevelopmental and psychiatric disorders through comprehensive molecular and functional profiling of cortical organoids. The Research Associate will be involved in the development and implementation of a cutting-edge platform for generating brain organoids and assembloids from human induced pluripotent stem cells (hiPSCs) and embryonic stem cells (hESCs). The successful candidate will undertake original research in the Brain Organoid Platform ensuring the highest standards of research excellence while maintaining detailed experimental records and contributing to the training of facility users. This is an exciting opportunity to develop a research project in a state-of-the-art brain organoids platform at the forefront of neurodevelopmental and psychiatric disorder research. The successful candidate will join a dynamic research environment with access to cutting-edge facilities and the opportunity to make significant contributions to understanding brain development and disease. This is a full-time (35 Hours per week), and you will be offered a fixed-term contract until 13/05/2028. About you: To be successful in this role, we are looking for candidates to have the following skills & experience: Essential criteria: PhD in Neuroscience, Developmental Biology, Cell Biology, Genetics, or related field Extensive hands-on experience with in vitro culture of neural cells, especially with the culture and maintenance of human induced pluripotent and embryonic stem cells Experience in molecular biology procedures (e.g. western blot, quantitative PCR, immunofluorescence RNA sequencing and cloning) Experience with confocal microscopy imaging techniques Strong organizational skills with attention to detail Able to work independently in the design & execution of experiments Desirable criteria: Experience in generation and maintenance of neural organoids Experience using rodent experimental models in neuroscience Experience with single-cell RNA sequencing, including sample preparation, and bioinformatics tools for the analysis of sequencing datasets Demonstrated ability to meet deadlines Experience in supervising & training research personnel Downloading a copy of our Job Description Full details of the role and the skills, knowledge and experience required can be found in the Job Description document, provided at the bottom of the next page after you click “Apply”. This document will provide information of what criteria will be assessed at each stage of the recruitment process. Further Information At King’s, we believe that the diversity of our community and a culture that is welcoming, open, inclusive and collaborative, are great strengths of the university. £45,031 to £52,514 per annum, including London Weighting Allowance",full_time,Public Health,Public Health Research,Clinical Research,https://www.jobs.ac.uk/job/DSR168/research-associate-at-the-human-functional-genomics-initiative,2026-08-20,,,PhD,,,,
United Kingdom,GB,+44,Durham,Durham University,hospital,https://www.jobs.ac.uk/images/employer-logos/medium/64.gif,,Postdoctoral Research Associate,"Applications are invited for a Post-doctoral Research Associate position to work in the Department of Anthropology at Durham University. The successful candidate will join a five-year EPSRC Programme Grant project called “Electrical Composites” (EleComp) that involves eleven academics from Imperial College London, University of Bristol and Durham University. The successful applicant will work within a multidisciplinary team of electrochemists, material scientists, composite engineers, fellow anthropologists and sustainability experts on structural power composites (SPCs). These transformative materials can do two things at once: store electrical energy whilst carrying mechanical loads. SPCs have been heralded by the World Economic Forum (WEF) as one of the , which recognised t heir potential to fundamentally reshape how infrastructure, aerospace, automotive, and electronic products are designed and manufactured. By simultaneously delivering lightweighting and efficient energy storage, these materials will provide huge weight and volume savings. They will offer tremendous design freedoms, delivering products that just can’t be achieved with conventional batteries. The EleComp team will meet the overarching scientific, engineering and societal goals required to realise Electric Composites. Pursuit of these goals will be directed by new Life Cycle Analysis (LCA) tools that include an anthropological perspective; a unique approach to responsible and inclusive engineering and material science. As well as working directly with the pioneers and international leaders in SPCs, you will closely interact with a broad international academic, policy and industrial network. EleComp will provide you with an inspirational and supportive research environment to cross-fertilise ideas and develop new multidisciplinary skills. With SPCs having garnered considerable public, academic and industrial interest, this is an opportunity for you to contribute to unveiling an Electric Composites future that will impact future generations and profoundly affect everybody’s lives. Closing Date : 09-Sep-2026, 11:59:00 PM £41,064 per annum",full_time,Public Health,Public Health Research,Clinical Research,https://www.jobs.ac.uk/job/DSR160/postdoctoral-research-associate,2026-08-20,,,,,,,
United Kingdom,GB,+44,Bath,University of Bath,hospital,https://www.jobs.ac.uk/images/employer-logos/medium/44.gif,,Research Associate (Development Studies),"About the role An opportunity to join an ongoing UKRI grant funded research project investigating opportunities and constraints to self-employment in South Africa's townships. The title of the research is “Economic prospects, trust and governance in South African townships”. The main focus will be on data analysis and writing for high quality academic journals, primary data collection under the project having mostly been completed. This makes the post ideal for an early career researcher. This is a collaborative project with staff at Fort Hare University in South Africa and LeHigh University in the USA. There will be opportunities to attend conferences and to visit South Africa for dissemination purposes. As a member of Research Staff at the University of Bath, you will be encouraged to take up a minimum of ten days professional development pro rata per year You will benefit from and be expected to contribute to the lively research interdisciplinary culture of the Department of Social and Policy Sciences, including the Centre for Development Studies. We are looking for the following for a postholder who: is a highly motivated and academically outstanding post-doctoral social scientist seeking an opportunity to develop their academic career in the broad field of international development studies has demonstrable skills in producing and presenting high quality academic research publications, in development studies or related journals has a strong interest in development issues in South/Southern Africa, particularly with reference to urban employment issues has an interest in using innovative apps and genAI to analyse and synthesize primary and secondary data has excellent interpersonal including cross-cultural communication skills, and enthusiasm for both working independently and collaboratively. Additional information This is a full-time, fixed-term role expected to end in September 2027. For an informal discussion regarding the role please contact: James Copestake at hssjgc@bath.ac.uk and Aurelie Charles at ac697@bath.ac.uk . We consider ourselves to be a university where difference is celebrated, respected and encouraged. We have an excellent international reputation with staff from over 60 different nations and have made a positive commitment towards gender equity and intersectionality receiving a Silver Athena SWAN award. We truly believe that diversity of experience, perspectives, and backgrounds will lead to a better environment for our employees and students and encourage applications from all genders, backgrounds, and communities, particularly from under-represented groups, and value the positive impact that will have on the university. We are committed to maintaining a safe and secure environment for our students, staff, and community by reinforcing our Safer Recruitment commitment. We're very proud to be a signatory of the Armed Forces Covenant . an accredited Disability Confident Leader ; autism friendly university , committed to building disability confidence & supporting disabled staff . What we can offer you We're continually expanding our benefits package to better support you and enhance your experience with us and the below is just an example of some of the many great benefits we offer: Generous annual leave allowance with an additional 5 discretionary days so that you can enjoy a positive work life balance Generous employer contributory pension schemes Cycle to work scheme Electric vehicle salary sacrifice scheme Staff benefits include discounted postgraduate tuition and language courses, alongside a wide range of personal and professional development opportunities such as apprenticeships, LinkedIn Learning, and more Local discounts, including free entry to the Holburne Museum in Bath £38,784 to £46,049. Grade 7, per annum",full_time,Public Health,Public Health Research,Clinical Research,https://www.jobs.ac.uk/job/DSR159/research-associate-development-studies,2026-08-20,,,,,,,
United Kingdom,GB,+44,Newcastle upon Tyne,Newcastle University,hospital,https://www.jobs.ac.uk/images/employer-logos/medium/96.gif,,Research Associate/Assistant,"We are a world class research-intensive university. We deliver teaching and learning of the highest quality. We play a leading role in economic, social and cultural development of the North East of England. Attracting and retaining high-calibre people is fundamental to our continued success. Salary Research Assistant £33,951 - £35,608 per annum. Research Associate £36,636 - £38,784 per annum. The Role We are delighted to be seeking a motivated individual to join the AI Group within the School of Computing at Newcastle University. The postholder will work on an EPSRC funded IAA project, leading the development and evaluation of AI models for the design and optimisation of integrated energy systems in public buildings. They will analyse heterogeneous datasets, create realistic what-if scenario analyses, and develop trustworthy AI tools and software prototypes to optimise energy cost, carbon emissions, and demand-side flexibility under uncertain building operating conditions. The postholder will collaborate with academic researchers, public-sector stakeholders, and industry partners to ensure that the developed solutions address practical challenges in decarbonising public estates. The successful applicant will possess excellent communication and teamwork skills, with the ability to undertake high-quality, impactful research. They should be self-motivated, capable of managing their own research activities, and committed to delivering innovative AI solutions that support the transition towards low-carbon and energy-positive public buildings. This post is available from 23 September 2026 on a full-time, fixed-term basis until 22 September 2027. For all informal enquiries, please contact Dr Wanqing Zhao ( Wanqing.Zhao@newcastle.ac.uk ). As part of our commitment to career development for research colleagues, the University has developed 3 levels of Research Innovation Role Profiles.pdf . These profiles set out firstly the generic competencies and responsibilities expected of role holders at each level and, secondly, the general qualifications and experiences needed for entry at a particular level. £33,951 to £38,784 per annum. See advert text for details.",full_time,Public Health,Public Health Research,Clinical Research,https://www.jobs.ac.uk/job/DSR115/research-associate-assistant,2026-08-20,,,,,,,
United Kingdom,GB,+44,London,Northeastern University London,hospital,https://www.jobs.ac.uk/images/employer-logos/medium/6780.gif,,"Postdoctoral Research Associate in Reliable Neuromorphic, Classical, and Quantum AI","Discipline: Engineering Location: London, Devon House (St Katherines Dock) Term: 2 years, fixed term, full-time Reports to: Professor Osvaldo Simeone Benefits: The university supports staff maintaining a good work-life balance, offering: ( i ) flexible working and parental leave opportunities; ( ii ) an employee assistance programme which provides free, confidential advice on both home and work concerns, as well as optional private medical insurance; ( iii ) season ticket loans; and ( iv ) being part of the cycle-to-work scheme. Start: January 2027 The Role Northeastern University London invites applications for one Post-Doctoral Research Associate in Reliable Neuromorphic, Classical, and Quantum AI to work with Professor Osvaldo Simeone. The successful candidates will join an ambitious research programme aimed at developing theoretically principled and statistically reliable frameworks for next-generation AI, spanning classical, neuromorphic, and quantum paradigms with application to engineering. The research will focus on the foundations of reliability, uncertainty quantification, and calibration in AI models, addressing the challenges posed by non-deterministic, data-limited, and dynamically evolving environments. Applications include complex engineered systems such as intelligent communication networks, distributed computing platforms, and quantum-enhanced processors. The candidates will contribute to topics including: The offline and online calibration of learning systems through methods such as conformal prediction, hyperparameter optimization, and reliable inference in engineered systems, including telecom networks; The development of neuromorphic algorithms and spiking neural models with built-in efficiency and reliability guarantees; The design of reliability frameworks for quantum machine learning, including conformal quantum prediction and uncertainty quantification in quantum models; Theoretical and algorithmic advances rooted in statistical learning theory, online convex optimization, and multiple hypothesis testing; The use of synthetic and quantum-generated data to support model assessment and adaptive decision-making. Core duties include: Conducting independent and collaborative research in reliable and statistically grounded AI, for classical, neuromorphic, and/or quantum systems. Developing and analyzing new algorithms for calibration, reliability monitoring, and adaptive decision-making. Collaborating closely with international partners in academia and industry, contributing to cross-disciplinary research at the interface of AI, information theory, and physics. Publishing results in leading journals and conferences in machine learning, information theory, and quantum information. Presenting research findings at project meetings, workshops, and international symposia. Supporting the supervision and mentoring of PhD students and research assistants within the group. Contributing to the preparation of project deliverables, reports, and future funding proposals. We particularly encourage applications from those belonging to groups underrepresented in UK higher education. About the Faculty The Institute for Intelligent Networked Systems (INSI) is Northeastern University's research center dedicated to making wireless communications exponentially faster, more energy efficient, and more secure. Founded in 2019 at Northeastern's Boston campus and formerly known as the Institute for the Wireless Internet of Things, the institute has secured 68 patents and built more than 30 industry partnerships, working at the intersection of artificial intelligence, machine learning, and telecommunications. Its researchers envision a future where people and their environment are seamlessly connected by a continuum of AI-powered devices and networks, from driverless cars and drone swarms to implantable medical devices and smart cities. Launched in January 2026, the INSI London hub is a transatlantic research centre focused on next-generation connectivity and intelligent computing and learning systems. Based at Northeastern University London and the institute's first research office outside the U.S., the hub acts as a bridge between the U.S. and Europe, advancing interdisciplinary collaboration in areas such as AI, quantum information, information processing, and emerging hardware technologies including neuromorphic computing and novel semiconductor architectures. Led by professors Bipin Rajendran and Osvaldo Simeone, the London arm opens the door to expanded European partnerships and broadens the institute's research reach across the continent (see blog ). The Faculty of Computing, Mathematics, Engineering, and Natural Sciences (CoMENS) is undergoing significant growth at Northeastern University London. It is home to four interdisciplinary undergraduate dual-degree (in UK and US) programmes in the areas of Data Science, Data Science and Politics, Computer Science and Business, and Computer Science and Philosophy; four postgraduate programs in the areas of AI Ethics, Data Science, Computer Science, and Technology Leadership; and five degree apprenticeship programmes in the areas of AI, Data Science, Digital and Technology Solutions, and Biosciences. The faculty plays a major part in Northeastern University’s first-year student mobility program, offering undergraduate courses in Computer and Data Science, Mathematics, Engineering, Physics, Biology, Chemistry and Healthcare, striving to inspire and equip entering students to be outstanding scientists. About the University Founded in 2012, Northeastern University London (formerly known as New College of the Humanities) has established itself as a prestigious higher education institution based in the heart of London. Northeastern University London is part of Northeastern University’s Global Campus Network. Positioned as top ranking in the USA, Northeastern has campuses in Arlington, Boston, Charlotte, Miami, Oakland, San Jose, and Seattle in the USA, and Toronto and Vancouver in Canada. After becoming part of Northeastern University’s global network in early 2019, the University has undergone a period of rapid growth, having been granted Taught Degree Awarding Powers in February 2020 and moved to a new, state-of-the-art campus in 2021. Northeastern University London offers a vibrant, collegiate community delivering broad and academically rigorous degree programmes, designed to equip graduates with the combination of skills and knowledge that are increasingly desired by organisations, employers, and society. It offers state of the art audio visual technology in its teaching and meeting spaces across the organisation. Person Specification Criteria To undertake this role, the following should apply – should you not have the experience below, please do highlight where transferable skills would assist with you undertaking the role. Qualifications PhD, or equivalent professional experience, in Machine Learning, Statistics, Electrical Engineering, Computer Science, or a related field. Key Criteria Demonstrated experience with mathematical modelling, algorithm design, or theoretical analysis of learning systems. Proficiency in Python Background in statistical learning theory, conformal prediction, multiple hypothesis testing, quantum machine learning, neuromorphic computing, or reliable inference Demonstrated ability to plan, execute, and publish research Excellent written and verbal interpersonal communication skills Excellent time-management and organisational skills Additional Information Enquiries Informal enquiries may be made to Professor Osvaldo Simeone (o.simeone@nulondon.ac.uk). However, all applications must be made in accordance with the application process specified. Application Process To apply for this role, please click on the 'Apply' button above. Applications must include a CV and covering letter of no more than one page that addresses the criteria for the role and includes names and contact information of up to three references. References will only be sought for short-listed candidates. The panel will be shortlisting for this position on a rolling basis so please apply as soon as possible. We reserve the right to close this post before the closing date if we receive a large number of applications. Please note this role may require a basic or enhanced DBS check. Our organisation acknowledges the duty of care to safeguard, protect and promote the welfare of our students and staff, and is committed to ensuring safeguarding practice reflects statutory responsibilities, government guidance and complies with best practice and Ofsted requirements. You must adhere to the above if you are offered a role with NU London. Applications are welcome from all sections of the community and will be judged on merit alone. We welcome applications from underrepresented groups. Candidates must be able to demonstrate their eligibility to work in the UK in accordance with the Immigration, Asylum and Nationality Act 2006. Job sponsorship . Visa sponsorship may be available for a successful candidate for this position. £42,701 per annum",full_time,Public Health,Public Health Research,Clinical Research,https://www.jobs.ac.uk/job/DSQ889/postdoctoral-research-associate-in-reliable-neuromorphic-classical-and-quantum-ai,2026-08-19,,,PhD,,,,
United Kingdom,GB,+44,Cardiff,Cardiff University,hospital,https://www.jobs.ac.uk/images/employer-logos/medium/130.gif,,Research Associate,"An exciting opportunity has arisen to join the Health and Care Research Wales-funded PRIME Centre Wales and related projects as a Research Associate. The post holder will work with the Cardiff based work-package Leads to achieve the strategic goals of the Centre, related projects and its work-packages. You will have a PhD in a relevant area, or other relevant equivalent research experience. Knowledge of current research within a field of primary care or health services research, or equivalent knowledge in a relevant or transferable area, is essential as is proven ability to support and undertake grant writing, the delivery of research projects, and advanced proficiencies in qualitative research methods. The role is based at Heath Park. This role is eligible to be offered on a blended working basis, meaning that as well as spending time working on campus you can also choose to spend some time working from another location, e.g. your home. The University is committed to offering this flexibility, wherever the role and business need allows, supporting work-life balance. Cardiff University offers many excellent benefits, including 45 days annual leave (incl bank holidays), pension scheme, a cycle to work scheme and other travel initiatives, annual increments within the pay scale, and more. It is an exciting and vibrant place to work, with many different challenges and is a proud Living Wage supporter. For informal enquiries please contact Alma Abby, (Centre Manager, PRIME Centre Wales) via abbyja@cardiff.ac.uk This post is a full time (35 hours per week), fixed term position and is available immediately until 31st August 2027. Salary: £41,064 - £46,049 per annum (Grade 6) Closing date: Sunday, 6 September 2026 Cardiff University is committed to supporting and promoting equality and diversity and to creating an inclusive working environment. We believe this can be achieved through attracting, developing, and retaining a diverse range of staff from many different backgrounds. We therefore welcome applicants from all sections of the community regardless of sex, ethnicity, disability, sexual orientation, trans identity, relationship status, religion or belief, caring responsibilities, or age. We especially welcome and encourage applications from those under-represented groups within the University workforce, such as those who identify as LGBT+, Ethnic Minority or those with disabilities. In supporting our employees to achieve a balance between their work and their personal lives, we will also consider proposals for flexible working or job share arrangements. Cardiff University is a signatory to the San Francisco Declaration on Research Assessment (DORA), which means that in hiring and promotion decisions we will evaluate applicants on the quality of their research, not publication metrics or the identity of the journal in which the research is published. More information is available at: Responsible research assessment - Research - Cardiff University Applications may be submitted in Welsh, and an application submitted in Welsh will not be treated less favourably than an application submitted in English. £41,064 to £46,049 per annum (Grade 6)",full_time,Public Health,Public Health Research,Clinical Research,https://www.jobs.ac.uk/job/DSQ990/research-associate,2026-08-19,,,PhD,,,,
United Kingdom,GB,+44,Cambridge,University of Cambridge,hospital,https://www.jobs.ac.uk/images/employer-logos/medium/52.gif,,Postdoctoral Research Associate (evaluating food marketing restrictions) [Fixed Term],"Postdoctoral Research Associate evaluating food marketing restrictions, Population Health Interventions Group, Institute of Metabolic Science (IMS) Epidemiology IMS Epidemiology is seeking to appoint a Postdoctoral Research Associate with skills and experience in quantitative methods for evaluation of natural experiments to contribute to a multi-component evaluation of new restrictions on marketing of less healthy foods. New restrictions on advertising of less healthy food and drinks online and on TV before 9pm were implemented in the UK in January 2026. Restrictions on price-based promotions of less healthy products in England were implemented in October 2025. Based in the Population Health Interventions Group, the primary role of this post is to lead quantitative analyses exploring the impact of the new restrictions on: 1. household grocery purchasing, using data we will purchase from Worldpanel by Numerator; and 2. nutritional content of foods served by chain restaurants, using data from our MenuTracker database. We anticipate that both pieces of work will use of interrupted time series analysis methods. Funded by the National Institute of Health Research (NIHR), we are conducting a multi-component evaluation of the restrictions. Across the whole evaluation, we will study impacts on marketing, availability and purchasing of less healthy products; model impacts on health and wider society; explore awareness and acceptability; and interrogate policy processes. The work is led from IMS Epidemiology and involves colleagues at the Universities of Oxford, Stirling, Exeter, Waterloo and the London School of Hygiene and Tropical Medicine. You will be educated to PhD level in a relevant subject or due to complete within 3 months of applying. You will have proven skills and experience in quantitative methods for evaluation of natural experiments, such as interrupted time series or difference-in-difference analysis. A complete list of essential and desirable criteria for this post is provided in the further particulars. Your application is unlikely to be competitive if it does not provide clear and concise evidence that you meet all of the essential criteria. This is a fixed-term position for 21 months. The role can be performed as a hybrid position, recognising that some tasks may only be performed on University premises. To apply online for this vacancy and to view further information about the role, please click the 'Apply' button above. Applicants must have (due to complete within 3 months of applying) a PhD. Appointment at Research Associate level is dependent on having a PhD. Those who have submitted but not yet received their PhD will initially be appointed as a Research Assistant (Grade 5) moving to Research Associate (Grade 7) upon confirmation of your PhD award. Please ensure that you upload a covering letter and CV in the Upload section of the online application. The covering letter should outline how you match the criteria for the post and why you are applying for this role. If you upload any additional documents which have not been requested, we will not be able to consider these as part of your application. Please include details of your referees, including email address and phone number, one of which must be your most recent line manager. The University actively supports equality, diversity and inclusion and encourages applications from all sections of society. £37,694 to £46,049 per annum",hybrid,Public Health,Public Health Research,Clinical Research,https://www.jobs.ac.uk/job/DSQ968/postdoctoral-research-associate-evaluating-food-marketing-restrictions-fixed-term,2026-08-19,,,PhD,,,,
United Kingdom,GB,+44,Birmingham,Aston University,hospital,https://www.jobs.ac.uk/images/employer-logos/medium/43.gif,,Research Associate,"We are looking to appoint a Research Associate (Grade 7) or Senior Research Associate (Grade 8) to join Aston Business School, Aston University, as part of an international research project funded by INAIL (the Italian National Institute for Insurance against Accidents at Work) and led by Professor Roberta Fida. The project aims to advance understanding of mental health stigma in the workplace and develop evidence-based strategies and practical guidance to help organisations reduce stigma, promote psychologically safe workplaces, and support the safe expression of psychosocial work-related concerns. You will join an international research team and contribute to a mixed-methods programme of research. Activities will include reviewing scientific evidence and international guidance; developing research materials; conducting interviews and focus groups; supporting quantitative data collection and analysis; engaging with organisations and stakeholders; and integrating evidence to develop practical organisational recommendations. You will also contribute to project reports, dissemination activities, conference presentations and scientific publications. We are particularly interested in candidates with strong qualitative research skills and an interest in workplace mental health, stigma, psychosocial risks and occupational wellbeing. For appointment at Grade 7 , you will have a good first degree in Psychology, Business, Organisational Behaviour, Occupational Psychology, Public Health, Sociology or a related discipline, together with first-hand experience of qualitative research, including interviews and/or focus groups and qualitative data analysis. Experience of working with organisations and/or policymakers is also required. For appointment at Grade 8 , you will additionally hold a relevant PhD and have experience of independently designing and conducting qualitative research, leading qualitative analysis, publishing qualitative or mixed-methods research, and engaging with organisational partners and stakeholders. The Grade 8 role will involve greater responsibility for research design and analysis, scientific publications, stakeholder engagement and the overall development of the project. This is an exciting opportunity to contribute to an international, applied research project with the potential to inform organisational practice and approaches to mental health stigma at work. Please clearly state in your application whether you are applying for the Grade 7 or Grade 8 position. What we offer: Aston University is a dynamic and vibrant campus located within Birmingham city centre, which has excellent transport links via bus or train. Excellent training and development opportunities. A generous annual leave scheme with 30 days bookable leave and a further 13 days bank holiday and University Closure days. Everyday discounts to a number of activities and retailers. Great family friendly policies. On site gym and pool with discounted staff membership available Further information on our Benefits and Rewards can be found here . £31,236 to £46,049 per annum (pro-rata). Grade 07 to Grade 08",part_time,Public Health,Public Health Research,Clinical Research,https://www.jobs.ac.uk/job/DSQ893/research-associate,2026-08-19,,,PhD,,,,
United Kingdom,GB,+44,Keele,Keele University,hospital,https://www.jobs.ac.uk/images/employer-logos/medium/79.gif,,Research Associate: Epidemiology/Biostatistics,"Grade 7 Salary Range £38,784 - £47,389 (Incremental progression) Full Time Fixed Term until 31 st October 2028 Agile working (blend of home and office based)/ Arrangements for job share would be considered The Opportunity We are looking for a motivated team member to join a research project in Keele University’s School of Medicine with a specific focus on the preparation of analysis of routinely collected electronic health records for research. The post holder will join our vibrant team of methodologists and clinicians based in the School of Medicine and work closely with the School’s Biostatistics team and the Keele Health and Care Data Research Network on a study funded by Muscular Dystrophy UK. You will have a PhD in epidemiology, biostatistics or other related subject with a a large quantitative component. You will also have knowledge and experience of the processing, preparation and analysis of large, complex, routinely collected datasets. The Benefits The University recognises that its success depends upon the contribution and dedication of its talented staff. In return, we have a competitive benefits package available, including: Competitive rate of pay with annual increments within the grade (Keele Spine) Generous annual leave entitlement with opportunities to purchase additional leave Excellent staff pension scheme Access to continued personal, professional and career development On site ‘outstanding’ nursery Discounted health & fitness facilities on site Cycle to work scheme (subject to eligibility) Please note that the starting salary will typically be at the bottom of the pay scale shown above The University is committed to operating flexible working practices wherever possible. The University Keele University is renowned for its exciting approach to higher education, innovative research, beautiful campus, strong community spirit and excellent student experience. With a turnover in excess of £170 million, over 15,000 students and a total staff of approximately 2000, the University provides high quality teaching across a wide range of academic and vocational subjects and promotes world-class research. Further information can be found at https://www.keele.ac.uk/about/ Keele University values equity and diversity across our workforce and to ensuring our staff community is reflective of the diversity of our student population. In support of these commitments the University welcomes applications from individuals of Black, Asian and ethnic minority backgrounds for all roles. How to Apply For full post details and to find out more about working at Keele please click the 'Apply' button above For informal enquiries may be addressed to Sara Muller s.muller@keele.ac.uk ). Applications to this address will not be accepted. Closing Date: 20 th September 2026 Interviews will be held on: 6 th October 2026 £38,784 to £47,389 (Incremental progression) Grade 7",full_time,Public Health,Epidemiology,Public Health,https://www.jobs.ac.uk/job/DSQ980/research-associate-epidemiology-biostatistics,2026-08-19,,,PhD,,,,
United Kingdom,GB,+44,London,"City St George’s, University of London",hospital,https://www.jobs.ac.uk/images/employer-logos/medium/55.gif,,Postdoctoral Research Associate - AI,"City St George’s, University of London is the University of business, practice and the professions and brings together the expertise and excellence of City, University of London and St George’s, University of London into one institution. The combined university is now one of the largest higher education destinations for London students, combining a breadth of disciplines across health, business, policy, law, creativity, communications, science and technology. Our students are at the heart of everything that we do, and we are committed to supporting them to pursue their career and personal ambitions. Our research is engaged, at the frontier of practice and has a positive impact on the world around us. The Department of Computer Science, within the School of Science and Technology, is seeking a Postdoctoral Research Associate to join the project When Victims Ask AI: A Feasibility Study Evaluating Chatbot Safety for Coercive Control and Non-Physical Domestic Abuse. Led by the Centre for Online-Safety, Safeguarding, Privacy and Identity (COSPI), the project brings together expertise from computer science, criminology, clinical practice and specialist Violence Against Women and Girls (VAWG) organisations. The research will evaluate how widely used AI chatbots respond to scenarios involving coercive control, emotional and psychological abuse, economic abuse and technology-facilitated abuse, generating evidence to inform policy, practice and the responsible development of AI systems. You will provide technical and intellectual leadership for the computer science components of the project, designing, implementing and managing a reproducible evaluation framework for testing leading large language model (LLM) chatbots, developing software tools for automated experimentation, response collection, data management and analysis. Working closely with colleagues from criminology, clinical practice and partner or ganisations, you will help translate real-world safeguarding concerns into rigorous research protocols. You will analyse chatbot performance, consistency and robustness across a range of scenarios, contribute to the development of benchmark datasets and evaluation methodologies, and support the dissemination of findings through publications, reports and policy-facing outputs. Applicants should hold, or be nearing completion of, a PhD in Computer Science, AI, Data Science, Software Engineering or a related discipline. You will have strong technical expertise in machine learning, large language models and data analysis, alongside experience of high-quality empirical research. The role requires excellent collaboration and communication skills. Experience in AI evaluation, safety testing or responsible AI research is desirable. Closing date for redeployment applications: 23 rd August 2026 at 23:59. If you are a redeployee, please email your CV and cover letter with the job title and reference number, demonstrating how you meet the essential criteria outlined in the person specification. All other applicants must submit their applications online. Closing date for all applications: 6 th September 2026 at 23:59. For more information, refer to the job description. City St George’s offers a sector-leading salary, pension scheme and benefits including a comprehensive package of staff training and development. City St George’s, University of London is committed to promoting equality, diversity and inclusion in all its activities, processes, and culture for our whole community, including staff, students and visitors. We welcome applications regardless of age, caring responsibilities, disability, gender identity, gender reassignment, marital status, nationality, pregnancy, race and ethnic origin, religion and belief, sex, sexual orientation and socio-economic background. City St Ge orge’s operates a guaranteed interview scheme for disabled applicants. The University of business, practice and the professions.",full_time,Public Health,Public Health Research,Clinical Research,https://www.jobs.ac.uk/job/DSQ967/postdoctoral-research-associate-ai,2026-08-19,,,PhD,,,,
United Kingdom,GB,+44,London,"City St George’s, University of London",hospital,https://www.jobs.ac.uk/images/employer-logos/medium/55.gif,,"Postdoctoral Research Associate, Criminology","City St George’s, University of London is the University of business, practice and the professions and brings together the expertise and excellence of City, University of London and St George’s, University of London into one institution. The combined university is now one of the largest higher education destinations for London students, combining a breadth of disciplines across health, business, policy, law, creativity, communications, science and technology. Our students are at the heart of everything that we do, and we are committed to supporting them to pursue their career and personal ambitions. Our research is engaged, at the frontier of practice and has a positive impact on the world around us. The Department of Sociology and Criminology, within the School of Policy and Global Affairs, is seeking a Postdoctoral Research Associate to join the project When Victims Ask AI: A Feasibility Study Evaluating Chatbot Safety fo r Coercive Control and Non-Physical Domestic Abuse. Led by the Centre for Online-Safety, Safeguarding, Privacy and Identity (COSPI), the project brings together expertise from computer science, criminology, clinical practice and specialist Violence Against Women and Girls (VAWG) organisations. The research will evaluate how widely used AI chatbots respond to scenarios involving coercive control, emotional and psychological abuse, economic abuse and technology-facilitated abuse, generating evidence to inform policy, practice and the responsible development of AI systems. The successful candidate will play a key role in this interdisciplinary research project, contributing to the analysis and interpretation of findings and ensuring the work remains informed by victim-survivor experiences and safeguarding considerations. Working closely with partner organisations, practitioners and policymakers, they will support the production of reports, publications and presentations, c ontribute to project delivery and milestones, and uphold the highest standards of research ethics, confidentiality, information security and data governance. Applicants should hold, or be nearing completion of, a PhD in Criminology, Sociology, Victimology or a related discipline. They will have expertise in Violence Against Women and Girls (VAWG), particularly domestic abuse, coercive control and technology-facilitated victimisation. Knowledge of digital technologies, online platforms and AI in VAWG contexts is essential. Candidates should have experience in qualitative and/or mixed-methods research, excellent communication and collaboration skills, and a commitment to ethical, trauma-informed and impactful research. Additional information Closing date for redeployment applications: 23 rd August 2026 at 23:59. If you are a redeployee, please email your CV and cover letter with the job title and reference number, demonstrating how you meet the essential criteria outlined in the person specification. All other applicants must submit their applications online. Closing date for all applications: 6 th September 2026 at 23:59. For more information refer to the job description. City St George’s offers a sector-leading salary, pension scheme and benefits including a comprehensive package of staff training and development. City St George’s, University of London is committed to promoting equality, diversity and inclusion in all its activities, processes, and culture for our whole community, including staff, students and visitors. We welcome applications regardless of age, caring responsibilities, disability, gender identity, gender reassignment, marital status, nationality, pregnancy, race and ethnic origin, religion and belief, sex, sexual orientation and socio-economic background. City St George’s operates a guaranteed interview scheme for disa bled applicants. The University of business, practice and the professions.",hybrid,Public Health,Public Health Research,Clinical Research,https://www.jobs.ac.uk/job/DSQ966/postdoctoral-research-associate-criminology,2026-08-19,,,PhD,,,,
United Kingdom,GB,+44,London,Imperial College London,hospital,https://www.jobs.ac.uk/images/employer-logos/medium/6.gif,,Research Associate in Quantum Computation,"Location: South Kensington Campus About the role: Dr Zhenyu Cai’s research group in the Department of Computing seeks a highly motivated and exceptionally talented quantum theorist to lead projects aimed at developing a full-stack approach to suppressing errors in quantum hardware. This research focuses on achieving practical quantum computation by integrating techniques ranging from hardware-level noise suppression, quantum error mitigation, all the way to full fault-tolerant computation. What you would be doing: The successful candidate will contribute to cutting-edge theoretical research in topics including (but not limited to): Quantum architectures, compilation, and scalable quantum systems Quantum error correction Quantum error mitigation Hardware implementation of quantum error correction/mitigation protocols This post is primarily funded by the EPSRC Quantum Technologies Fellowship held by Dr Cai. The appointee will benefit from Imperial’s vibrant quantum research environment, with opportunities for close collaboration with researchers across different departments and also under the Imperial Centre for Quantum Engineering, Science and Technology. Although theory-focused, the position encourages engagement with experimental partners, including existing industrial partners of the group like Quantum Motion, QuEra, IBM, Nvidia, etc. The project will support research visits and joint activities with these collaborators. The research will involve both analytical work and numerical computations. The balance between analytical and numerical type work is flexible and can depend on the preferences and skills of the successful applicant. Access to high-performance computing facilities and cloud-based quantum hardware will be provided to support the simulation and verification of theoretical methods. What we are looking for: A PhD in Computer Science, Mathematics, Physics or a closely related discipline, or equivalent research / industrial experience. Practical experience within a research environment and publication in relevant and refereed journals / conferences in the field of quantum computation. Experience of working with research funders and industrial partners Experience of error correction simulation using packages like Stim and/or conducting large quantum circuit simulation and experience of scientific programming involving HPC or GPU systems; experience of participating in collaborative software projects; use of GitHub or similar are desirable. Please see job description for full list of requirements What we can offer you: You will have the opportunity to continue your career at a world-leading institution. Imperial College is currently ranked #2 in the QS world university rankings with the Department of Computing ranked top of the 2021 UK REF assessment. You will receive a sector-leading salary and remuneration package (including 39 days off a year) and a comprehensive early career development support package including 10 training and development days. Further Information *Candidates who have not been awarded a PhD you will be appointed at Research Assistant level within the salary range: £45,399 - £48,876 per annum Full-time, Fixed term to start as soon as possible for 36 months To apply, please click 'Apply’ to be redirected to our website. In addition to completing the online application candidates should attach: A curriculum vitae. Please highlight two or three most significant publications, each with a short paragraph (100 words or so) on their significance. A research statement describing your proposed research and how your experience meets the above requirements (do not exceed 3 pages excluding references). If you require any further details on the role, please contact Dr Zhenyu Cai: z.cai1@imperial.ac.uk For queries regarding the application process contact Jamie Perrins: j.perrins@imperial.ac.uk Closing Date: 18 th October 2026 (midnight) £50,733 to £59,484 per annum",full_time,Public Health,Public Health Research,Clinical Research,https://www.jobs.ac.uk/job/DSO210/research-associate-in-quantum-computation,2026-08-19,,,PhD,,,,
United Kingdom,GB,+44,Keele,Keele University,hospital,https://www.jobs.ac.uk/images/employer-logos/medium/79.gif,,Post Doctoral Research Associate,"Salary Range £38,784 - £47,389 per annum (Incremental progression). Grade 7 Fixed Term until 31 st March 2029 The Opportunity An exciting opportunity has arisen to join the School of Life Sciences as a Postdoctoral Research Associate on a project aimed at improving the evidence base for rare and understudied bat species. This role forms part of a collaborative, multi-partner research project involving Natural England, the Bat Conservation Trust, Vincent Wildlife Trust and local bat groups, as part of Natural England’s Species Recovery Programme. The successful candidate will play a central role in delivering field and analytical components of the project, including hibernation and maternity roost monitoring; acoustic data collection and processing; the integration of environmental and roost‑level datasets utilising GIS and earth observation data; and statistical modelling. They will work closely with the project’s lead researchers, external partners, and volunteer networks to coordinate fieldwork, manage data, and contribute to high-quality research outputs. The successful candidate will hold a PhD in ecology or related field, and have strong quantitative and analytical skills, with experience in some, but not necessarily all, of the following areas: acoustic monitoring, ecological fieldwork, spatial & statistical data analysis, bat ecology, or closely related area. The role would suit an ambitious early career researcher who is keen to develop expertise in applied conservation science, species recovery, and collaborative research. The Benefits The University recognises that its success depends upon the contribution and dedication of its talented staff. In return, we have a competitive benefits package available, including: Competitive rate of pay with annual increments within the grade (Keele Spine) Generous annual leave entitlement with opportunities to purchase additional leave Excellent staff pension scheme Access to continued personal, professional and career development On site ‘outstanding’ nursery Discounted health & fitness facilities on site Cycle to work scheme (subject to eligibility) Please note that the starting salary will typically be at the bottom of the pay scale shown above The University is committed to operating flexible working practices wherever possible. The University Keele University is renowned for its exciting approach to higher education, innovative research, beautiful campus, strong community spirit and excellent student experience. With a turnover in excess of £170 million, over 15,000 students and a total staff of approximately 2000, the University provides high quality teaching across a wide range of academic and vocational subjects and promotes world-class research. Further information can be found at https://www.keele.ac.uk/about/ Keele University values equity and diversity across our workforce and to ensuring our staff community is reflective of the diversity of our student population. In support of these commitments the University welcomes applications from individuals of Black, Asian and ethnic minority backgrounds for all roles. Please note this appointment is subject to medical clearance by the University’s Occupational Health provider. How to Apply To apply online for this vacancy and for full post details and copies of job descriptions, please click on the ' Apply' button above. Keele University employees wishing to apply should login to Employee Self Service and click on the 'View current vacancies' link. Informal enquiries may be addressed to Christian Devenish ( c.devenish@keele.ac.uk ). Applications to this address will not be accepted. Closing Date: 13 th September 2026 Interviews will be held on: 28 th September 2026 £38,784 to £47,389 per annum (Incremental progression). Grade 7",full_time,Public Health,Public Health Research,Clinical Research,https://www.jobs.ac.uk/job/DSQ900/post-doctoral-research-associate,2026-08-19,,,"PhD, Life Sciences",,,,
United Kingdom,GB,+44,Edinburgh,The University of Edinburgh,hospital,https://www.jobs.ac.uk/images/employer-logos/medium/67.gif,,Research Midwife,"Full-time: 35 hours. (part-time hours may be considered) Fixed-term: January 2027 - December 2027 The Opportunity: Together we can do great things. Be part of something bigger. A unique employer in a vibrant city The University isn’t just any employer. We are part of a local community and a contributor to global thinking, progress and research. In Edinburgh, you are in one of the world’s most attractive cities with active arts and social sectors, while working in a University that has made significant contributions to society, medicine, physics and teaching for over four centuries. Our people have helped create the modern world and are working on more ground-breaking technologies and practices. We can offer opportunities for you to develop in your career and make a real difference in the communities around us while contributing to the world at large. Make a meaningful impact Join the University of Edinburgh and the Edinburgh Pregnancy Research Team and you’ll be making a difference to everything around you. Be part of something bigger — where you’ll do meaningful work, grow and progress, be rewarded and recognised, and benefit from our strong commitment to your wellbeing. There are so many reasons to join us. Job type: Clinical Research Midwife People have always been at the heart of our work. As part of the University, you are a part of our community. We are looking for people with drive, determination, and a passion for what they do. We are a place where everyone is welcome and offer a range of policies and benefits designed to support you in building the right meaningful/personalised flexibility for you. We are looking for a Research Midwife to join the Edinburgh Pregnancy Research Team (EPRT) to support clinical trials and research studies in pregnant women/people and their babies. Based in the Institute for Neuroscience and Cardiovascular Research and NHS Lothian RIE, the successful candidate will be assigned to one or more research studies, working closely with colleagues in EPRT, University of Edinburgh, NHS Lothian, and the Edinburgh Reproductive Tissue Biobank. Knowledge of the pregnancy journey and associated care from an antenatal clinic setting through to birth and beyond is essential. The post holder will have excellent communication skills and be able to plan and manage a busy workload according to the needs of the studies. They will ensure the highest standard of care is delivered to research participants, in accordance with the protocols, Good Clinical Practice Guidelines (GCP) and applicable legislation. Informal enquiries can be made to Professor Rebecca Reynolds ( R.Reynolds@ed.ac.uk ). A market pay supplement equivalent to 7% of salary shall be payable in addition to substantive salary. Additionally, the normal incremental pay range for this post will be points 1-9 of the published scales. An Honorary NHS contract will be sought for the successful post holder. You therefore must be eligible to hold an honorary contract with NHS Lothian, and must also be registered with the Nursing & Midwifery Council. Apply Before : 04/09/2026, 23:59 £34,610 to £39,906 per annum (plus 7% market pay supplement)",full_time,Non Clinical,Clinical Research,Clinical Research,https://www.jobs.ac.uk/job/DSQ825/research-midwife,2026-08-19,,,,,,,
United Kingdom,GB,+44,Manchester,The University of Manchester,hospital,https://www.jobs.ac.uk/images/employer-logos/medium/92.gif,,Research Associate in Protein Engineering & Biocatalysis,"Research Associate position is available in Prof Anthony Green’s group at the Manchester Institute of Biotechnology (MIB) — a world‑class, cross‑disciplinary centre bringing together more than 500 researchers across chemistry, molecular biology, biochemical engineering, synthetic biology, materials science, analytics and computational methods. The role aims to advance the design and engineering of enzymes with new function and drive their application in sustainable manufacturing. We’re looking for researchers with a strong foundation in enzyme engineering, biocatalysis, protein expression and mutagenesis/directed evolution, and a track record of developing innovative experimental approaches. Candidates should have, or expect to complete, a PhD (or equivalent)and have their thesis submitted before starting. Working under the supervision of Prof Green, you’ll lead the development and optimisation of new protein design and engineering methodologies. You’ll build and evaluate libraries of redesigned enzymes, create high‑throughput screening and selection workflows, and explore diverse biocatalytic strategies to deliver highly proficient biocatalysts for a wide range of chemical transformations. You’ll collaborate closely with academic and industrial partners and contribute to research outputs across multiple projects within the Green Group. (Grades 6-9) Our benefits include: • Generous employer contribution pension • 29 days annual leave plus bank holidays, along with Christmas closure • Ride to work and EV car scheme available For more information, please see University of Manchester Benefits . You can also find information on our Flexible and Hybrid working here . We are an open place of enquiry and challenge. We embrace and celebrate difference, diversity and debate, and we pride ourselves on being a place of education, learning and community where we are able, within the law, to question and test received wisdom, express new ideas and explore controversial or unpopular topics and opinions. Find out more from our Freedom of Speech Policy . Enquiries about the role, shortlisting and interviews Name: Prof Anthony Green Email: anthony.green@manchester.ac.uk General enquiries and administrative support recruitmentservices.people@manchester.ac.uk Technical and job portal support https://jobseekersupport.jobtrain.co.uk/support/home Applications close at midnight on the closing date.",full_time,Public Health,Public Health Research,Clinical Research,https://www.jobs.ac.uk/job/DSQ821/research-associate-in-protein-engineering-and-biocatalysis,2026-08-19,,,PhD,,,,
United Kingdom,GB,+44,Manchester,The University of Manchester,hospital,https://www.jobs.ac.uk/images/employer-logos/medium/92.gif,,Bioinformatics Research Associate,"We are seeking an enthusiastic and committed postdoctoral research associate to join the Arthritis UK Centre of Excellence in Genetics and Genomics, based at the University of Manchester. You will work closely with a research team working on a Medical Research Council funded project which aims to characterize non-coding regions of the genome that confer risk to osteoarthritis using functional genomics, with the ultimate goal of identifying the genes that cause osteoarthritis, the mechanisms by which osteoarthritis-associated SNPs alter their target genes and novel therapeutic targets. You will be responsible for: To carry out statistical and bioinformatic analysis for an array of high throughput genomics and functional genomics experiments in large patient cohorts, including Hi-C, CUT&RUN, ATAC-Seq, RNA-Seq, and single cell RNA-seq. To develop and apply bioinformatic pipelines for multi-omics data integration and functional annotation of GWAS variants. To develop functionally weighted polygenic risk scores (PRS). To efficiently plan work and be able to effectively multitask multiple projects. Contribute to academic output including conference abstracts, conference presentations and peer-reviewed publications. We welcome candidates who bring diverse perspectives, experiences, and approaches to their work. About You We encourage applications from individuals with a wide range of backgrounds and experiences. You should demonstrate: Essential Criteria Hold, or be about to obtain, a PhD in functional genomics or bioinformatics. Strong background and theoretical knowledge of functional genomics, epigenetics and regulation of gene expression. Proven experience in the analysis and interpretation of genomics data, such as Hi-C, ATAC-seq, RNA-seq and/or CUT&RUN. Experience in appropriate operating systems and programming languages e.g. Linux, Python, R. Excellent interpersonal and communication skills and ability to work with colleagues at all levels. Desirable Criteria Experience in multi-omics integration and functional annotation of GWAS variants. Experience in the generation of polygenic risk scores. Experience in analysing single cell RNA-seq data. Kowledge of public resources of human epigenomic data, e.g. Roadmap, Blueprint, Encode. Experience with statistics. We value transferable skills and real-world experience as much as formal qualifications. Our benefits include: • Generous employer contribution pension • 29 days annual leave plus bank holidays, along with Christmas closure • Ride to work and EV car scheme available For more information, please see University of Manchester Benefits . You can also find information on our Flexible and Hybrid working here . We are an open place of enquiry and challenge. We embrace and celebrate difference, diversity and debate, and we pride ourselves on being a place of education, learning and community where we are able, within the law, to question and test received wisdom, express new ideas and explore controversial or unpopular topics and opinions. Find out more from our Freedom of Speech Policy . Enquiries about the role, shortlisting and interviews Name: Gisela Orozco Email Address: gisela.orozco@manchester.ac.uk General enquiries and administrative support recruitmentservices.people@manchester.ac.uk Technical and job portal support https://jobseekersupport.jobtrain.co.uk/support/home Applications close at midnight on the closing date.",full_time,Public Health,Public Health Research,Clinical Research,https://www.jobs.ac.uk/job/DSQ804/bioinformatics-research-associate,2026-08-19,,,PhD,,,,
United Kingdom,GB,+44,Edinburgh,The University of Edinburgh,hospital,https://www.jobs.ac.uk/images/employer-logos/medium/67.gif,,Research Associate in Energy System Modelling and Market Design,"Full-time: 35 hours per week Fixed term: 36 months Help us redefine what’s possible. Be part of something bigger. The University isn’t just any employer. We are part of a local community and a contributor to global thinking, progress and research. In Edinburgh, you are in one of the world’s most attractive cities with active arts and social sectors, while working in a University that has made significant contributions to society, medicine, physics and teaching for over four centuries. Our people have helped create the modern world and are working on more ground-breaking technologies and practices. The Opportunity: We are pleased to announce a fully funded Research Associate position in multi-energy markets and planning at the School of Engineering, University of Edinburgh. This position is part of a new EPSRC-funded research project led by Dr Andrew Lyden, examining how energy market design and interactions between electricity, heat and hydrogen can inform long-term energy system planning. The transition to net zero requires planning approaches that capture not only technologies and infrastructure, but also the markets, policies and decisions that shape how the energy system develops. The project will address this challenge by developing new open-source modelling capabilities for Great Britain. This will include an integrated multi-energy system model, alongside agent-based approaches for representing the behaviour of investors, aggregators, consumers and other energy sector actors. The research will explore how different market and policy arrangements affect investment, system operation and infrastructure need across the electricity, heat and hydrogen sectors. The successful candidate will have an important role in shaping and delivering the research. They will contribute to model development, scenario design, data analysis, research publications and engagement with academic, policy and industry partners. There will be scope to further develop expertise across energy system optimisation, electricity market modelling, agent-based modelling and integrated energy system analysis, depending on the candidate’s background and interests. The post will also provide opportunities to lead publications, develop open-source research software, present findings at international conferences and work with organisations involved in energy policy, regulation, system planning, and industry. This post is full-time (35 hours per week); however, we are open to considering flexible working patterns. We are also open to considering requests for hybrid working (on a non-contractual basis) that combines a mix of remote and regular on-campus working. Apply before : 01/09/2026, 23:59 £41,064 to £48,822 per annum",full_time,Public Health,Public Health Research,Clinical Research,https://www.jobs.ac.uk/job/DSQ842/research-associate-in-energy-system-modelling-and-market-design,2026-08-19,,,,,,,
United Kingdom,GB,+44,Cardiff,Cardiff University,hospital,https://www.jobs.ac.uk/images/employer-logos/medium/130.gif,,Research Associate,"The Centre for Energy Waste and the Environment, within the School of Engineering at Cardiff University is seeking to recruit a highly motivated researcher with experience in Electronics, Electrical, Mechanical, Aerospace or Physics to contribute to an exciting Innovate UK project entitled PHOENIX (Pumping Hydrogen with Optimised and Effective cryogeNIX). The role will involve conducting research within the specialist area, carrying out supporting work that helps lead to the publishing of high-quality research. To pursue excellence in research and to inspire others to do the same. This post is full time (35 hours per week), available immediately and is fixed term until 31 December 2026. Salary: £41,064 - £46,049 per annum (Grade 6). We do not anticipate appointing this position above point Grade 6, Point 32, £41,064 per annum. For informal enquiries about the post please contact Dr Rukshan Navaratne at NavaratneR@cardiff.ac.uk For further details about working at Cardiff School of Engineering please contact Karen Baldwin/Chiara Riolo /Bev Jones at Enginadmin@cardiff.ac.uk The School of Engineering holds an Athena SWAN Bronze Award that recognises good employment practice and a commitment to develop the careers of women working in science. Cardiff University is an equal opportunities employer and positively encourages applications from suitably qualified and eligible candidates regardless of sex, race, disability, age, sexual orientation, gender reassignment, religion or belief, marital status, or pregnancy and maternity. For this vacancy we actively encourage women to apply. We will also consider proposals for flexible working or job share opportunities. Closing date: Friday, 4 September 2026 Cardiff University is committed to supporting and promoting equality and diversity and to creating an inclusive working environment. We believe this can be achieved through attracting, developing, and retaining a diverse range of staff from many different backgrounds. We therefore welcome applicants from all sections of the community regardless of sex, ethnicity, disability, sexual orientation, trans identity, relationship status, religion or belief, caring responsibilities, or age. We especially welcome and encourage applications from those under-represented groups within the University workforce, such as those who identify as LGBT+, Ethnic Minority or those with disabilities. In supporting our employees to achieve a balance between their work and their personal lives, we will also consider proposals for flexible working or job share arrangements. Applications may be submitted in Welsh, and an application submitted in Welsh will not be treated less favourably than an application submitted in English. Cardiff University is a signatory to the San Francisco Declaration on Research Assessment (DORA), which means that in hiring and promotion decisions we will evaluate applicants on the quality of their research, not publication metrics or the identity of the journal in which the research is published. More information is available at: Responsible research assessment - Research - Cardiff University £41,064 to £46,049 per annum (Grade 6)",full_time,Public Health,Public Health Research,Clinical Research,https://www.jobs.ac.uk/job/DSQ703/research-associate,2026-08-18,,,,,,,
United Kingdom,GB,+44,Liverpool,University of Liverpool,hospital,https://www.jobs.ac.uk/images/employer-logos/medium/88.gif,,Postdoctoral Research Associate - Grade 7,"We are seeking an enthusiastic and highly motivated Postdoctoral Research Associate in Microbial Bioinformatics to join the PathNoma Alliance, an international multidisciplinary research programme investigating the microbiological and immunological basis of noma. You will lead defined components of the bioinformatic analysis of shotgun metagenomic sequence data generated from oral samples collected from children with noma and geographically matched control participants across multiple study sites. Building on our initial metagenomic study of noma, you will develop and apply reproducible analytical workflows to characterise microbial community composition and function, recover and analyse metagenome-assembled genomes, identify candidate disease-associated organisms and pathways, and integrate microbiome findings with clinical, epidemiological, and immunological data. You should have a PhD, or be close to completion, in bioinformatics, computational biology, microbial genomics or a related discipline, together with substantial experience in microbial bioinformatics and the analysis of shotgun metagenomic or microbial genome sequence data. You should have experience of comparative microbial genomics, including genome assembly, annotation and phylogenetic or pangenomic analysis, and be confident working in Linux and high-performance computing environments using R, Python, or equivalent tools. You will also need a strong understanding of reproducible research, statistical analysis, and the integration of sequence data with associated clinical or biological metadata, alongside evidence of contributing to scientific publications. The ability to work independently while collaborating effectively within an international multidisciplinary consortium is essential; experience of human-associated microbiomes, metagenome-assembled genomes or communicating in French would be advantageous. This post is fixed term, the preferred start date January 2027 – for up to 42 months. Discover more about working here ( www.liverpool.ac.uk/working/whyworkhere ). If you are still awaiting your PhD to be awarded you will be appointed at Grade 6, spine point 30. Upon written confirmation that you have been awarded your PhD, your salary will be increased to Grade 7, spine point 31. Commitment to diversity The University of Liverpool is committed to enhancing workforce diversity. We actively seek to attract, develop, and retain colleagues with diverse backgrounds and perspectives. We welcome applications from all genders/gender identities, Black, Asian, or Minority Ethnic backgrounds, individuals living with a disability, and members of the LGBTQIA+ community. For full details and to apply online, please visit: recruit.liverpool.ac.uk £39,906 to £46,049 per annum",full_time,Public Health,Public Health Research,Clinical Research,https://www.jobs.ac.uk/job/DSQ672/postdoctoral-research-associate-grade-7,2026-08-18,,,PhD,,,,
United Kingdom,GB,+44,Manchester,The University of Manchester,hospital,https://www.jobs.ac.uk/images/employer-logos/medium/92.gif,,Research Associate in Fabrication and Investigation of Nanofluidic and Proton-Conducting Devices,"Job reference: SAE-032125 Salary: £37,694 - £46,049 per annum depending on experience Faculty/Organisational Unit: Science and Engineering Location: Oxford Road Employment type: Fixed Term Division/Team: Department of Physics & Astronomy Hours Per Week: 35 hours per week (1 FTE) Closing date (DD/MM/YYYY): 31/08/2026 Contract Duration: Fixed term for 36 months School/Directorate: School of Natural Sciences This is an opportunity for talented researchers in experimental materials science and/or condensed matter physics to create new nanoscale capillaries and devices based on assembly of atomically-flat crystals and study molecular and ion transport through them. The post is available immediately for up to 36 months and is based at the Department of Physics and Astronomy, a world-class science centre with a broad scope of research. You will be responsible for: Adhering to all relevant health and safety procedures. Maintaining accurate, comprehensive and secure records of research data. Training students and others in skills appropriate to the project. Preparation of research papers for publication. Presentations at national and international meetings. About you Essential criteria Applicants should hold or be close to acquiring a PhD in materials science, condensed matter physics or equivalent A strong publication record in internationally peer-reviewed journals and an ability to write scientific reports and contribute to writing research papers. Experience in the following is required: fabrication of nanoscale devices, preferably using atomically thin materials; their characterisation; photolithography and e-beam lithography; thin-film deposition; wet and reactive ion etching; SEM and AFM characterisation. Ability to work collaboratively within a group and, also, to work independently, with minimal supervision. Good written and oral communication skills, including communicating technical information effectively, proven by a strong publication record. Desirable criteria Previous postdoctoral experience would be an advantage. Experience of working in a cross-disciplinary environment. Development of fabrication technologies for low-dimensional materials such as graphene. Our benefits include: Generous employer contribution pension 29 days annual leave plus bank holidays, along with Christmas closure Ride to work and EV car scheme available For more information, please see University of Manchester Benefits . You can also find information on our Flexible and Hybrid working here . We are an open place of enquiry and challenge. We embrace and celebrate difference, diversity and debate, and we pride ourselves on being a place of education, learning and community where we are able, within the law, to question and test received wisdom, express new ideas and explore controversial or unpopular topics and opinions. Find out more from our Freedom of Speech Policy . Enquiries about the role, shortlisting and interviews Name: Sarah Watson Email Address: sarah.watson@manchester.ac.uk General enquiries and administrative support recruitmentservices.people@manchester.ac.uk Technical and job portal support: jobseekersupport.jobtrain.co.uk/support/home Applications close at midnight on the closing date. £37,694 to £46,049 per annum depending on experience",full_time,Public Health,Public Health Research,Clinical Research,https://www.jobs.ac.uk/job/DSQ669/research-associate-in-fabrication-and-investigation-of-nanofluidic-and-proton-conducting-devices,2026-08-18,,,PhD,,,,
United Kingdom,GB,+44,Liverpool,University of Liverpool,hospital,https://www.jobs.ac.uk/images/employer-logos/medium/88.gif,,LCTC Head of Clinical Trial Operations,"Hybrid working: A minimum requirement of 40% on Campus, with 60% considered desirable where possible Join a World-Class Academic Trials Unit. Are you a strategic leader with a passion for clinical research? The Liverpool Clinical Trials Centre (LCTC), within the University of Liverpool’s Faculty of Health and Life Sciences, is seeking a Head of Clinical Trial Operations to lead on all aspects of operational activity. As a key member of the LCTC leadership team, you’ll drive operational excellence, strategic growth, and stakeholder engagement across a diverse portfolio of clinical trials—from first-in-human studies to large-scale randomized trials. You’ll collaborate closely with the LCTC Director to align operations with institutional goals and research priorities. We’re looking for someone with: Proven leadership in clinical trial operations with a background in trial management or quality assurance; a deep understanding of UK clinical research regulations and funding landscape; strong strategic planning and project management skills; excellent communication, negotiation, and analytical abilities. Our commitment to Equality, Diversity and Inclusion We are committed to enhancing a workforce as diverse as our community and particularly encourage applicants who are of minoritised genders and ethnic backgrounds, living with a disability, and/or are members of the LGBTQIA+ community. For full details and to apply online, please visit: recruit.liverpool.ac.uk £61,759 to £75,917 per annum (Grade 9)",full_time,Non Clinical,Clinical Research,Clinical Research,https://www.jobs.ac.uk/job/DSQ657/lctc-head-of-clinical-trial-operations,2026-08-18,,,Life Sciences,,,,
United Kingdom,GB,+44,Sheffield,University of Sheffield,hospital,https://www.jobs.ac.uk/images/employer-logos/medium/111.gif,,Research Associate (Stem Cell Biology),"Job description: We are seeking an independent and motivated Research Associate to work on an MRC-funded project focusing on the links between metabolism and epigenetic regulation of stem cell fate decisions. The successful applicant will employ genetically engineered human pluripotent stem cell (hPSC) lines to examine how one-carbon metabolism, a key biochemical pathway generating essential metabolites for epigenetic regulation, influences neural differentiation. This project is a close collaboration with the group of Dr Yaser Atlasi from Queen's University Belfast. Applicants must hold a PhD (or be close to completion / have equivalent postdoctoral work experience) in a subject related to stem cell/developmental biology. Experience in culture and differentiation of hPSCs toward neuronal lineages alongside immunocytochemistry/imaging, flow cytometry and qPCR are essential. The successful candidate will be expected to have excellent interpersonal, written and communication skills, and be able to work to a high standard. The University of Sheffield is a remarkable place to work. Our people are at the heart of everything we do. Their diverse backgrounds, abilities and beliefs make Sheffield a world-class university. We offer a fantastic range of benefits including a highly competitive annual leave entitlement (with the ability to purchase more), a generous pensions scheme, flexible working opportunities, a commitment to your development and wellbeing, a wide range of retail discounts, and much more. £38,784 to £42,254 per annum",full_time,Public Health,Public Health Research,Clinical Research,https://www.jobs.ac.uk/job/DSQ615/research-associate-stem-cell-biology,2026-08-18,,,PhD,,,,
United Kingdom,GB,+44,Newcastle upon Tyne,Newcastle University,hospital,https://www.jobs.ac.uk/images/employer-logos/medium/96.gif,,Senior Information Systems & Data Manager,"Company description: We are a world class research-intensive university. We deliver teaching and learning of the highest quality. We play a leading role in economic, social and cultural development of the North East of England. Attracting and retaining high-calibre people is fundamental to our continued success. Job description: The Role Newcastle Clinical Trials Unit (NCTU) is a thriving UKCRC Registered academic unit, working in collaboration with investigators to design and deliver clinical trials that answer important clinical questions and bring meaningful impact to patients and the NHS. We are delighted to offer an exceptional opportunity for a Senior Information Systems and Data Manager to join our senior team and lead the strategic development of data management and information systems across the Unit. In this pivotal leadership role, you will ensure the accuracy, security and integrity of data across a diverse portfolio of clinical trials. You will work closely with Chief Investigators, trial teams, biostatisticians, University IT, and national partners to design, implement and oversee high‑quality data management systems and processes. Your expertise will help ensure that NCTU remains at the forefront of best practice, regulatory compliance and digital innovation in clinical trial data management. You will lead and develop the Data Management Team, providing strategic direction, professional support and oversight of day‑to‑day operations. You will act as the Unit’s Information Governance Lead, taking responsibility for secure systems to host NHS Digital and other sensitive data, and ensuring robust governance frameworks are in place. You will also play a key role in shaping the Unit’s strategic direction, contributing to quality improvement initiatives, digital solutions and intelligent information systems. This is a highly collaborative role, requiring excellent communication, leadership and organisational skills, alongside deep knowledge of clinical trial design, regulatory requirements, information governance and data management methodologies. You will represent NCTU nationally, engaging with networks and stakeholders to promote best practice and maintain our position as a leader in clinical trial data management. If you are an experienced data management professional with a passion for clinical research, digital innovation and high‑quality data systems, we would be delighted to hear from you. For informal enquiries, please contact Helen Hancock ( helen.hancock@newcastle.ac.uk ). To read more about how we make a difference, please click here . The role is a permanent, full time, but we welcome conversations about flexible working arrangements or reduced hours. We offer a blended approach to home and office working, with at least 50% office‑based working. £47,389 to £50,253 with progression to £56,535 per annum",hybrid,Non Clinical,Clinical Data Management,Clinical Data Management,https://www.jobs.ac.uk/job/DSQ614/senior-information-systems-and-data-manager,2026-08-18,,,,,,,
United Kingdom,GB,+44,Cambridge,University of Cambridge,hospital,https://www.jobs.ac.uk/images/employer-logos/medium/52.gif,,Senior Scientific Associate (Bioanalytical Mass Spectrometry),"Join us at the world-leading CRUK Cambridge Institute. We're a unique department of the University of Cambridge, core funded by Cancer Research UK's charitable activities, and we're eagerly searching for an experienced Senior Scientific Associate to join our Bioanalytical Mass Spectrometry Core Facility. The core facility provides technical advice, direction, and service to scientists at all levels of the Institute and external collaborators. The core facility offers a diverse analytical service for the quantification of therapeutic molecules to a wide range of research and clinical based projects and trials (requiring GCP compliance). The successful candidate will be responsible for the daily maintenance, calibration, and operation of Sciex Triple quadrupole and QTOF instruments (6500, and 6600) and associated UHPLC systems. They will be ensuring mass spectrometry equipment is running optimally, developing quantitative LC-MS/MS based assays together with other members of the core facility team, alongside validating LC-MS/MS based assays to the current OECD M10 guidelines to support clinical trials and providing a metabolomics service to the Institute research groups. The Senior Scientific Associate within the Core Facility is an experienced scientist in both Liquid Chromatography hyphenated to mass spectrometry (LC-MS/MS) of small molecules/drug compounds, metabolomics, antibody-drug-conjugates (ADC), antibody-oligonucleotide conjugates (AOC), antibody-biopolymer conjugate (ABC), and bioanalysis (e.g. pharmacokinetics, toxicological assessments, and ICH GCP E6 (R3) compliant sample analysis for clinical trials). The role holder will act independently to provide sample analysis and LC-MS/MS scientific and technical support, training to other team members and members of research groups including Research Assistants, Postdoctoral Research Associates, Clinical Fellows and PhD students. The role is a hands-on technical specialist role ensuring the day to day running of LC-MS/MS instrumentation, fit for purpose method development, GCP regulated and non-regulated sample analysis, metabolomics data analysis, reporting, and instrument maintenance responsibilities to maintain an uninterrupted service. Candidates will ideally have a postgraduate qualification or equivalent experience in a relevant discipline, coupled with advanced scientific and laboratory knowledge in the LC-MS/MS and experience in a GCP regulated environment as Analytical Project Manager . Experience in the analysis of large molecule therapeutics would be advantageous (proteins, mAb & ADCs). We are principally seeking a Grade 7 Senior Scientific Associate, but will consider appointing at Grade 8 Principal Scientific Associate level (£42,254-£56,535) for an exceptionally experienced candidate. Once an offer of employment has been accepted, the successful candidate will be required to undergo a basic disclosure (criminal records check) check, a health assessment and a security check. To apply online for this vacancy and to view further information about the role, please click the 'Apply' button above. Please ensure that you upload a covering letter and CV in the Upload section of the online application. The covering letter should outline how you match the criteria for the post and why you are applying for this role. If you upload any additional documents which have not been requested, we will not be able to consider these as part of your application. Please include details of your referees, including email address and phone number, one of which must be your most recent line manager. Closing date: 31st August 2026 Interview Date: To be confirmed The University actively supports equality, diversity and inclusion and encourages applications from all sections of society. The University has a responsibility to ensure that all employees are eligible to live and work in the UK. £35,608 to £46,049 per annum",full_time,Non Clinical,Clinical Research,Clinical Research,https://www.jobs.ac.uk/job/DSQ606/senior-scientific-associate-bioanalytical-mass-spectrometry,2026-08-18,,,PhD,,,,
United Kingdom,GB,+44,Glasgow,University of Strathclyde,hospital,https://www.jobs.ac.uk/images/employer-logos/medium/118.gif,,Post-doctoral Research Associate DISPOP,"The Department of Government and Public Policy invites applications from emerging scholars for a Postdoctoral Research Associate to support and contribute to the Economic and Social Research Council (ESRC) Responsive Mode project Disability and Political Parties (DISPOP). DISPOP is a collaborative project led by Professor Elizabeth Evans (University of Southampton) and Professor Stefanie Reher (University of Strathclyde). Despite reporting high levels of interest in electoral politics, disabled people are under-represented in legislatures around the world. To understand why these patterns occur, what barriers exist, and how to redress these inequalities, we need to study the relationship between disability and political parties - the key institution linking citizens and electoral politics. Political parties are important vehicles for mobilising and organising groups of citizens with an interest in politics; yet there are no studies focussed on how disabled people experience and perceive political parties, nor whether, when, and how parties think about disability, accessibility and inclusion. DISPOP aims to: (1) identify, analyse, and compare barriers experienced by disabled people (2) map and evaluate existing party initiatives and best practices (3) explore to what extent formal rules and informal norms render parties ableist institutions 4) co-produce recommendations with Disabled People’s Organisations to make politics more accessible. The University of Strathclyde is a leading, multi award-winning technological university in the heart of Glasgow, one of the UK’s most exciting student cities. Rated by the Daily Mail as University of the Year 2026, research is central to everything we do. It informs our teaching and helps us make a difference to business, industry and society. Almost 90% of research produced by the University of Strathclyde was rated ‘world-leading’ or ‘internationally excellent’ in the UK Research Excellence Framework (REF) 2021. The Department of Government and Public Policy combines world-class teaching and research exploring political systems and institutions worldwide. The Department has particular strength in the study of political representation of under-represented groups and quantitative methods. Our Research Excellence Framework 2021 submission was the highest-rated in the UK, with 62% of research rated world-leading and 100% of impact rated outstanding. The post holder will play a prominent role in developing conceptual and methodological innovations to study disability and political parties across Denmark, Germany, Spain and the UK. The role will require using quantitative, qualitative, and mixed methods, including survey design and analysis, survey experiments, interviews, and ethnographic methods. The post holder will take a role in all stages of the research process, from conceptualisation to data collection and analysis, as well as writing up and presenting findings, including attending international and domestic conferences and co-authoring publications. There is scope for the post holder to bring their own skills and interests to the study design. The post holder will work under the supervision of Professor Stefanie Reher and in close collaboration with Professor Elizabeth Evans and a postdoctoral research associate at the University of Southampton. The post holder will be the main point of contact for either the Danish or Spanish case. Therefore, it is a strong advantage for applicants to be familiar with the political party system in either Denmark or Spain, and have good writing and conversation skills in either Danish or Spanish, in addition to having a keen interest in the role of disability in politics.",full_time,Public Health,Public Health Research,Clinical Research,https://www.jobs.ac.uk/job/DSQ462/post-doctoral-research-associate-dispop,2026-08-18,,,,,,,
United Kingdom,GB,+44,Cambridge,University of Cambridge,hospital,https://www.jobs.ac.uk/images/employer-logos/medium/52.gif,,"De Ying Research Associate and Curator, Contemporary Art Projects (3 years, Fixed Term)","The Fitzwilliam Museum: Opening up the past to transform our futures. As the principal museum of the University of Cambridge and the largest cultural venue in the region, The Fitzwilliam Museum acts as a crucial bridge between the University, the City and the rest of the world, and has an international reputation for extraordinary research, world class exhibitions, award-winning public programmes and significant collections spanning many cultures and centuries. The Hamilton Kerr Institute (HKI) is one of the world's leading centres for teaching and research in conservation and heritage science. We invite applicants to provide curatorial expertise in the delivery of an ambitious programme of exhibitions, while contributing to and developing research on the collection. Working collaboratively with colleagues across the Museum, the postholder will help deliver contemporary projects in line with institutional processes while bringing creativity and fresh thinking to their implementation. The role involves supporting and undertaking a broad range of activities. These include liaising with multiple stakeholders, such as living artists, conducting collection and loans research, contributing to administration and drafting interpretive texts. The postholder will be based in and expected to contribute as a member of the Curatorial department but will also work closely with teams across the Museum, including Audience and Brand, Exhibitions, Development, Participation & Learning and Public Programmes. The Project Curator: Contemporary Art will have the opportunity to contribute to wider research, build partnerships across the University and participate in research networks. We particularly encourage applicants who will seek to bring new perspectives to the collection, including from under-represented audiences and through engagement with collections' diverse histories. In return, we offer a supportive and inclusive workplace, a generous pension scheme, enhanced family leave, substantial holiday allowance, and a range of employee benefits, including retail discounts. The University actively supports equality, diversity and inclusion and encourages applications from all sections of society. The University has a responsibility to ensure that all employees are eligible to live and work in the UK. Fixed-term: The funds for this post are available for 3 years in the first instance. Once an offer of employment has been accepted, the successful candidate will be required to undergo a basic disclosure (criminal records check) check and a security check. To apply online for this vacancy and to view further information about the role, please click 'Apply' above. Interviews for the role will be held: week commencing 19th October 2026 Please quote reference DA50470 on your application and in any correspondence about this vacancy. The University actively supports equality, diversity and inclusion and encourages applications from all sections of society. The University has a responsibility to ensure that all employees are eligible to live and work in the UK.",full_time,Public Health,Public Health Research,Clinical Research,https://www.jobs.ac.uk/job/DSQ536/de-ying-research-associate-and-curator-contemporary-art-projects-3-years-fixed-term,2026-08-18,,,,,,,
United Kingdom,GB,+44,London,King's College London,hospital,https://www.jobs.ac.uk/images/employer-logos/medium/15.gif,,Postdoctoral Research Associate on the PATH Project,"About us Based centrally on the Strand Campus of King’s College London, the Department of Geography is a vibrant hub of multi-disciplinary scholarship that seeks to address the most pressing issues facing our world today. Drawing together a unique cohort of scholars, the Department includes expertise in the physical and social science dimensions of climate change, water, urban sustainability, risk and resilience and emerging economies About the role The UK team of the project Transforming places for the precariously housed: Equitable adaptation pathways for climate mobilities (PATH) is seeking a transdisciplinary researcher to support with synthesis and dissemination of data collected from across four case study locations worldwide. The researcher will work closely team members in the other case study locations of Durban, Kathmandu, and Iqaluit. We are seeking an exceptional transdisciplinary researcher to lead a piece of work that will use creative practice to enable global synthesis of research findings. This will be accompanied by qualitative analysis of data collected through the project to produce synthetic outcomes on the contribution that mobilities make to our understanding of transformational adaptation. In addition, the postholder will support in organising a dissemination workshop with a range of global stakeholders. This is a full-time post (35 Hours per week), and you will be offered a fixed-term contract until June 2027. Research staff at King’s are entitled to at least 10 days per year (pro-rata) for professional development. This entitlement, from the Concordat to Support the Career Development of Researchers, applies to Postdocs, Research Assistants, Research and Teaching Technicians, Teaching Fellows and AEP equivalent up to and including grade 7. Visit the Centre for Research Staff Development for more information. About you To be successful in this role, we are looking for candidates to have the following skills and experience: Essential criteria PhD in climate change adaptation, human geography or cognate discipline Expertise in transdisciplinary and co-produced research methods Track record in publishing scientific articles Experience using arts-based/creative approaches in co-production Proven ability in qualitative data analysis using Nvivo or similar tools Experience organising externally facing workshops or conferences Experience working collaboratively in an international and interdisciplinary context Proven ability to work independently Desirable criteria Expertise in climate-related mobilities Effective project management skills and demonstrable ability to work at pace to meet deadlines Experience managing stakeholder relationships and working in a practitioner/policy context Good understanding of intersectionality and best practice when working with diverse groups Downloading a copy of our Job Description Full details of the role and the skills, knowledge and experience required can be found in the Job Description document, provided at the bottom of the page. This document will provide information of what criteria will be assessed at each stage of the recruitment process. Please note that this is a PhD level role but candidates who have submitted their thesis and are awaiting award of their PhDs will be considered. In these circumstances the appointment will be made at Grade 5, spine point 30 with the title of Research Assistant. Upon confirmation of the award of the PhD, the job title will become Research Associate and the salary will increase to Grade 6. Further information At King’s, we believe that the diversity of our community and a culture that is welcoming, open, inclusive and collaborative, are great strengths of the university. £45,031 to £47,379 per annum including London Weighting Allowance",full_time,Public Health,Public Health Research,Clinical Research,https://www.jobs.ac.uk/job/DSQ533/postdoctoral-research-associate-on-the-path-project,2026-08-18,,,PhD,,,,
United Kingdom,GB,+44,Oxford,University of Oxford,hospital,https://www.jobs.ac.uk/images/employer-logos/medium/102.gif,,Clinical Trial Administrator,"Location: Department of Oncology, Oncology Clinical Trials Office (OCTO), Level 2, Cancer & Haematology Department, Churchill Hospital, Headington, Oxford, OX3 7LE About the role We have an exciting opportunity for a Clinical Trial Administrator (CTA) to join the Oncology Clinical Trials Office (OCTO), working in a team of trial management professionals, running clinical trials and studies across a varied portfolio. The post holder will be responsible for a range of activities required in the day-to-day running of clinical trials. CTAs will usually work on 1-3 trials, offering the opportunity to be involved in and learn about a wide range of clinical trial management activities. OCTO is based in the Department of Oncology, University of Oxford. OCTO develops and runs academic clinical trials and studies and is proactive in improving clinical trial procedures. Working to the highest standards our trials are concerned with the practical application of high-quality clinical research into early detection and prevention strategies and innovative and effective cancer therapies. There will be the occasional need to travel to participating hospitals or national meetings (approximately twice a year, sometimes with the need for overnight stays). The post is based in Oncology Clinical Trials Office (OCTO), Level 2, Cancer & Haematology Department, Churchill Hospital, Headington, Oxford, OX3 7LE, and is offered on a full-time, fixed-term contract for 2 years in the first instance. An early start date is essential for this role. About you You will be educated to at least A-level in a biomedical or associated subject (or other relevant qualification) and have previous experience in a clinical research setting, with an understanding of Good Clinical Practice (GCP). You will have experience of managing and working with clinical research or patient data e.g. data entry, data coding, entry validation and reporting, with critical and intelligent attention to detail and high standards of accuracy. You will have effective communication and inter-personal skills, including written and spoken English, and strong administrative skills including email, minute-taking, and use of Microsoft Office (Word, Excel, PowerPoint). Experience in working on oncology clinical trials in a non-commercial setting would be advantageous. Application Process If you would like to discuss this role, please contact OCTO at octo-enquiries@oncology.ox.ac.uk You will be required to upload your CV, a Supporting Evidence Form and the names and contact details of two referees as part of your online application. Your supporting evidence form should list each of the essential and desirable selection criteria, as listed in the job description, and explain how you meet each one. Both documents must be submitted to be considered. Only applications received before noon on Wednesday 02 September 2026 can be considered. We welcome applications from individuals from all backgrounds, including those under-represented within higher education. No applicant or members of staff shall be unlawfully discriminated against on the basis of age, disability, gender reassignment, marriage or civil partnership, pregnancy or maternity, race, religion or belief, sex, or sexual orientation Committed to equality and valuing diversity £32,108 to £37,338 per annum (pro rata for part-time). Grade 5",full_time,Non Clinical,Clinical Research,Clinical Research,https://www.jobs.ac.uk/job/DSQ530/clinical-trial-administrator,2026-08-18,,,,,,,
United Kingdom,GB,+44,London,King's College London,hospital,https://www.jobs.ac.uk/images/employer-logos/medium/15.gif,,Research Associate,"About us: King’s College London is a world leading research-intensive university. The Centre for Rheumatic Diseases, Department of Inflammation Biology, School of Immunology & Microbial Sciences, is looking to recruit an enthusiastic postdoctoral research associate to investigate chromatin conformation signatures in individuals at risk of developing rheumatoid arthritis. This work is funded by Arthritis UK and follows on from a successful clinical trial, published in the Lancet, demonstrating that rheumatoid arthritis can be prevented by treating people at risk with immune modulatory therapy. The successful candidate will work with the King’s team on the Guy’s Campus in collaboration with partners at the Universities of Leeds, Birmingham and Glasgow, and with our biotechnology partner Oxford Biodynamics who have developed genome-wide and qPCR tools to detect changes in chromatin architecture. About the role: The successful candidate will undertake a laboratory-based research project aimed at understanding the mechanism whereby individuals at risk of rheumatoid arthritis (RA) progress to disease (Signatures of Risk of Rheumatoid Arthritis: the SORIRA study). This will involve investigating cellular and molecular processes in immune cell subsets, including T-cells, that lead to changes in chromatin architecture at genomic loci likely to regulate the expression of immunologically important genes. This work will involve in vitro cell-based assays, protocols for T helper cell activation and differentiation, immune phenotyping and gene targeting approaches. In silico analyses, including using R studio and Python, will support this work. There will also be opportunities to study the relationship between genetic variants acquired from genome-wide association studies and genome wide changes in chromatin. The successful candidate will also be expected to contribute to project management of the SORIRA study and its collaborations. This is a full-time post 35 hours per week, and you will be offered a fixed-term contract until 30 th September 2030. Research staff at King’s are entitled to at least 10 days per year (pro-rata) for professional development. This entitlement, from the Concordat to Support the Career Development of Researchers , applies to Postdocs, Research Assistants, Research and Teaching Technicians, Teaching Fellows and AEP equivalent up to and including grade 7. Visit the Centre for Research Staff Development for more information. About you: (the candidate) To be successful in this role, we are looking for candidates to have the following skills & experience: Essential criteria A PhD in immunology, molecular biology, or other relevant subject Experience in immune cell-based work Experience in immune phenotyping and flow cytometry Experience in basic molecular biology methods, including analysis of gene expression Desirable criteria Previous experience in analysis of large genomic datasets Previous experience in gene targeting approaches Previous experience in research relating to T cell immunobiology Experience of coding in R studio and/or Python Previous experience in project management Downloading a copy of our Job Description Full details of the role and the skills, knowledge and experience required can be found in the Job Description document, provided at the bottom of the page. This document will provide information of what criteria will be assessed at each stage of the recruitment process. * Please note that this is a PhD level role but candidates who have submitted their thesis and are awaiting award of their PhDs will be considered. In these circumstances the appointment will be made at Grade 5, spine point 30 with the title of Research Assistant. £45,031 to £52,514 per annum including London weighting allowance",full_time,Public Health,Public Health Research,Clinical Research,https://www.jobs.ac.uk/job/DSQ528/research-associate,2026-08-18,,,PhD,,,,
United Kingdom,GB,+44,Bath,University of Bath,hospital,https://www.jobs.ac.uk/images/employer-logos/medium/44.gif,,CEREBRIS Research Associate (AI for Neurotechnology),"About the role Join the CEREBRIS project, a flagship European Innovation Council (EIC) Pathfinder programme developing next-generation AI and neurotechnology to transform stroke diagnosis, prognosis and rehabilitation. Working within the Bath Institute for the Augmented Human , you will collaborate with leading researchers and an international consortium to deliver cutting-edge translational research. In this role you will: Develop & apply advanced AI methods, including multimodal foundation models and deep learning, to analyse complex neurotechnology & clinical datasets. Work with multimodal data including EEG, fNIRS, MRI, movement analysis & clinical assessments to develop explainable AI for stroke recovery. Publish high-impact research, contribute to international collaborations, and present your work at leading conferences. Help shape the future of AI-driven neurotechnology within a multidisciplinary team spanning computer science, engineering, neuroscience & clinical research. As a member of Research Staff at the University of Bath, you will be encouraged to take up a minimum of 10 days professional development pro-rata per year. A lower grade offer may be made (Grade 6) with comparable reduction in responsibilities & amendment in job title to Research Assistant, if a suitable applicant cannot be found to fill the Grade 7 position. Applicants will need to be within 6 months of their course completion date and will be promoted to Research Associate once their PhD has been awarded. About you We are looking for a motivated researcher with a passion for applying AI to solve real-world healthcare challenges. You will have strong technical skills, experience with neurophysiological data, and enjoy working collaboratively within a multidisciplinary research environment. Essential: A PhD (or equivalent experience and professional qualification) in Artificial Intelligence, Computer Science, Machine Learning, Biomedical Engineering, Computational Neuroscience or a closely related discipline. Experience developing AI or machine learning methods using frameworks such as PyTorch and/or TensorFlow. Hands-on experience acquiring, processing & analysing EEG and/or functional near-infrared spectroscopy (fNIRS) data. Experience developing robust signal processing and/or machine learning pipelines for complex datasets. Evidence of research excellence, including publications or the potential to publish in high-quality peer-reviewed journals. Excellent programming, analytical, written and verbal communication skills. Ability to work independently and collaboratively within a multidisciplinary research team. Excellent organisational skills with the ability to manage competing priorities and meet project deadlines. A commitment to conducting research to the highest professional & ethical standards. Desirable: Experience with multimodal AI, foundation models, generative AI or representation learning. Experience integrating neurophysiological data with neuroimaging, movement or clinical datasets. Experience with GPU-accelerated computing or high-performance computing environments. Experience contributing to research proposals, supervising students or working within international collaborative research projects. Further information This is a full-time (36.5 hours per week) fixed-term role lasting approximately 36 months. For an informal discussion regarding the role please contact Damien Coyle at dhc30@bath.ac.uk . Interview date: Tuesday 22 September 2026 We consider ourselves to be a university where difference is celebrated, respected and encouraged. We have an excellent international reputation with staff from over 60 different nations and have made a positive commitment towards gender equity and intersectionality receiving a Silver Athena SWAN award. We truly believe that diversity of experience, perspectives, and backgrounds will lead to a better environment for our employees and students and encourage applications from all genders, backgrounds, and communities, particularly from under-represented groups, and value the positive impact that will have on the university. We are committed to maintaining a safe and secure environment for our students, staff, and community. £38,784 to £46,049. Grade 7, per annum",full_time,Public Health,Public Health Research,Clinical Research,https://www.jobs.ac.uk/job/DSQ480/cerebris-research-associate-ai-for-neurotechnology,2026-08-18,,,PhD,,,,
United Kingdom,GB,+44,Glasgow,University of Glasgow,hospital,https://www.jobs.ac.uk/images/employer-logos/medium/72.gif,,Research Associate in Digital Chemistry and Chemputation,"This post is full-time (35 hours per week), and has funding available for up to 1 year in the first instance. Applications are invited for a position to join the Digital Chemistry and Chemputation team lead by Professor Lee Cronin ( www.croninlab.com ) in the area of software and database development for chemputation working in a multidisciplinary team. The successful candidate will have skills (or interest) in some of the following: artificial intelligence, photocatalyst development, chemistry, robotics, High throughput synthesis, enantioselective synthesis, application of THE approaches to methodology development reactor design & development, chemical automation. The postholder will have a PhD in Chemistry with a strong background or experience of automated high throughput organic synthesis from industry. Informal enquiries should be directed to Professor Lee Cronin at Lee.Cronin@glasgow.ac.uk For more information and to apply please click the 'Apply' button above We strongly endorse the principles of Athena SWAN, including a supportive and flexible working environment, with commitment from all levels of the organisation in promoting gender equality. The University of Glasgow, charity number SC004401.",full_time,Public Health,Public Health Research,Clinical Research,https://www.jobs.ac.uk/job/DSQ625/research-associate-in-digital-chemistry-and-chemputation,2026-08-18,,,PhD,,,,
United Kingdom,GB,+44,Glasgow,University of Glasgow,hospital,https://www.jobs.ac.uk/images/employer-logos/medium/72.gif,,Research Associate - Peptide Chemist,"This post is full time (35 hours per week) and has funding available for up to 1 year in the first instance. The School of Chemistry are looking for a Research Associate who will make a leading contribution to a Department of Defense Threat Reduction Agency (DTRA) funded project focused on the synthesis and characterisation of conotoxin peptides working with Professor Andrew Jamieson. The successful candidate will also be expected to contribute to the formulation and submission of research publications and research proposals as well as help manage and direct this complex and challenging project as opportunities allow. Informal enquiries should be directed to Professor Andrew Jamieson at Andrew.Jamieson.2@glasgow.ac.uk The University of Glasgow has a responsibility to ensure that all employees are eligible to live and work in the UK. If you require a Skilled Worker visa to work in the UK, you will be required to meet the eligibility requirements of the visa route to be assigned a Certificate of Sponsorship. Please note that this post may be eligible to be sponsored under the Skilled Worker visa route if tradeable points can be used under the Skilled Worker visa rules. For more information please visit: www.gov.uk/skilled-worker-visa For more information and to apply please click the 'Apply' button above Closing date: 31 st August 2026 at 23:45 We strongly endorse the principles of Athena SWAN, including a supportive and flexible working environment, with commitment from all levels of the organisation in promoting gender equality. The University of Glasgow, charity number SC004401. per annum (Grade 7)",full_time,Public Health,Public Health Research,Clinical Research,https://www.jobs.ac.uk/job/DSQ648/research-associate-peptide-chemist,2026-08-18,,,,,,,
United Kingdom,GB,+44,York,University of York,hospital,https://www.jobs.ac.uk/images/employer-logos/medium/137.gif,,Research Associate 'Watts Right' Project,"Based at University of York campus (with some remote working options available) The ‘Watts Right?’ Project is a collaboration between the School of Business and Society and the Department of Environment and Geography to explore the shifting nature of public sentiment on Net Zero and clean energy policy. The politics of net zero and clean energy in the UK has changed. The cross-party consensus on climate action broke down in 2025 and political positions on Net Zero have polarised. At York, Dr Stephen Hall (SBS/DEG) is leading the ‘Watts Right?’ project along with Prof Carolyn Snell (SBS). The project is an academic investigation into how members of the voting public, specifically on the political right, are experiencing net zero, clean energy, and climate policies in their lives. The project asks who has been left behind in climate policy to date, and how the framing of clean energy policy intersects with the daily lives of right of centre voters. Watts Right is funded by the UK Energy Research Centre (UKERC) and is delivered in collaboration with the University of Leeds. The successful candidate will be joining a wider group of energy researchers in the UK tackling live challenges in the energy transition. Role We are looking for an outstanding researcher to deliver an exciting series of both qualitative and quantitative engagements designed to better understand the experiences, opinions and expectations of clean energy amongst people who are currently considering voting for right of centre political parties in the UK. The successful candidate will conduct research on the Watts Right? project under the supervision of Hall and Snell and will contribute to the production of research outputs. The role includes recruiting participants to longitudinal qualitative research, which will include: developing photographic diaries, undertaking deep semi-structured interviews, and analysing political and policy attitudes to energy and climate action. The successful applicant will be able to work effectively across a diverse range of political and social contexts. Skills, Experience & Qualification needed The essential requirements for this role include an undergraduate degree alongside a PhD (close to completion or equivalent experience) in energy or climate politics, policy, or public engagement. Candidates should possess knowledge of climate/energy politics, public opinion, and public-facing qualitative research techniques, complemented by strong written and oral communication skills for publishing research, presenting at conferences, drafting proposals, and securing funding. Essential experience includes delivering independent and collaborative research, publishing academic work, and demonstrating personal attributes such as attention to detail, a collaborative and proactive ethos, strong workload prioritisation, and enthusiasm for the project's focus. Desirable assets include knowledge of domestic clean energy policy and experimental survey design, as well as practical experience in participant recruitment, ethical data management, public engagement in climate initiatives, and innovative qualitative methods centred on lived experience. Interview date: To be confirmed For informal enquiries: please contact Dr Steve Hall: steve.hall@york.ac.uk The University strives to be diverse and inclusive – a place where we can ALL be ourselves. We particularly encourage applications from people who identify as Black, Asian or from a Minority Ethnic background, who are underrepresented at the University. We offer family friendly, flexible working arrangements, with forums and inclusive facilities to support our staff. #EqualityatYork £37,694 to £42,254 per year (reduced pro-rata)",hybrid,Public Health,Public Health Research,Clinical Research,https://www.jobs.ac.uk/job/DSP698/research-associate-watts-right-project,2026-08-17,,,PhD,,,,
United Kingdom,GB,+44,Swansea,Swansea University,hospital,https://www.jobs.ac.uk/images/employer-logos/medium/133.gif,,Clinical Research Nurse,"About The University Swansea University is a research-led university that has been making a difference since 1920. The University community thrives on exploration and discovery and offers the right balance of excellent teaching and research, matched by an enviable quality of life. Our stunning waterfront campuses and multicultural community make us a desirable workplace for colleagues from around the world. Our reward and benefits, and ways of working enable those who join us to have enriching careers, matched by an excellent work-life balance. About The Role This is a permanent role working 28 hours per week The post holder will be working on a range of clinical research studies including pharmaceutical, and peer funded projects in a variety of disease areas. Training will be given to suitable candidates in respect of clinical trial procedures and regulatory processes This will include the Identification of suitable patients, recruitment and review of all patients whether in an outpatient or inpatient context and the delivery of certain specified clinical Investigations/procedures. The post holder will work closely with all members of the research team ensuring protocols and treatments are strictly adhered to within the necessary tight timelines, evaluate and regularly assess patient safety/compliance. Equality, Diversity & Inclusion The University is committed to supporting and promoting equality and diversity in all its practices and activities. We aim to establish an inclusive environment and welcome diverse applications from the following protected characteristics: age, disability, gender reassignment, marriage and civil partnership, pregnancy and maternity, race (including colour, nationality, ethnic and national origin), religion or belief, sex, sexual orientation. As an inclusive and welcoming workplace, we value people for their skills regardless of their background. Applications are welcome in Welsh and will not be treated less favourably than those submitted in English. Welsh Language Skills The Welsh language level required for this role is Level 1 - A little. The role holder will be able to pronounce Welsh words, answer the phone in Welsh (good morning/afternoon) and use very basic everyday words and phrases (thank you, please etc.). Level 1 can be reached by completing a 1 hour course. The University is a proud bilingual institution, our Welsh Language Strategy outlines our aspiration to promote the language and enable our staff to engage with the language as an additional workplace skill and as a gateway to new cultural and social opportunities. Applications are welcome in Welsh and will not be treated less favourably than those submitted in English. Welsh speakers have the right to an interview in Welsh. Applicants for a role where Welsh skills are essential are expected to present their application in Welsh and will be interviewed in Welsh, if shortlisted. Additional Information Applications for this role will take the format of a CV submission and cover letter. A satisfactory DBS certificate must be provided before a start date can be confirmed £34,132 to £38,249 per annum",part_time,Non Clinical,Clinical Research,Clinical Research,https://www.jobs.ac.uk/job/DSQ216/clinical-research-nurse,2026-08-17,,,,,,,
United Kingdom,GB,+44,Belfast,Queen's University Belfast,hospital,https://www.jobs.ac.uk/images/employer-logos/medium/107.gif,,QCAP Data Manager,"About the job: This post plays a key role in QCAP's Data for Action Pillar providing data products expertise and support in developing bespoke dashboards and other novel products to our community partners. Using expertise to support QCAP staff and community partners the role holder will be a point of contact for all data related issues and as such will be required to network more broadly across the University and with key external stakeholders. About the person: Essential Criteria: Hold at least a 2:1 degree (or equivalent) in Data Science, Computer Science or a related field OR substantial relevant experience in similar role(s) Significant relevant experience – minimum of 3 years’ (e.g. as a Data Technician/ Data Analyst or in a closely related role). Demonstrable knowledge and experience in the creation of and interrogation of interactive data visualisations and dashboards. Demonstrable experience and proficiency in Python and/or R. Demonstrable experience of the ability to write and maintain clean, efficient, and well-documented code for data analysis and statistical tasks. To be successful at shortlisting stage, please ensure you clearly evidence in your application how you meet the essential and, where applicable, desirable criteria listed in the Candidate Information document on our website.",full_time,Non Clinical,Clinical Data Management,Clinical Data Management,https://www.jobs.ac.uk/job/DSQ205/qcap-data-manager,2026-08-17,3,,,,,,
United Kingdom,GB,+44,Keele,Keele University,hospital,https://www.jobs.ac.uk/images/employer-logos/medium/79.gif,,Professor / Senior Lecturer in Veterinary Public Health,"The Opportunity The Harper and Keele Veterinary School is seeking to appoint a suitably qualified and experienced leader in Veterinary Public Health appointable at Professorial or Senior Lecturer level. The role will lead on a major area of teaching and research focus for the School and both universities. We are looking for a creative and forward-thinking colleague who can provide academic leadership to coordinate resources and expertise across both Harper Adams and Keele universities and who can engage with key strategic partners and other relevant stakeholders within and beyond the veterinary profession. An ability to engage with colleagues working in social sciences, policy and business to ensure that knowledge exchange is relevant and implemented is advantageous. The successful candidate will be a senior member of the HKVS team with the potential for a key leadership role. A unique partnership between two outstanding universities, the Harper and Keele Veterinary School brings together two distinctive institutions with a track record of excellence in teaching and student experience to provide an exciting new opportunity for veterinary students to train within rural Staffordshire and Shropshire. Together Keele and Harper Adams universities have 186 years of heritage in the animal and human health areas. Both institutions are recognised for their strengths in employability, student satisfaction and first class teaching and have a shared commitment to research in food security and sustainability. The joint veterinary school provides students with the opportunity to take advantage of both institutions with a common commitment to excellence and complementary skills. The appointee will be expected to demonstrate a commitment to the school’s widening access to the veterinary profession for students from all backgrounds and to embrace and engage in the School’s culture of innovation in teaching and learning. To be successful you will require a degree in veterinary medicine and higher qualifications in veterinary public health. You will also have a proven track record of teaching and assessing within a Higher Education setting. The role can be based at either campus but will require regular travel between Harper Adams and Keele for teaching, research and leadership duties. The Harper & Keele Veterinary School is committed to operating flexible working practices wherever possible. T he Benefits The School recognises that its success depends upon the contribution and dedication of its talented staff. In return, we have a competitive benefits package available, including: Competitive rate of pay with annual increments within the grade (Keele Spine) Generous annual leave entitlement with opportunities to purchase additional leave Excellent staff pension scheme Access to continued personal, professional and career development On site ‘outstanding’ nursery (Keele site) Discounted health & fitness facilities on site (Keele site) Cycle to work scheme (subject to eligibility) The Harper & Keele Vet School values diversity, and is committed to ensuring equality of opportunity, and to proper and fair representation across its senior decision making groups. In support of these commitments, the University particularly welcomes applications from individuals of Black, Asian and ethnic minority backgrounds for all roles. Please note this appointment is subject to medical clearance by the University’s Occupational Health provider. How to Apply For full post details please click the 'Apply' button above. For informal enquiries may be addressed to Prof Matt Jones, Head of School. Email: m.d.jones1@hkvets.ac.uk. Applications to this address will not be accepted. Closing Date: 31 st August 2026 Depending on candidate experience Grade 10 Professorial Scale or Grade 9 from £59,966 - £69,488 dependant on experience",full_time,Public Health,,Public Health,https://www.jobs.ac.uk/job/DSP704/professor-senior-lecturer-in-veterinary-public-health,2026-08-17,,,MD,,,,
United Kingdom,GB,+44,Sheffield,University of Sheffield,hospital,https://www.jobs.ac.uk/images/employer-logos/medium/111.gif,,Research Associate in Planning (0.9 FTE),"We have an exciting opportunity in the School of Geography and Planning for a researcher with an interest in the political dimensions of urban planning. Based in one of the UK’s foremost planning schools, you will work with Dr Jason Slade on the ESRC-funded project, ‘Planning and populism: professionals at the precipice’. The project will investigate the relationship between planning and populism in England, looking to explore the implications of new political complexities, understand how planners are navigating them, and how planning might be reimagined for the 21st century. You will use your skills to make a vital contribution to the project: conducting a variety of original qualitative research, undertaking analysis of data and disseminating findings in high quality outputs. The varied and dynamic role provides an excellent opportunity to develop your skills and take the next step in your career. We are seeking candidates with a PhD in planning or a discipline of relevance to the project. You should have demonstrable understanding of urban planning in the UK, as well as experience of undertaking qualitative research, ideally including ethnographic and participatory methods.",hybrid,Public Health,Public Health Research,Clinical Research,https://www.jobs.ac.uk/job/DSQ113/research-associate-in-planning-09-fte,2026-08-17,,,PhD,,,,
United Kingdom,GB,+44,Liverpool,University of Liverpool,hospital,https://www.jobs.ac.uk/images/employer-logos/medium/88.gif,,Postdoctoral Research Associate (Proteomics and Metabolomics),"Hours of work: Full-time Tenure: Fixed term up to 1 year Applications are invited for a full-time Postdoctoral Research Associate to work in the Department of Eye and Vision Sciences and Biochemistry, Cell and Systems Biology at the University of Liverpool. The post is funded by Glaucoma UK and is fixed term for 12 months. The project, ‘Integrated Proteomic and Metabolomic Analysis of Aqueous Humour in Primary Open-Angle Glaucoma’, will examine molecular differences between aqueous humour samples from patients with primary open-angle glaucoma and age-matched cataract controls. You will work with a multidisciplinary team in ophthalmology, proteomics, metabolomics and computational biology. Responsibilities will include preparation of low-volume biological samples, support for mass-spectrometry-based proteomic and metabolomic workflows, quality control, quantitative data processing, statistical analysis and integration of proteomic and metabolomic datasets. You will also contribute to data interpretation, project reporting, manuscript preparation, conference presentations and communication of findings to patient and public audiences. Applicants should have, or be close to completing, a PhD in proteomics, metabolomics, analytical chemistry, biochemistry, systems biology, bioinformatics or a related discipline. Relevant experience in mass-spectrometry-based omics, quantitative data analysis and reproducible analytical workflows is required. If you are still awaiting your PhD to be awarded you will be appointed at Grade 6, spine point 30. Upon written confirmation that you have been awarded your PhD, your salary will be increased to Grade 7, spine point 31. Our commitment to Equality, Diversity and Inclusion We are committed to enhancing a workforce as diverse as our community and particularly encourage applicants who are of minoritised genders and ethnic backgrounds, living with a disability, and/or are members of the LGBTQIA+ community. For full details and to apply online, please visit: recruit.liverpool.ac.uk £39,906 per annum (Grade 7)",full_time,Public Health,Public Health Research,Clinical Research,https://www.jobs.ac.uk/job/DSQ119/postdoctoral-research-associate-proteomics-and-metabolomics,2026-08-17,,,PhD,,,,
United Kingdom,GB,+44,London,Imperial College London,hospital,https://www.jobs.ac.uk/images/employer-logos/medium/6.gif,,Portfolio Manager (Maternity Cover),"Location : Based at Stadium House, White City Campus About the role : As Portfolio Manager for the Imperial Clinical Trials Unit (ICTU), you will oversee the Unit’s clinical trial portfolio, ensuring studies are delivered to the highest standards, on time, within budget, and in compliance with regulatory requirements. What you would be doing : You will support the senior operational team by leading the setup of new trials, monitoring performance and key milestones, reporting portfolio metrics, and ensuring effective trial closeout and archiving across the research lifecycle. You will undertake a wide range of trial activities for ICTU studies across all stages of the research lifecycle, establishing and maintaining strong and effective working relationships with ICTU Operations Managers, Trial Managers, across the ICTU team, as well as with Investigators. You will also line manage the Unit Clinical Trial Administrators, assist with training and development programmes for the wider Unit and collaborate with the Director of Operations for the implementation of new and refined processes to ensure optimal functioning across all operational activities. What we are looking for : A full list of essential and desirable criteria can be found in the Job Description and Person Specification. You will have: A Bachelor’s degree or equivalent in a biomedical/scientific field Experience of clinical research management at a senior level Experience in the line management of research staff Expert knowledge of the governance and legislative framework for conducting clinical research studies, including Good Clinical Practice Evidence of preparing regulatory and ethics submissions, as well as other relevant trial management documentation. Strong project management skills A flexible approach to working and a desire to develop knowledge. What we can offer you : A supportive and friendly team The opportunity to continue your career at a world-leading institution and be part of our mission to use science for humanity. Benefit from a sector-leading salary and remuneration package (including 41 days’ annual leave and generous pension schemes). Access to a range of workplace benefits including a flexible working policy from day one, generous family leave packages, on-site leisure facilities and cycle-to-work scheme. Interest-free season ticket loan schemes for travel. Be part of a diverse, inclusive and collaborative work culture with various staff networks and resources to support your personal and professional wellbeing . Further Information This is a full time and fixed term maternity cover role with an expected start date of November 2026 and lasting approximately 10 months. The dates given may change should the member of staff exercise their right to return to work earlier or delay their return to work. Successful candidates will normally be appointed at the bottom of the salary scale. You will be based at Stadium House, Wood Lane, close to Wood Lane and White City tube stations. For an informal discussion about the post, please contact Angie Knight at a.knight1@imperial.ac.uk. £59,808 to £71,793 per annum plus benefits",full_time,Non Clinical,Clinical Research,Clinical Research,https://www.jobs.ac.uk/job/DSQ279/portfolio-manager-maternity-cover,2026-08-17,,,,,,,
United Kingdom,GB,+44,Bristol,University of Bristol,hospital,https://www.jobs.ac.uk/images/employer-logos/medium/49.gif,,PhD Studentship: Learning and Decision-Making Under Uncertainty in Public Health,"Funding for: Competitive Worldwide Funding Funding amount 4 year University Scholarship starting 27/28 academic year. Minimum tax-free stipend at the current UKRI rate (for 2025/26 standard stipend is £20,780, RTSG £8,400, full Tuition Fee covered). Hours: Full time Contract: Contract/temporary Closing date: 31/01/2027 The project: Decision-making under uncertainty is a fundamental challenge in AI and data science, particularly in dynamic settings where observations are collected sequentially and decisions influence future outcomes. This project will develop novel machine learning and statistical methods for adaptive learning, sequential decision-making, and control, motivated by applications in public health and epidemiology. The project will focus on methodological advances in reinforcement learning (RL), active learning, Bayesian decision theory, and stochastic optimisation for partially observed and evolving systems. Key research directions include: adaptive data acquisition strategies that maximise information gain under resource constraints; RL-based approaches for sequential intervention and control; and robust learning methods that adapt to incomplete observations, changing environments, and distributional shifts. The research will combine probabilistic modelling, network-based representations, and modern AI methods to enable scalable and interpretable decision-making in complex systems. Applications will include adaptive disease surveillance, outbreak monitoring, resource allocation, and intervention planning using dynamic mobility and contact networks as motivating examples. The methodological contributions have broader relevance to sequential optimisation and decision-making problems across AI and data science. The ideal candidate will have foundational knowledge of machine learning and strong self-motivation. You will be supervised by Dr. Mengyan Zhang (https://mengyanz.github.io/), whose research focuses on sequential decision making and public health. Dr. Zhang has published in leading venues including Nature, PNAS, ICML, AAAI, etc. She collaborates widely through the Machine Learning and Global Health network, including with researchers at the University of Oxford, Imperial College London, and the National University of Singapore. How to apply: Please make an online application for this project at http://www.bris.ac.uk/pg-howtoapply . Please select < programme title> on the Programme Choice page. You will be prompted to enter details of the studentship in the Funding and Research Details sections of the form. To apply, please send email to mengyan.zhang@bristol.ac.uk with [PhD Application + Your name] in the subject line. You will need (1) a CV, (2) a Personal Statement, which is a one- to two-page document introducing yourself and outlining your motivation for PhD research, (3) a transcript of any qualifying degrees (completed and/or underway), 4) research proposal (optional, but preferable) 5) any additional materials to support your application, e.g. research outputs, thesis, coding repository, etc. Due to the volume of enquiries, only shortlisted candidates may receive a response. Candidate requirements: Funding: 4 year University Scholarship starting 2027/28 academic year. Minimum tax-free stipend at the current UKRI rate (for 2025/26 standard stipend is £20,780, RTSG £8,400, full Tuition Fee covered). Minimum tax-free stipend at the current UKRI rate (for 2025/26 standard stipend is £20,780, RTSG £8,400, full Tuition Fee covered)",full_time,Public Health,,Public Health,https://www.jobs.ac.uk/job/DSP806/phd-studentship-learning-and-decision-making-under-uncertainty-in-public-health,2026-08-15,,,PhD,,,,
United Kingdom,GB,+44,Exeter,University of Exeter,hospital,https://www.jobs.ac.uk/images/employer-logos/medium/69.gif,,"Graduate Research Assistant, Postdoctoral Research Associate or Research Fellow","About The Role Faculty of Health and Life Sciences Graduate Research Assistant, Postdoctoral Research Associate or Research Fellow This Wellcome Trust-funded full-time post is available from 1 September 2026 until 31 August 2029. The University wishes to recruit one outstanding researcher to join the Healthy Reproductive Ageing (HERA) project, a pioneering programme at the forefront of women's health research. Working with precious human fetal and adult ovarian tissue samples, this research aims to transform our understanding of female reproductive ageing and ovary-centric diseases through the application of cutting-edge multi-omics technologies. This position is being advertised at three levels and only one appointment will be made. The appointment level will depend on the successful candidate's qualifications, skills and experience: Graduate Research Assistant (Grade E) – The successful applicant will be able to present information on research progress and outcomes, communicate complex information, orally, in writing and electronically and prepare proposals and applications to external bodies. Applicants will be educated to first degree level or possess an equivalent qualification/experience in a related field of study or equivalent experience and be able to demonstrate sufficient knowledge in the discipline and of research methods and techniques to work within established research programmes. Postdoctoral Research Associate (Grade E) – The successful applicant will be able to present information on research progress and outcomes, communicate complex information, orally, in writing and electronically and prepare proposals and applications to external bodies. Applicants will possess a relevant PhD (or nearing completion) or possess an equivalent qualification/experience in a related field of study and be able to demonstrate sufficient knowledge in the discipline and of research methods and techniques to work within established research programmes. Applicants will be able to insert skills and knowledge required. Research Fellow (Grade F) –The successful applicant will be able to develop research objectives, projects and proposals; identify sources of research funding and contribute to the process of securing funds and make presentations at conferences and other events. Applicants will possess a relevant PhD or possess an equivalent qualification/experience in a related field of study. The successful applicant will be a nationally recognised authority in insert subject area and possess sufficient specialist knowledge in the discipline to develop research programmes and methodologies. The successful applicant will also be able to work collaboratively, supervise the work of others and act as team leader as required. To learn more about the research groups and projects, please visit: Epigenomics Group: https://www.epigenomicslab.com/ Healthy Reproductive Ageing (HERA): https://www.reproductiveageing.com/ Further Information For an informal discussion about the opportunity, please contact Professor Anna Murray at a.murray@exeter.ac.uk . £33,951 to £43,482. Grade E-F",full_time,Public Health,Public Health Research,Clinical Research,https://www.jobs.ac.uk/job/DSP670/graduate-research-assistant-postdoctoral-research-associate-or-research-fellow,2026-08-14,,,"PhD, Life Sciences",,,,
United Kingdom,GB,+44,Manchester,The University of Manchester,hospital,https://www.jobs.ac.uk/images/employer-logos/medium/92.gif,,Research Associate in Programmable 2D Crystal-Ionic Inter-faces,"Applications are invited for a research position within the condensed matter physics group in the Department of Physics & Astronomy at the University of Manchester. The successful candidate will join a vibrant team of researchers who have been at the forefront of graphene research since its discovery in 2004 and will work on a series of projects relating to graphene and other 2D materials funded by the EPSRC, European Commission and a range of other international funders. The post is available from 1 October for a period of 24 months. The project will focus on the investigation of the catalytic and ion transport properties of new 2D materials. The successful candidate should have already submitted their PhD dissertation in Physics, Chemistry, Material Science or related discipline. Specialist experience in electrochemistry, device micro-fabrication in clean room environment or precision electrical measurements would be considerable advantage. The candidate should also be well-organised and self-motivated, with excellent communication skills. You will be responsible for: Developing new approaches to control catalytic and ion-transport processes in two-dimensional crystal–ionic interfaces Designing and performing electrochemical experiments to investigate interfacial charge transfer and chemical reactivity Fabricating and characterising nanoscale devices based on emerging two-dimensional materials Applying precision electrical measurements to understand the relationship between electric fields, charge transport, and chemical processes Collaborating with researchers across physics, chemistry, and materials science to advance project goals We welcome candidates who bring diverse perspectives, experiences, and approaches to their work. Our benefits include: For more information, please see University of Manchester Benefits. You can also find information on our Flexible and Hybrid working here. Generous employer contribution pension 29 days annual leave plus bank holidays, along with Christmas closure Ride to work and EV car scheme available We are an open place of enquiry and challenge. We embrace and celebrate difference, diversity and debate, and we pride ourselves on being a place of education, learning and community where we are able, within the law, to question and test received wisdom, express new ideas and explore controversial or unpopular topics and opinions. Find out more from our Freedom of Speech Policy. Enquiries about the role, shortlisting and interviews Name: Marcelo Lozada-Hidalgo Email Address: marcelo.lozadahidalgo@manchester.ac.uk General enquiries and administrative support recruitmentservices.people@manchester.ac.uk Technical and job portal support https://jobseekersupport.jobtrain.co.uk/support/home Applications close at midnight on the closing date. £37,694 to £46,049 per annum depending on experience",full_time,Public Health,Public Health Research,Clinical Research,https://www.jobs.ac.uk/job/DSP679/research-associate-in-programmable-2d-crystal-ionic-inter-faces,2026-08-14,,,PhD,,,,
United Kingdom,GB,+44,Holborn,UCL,hospital,https://www.jobs.ac.uk/images/employer-logos/medium/35.gif,,Data Manager,"About us The Comprehensive Clinical Trials Unit is a specialist unit set up within the Institute of Clinical Trials and Methodology with a specific remit to design, conduct, analyse and publish clinical trials and other well-designed studies. The CCTU provides clinical, statistical and trial operations leadership and facilitates the delivery of high quality, regulatory compliant clinical trials of investigational medicinal products (IMPs) and non-IMP trials. The CCTU is a registered CTU with the capability to centrally coordinate multi-centre clinical trials (i.e. having overall responsibility for the design, development, recruitment, data management and analysis of trials) with robust systems to ensure conduct and delivery of clinical trials to the highest quality standard. About the role We currently have a vacancy for full-time Data Manager to work within the Unit. The post holder will report to the Trial Manager. A job description and person specification is available at the bottom of the page. Please provide your CV and a cover letter explaining how your skills and experience are applicable to the role. About you An enthusiastic individual is sought for this post which is based in Holborn, London. The primary role of the post holder is to assist with the development and maintenance of data management systems to ensure efficient collection, processing, validation, and quality assurance of data from trials. The successful applicant will have experience of data entry and data management, excellent communication skills and experience of working on a clinical trial or in a medical research environment. Experience of word processing, using Microsoft Word and Excel are also essential requirements for this post. The role holder will be responsible to the Trial Manager and the post is funded until 7th September 2027. A job description and person specification can be accessed at the bottom of this page. If you have any queries regarding the vacancy please contact Liz Dean at liz.deane@ucl.ac.uk Interviews for this vacancy will take place in person on Thursday 17th September. Please note that we are unable to provide sponsored visa for this role. What we offer As well as the exciting opportunities this role presents we also offer some great benefits some of which are below: 41 Days holiday (including 27 days annual leave 8 bank holiday and 6 closure days) Defined benefit career average revalued earnings pension scheme (CARE) Cycle to work scheme and season ticket loan On-Site nursery On-site gym Enhanced maternity, paternity and adoption pay Our commitment to Equality, Diversity and Inclusion As London’s Global University, we know diversity fosters creativity and innovation, and we want our community to represent the diversity of the world’s talent. We are committed to equality of opportunity, to being fair and inclusive, and to being a place where we all belong. We therefore particularly encourage applications from candidates who are likely to be underrepresented in UCL’s workforce. These include people from Black, Asian and ethnic minority backgrounds; disabled people; LGBTQI+ people; and for our Grade 9 and 10 roles, women. You can read more about our commitment to Equality, Diversity and Inclusion here : https://www.ucl.ac.uk/equality-diversity-inclusion/ Customer advert reference: B02-11056",hybrid,Non Clinical,Clinical Data Management,Clinical Data Management,https://www.jobs.ac.uk/job/DSP643/data-manager,2026-08-14,,,,,,,
United Kingdom,GB,+44,Liverpool,University of Liverpool,hospital,https://www.jobs.ac.uk/images/employer-logos/medium/88.gif,,Post-doctoral Research Associate (Molecular Microbiologist),"Institute of Infection, Veterinary and Ecological Sciences Tenure: Fixed term for 1 year We are seeking an enthusiastic Postdoctoral Research Scientist to join a funded research project investigating the molecular basis of immune evasion of this highly antibiotic-resistant pathogen. This post will suit a motivated scientist with a PhD in Molecular Microbiology, Infection Biology or a related discipline, and experience in molecular microbiology, bacterial pathogenesis or host–pathogen interactions. Dr. Lavender’s research group investigates the molecular mechanisms of bacterial pathogenesis and host–pathogen interactions, with a particular focus on understanding how the bacterial pathogen, Neisseria gonorrhoeae , evades the innate immune defences to cause disease. If you are still awaiting your PhD to be awarded you will be appointed at Grade 6, spine point 30. Upon written confirmation that you have been awarded your PhD, your salary will be increased to Grade 7, spine point 31. Our commitment to Equality, Diversity and Inclusion We are committed to enhancing a workforce as diverse as our community and particularly encourage applicants who are of minoritised genders and ethnic backgrounds, living with a disability, and/or are members of the LGBTQIA+ community. Job Ref: 114573 Closing Date: 6 September 2026 For full details and to apply online, please click the 'Apply' button £39,906 to £46,049 pa, Grade 7",full_time,Public Health,Public Health Research,Clinical Research,https://www.jobs.ac.uk/job/DSP633/post-doctoral-research-associate-molecular-microbiologist,2026-08-14,,,PhD,,,,
United Kingdom,GB,+44,Cambridge,University of Cambridge,hospital,https://www.jobs.ac.uk/images/employer-logos/medium/52.gif,,Research Assistant/Research Associate (ARIA) (Fixed Term),"Fixed-term: The Research Associate position is available from 1 September 2026 for 18 months in the first instance. Applicants should have experience in laboratory automation in materials chemistry. Experience in building and operating automated or self-driving laboratory workflows is essential, including the integration and orchestration of robotic platforms for solution-based synthesis and characterisation. Candidates should have strong Python programming skills and experience in research data management, such as designing data pipelines and standardised data capture for high-throughput experiments. Experience with hardware instrumentation is desirable, including developing automated setups that integrate synthesis, in-line or automated characterisation (e.g. UV-Vis, photoluminescence, dynamic light scattering, or X-ray scattering/diffraction), and property testing workflows. Familiarity with agentic AI systems, machine learning for experiment planning (e.g. Bayesian optimisation and active learning), and laboratory orchestration software is welcome, and candidates with an interest in combining experimental work with data-driven approaches are strongly encouraged to apply. The successful candidate will be expected to contribute intellectually to research on autonomous experimentation, with a focus on developing robotic workflows for the high-throughput synthesis of inorganic nanoparticles on protein templates and the associated characterisation. They will lead the design of closed-loop experiments that connect robotics and real-time data management, and efforts to understand the materials assembly across length scales. They will also contribute to drafting scientific manuscripts, and support the day-to-day supervision of Master's and PhD students. Applicants should hold a PhD in Materials Science, Chemistry, Chemical Engineering, or a related discipline. They should be committed to collaborative and interdisciplinary research and demonstrate the ability to work both independently and as part of a team. The successful candidate will work in the Autonomous Materials Group under the supervision of Dr Shijing Sun and collaborate across the ARIA project teams. This job is part of an Advanced Research +Invention Agency-funded project, subject to contract negotiations, as a result funding for this position is only confirmed for 18 months at this time. Further details can be discussed at interview. Successful candidates who have not yet received their PhD by 1st September 2026 will be employed on University Grade 5 SP038 as Research Assistants (£34,610). Upon being awarded their PhD, their salary will be upgraded to Grade 7 041 (£37,694) as Research Associates. To apply online for this vacancy and to view further information about the role, please click the 'Apply' button above. We encourage early applications, as the vacancy may close before the advertised deadline if a sufficient number of suitable applications are received. Documents in support of applications should include a CV and a research statement. Should you have any queries please reach out to ss896@cam.ac.uk with a copy to hrmsm@msm.cam.ac.uk and ajt69@cam.ac.uk Please quote reference LJ50758 on your application and in any correspondence about this vacancy. The University actively supports equality, diversity and inclusion and encourages applications from all sections of society. The University has a responsibility to ensure that all employees are eligible to live and work in the UK. £33,002 to £46,049 per annum",full_time,Public Health,Public Health Research,Clinical Research,https://www.jobs.ac.uk/job/DSP625/research-assistant-research-associate-aria-fixed-term,2026-08-14,,,PhD,,,,
United Kingdom,GB,+44,Oxford,University of Oxford,hospital,https://www.jobs.ac.uk/images/employer-logos/medium/102.gif,,Postdoctoral Research Associate on Integrated Approach to Computational Complexity,"Location: Wolfson Building, Parks Road, Oxford, OX1 3QD Fixed term contract for 1 year We are excited to offer this Postdoctoral Research Associate position at the University of Oxford, under the supervision of Professor Rahul Santhanam. The post holder will become a member of a research group with responsibility for carrying out research on complexity lower bounds that combines approaches from algebraic complexity, proof complexity and meta-complexity. This is part of an EPSRC-funded project on Integrated Approach to Computational Complexity: Structure, Self-Reference and Lower Bounds . The post holder works closely with the Principal Investigator, Rahul Santhanam, but also with the co-PI at Imperial, Iddo Tzameret, and his group. This post is based at the Department of Computer Science and on-site working is required. Remote working is possible in agreement with Professor Rahul Santhanam. What we offer As an employer, we genuinely care about our employees’ wellbeing and this is reflected in the range of benefits that we offer including: An excellent contributory pension scheme 38 days annual leave (pro-rata for part-time jobs) A comprehensive range of childcare services Family leave schemes Cycle loan scheme Discounted bus travel and Season Ticket travel loans Membership to a variety of social and sports clubs Diversity Committed to equality and valuing diversity. Application process You will be required to upload an up-to-date CV and a supporting statement as part of your online application. Your supporting statement must clearly demonstrate how you meet each of the essential selection criteria listed in the job description. Applications that do not include a supporting statement or CV, or fail to address the criteria in sufficient detail, will not be considered. While we recognise the value of AI tools in assisting with application preparation, submissions that are clearly AI-generated without personalisation or insight will be rejected. It's crucial that your application reflects your own experiences and understanding of the role. The closing date for applications is noon on 28 th August 2025. Interviews are expected to be held in early September. £39,424 to £47,779 per annum (including the Oxford University Weighting of £1,730 per annum – pro rata for part-time)",full_time,Public Health,Public Health Research,Clinical Research,https://www.jobs.ac.uk/job/DSP617/postdoctoral-research-associate-on-integrated-approach-to-computational-complexity,2026-08-14,,,,,,,
United Kingdom,GB,+44,Penryn,University of Exeter,hospital,https://www.jobs.ac.uk/images/employer-logos/medium/69.gif,,Postdoctoral Research Associate / Fellow,"This Advanced Research and Innovation Agency funded full-time post is available from 1/09/2026 on till 31/08/2028, subject to contract negotiations. The Role Faculty of Environment, Science and Economy The Faculty wishes to recruit a Postdoctoral Research Associate or Fellow to participate in an exciting opportunity to join a project developing genetic tools to help protect a butterfly species from abiotic stressors. The successful applicant will develop computational tools to automatically identify the sex and physical characteristics of individual insects from images, supporting efficient, high-throughput screening across the project. As part of this role, the postholder will also help design and build a dedicated imaging platform, working closely with colleagues across the project to understand what the system needs to capture and how it will be used day-to-day. About You Postdoctoral Research Associate: The successful applicant will be able to present information on research progress and outcomes, communicate complex information, orally, in writing and electronically and prepare proposals and applications to external bodies. Applicants will possess a relevant PhD (or nearing completion) or possess an equivalent qualification/experience in a related field of study and be able to demonstrate sufficient knowledge in the discipline and of research methods and techniques to work within established research programmes. Applicants will be able to insert skills and knowledge required. Postdoctoral Research Fellow: The successful applicant will be able to develop research objectives, projects and proposals; identify sources of research funding and contribute to the process of securing funds and make presentations at conferences and other events. Applicants will possess a relevant PhD or possess an equivalent qualification/experience in a related field of study. The successful applicant will be a nationally recognised authority in insert subject area and possess sufficient specialist knowledge in the discipline to develop research programmes and methodologies. The successful applicant will also be able to work collaboratively, supervise the work of others and act as team leader as required. Please ensure you read the Job Description and Person Specification (available on the university's website, accessed by the 'Apply' button) for full details of this role. What we can offer you Freedom (and the support) to pursue your intellectual interests and to work creatively across disciplines to produce internationally exciting research. Support teams that understand the University wide research and teaching goals and partner with our academics accordingly. An Innovation, Impact and Business directorate that works closely with our academics providing specialist support for external engagement and development. Our Exeter Academic initiative supporting high performing academics to achieve their potential and develop their career. A multitude of staff benefits including sector leading benefits around maternity, adoption and shared parental leave (up to 26 weeks full pay), Paternity leave (up to 6 weeks full pay), and a Fertility Treatment Policy. A beautiful campus set in the heart of stunning Devon / Cornwall. Further information Please contact Bartek Troczka, b.troczka@exeter.ac.uk . How we can help If you are considering applying and need support to do so, please get in touch with us at hrhelpdesk@exeter.ac.uk . You can request reasonable adjustments within your application or by contacting us. You can also choose to be considered under our Disability Confident Scheme and find out here how this is managed during our recruitment and onboarding process. £34,610 to £43,482 (The starting salary will be from £34,610 on Grade E for the Postdoctoral Research Associate level and from £43,482 on Grade F for the Postdoctoral Research Fellow level, depending on knowledge, skills and experience.)",full_time,Public Health,Public Health Research,Clinical Research,https://www.jobs.ac.uk/job/DSP504/postdoctoral-research-associate-fellow,2026-08-14,,,PhD,,,,
United Kingdom,GB,+44,Oxford,University of Oxford,hospital,https://www.jobs.ac.uk/images/employer-logos/medium/102.gif,,Postdoctoral Research Associate in the Mathematical and Computational Foundations of Artificial Intelligence,"Location: Andrew Wiles Building, Radcliffe Observatory Quarter, Woodstock Road, Oxford, OX2 6GG We invite applications for a Postdoctoral Research Associate (PDRA) to join the EPSRC Hub on the Mathematical and Computational Foundations of Artificial Intelligence. Applicants are expected to have published in leading machine learning conferences or similar venues. One or two PDRAs will be recruited to work within one of, or across, the four research themes: Learning with Structured & Geometric Models, Low Effective-dimensional Learning Models, Implicit Regularization, and Reinforcement Learning through Stochastic Control (a brief description of each these is as follows (additional details are in the further particulars): Learning with Structured and Geometric Models. We will apply tools from manifold learning and Riemannian optimisation to leverage the underlying manifold structure for better training and novel network designs. Low Effective-dimensional Learning Models. We will extend foundational theory of how large ML systems can be regularised to have dramatically fewer trainable parameters without sacrificing accuracy by analysing the use of low-dimensional building blocks. Implicit Regularization. We aim to develop mathematical understanding of implicit regularisation properties in deep neural networks to guide the development of algorithmic paradigms aimed at combining statistical optimality with computational efficiency. Reinforcement Learning through Stochastic Control. We will develop methods from stochastic control, which will provide a mathematically grounded approach that has a well-posed continuous-time limit (as opposed to traditional RL methods that are inherently discrete and do not scale favourably for high frequency observations without judicious hyper-parameter tuning). There are two two-year, fixed-term positions, funded by a research grant from the EPSRC and the Mathematical Institute, and one will have emphasis on optimization aspects of the above themes. The start date for this post is flexible. The successful candidate will be expected to conduct research which falls within the remit of this large-scale project and will have the opportunity to do so collaboratively with other members of the hub, both at Oxford and/or with hub partners which include universities as well as companies and governmental organisations. They will contribute to the activities of the wider machine learning and data science research group and write up the results of their work, with co-authors, for publication in refereed journals and proceedings. There will be opportunities to contribute a small amount of teaching to the department, of at most three hours a week during the academic terms. We proudly hold a departmental Athena SWAN Silver Award and an institutional Race Equality Charter Bronze Award. Please direct informal enquiries to the Recruitment Coordinator (email: recruitment@maths.ox.ac.uk ), quoting vacancy reference 188197. Please note: Applicants are responsible for asking two referees to send their reference letters directly to references@maths.ox.ac.uk by the closing date. Full details are contained in the job description. Applications for this vacancy are to be made online. To apply for this vacancy and for further information, including a job description and selection criteria, please click on the link above. Applications received before 12.00 PM UK time on Monday, 14 September 2026 will receive full consideration. Applications after this date will be considered at the discretion of the committee.",full_time,Public Health,Public Health Research,Clinical Research,https://www.jobs.ac.uk/job/DSP560/postdoctoral-research-associate-in-the-mathematical-and-computational-foundations-of-artificial-intelligence,2026-08-14,,,,,,,
United Kingdom,GB,+44,Newcastle upon Tyne,Newcastle University,hospital,https://www.jobs.ac.uk/images/employer-logos/medium/96.gif,,Research Assistant/ Associate,"We are a world class research-intensive university. We deliver teaching and learning of the highest quality. We play a leading role in economic, social and cultural development of the North East of England. Attracting and retaining high-calibre people is fundamental to our continued success. Salary Research Assistant £33,951 - £35,608 per annum pro rata. Research Associate £36,636 - £37,694 per annum pro rata. The Role You will lead a project aiming to make progress with the development and delivery of a new form of sound therapy for tinnitus (persistent ringing in the ear(s)), which has shown some early indicators of success in quieting tinnitus. You will work with a newly-developed iOS and Android app, and its web-based researcher portal, recruiting volunteers with tinnitus to test this out, running focus groups for their experiences, and setting up and running a first 1-2 rounds of clinical trials run through the app. You will join an internationally leading auditory neuroscience group, based in Newcastle University Medical School. Your work will be overseen by a supervisory and collaborative team, in Newcastle University, with input from a researcher in Zurich, Switzerland, and a tinnitus patient expert in Sheffield. The aim of this project is to improve this form of tinnitus sound therapy - termed Acoustic Ripple Therapy (ART) - in its acceptability, efficacy in quieting tinnitus and tailoring to the needs of the tinnitus community, to bring it closer to commercial release. You will be the central figure in this project, running all activities, taking charge of using the app and delivering trials, and liaising with all team members. You will not be required to modify or create the app itself, which is already built, but will liaise with the software developer for any modifications required. You are not required to create or adapt new forms of sound therapy, but there is substantial opportunity to use your creativity and/or acoustic signal processing skills to do this, should you wish. The project is ambitious and time-critical. In order to be appointable to this post, you must have established technical skills in auditory science, acoustic signal processing, statistical data analysis (including large datasets ideally) and research coding. To apply, you must hold a PhD or equivalent in a relevant research area. The post aims to start on the 1st of September 2026, but this could be delayed slightly. The fixed end date is 28th February 2027, irrespective of the start date. For informal enquiries contact: Dr William Sedley: william.sedley@newcastle.ac.uk . Dr Sedley is the line manager for the position. Prospective applicants are strongly encouraged to contact Dr Sedley before applying. To apply formally, please submit a CV and covering letter indicating how you meet the key requirements for the post, and any other information you wish to highlight. Find out more about the Faculty of Medical Sciences here: Faculty of Medical Sciences | Faculty of Medical Sciences | Newcastle University Find out more about our Research Institutes: Translational and Clinical Research Institute | Faculty of Medical Sciences | Newcastle University Contact for the post is william.sedley@newcastle.ac.uk . Duration of post is until 28/02/2027. £33,951 to £37,694 pro rata, per annum. See advert text for details.",part_time,Public Health,Public Health Research,Clinical Research,https://www.jobs.ac.uk/job/DSP498/research-assistant-associate,2026-08-14,,,PhD,,,,
United Kingdom,GB,+44,Bristol,Neuronostics Limited,hospital,https://www.jobs.ac.uk/images/employer-logos/medium/12023.gif,,(Senior) Clinical Trials Manager,"Early application is encouraged as applications will be reviewed on a rolling basis About the company Healthcare systems globally are facing significant pressures, and epilepsy is a case-study of those challenges. More than 630,000 people in the UK live with the condition. Over 70% of routine EEGs are clinically inconclusive, and the average time to diagnosis is longer than a year. That leaves people waiting, and clinicians deciding without the evidence they need. We built BioEP to close that gap. It analyses background activity in a routine EEG using eight predefined features drawn from peer-reviewed computational neuroscience, returning an objective rating in under five minutes. It works when nothing abnormal is visible, so it supports a decision precisely where conventional reading runs out. Our method is deterministic and explainable, not a black box or deep learning tool. BioEP is UKCA-marked and has been validated across 15 NHS sites and more than 6,000 recordings. In June 2026 we raised £3M, co-led by Empirical Ventures and The FSE Group. That investment takes us through our FDA submission this year, extends BioEP into paediatrics and prognosis, and funds research on our next indication: traumatic brain injury. This role is a unique opportunity to contribute meaningfully to all of these areas. Founded in 2018 Neuronostics has grown rapidly in the years since. In 2024 our international potential was recognised when we won the Epilepsy Foundation of the USA Shark Tank competition and with it a $125K prize. We've established transformative partnerships with leading industry players: Stratus Neuro (the leading US EEG services provider with 600+ hospital systems), Nervus (UK EEG services), and Neuroelectrics (advanced EEG hardware), creating immediate distribution channels and market access. About the role You will lead the day-to-day delivery of assigned studies within a programme that spans diagnosis, prognosis and paediatrics in the UK, with US studies in preparation. That covers site set-up, ethics and regulatory submissions, monitoring visits, data quality and an inspection-ready trial master file. You will line manage our Clinical Trial Co-ordinators and help shape the processes and templates that our clinical operations run on. We are looking for proven multisite trial management from initiation to close-out, a high standard of Good Clinical Practice, and sound judgement about when to escalate. For consideration at the senior level, you will have strong evidence of sustained delivery across multiple successful studies. In this role you will: The following is a list of the main tasks this job role will handle, but is by no means an exhaustive list and may be varied from time to time:- Lead the day-to-day management of assigned clinical trials, acting as the primary point of contact for the studies managed. Set up clinical sites, prepare ethics committee and regulatory submissions, and ensure that staff at participating sites understand and are able to comply with the protocol. Ensure that trials are undertaken according to Good Clinical Practice, applicable regulatory requirements, ethics approvals, study protocols and company SOPs. Develop and maintain study plans, monitoring plans, study trackers, study manuals, training materials and other study documentation as required. Monitor progress of each site and take appropriate action to support recruitment, protocol compliance, data quality and timely data collection. Maintain trial files, including the trial master file, and oversee the management and quality of site files. Travel to trial sites to carry out initiation visits, monitoring visits, training visits and close-out visits. Identify, assess and address risks or issues that arise during trials, escalating matters appropriately to maintain trial integrity and delivery. Prepare clear progress reports for senior management, including recruitment status, site performance, monitoring findings, data quality, operational risks and decisions required. Line manage and mentor team members. This will include the setting of clear expectations, support their development, reviewing work quality, helping prioritise workload and ensure clear escalation routes. Support the development of clinical operations processes, templates and working practices to improve consistency, quality and efficiency across studies. Work with regulatory, commercial, R&D and technical colleagues to ensure that clinical trial planning and delivery support wider evidence-generation and business needs. Contribute strategic input into future study planning, real-world evaluations and clinical evidence plans. Make recommendations to the leadership team where trial delivery, site experience or clinical evidence requirements need senior input. Identify and scale-up as appropriate where specialist, senior or external support is required, including for international studies, FDA-facing work or complex regulatory matters. About you Essential: Proven experience in managing complex multi-site clinical trials from initiation to close-out. Proven experience of conducting central and on-site site initiation visits and monitoring visits. Knowledge of UK Clinical research str u ctures , regulatory and ethical systems, and experience of working to a high standard of Good Clinical Practice . Evidence of effective organisational skills including the ability to prioritise workload and be adaptable to changing priorities. Ability to organise staff, management committees and steering committees . Experience of co-ordinating Research Ethics Committees (REC), regulatory authority and local R&D submissions and approvals. Ability to prepare clear reports for senior management on trial progress, risks, site performance and data quality. Ability to work effectively with colleagues across clinical operations, regulatory, commercial, R&D and technical teams. Ability to make sound judgements, take ownership of agreed responsibilities and know when to escalate matters for senior input. Excellent project management skills and teamwork. Excellent verbal and written communication skills. Willingness to travel to undertake monitoring visits. Desirable: Experience in managing budgets and financial oversight for clinical trial activities . Experience with preparing for and managing external audits or inspections by regulatory authorities or sponsors. Knowledge or experience in therapeutic areas such as neurology, epilepsy or the development and implementation of medical devices in clinical trials. Experience of supporting real-world evaluations, observational studies or post-market evidence generation. Experience of working with patient advocacy groups to improve trial recruitment and outcomes, including PPI for ethics submissions. Experience contributing to clinical study reports, close-out documentation or regulatory submission materials. Experience of international clinical study operations, including US study conduct or FDA-facing evidence generation requirements. Experience developing or improving clinical operations templates, trackers, standard operating procedures or working practices. Relevant professional training or certification, such as GCP, ACRP, SOCRA or equivalent clinical research training. What we can offer A role with genuine scope to shape a growing digital MedTech company and its products. A flexible working model that lets you work when you are most productive. A salary set according to experience, plus a performance bonus and the potential for share options. Company pension scheme: you contribute 2% and the company 7% on qualifying earnings. 25 days annual leave, plus public and bank holidays, plus an extra day off for your birthday. A collaborative environment where curiosity and initiative are encouraged and rewarded. A team combining scientific, clinical, technical and commercial expertise. Access to ongoing professional development. Regular staff events and company away days. We work a hybrid model, blending time in the office with time at home. We expect regular time together in Bristol: a minimum of two days per week (with more desirable). We are based at Science Creates, a stone’s throw from Bristol Temple Meads Station. How to apply We would encourage you to get in touch early for an informal conversation about any of these roles. Contact recruitment@neuronostics.com to arrange this. When you are ready to apply, send a CV and a covering letter setting out how your skills, experience and career plans fit what we are looking for, via the ' Apply ' button above ( E: recruitment@neuronostics.com ). Applications will be considered on a rolling basis until the position is filled. Competitive",hybrid,Non Clinical,Clinical Research,Clinical Research,https://www.jobs.ac.uk/job/DSP183/senior-clinical-trials-manager,2026-08-14,,,,,,,
United Kingdom,GB,+44,London,Queen Mary University of London,hospital,https://www.jobs.ac.uk/images/employer-logos/medium/20.gif,,Clinical Project Manager,"About the Role This is an exciting opportunity for a Clinical Project Manager to join the Cancer Research UK Cancer Prevention Trials Unit (CPTU) at Queen Mary University of London. The CPTU designs and delivers large-scale, multi-centre trials in cancer screening, prevention and early diagnosis, often using complex, decentralised approaches. We are looking for an experienced project manager to join the CPTU as the Clinical Project Manager for the BEST4 Screening trial. In this role, you will be responsible for the leadership and project management of the trial, ensuring the trial is executed and delivered as per all agreed milestones and is delivered to the highest standards. About You You will have extensive senior-level experience in clinical trials and project/programme management, ideally within large or complex studies. You will have a proven track record of delivering complex projects and be confident working independently, making decisions, solving problems and escalating when needed. You will have strong knowledge of regulatory requirements and experience managing staff, with the ability to lead and motivate teams effectively. Experience of building strategic relationships with external partners, strong communication skills, adaptability, resilience, and a commitment to improving public health through research are essential. About the School/Department/Institute/Project The Wolfson Institute of Population Health (WIPH) is an exciting and dynamic environment, home to 450 staff, 100 PhD students and 500 postgraduate taught students. It harnesses expertise across a wide range of population-based research and education activities and aims to be an internationally recognised centre of excellence in population health, primary care and preventive medicine. The Institute is organised into six separate research centres which, though complementary and following the Institute strategic plan, also have Centre-specific objectives and requirements. The Centre for Cancer Screening, Prevention and Early Diagnosis (CCSPED) forms part of the WIPH and brings together globally leading researchers focusing on cancer prevention, screening and detection and early diagnosis across two units. CCSPED also hosts the cross-cutting Cancer Behavioural Science group and the CRUK-funded Cancer Prevention Trials Unit (CPTU, Director, Sasieni). About Queen Mary At Queen Mary University of London, we believe that a diversity of ideas helps us achieve the previously unthinkable. Throughout our history, we’ve fostered social justice and improved lives through academic excellence. And we continue to live and breathe this spirit today, not because it’s simply ‘the right thing to do’ but for what it helps us achieve and the intellectual brilliance it delivers. We continue to embrace diversity of thought and opinion in everything we do, in the belief that when views collide, disciplines interact, and perspectives intersect, truly original thought takes form. Benefits We offer competitive salaries, access to a generous pension scheme, 30 days’ leave per annum (pro-rata for part-time/fixed-term), a season ticket loan scheme and access to a comprehensive range of personal and professional development opportunities. In addition, we offer a range of work life balance and family friendly, inclusive employment policies, flexible working arrangements, and campus facilities. Queen Mary’s commitment to our diverse and inclusive community is embedded in our appointments processes. Reasonable adjustments will be made at each stage of the recruitment process for any candidate with a disability. We are open to considering applications from candidates wishing to work flexibly. £54,617 to £60,901 per annum.",full_time,Non Clinical,Clinical Research,Clinical Research,https://www.jobs.ac.uk/job/DSP490/clinical-project-manager,2026-08-14,,,PhD,,,,
United Kingdom,GB,+44,Coventry,University of Warwick,hospital,https://www.jobs.ac.uk/images/employer-logos/medium/134.gif,,Clinical Trial Coordinator (108848-0726),"Location: University of Warwick Campus, Coventry Position Type: Fixed Term, Indefinite linked to funding Duration: Funding until 30th July 2029 About the Role Informal Queries For informal queries about the role, please contact Kim Stewart (Senior Project Manager) at Kimberley.Stewart@warwick.ac.uk or Kath Starr (Senior Project Manager) at Kath.starr@warwick.ac.uk Duration: Funding until 30th July 2029 This is an exciting opportunity for a new Clinical Trial Coordinator to join our PROTECT Airways and UK NAVA trial teams and be instrumental in providing high quality trial management which will advance the outcomes of important questions that transform the lives of patients. The successful candidate will be instrumental in the day-to-day management of clinical trials. This includes ethics and regulatory applications and amendments, site set up and training, presenting at meetings and producing progress reports as required. The successful candidate will assist with any other clerical duties such as minutes taking and preparation and distribution of materials to research sites. The Clinical Trial Coordinator will also engage in reviewing updates to the trial database as well as gain a good understanding of data management with potential line management responsibility of data entry clerks. This role plays a key part in ensuring the success of our trials. This position is offered full-time, which is linked to the PROTECT Airways and UK NAVA clinical trials. About You Do you have a passion for clinical trials and regard yourself as a highly organised individual? If so, then you could be a great fit for Warwick Clinical Trials Unit (WCTU). You will possess excellent planning and organisational competencies to ensure that high quality trial management is provided to facilitate the delivery of our trials on time and within budget; own excellent communication skills to engage with all members involved in our trials at different levels including research site staff, participants and members of the oversight committees; have an excellent eye for detail to prepare, review and scrutinise documents and processes. You will need to be educated to degree level or equivalent or have equivalent experience in a healthcare or research environment. Teamwork and flexibility are key to thrive in WCTU’s dynamic environment. For details on the experience and skills required, please refer to the job description attached as a PDF below. JD Clinical Trial Coordinator (108848).pdf – 125KB Closing Deadline: Thursday 27th August 2026 at 11:55pm (UK Time)* Full details of the duties and selection criteria for this role can be found in the vacancy advert on the University of Warwick's jobs pages. You will be routed to this when you click on the 'Apply' button. £31,236 to £34,610 per annum",full_time,Non Clinical,Clinical Research,Clinical Research,https://www.jobs.ac.uk/job/DSP476/clinical-trial-coordinator-108848-0726,2026-08-14,,,,,,,
United Kingdom,GB,+44,London,Queen Mary University of London,hospital,https://www.jobs.ac.uk/images/employer-logos/medium/20.gif,,Musculoskeletal Study Coordinator,"About the Role This exciting role is based within the Centre for Bone and Joint Health (BJH) at Queen Mary University of London and supports the delivery of the National Institute for Health and Care Research (NIHR) Barts Biomedical Research Centre (BRC) Musculoskeletal Theme. Working across Queen Mary University of London and Barts Health NHS Trust, you will provide a combination of professional administrative and research support to ensure the successful coordination and delivery of a portfolio of musculoskeletal research studies, with a particular focus on the Northeast London Early Osteoarthritis Study (NELOA). You will work closely with clinical and academic colleagues to support all stages of study delivery, from regulatory approvals and participant recruitment through to data collection, monitoring and reporting. The role offers an excellent opportunity to contribute to research that aims to improve outcomes for people living with musculoskeletal conditions through earlier diagnosis, innovative treatments and advances in personalised medicine. About You You will have an undergraduate degree in a relevant subject, or equivalent professional experience, together with experience of supporting clinical trials and/or health-related research, including research approvals processes. You will possess a sound understanding of clinical research governance, regulatory requirements and Good Clinical Practice (GCP). You will be highly organised, proactive and capable of managing multiple priorities in a busy research environment. Strong communication, interpersonal and stakeholder engagement skills are essential, as is the ability to work effectively with both clinical and academic teams. You will also have excellent IT skills, strong attention to detail and a commitment to delivering high-quality research. An interest in musculoskeletal health and orthopaedic research would be advantageous but is not essential. About the School/Department/Institute/Project The Blizard Institute was established in 2003 and is one of six Institutes within the Faculty of Medicine and Dentistry, QMUL. The Institute comprises approximately 360 staff based in four academic Centres and one Public Engagement Centre and supports a combined total of c700 postgraduate research and taught students. The Institute aims to deliver excellence in all aspects of research, teaching and clinical service. About Queen Mary At Queen Mary University of London, we believe that a diversity of ideas helps us achieve the previously unthinkable. Throughout our history, we’ve fostered social justice and improved lives through academic excellence. And we continue to live and breathe this spirit today, not because it’s simply ‘the right thing to do’ but for what it helps us achieve and the intellectual brilliance it delivers. We continue to embrace diversity of thought and opinion in everything we do, in the belief that when views collide, disciplines interact, and perspectives intersect, truly original thought takes form. Benefits We offer competitive salaries, access to a generous pension scheme, 30 days’ leave per annum (pro-rata for part-time/fixed term), a season ticket loan scheme and access to a comprehensive range of personal and professional development opportunities. In addition, we offer a range of work life balance and family friendly, inclusive employment policies, flexible working arrangements, and campus facilities. Queen Mary’s commitment to our diverse and inclusive community is embedded in our appointments processes. Reasonable adjustments will be made at each stage of the recruitment process for any candidate with a disability. We are open to considering applications from candidates wishing to work flexibly. £40,015 to £46,618 per annum.",full_time,Non Clinical,Clinical Research,Clinical Research,https://www.jobs.ac.uk/job/DSP463/musculoskeletal-study-coordinator,2026-08-14,,,,,,,
United Kingdom,GB,+44,Liverpool,University of Liverpool,hospital,https://www.jobs.ac.uk/images/employer-logos/medium/88.gif,,Post Doctoral Research Associate - Grade 7,"Hours of work: Full-time – 1 FTE Tenure: Fixed term available from 1 January 2027 to 30 June 2030 (42 months) You will work on a project led by Professor Michelle Henning, as part of a team involving 3 postdoctoral researchers and 3 PhD students, plus an administrator, and hosted in the Centre for Culture and Everyday Life (CCEL) in the Department of Communication and Media. The project researches the new paradigm of photography embedded in contemporary mobile phone cameras and promoted as “AI-assisted” since 2024. It examines the extractive image processing involved in AI image making, asking what ways of seeing the world are being normalised via the integration of generative AI into mobile phone cameras. The appointee will specialise in critical AI studies and photography/ visual AI. They will help to research the publicity and affordances of current mobile phone cameras, drawing on the latest theoretical and critical work in machine vision and critical AI studies, and using creative and experimental research methods. Key responsibilities will include planning and conducting a creative practice approach to the study of mobile phone cameras, collecting primary sources for analysis and review, publishing and giving conference papers in the UK, EU and beyond. They will work collaboratively and collegially as part of a dynamic team. If you are still awaiting your PhD to be awarded you will be appointed at Grade 6, spine point 30. Upon written confirmation that you have been awarded your PhD, your salary will be increased to Grade 7, spine point 31. Our commitment to Equality, Diversity and Inclusion We are committed to enhancing a workforce as diverse as our community and particularly encourage applicants who are of minoritised genders and ethnic backgrounds, living with a disability, and/or are members of the LGBTQIA+ community. Closing Date: 16 September 2026, 23:30 For full details and to apply online, please click on the ' Apply' button. £33,906 to £46,049 pa",full_time,Public Health,Public Health Research,Clinical Research,https://www.jobs.ac.uk/job/DSP521/post-doctoral-research-associate-grade-7,2026-08-14,,,PhD,,,,
United Kingdom,GB,+44,Glasgow,University of Glasgow,hospital,https://www.jobs.ac.uk/images/employer-logos/medium/72.gif,,Research Associate – Advanced Quantitative Social Sciences,"In this role, the successful candidate will make a leading contribution to quantitative data management, analysis, visualisation and reporting as part of the UKRI-funded Gambling Harms Research UK Evidence Centre (‘the Centre’). The postholder will support the Centre's evidence-generation activities through the analysis of existing and newly generated datasets, producing high-quality and responsive research outputs that address the Centre's priorities and evidence needs. Particular emphasis will be placed on identifying and investigating under-researched or neglected topics relating to gambling harms and responses to them, generating publications and analytical outputs that advance understanding and inform policy and practice. In addition, the postholder will also be expected to contribute to the formulation and submission of research publications and research proposals, as well as help manage and direct this complex and challenging project/disciplinary area as opportunities allow. Informal enquiries should be directed to Professor Heather Wardle on Heather.Wardle@glasgow.ac.uk This post is full time (35 hours per week) and has funding available for up to 2 years in the first instance. For more information and to apply please click the 'Apply' button above Closing date: 10 th September 2026 at 23:45 We believe that we can only reach our full potential through the talents of all. Equality, diversity and inclusion are at the heart of our values. Applications are particularly welcome from across our communities and in particular people from the Black, Asian and Minority Ethnic (BAME) community, and other protected characteristics who are under-represented within the University. Read more on how the University promotes and embeds all aspects of equality and diversity within our community https://www.gla.ac.uk/myglasgow/humanresources/equalitydiversity/ We endorse the principles of Athena Swan https://www.gla.ac.uk/myglasgow/humanresources/equalitydiversity/athenaswan/ and hold bronze, silver and gold awards across the University. £41,064 to £46,049 per annum",full_time,Public Health,Public Health Research,Clinical Research,https://www.jobs.ac.uk/job/DSP526/research-associate-advanced-quantitative-social-sciences,2026-08-14,,,,,,,
United Kingdom,GB,+44,Glasgow,University of Glasgow,hospital,https://www.jobs.ac.uk/images/employer-logos/medium/72.gif,,Research Associate – Qualitative Social Sciences,"In this role, the successful candidate will make a leading contribution to the generation, management, analysis and visualisation of qualitative, ethnographic and policy data as part of the UKRI-funded Gambling Harms Research UK Evidence Centre (‘the Centre’). The postholder will contribute to the design and delivery of multi-site ethnographic research examining gambling harms and responses to them across the UK, using qualitative and participatory research methodologies. In addition, the postholder will also be expected to contribute to the formulation and submission of research publications and research proposals, undertake wider qualitative and policy research activities within the Centre as required, and help manage and direct this complex and challenging project/disciplinary area as opportunities allow. Informal enquiries should be directed to Professor Christopher Bunn on Christopher.Bunn@glasgow.ac.uk This post is full time (35 hours per week) and has funding available for up to 2 years in the first instance. For more information and to apply please click the 'Apply' button above Closing date: 10 th September 2026 at 23:45 We believe that we can only reach our full potential through the talents of all. Equality, diversity and inclusion are at the heart of our values. Applications are particularly welcome from across our communities and in particular people from the Black, Asian and Minority Ethnic (BAME) community, and other protected characteristics who are under-represented within the University. Read more on how the University promotes and embeds all aspects of equality and diversity within our community https://www.gla.ac.uk/myglasgow/humanresources/equalitydiversity/ We endorse the principles of Athena Swan https://www.gla.ac.uk/myglasgow/humanresources/equalitydiversity/athenaswan/ and hold bronze, silver and gold awards across the University. £41,064 to £46,049 per annum",full_time,Public Health,Public Health Research,Clinical Research,https://www.jobs.ac.uk/job/DSP549/research-associate-qualitative-social-sciences,2026-08-14,,,,,,,
United Kingdom,GB,+44,London,Queen Mary University of London,hospital,https://www.jobs.ac.uk/images/employer-logos/medium/20.gif,,Clinical Trial Operation Manager,"About the Role This is an exciting opportunity to lead the delivery of a portfolio of cutting‑edge clinical trials, including CTIMPs and non‑CTIMPs, within a world‑leading translational research centre. The post holder will have both strategic oversight and hands‑on responsibility for trials across major international programmes, including 3TR, SQUEEZE, MDR‑RA, and AutoPiX . A key element of the role is the management of multi‑country studies via the Clinical Trials Information System (CTIS), including regulatory submissions, lifecycle management, and coordination of approvals across EU Member States. You will work closely with the Barts Clinical Trials Unit to ensure compliance with UK and EU regulations and maintain high standards of governance and inspection readiness. You will lead and coordinate the clinical research team at Mile End Hospital, overseeing study set‑up, recruitment, data quality, monitoring, and reporting. The role also involves identifying and managing risks, supporting continuous improvement, and contributing to strategic planning across the clinical portfolio. Patient and Public Involvement and Engagement (PPIE) is integral to the role. You will help ensure patient perspectives are embedded in study design and delivery, supporting meaningful engagement and clear communication of research findings. About You Applicants should have substantial experience in clinical trial management, including CTIMPs, and a strong understanding of ICH‑GCP and UK regulatory frameworks. Leadership experience, excellent organizational skills, and the ability to work across multidisciplinary teams are essential. About the School/Department/Institute/Project Queen Mary University of London is seeking an experienced and motivated Clinical Trials Operations Manager to join the Centre for Experimental Medicine & Rheumatology (EMR), a world-leading research Centre specializing in precision medicine and biomarker‑driven clinical trials in autoimmune diseases. EMR brings together a multidisciplinary team of clinicians, scientists, and data experts to advance understanding of disease mechanisms and improve patient outcomes in conditions such as rheumatoid arthritis (RA), systemic lupus erythematosus, and Sjögren’s syndrome. The Centre is internationally recognized for its pioneering work in biopsy‑driven trials, including landmark studies published in The Lancet and Nature Medicine, and plays a key role within the Bart’s NIHR Biomedical Research Centre. About Queen Mary At Queen Mary University of London, we believe that a diversity of ideas helps us achieve the previously unthinkable. Throughout our history, we’ve fostered social justice and improved lives through academic excellence. And we continue to live and breathe this spirit today, not because it’s simply ‘the right thing to do’ but for what it helps us achieve and the intellectual brilliance it delivers. We continue to embrace diversity of thought and opinion in everything we do, in the belief that when views collide, disciplines interact, and perspectives intersect, truly original thought takes form. Benefits We offer competitive salaries, access to a generous pension scheme, 30 days’ leave per annum (pro-rata for part-time/fixed-term), a season ticket loan scheme and access to a comprehensive range of personal and professional development opportunities. In addition, we offer a range of work life balance and family friendly, inclusive employment policies, flexible working arrangements, and campus facilities. Queen Mary’s commitment to our diverse and inclusive community is embedded in our appointments processes. Reasonable adjustments will be made at each stage of the recruitment process for any candidate with a disability. We are open to considering applications from candidates wishing to work flexibly. £44,288 to £51,755 per annum.",full_time,Non Clinical,Clinical Research,Clinical Research,https://www.jobs.ac.uk/job/DSP497/clinical-trial-operation-manager,2026-08-14,,,,,,,
United Kingdom,GB,+44,Glasgow,University of Glasgow,hospital,https://www.jobs.ac.uk/images/employer-logos/medium/72.gif,,Research Associate,"In this role, the successful candidate will make a leading contribution to the NIHR-funded project ""Adolescent Health and Well-being in Malawi"", working with Professor Edward Sosu and an international consortium of partners across Malawi, the UK and Singapore. The postholder will contribute to the Longitudinal Observatory workstream, a unique mixed-methods study tracking the health and wellbeing of very early adolescents across multiple time points. The project examines how psychological, social, educational, economic, political and geographical factors shape the trajectory of adolescent health and wellbeing in Malawi. Working closely with Professor Sosu and project collaborators, the postholder will take a leading role in curating, managing and analysing longitudinal survey data using advanced quantitative methods. They will contribute to the production of high-quality research outputs, including academic publications, technical reports, policy briefs and media-facing outputs, and will support wider project activities and collaborations. In addition, they will also have opportunities to contribute to the analysis and dissemination of longitudinal qualitative findings where appropriate. This is an exciting opportunity for an ambitious quantitative researcher to work with a rich longitudinal dataset, contribute to research with significant international policy relevance, and generate high-impact outputs that inform adolescent health and development in low- and middle-income countries. Informal enquiries should be directed to Professor Edward Sosu on Edward.Sosu@glasgow.ac.uk This post is full time (35 hours per week) and has funding available until 31 March 2027 in the first instance. For more information and to apply please click the 'Apply' button above Closing date: 27 th August 2026 at 23:45 We believe that we can only reach our full potential through the talents of all. Equality, diversity and inclusion are at the heart of our values. Applications are particularly welcome from across our communities and in particular people from the Black, Asian and Minority Ethnic (BAME) community, and other protected characteristics who are under-represented within the University. Read more on how the University promotes and embeds all aspects of equality and diversity within our community https://www.gla.ac.uk/myglasgow/humanresources/equalitydiversity/ We endorse the principles of Athena Swan https://www.gla.ac.uk/myglasgow/humanresources/equalitydiversity/athenaswan/ and hold bronze, silver and gold awards across the University. £41,064 to £46,049 per annum pro rata",part_time,Public Health,Public Health Research,Clinical Research,https://www.jobs.ac.uk/job/DSP606/research-associate,2026-08-14,,,,,,,
United Kingdom,GB,+44,Glasgow,University of Glasgow,hospital,https://www.jobs.ac.uk/images/employer-logos/medium/72.gif,,Research Associate,"This post is full-time (35 hours per week), which is fixed term for 6 months in the first instance. The University are seeking a Research Associate who will make a leading contribution to a project on parameter inference, emulation and uncertainty quantification in fluid-structure interactions and growth & remodelling, as part of an EPSRC-funded Research Centre for Future PCI Planning, working with Professor Dirk Husmeier, Dr Vinny Davies and Dr Sean Mcginty. The postholder is also expected to liaise with external collaborators, contribute to public engagement events and organise a method evaluation competition. In addition, the successful candidate will also be expected to contribute to the formulation and submission of research publications and research proposals as well as help manage and direct this complex and challenging project as opportunities allow. Informal enquiries should be directed to Professor Dirk Husmeier at Dirk.Husmeier@glasgow.ac.uk For more information and to apply please click the 'Apply' button above Closing date: 30 th August 2026 23:45 We strongly endorse the principles of Athena SWAN, including a supportive and flexible working environment, with commitment from all levels of the organisation in promoting gender equality. The University of Glasgow, charity number SC004401. £41,064 to £46,049 per annum",full_time,Public Health,Public Health Research,Clinical Research,https://www.jobs.ac.uk/job/DSP619/research-associate,2026-08-14,,,,,,,
United Kingdom,GB,+44,Manchester,Manchester Metropolitan University,hospital,https://www.jobs.ac.uk/images/employer-logos/medium/93.gif,,Research Associate - REF Support,"Manchester Metropolitan University is seeking an enthusiastic and highly-motivated Research Associate to join the School of Education. This exciting opportunity is part-funded through the Research Excellence: Accelerator Investment initiative and will 1) support the development of high-quality, internationally recognised research in the field of education and 2) support the generation and capture of research impact. Working with Professor Cathy Lewin and Professor Steph Ainsworth , the successful candidate will contribute to the production of high-quality journal articles by undertaking literature reviews, analysing existing datasets, and drafting manuscripts for submission to leading academic journals. In addition, the successful candidate will support senior academics with the organisation and delivery of impact and engagement activities as well as capturing impact evidence. About the Role The Research Associate will play a key role in advancing the University's research profile through two important strands of work. Firstly, the development of publications which are theoretically sophisticated, methodologically rigorous, and make a world leading contribution to knowledge and understanding. Secondly, by ensuring that impact and engagement activities reach relevant stakeholders and contribute to positive change in educational policy and/or practice; and that high-quality evidence of reach and change is captured. You will work collaboratively with senior academics while also contributing to the wider research culture of the department. Key responsibilities include: Conducting comprehensive literature reviews. Analysing existing qualitative datasets using advanced qualitative methods. Developing and drafting manuscripts for submission to highly ranked academic journals. Developing networks and partnerships with practitioners, policy makers and other external stakeholders. Organising engagement and impact activities such as workshops and resource dissemination. Gathering impact evidence through surveys, interviews, usage metrics, and document citations. Presenting research findings at conferences, seminars, and research forums. Contributing to the wider activities of the School of Education. About You We are looking for a highly motivated researcher with experience of educational research and a strong commitment to producing world-class research and impact. You will be able to draw on your experiences to support senior academics working in several established areas of educational research, including teacher resilience and professional development, primary literacy and science education, special educational needs and disabilities (SEND), global citizenship education, and early childhood education. You will have: A doctoral qualification (or be close to completion) in a relevant discipline. Research experience in education, including literature reviews, qualitative and/or quantitative data analysis, and report writing. Evidence of making a demonstrable, independent contribution to research projects. Experience of preparing articles for publication in high quality journals. Excellent written and verbal communication skills, with the ability to translate complex findings for different audiences. Excellent organisational skills, attention to detail and the ability to manage multiple priorities and deadlines. Desirable Criteria: Awareness of the Research Excellence Framework and how Outputs, Impact and Engagement relate to research. A developing track record of publication in highly quality journals. Evidence of successful collaboration with external partners, including policy makers and practitioners. Experience of presenting research findings at national and/or international conferences. Experience of organising workshops/events and developing resources that support research impact. Application & Assessment To apply, please submit a CV and covering letter detailing your suitability, on the application portal (available on the university's website, accessed by the 'Apply' button). Interviews will be held on 16 September. For informal enquiries about this vacancy, please contact Prof Cathey Lewin on C.Lewin@mmu.ac.uk . Assessment will include a competency-based interview. If you would like to join our people and share our ambition, we would love to hear from you! Further Information: Manchester Metropolitan University fosters an inclusive culture of belonging that promotes equity and celebrates diversity. We value a diverse workforce for the innovation and diversity of thought it brings and welcome applications from local and international communities, including those from Black, Asian, and Minority Ethnic backgrounds, disabled people, and LGBTQ+ individuals. We support a range of flexible working arrangements, including hybrid and tailored schedules, which can be discussed with your line manager. If you require reasonable adjustments during the recruitment process or in your role, please let us know so we can provide appropriate support. Our commitment to inclusivity includes mentoring programmes, accessibility resources, and professional development opportunities to empower and support underrepresented groups. Manchester Met is a Disability Confident Leader and, under this scheme, aims to offer an interview to disabled people who apply for the role and meet the essential criteria as listed in the Job Description for that vacancy. £35,608 to £39,906. Grade 7.",full_time,Public Health,Public Health Research,Clinical Research,https://www.jobs.ac.uk/job/DSP191/research-associate-ref-support,2026-08-13,,,,,,,
United Kingdom,GB,+44,Sheffield,University of Sheffield,hospital,https://www.jobs.ac.uk/images/employer-logos/medium/111.gif,,Research Associate,"Job description: We are looking for a Research Associate to work in the School of Education taking a key role in supporting the delivery on a body of scholarship in relation to issues of equality, inclusion and diversity with a particular focus on disability. The post is a fixed-term contract of 2 years. The Research Associate will work closely with Professor Rebecca Lawthom, the Head of the School of Education, on an identified body of writing and scholarship that will be delivered over a two-year period. Collaborating with Professor Lawthom, you will identify and work on a number of theoretical and analytical outputs We are seeking candidates with a PhD or equivalent experience in independent research/scholarship/writing in the area of disability, as well as significant knowledge and expertise with secondary data analysis (especially qualitative data analysis) and knowledge of the academic literature on anti-ableist and antidisablist practice. You will have previous experiences of and commitments to promoting equality, diversity and inclusion in the university sector, along with a track record of writing for publication. What We Offer The University of Sheffield is a remarkable place to work. Our people are at the heart of everything we do. Their diverse backgrounds, abilities and beliefs make Sheffield a world-class university. We offer a fantastic range of benefits including a highly competitive annual leave entitlement (with the ability to purchase more), a generous pensions scheme, flexible working opportunities,a commitment to your development and wellbeing, a wide range of retail discounts, and much more.",hybrid,Public Health,Public Health Research,Clinical Research,https://www.jobs.ac.uk/job/DSP300/research-associate,2026-08-13,,,PhD,,,,
United Kingdom,GB,+44,Cornwall,University of Exeter,hospital,https://www.jobs.ac.uk/images/employer-logos/medium/69.gif,,Postdoctoral Research Associate / Fellow,"Postdoctoral Research Associate or Fellow - CRISPR Gene Editing and Insect Microinjection This Advanced Research and Innovation Agency funded full-time post is available from 1/09/2026 on a fix term till 31/08/2028, subject to contract negotiations. The starting salary will be from £34,610 to £39,906 on Grade E for the Postdoctoral Research Associate level and from £43,482 to £46,049 on Grade F for the Postdoctoral Research Fellow level, depending on knowledge, skills and experience. The Role Faculty of Environment, Science and Economy The Faculty wishes to recruit a Postdoctoral Research Associate or Fellow to participate in ARIA funded project, subject to contract negotiations. The successful applicant will have an exciting opportunity to join a project developing genetic tools to help protect a butterfly species from abiotic stressors. The post will include leading the genetic modification work at the heart of the project, working closely with the Project Lead and wider team to establish and refine methods for introducing beneficial genetic changes into a live insect population. This role offers the chance to develop novel tools in an ecologically relevant organism and contribute directly to a project with real conservation impact. About You Postdoctoral Research Associate: The successful applicant will be able to present information on research progress and outcomes, communicate complex information, orally, in writing and electronically and prepare proposals and applications to external bodies. Applicants will possess a relevant PhD (or nearing completion) or possess an equivalent qualification/experience in a related field of study and be able to demonstrate sufficient knowledge in the discipline and of research methods and techniques to work within established research programmes. Applicants will be able to insert skills and knowledge required. Postdoctoral Research Fellow: The successful applicant will be able to develop research objectives, projects and proposals; identify sources of research funding and contribute to the process of securing funds and make presentations at conferences and other events. Applicants will possess a relevant PhD or possess an equivalent qualification/experience in a related field of study. The successful applicant will be a nationally recognised authority in insert subject area and possess sufficient specialist knowledge in the discipline to develop research programmes and methodologies. The successful applicant will also be able to work collaboratively, supervise the work of others and act as team leader as required. Please ensure you read the Job Description and Person Specification for full details of this role. Further information Please contact insert Bartek Troczka, insert b.troczka@exeter.ac.uk How we can help If you are considering applying and need support to do so, please get in touch with us at hrhelpdesk@exeter.ac.uk. You can request reasonable adjustments within your application or by contacting us. You can also choose to be considered under our Disability Confident Scheme and find out here how this is managed during our recruitment and onboarding process.",full_time,Public Health,Public Health Research,Clinical Research,https://www.jobs.ac.uk/job/DSP295/postdoctoral-research-associate-fellow,2026-08-13,,,PhD,,,,
United Kingdom,GB,+44,London,Queen Mary University of London,hospital,https://www.jobs.ac.uk/images/employer-logos/medium/20.gif,,Clinical Research Fellow (0.80 FTE),"About the Role The postholder will support clinical research activities within the Centre for Oral Clinical Research (COCR), contributing to studies in periodontology and implant dentistry. Duties include patient recruitment, delivery of study procedures and treatments, data collection, maintaining research records, supporting publications, and working collaboratively within a multidisciplinary research team. The role also involves ensuring compliance with GCP, research governance, and study protocols. About You Candidates should be eligible for GDC registration, demonstrate clinical research experience, strong communication and organisational skills, and the ability to work effectively within a collaborative team environment. Experience in periodontal clinical research and research governance is desirable. About the School/Department/Institute/Project The Institute of Dentistry at Queen Mary University of London is internationally recognised for excellence in research and education and is based within the Faculty of Medicine and Dentistry at the Whitechapel campus. About Queen Mary At Queen Mary University of London, we believe that a diversity of ideas helps us achieve the previously unthinkable. Throughout our history, we’ve fostered social justice and improved lives through academic excellence. And we continue to live and breathe this spirit today, not because it’s simply ‘the right thing to do’ but for what it helps us achieve and the intellectual brilliance it delivers. We continue to embrace diversity of thought and opinion in everything we do, in the belief that when views collide, disciplines interact, and perspectives intersect, truly original thought takes form. Benefits We offer competitive salaries, access to a generous pension scheme, 30 days’ leave per annum (pro-rata for part-time/fixed-term), a season ticket loan scheme and access to a comprehensive range of personal and professional development opportunities. In addition, we offer a range of work life balance and family friendly, inclusive employment policies, flexible working arrangements, and campus facilities. Queen Mary’s commitment to our diverse and inclusive community is embedded in our appointments processes. Reasonable adjustments will be made at each stage of the recruitment process for any candidate with a disability. We are open to considering applications from candidates wishing to work flexibly. £40,190 to £54,499 pro rata",part_time,Public Health,Public Health Research,Clinical Research,https://www.jobs.ac.uk/job/DSP258/clinical-research-fellow-080-fte,2026-08-13,,,,,,,
United Kingdom,GB,+44,Cambridge,University of Cambridge,hospital,https://www.jobs.ac.uk/images/employer-logos/medium/52.gif,,"Research Coordinator (Part Time, Fixed Term)","We are inviting applications for an enthusiastic and organised research coordinator to work on the Speech, Hearing and Early Language Learning (SHELL) Study organised by Dr Lizzie Buchanan-Worster and Dr Matt Davis. This project will administer computerised tests of hearing and speech listening to whole classrooms of 5-6 year old children (~2400 children overall). Children will complete these assessments during engaging science education sessions, using tablets and headphones. We will also measure children's language and reading skills (e.g. their vocabulary knowledge) and other cognitive abilities (e.g. paying attention) and then follow these children over two school years to determine how hearing and spoken language skills relate to standardised classroom outcomes (e.g. phonics check scores). A key part of the role will be overseeing the organisation of the project, including liaising with teachers, school leaders and SENCOs and coordinating the team of research assistants to attend school visits. It will also involve assisting with management of the data coming in from school visits and publicising project results and other outcomes. Fixed-term: The funds for this post are available until 1 September 2029 in the first instance. Once an offer of employment has been accepted, the successful candidate will be required to undergo a Disclosure and Barring Service check (enhanced with children's barred list). To apply online for this vacancy and to view further information about the role, please click the 'Apply' button above. Please ensure that you outline how you match the criteria for the post and why you are applying for this role on the online application form. Please include details of your referees, including email address and phone number, one of which must be your most recent line manager. Please quote reference SU50738 on your application and in any correspondence about this vacancy. The University actively supports equality, diversity and inclusion and encourages applications from all sections of society. The University has a responsibility to ensure that all employees are eligible to live and work in the UK. £31,236 to £35,608 pro rata",part_time,Non Clinical,Clinical Research,Clinical Research,https://www.jobs.ac.uk/job/DSP287/research-coordinator-part-time-fixed-term,2026-08-13,,,,,,,
United Kingdom,GB,+44,Loughborough University,Loughborough University,hospital,https://www.jobs.ac.uk/images/employer-logos/medium/90.gif,,Research Associate in Antennas and Metasurface Design,"Full-time, fixed-term until 3 June 2027. Join us and be part of a vibrant community at Loughborough University. Here’s more about the role and what we’re looking for: The successful applicant will work on different aspects of the project that span simulations and measurements of electromagnetic metasurfaces, analytical coding, printing, expertise in materials, and writing high-quality journal papers. We are looking for one Postdoctoral Research Associate on a full-time basis, to support the Engineering and Physical Sciences Research Council funded grant: Transparent Transmitters and Programmable Metasurfaces for Transport and Beyond-5G (TRANSMETA) based in the Wolfson School of Mechanical, Electrical and Manufacturing Engineering (project must end by 30 June 2027). The scope of the job is as follows: To design and simulate optically transparent electromagnetic mmWave metasurfaces. To develop analytical model based on theory. To fabricate optically transparent metasurfaces. To develop measurement rigs in collaboration with technicians. To carry out measurements of material properties, such as dielectric constant and loss. To carry out metamaterial, radiofrequency (RF) and antenna measurements. To collaborate with colleagues. To contribute to funding applications. About the University Universities are one of this country’s greatest assets. We’re educators, employers, innovators and pioneers. We shape culture and society. At Loughborough, we strive for better, think differently, challenge convention and take action. We are passionate about finding solutions to the major problems faced by society and the planet, and we create opportunities for those with the drive, the ambition, and the determination to apply themselves in the pursuit of better. About the School The Wolfson School of Mechanical, Electrical and Manufacturing Engineering at Loughborough University is one of the largest and most successful engineering schools in the UK, consistently ranked among the top ten for our disciplines. We combine world-leading research with an outstanding student experience, underpinned by long-standing partnerships with industry leaders. Our collaborative and ambitious culture supports colleagues to excel across research, teaching and enterprise in support of the University Strategy, Creating Better Futures. Together. Why should you Apply? With huge amount of variety in the role, there is an opportunity for you to develop and continually grow. If this sounds like the right place, team and role for you please do get in touch. We’d love to hear from you. Informal enquiries should be directed to Dr Aakash Bansal and Prof William Whittow, via email to a.bansal@lboro.ac.uk and w.g.whittow@lboro.ac.uk . For more information refer to the Job Description and Person Specification . Application Process For further support with your application, refer to our application guidance , which includes some top tips to help you when completing your application. We are happy to consider any reasonable adjustments that candidates may need during the recruitment process. If there are additional adjustments, you’d like to request please contact Prof William Whittow. We also offer reasonable adjustments on the job. Closing Date: 01 September 2026. Interview Date: To be confirmed. Our Benefits We’re committed to creating an environment where you can flourish. You’ll enjoy generous time off, including 14 university closure days and bank holidays, plus a holiday purchase scheme. Other benefits include flexible and hybrid working options, family-friendly support, world-class sporting facilities, and a wide range of financial, health, and sustainability perks. Discover more about our full range of rewards and benefits. £35,608 to £41,064 per annum. Subject to annual pay award. Specialist and Supporting Academic Research grade 6.",hybrid,Public Health,Public Health Research,Clinical Research,https://www.jobs.ac.uk/job/DSP235/research-associate-in-antennas-and-metasurface-design,2026-08-13,,,,,,,
United Kingdom,GB,+44,Glasgow,University of Strathclyde,hospital,https://www.jobs.ac.uk/images/employer-logos/medium/118.gif,,Research Associate – Optically Pumped Atomic Quantum Sensors for Navigation (834323),"Closing date : 18/09/2026 FTE : 1.0 (35 hours/week) Term : Fixed (24 months) Quantum Technology is a cutting-edge field aimed at harnessing the unique nature of quantum mechanics to perform tasks that are impossible with conventional technologies. The University of Strathclyde has established a position as a leading UK centre for Quantum Technology covering activities from fundamental and applied research through technology development to industrialisation. The University and the Department of Physics have as strategic aims to support and expand these activities through appointments of academic and research staff as well as postgraduate students. The Ultracold Matter and Quantum Technologies (UMQT) group is central to the activities of the EPSRC funded UK Quantum Technology Hub in Quantum Enabled Positioning, Navigation and Timing (QEPNT) with active research and development projects in atomic clocks and magnetometry. This is part of an extensive programme seeking to translate fundamental research in atom-photon interactions to applications in sensing and metrology. A particular aspect of our work is technology development towards miniaturisation and ultimately manufacturability of atomic devices, that can be operated outside a laboratory environment. Applications are invited for a postdoctoral research associate to join the atomic magnetometry team creating compact and portable geomagnetic field sensors, enabling accurate and resilient navigation with reference to the Earth’s permanent magnetic anomalies. We are seeking highly a motivated experimental researcher who will be responsible for the development of the experimental capability, as well as benchmarking new techniques and protocols for use of these systems in the field. The successful applicant will be based in the Department of Physics under the supervision of Dr. Stuart Ingleby, within the Ultracold Matter and Quantum Technologies group at Strathclyde, working in collaboration with researchers developing miniaturised and portable atomic sensors. Candidates will have a PhD or EngD in experimental atomic physics, precision measurement or enabling technologies. Technical knowledge of development or application of atomic sensors or quantum technologies would be of advantage. An ability to prepare scientific publications and present research outcomes at local, national and international research meetings is expected. Informal enquiries should be directed to Stuart Ingleby ( stuart.ingleby@strath.ac.uk ). please click here for full details..pdf £37,694 to £46,049 per annum",full_time,Public Health,Public Health Research,Clinical Research,https://www.jobs.ac.uk/job/DSP202/research-associate-optically-pumped-atomic-quantum-sensors-for-navigation-834323,2026-08-13,,,PhD,,,,
United Kingdom,GB,+44,Cambridge,University of Cambridge,hospital,https://www.jobs.ac.uk/images/employer-logos/medium/52.gif,,Research Assistant / Research Associate in Three Dimensional Forest Ecology (Fixed Term),"Applications are invited for a Research Associate to join Dr Emily Lines' UKRI Future Leaders Fellowship project ""Next generation forest dynamics modelling using remote sensing data"". This postdoctoral position will make use of three-dimensional datasets already collected and processed from diverse forests in five European countries using terrestrial and drone laser scanning, drone photogrammetry and orthomosaic imagery. The role will leverage this unique dataset to generate new understanding about how the relationship between forest structure and tree diversity varies across biomes. The successful candidate may also have the opportunity to expand dataset coverage by collaborating with our international partners. Depending on the interests of the successful candidate, the role will focus on either 1) individual allometry, exploring how allometric relationships for tree structural metrics, biomass and leaf area vary by species and biome, or 2) how tree and forest morphology, structural complexity and tree structural plasticity are controlled by stand species composition and competition in contrasting abiotic conditions. Candidates should express their initial preferences within their cover letter, briefly explaining the reasons for their interest and how their previous experiences would inform their approach. Although we anticipate the role will focus on analysing existing data, we anticipate that the postholder will contribute to short periods of fieldwork in forests in the UK or Europe. The successful candidate must have, or be about to finalise, a PhD in ecology, environmental science, remote sensing, or other relevant discipline, and this must be submitted by the start of the appointment. They should have experience working with LiDAR data or other high resolution remote sensing for ecological applications. They must have excellent quantitative and statistical skills, and be a confident computational researcher with a demonstrated commitment to open science standards. They should have excellent written and verbal communication skills, and evidence of successful collaborative work. They must show evidence of the ability to produce and lead high quality collaborative peer-reviewed research outputs commensurate with career stage; we value quality of outputs over quantity in this respect. The role will primarily focus on statistical and computational analysis of existing datasets. However, contribution to short periods of field data collection will be expected so field experience is a positive. Candidates will be supported in training needs and will have access to generous project funds for workshops, conferences and travel. They must be highly motivated and should have excellent written, organisational and communication skills, and be able to work well as part of a team. The funds for this post are available until 31 October 2027 in the first instance. To apply online for this vacancy and to view further information about the role, please click 'Apply' above. Enquiries about the post to Dr Emily Lines: erl27@cam.ac.uk , and about the application process to Mrs Alessandra Uomo: hr@geog.cam.ac.uk . Interviews are anticipated to take place the week commencing 14 September 2026, or soon after. Please quote reference LC50715 on your application and in any correspondence about this vacancy. The University actively supports equality, diversity and inclusion and encourages applications from all sections of society. The University has a responsibility to ensure that all employees are eligible to live and work in the UK.",full_time,Public Health,Public Health Research,Clinical Research,https://www.jobs.ac.uk/job/DSP182/research-assistant-research-associate-in-three-dimensional-forest-ecology-fixed-term,2026-08-13,,,PhD,,,,
United Kingdom,GB,+44,Cambridge,University of Cambridge,hospital,https://www.jobs.ac.uk/images/employer-logos/medium/52.gif,,Research Associate in Animal Embryology (Fixed Term),"Prof Caren Norden's research group at the Gurdon Institute is seeking a motivated individual to join the lab as a Postdoctoral scientist. The overarching aim of Caren Norden's research group is to explore how the retina forms across scales and across developmental stages. The group combines cell and developmental biology with theory and computer science to explore how local cell behaviours are integrated across space and time to produce robust tissue-level organisation. To this end, we use zebrafish as a primary model that allows for sophisticated in vivo imaging followed by quantitative analysis. One particular emphasis of the group is to understand cell and tissue rearrangements that lead to retinal formation from optic cup formation to final neuronal lamination. We are particularly interested in the interplay of cellular and tissue-wide mechanisms. We are an inclusive and welcoming group, committed to mentoring and supporting the career development of all members. We are looking to recruit highly motivated scientists with strong investigative skills. Experience with microscopy and in vivo imaging and image analysis will be an advantage. Knowledge of developmental biology, particularly zebrafish as a model system, will be useful. We seek a candidate with a PhD in developmental or cell biology, biophysics or a related discipline. Experience in live imaging, image analysis or zebrafish work is an advantage, as is a quantitative background. Prior work on the eye is not required. We value curiosity, rigour and collegiality, and welcome applications from all backgrounds. Fixed-term: The funds for this post are available for 2 years in the first instance. To apply online for this vacancy and to view further information about the role, please click 'Apply' above. Please quote reference PR50663 on your application and in any correspondence about this vacancy. The University actively supports equality, diversity and inclusion and encourages applications from all sections of society. The University has a responsibility to ensure that all employees are eligible to live and work in the UK.",full_time,Public Health,Public Health Research,Clinical Research,https://www.jobs.ac.uk/job/DSP178/research-associate-in-animal-embryology-fixed-term,2026-08-13,,,PhD,,,,
United Kingdom,GB,+44,Oxford,University of Oxford,hospital,https://www.jobs.ac.uk/images/employer-logos/medium/102.gif,,Sample Compliance and Quality Manager,"Location: Old Road Campus Research Building, Roosevelt Drive, Headington, Oxford, OX3 7DQ On occasion, the Centre for Clinical Vaccinology & Tropical Medicine (CCVTM), Roosevelt Drive, Headington, Oxford, OX3 7LE We are seeking an enthusiastic Sample Compliance and Quality Manager to join the Nuffield Department of Medicine at the Jenner Institute University of Oxford, and play a key role in world-leading vaccine and clinical research. In this role, you will work at the heart of clinical trials activity, ensuring that valuable biological samples are managed to the highest standards of HTA, GCP and GCLP compliance. You will coordinate HTA-registered biobank collections, support audits and inspections, develop and maintain quality systems, and collaborate closely with scientists and clinical teams across the Oxford Vaccine Centre to enable impactful, ethical research. You will bring a strong understanding of clinical trial and human tissue regulations, experience working with clinical samples, excellent written communication skills, and the confidence to work independently and provide effective guidance across multidisciplinary teams. A degree in a life science or health-related subject is essential. Applications for this vacancy should be made online and you will need to upload a supporting statement and CV. Your supporting statement must explain how you meet each of the selection criteria for the post using examples of your skills and experience. Please restrict your documentation to your CV and supporting statement only. Any other documents will be requested at a later date. This position is offered full time on a fixed term contract for 15 months and is funded by the Department. Only applications received before 12 midday on Wednesday 2 September 2026 will be considered. Please quote 184340 on all correspondence. £39,424 to £47,779 per annum (pro rata). Standard Grade 7. This is inclusive of a pensionable Oxford University Weighting of £1,730 per year (pro rata)",full_time,Non Clinical,Clinical Research,Clinical Research,https://www.jobs.ac.uk/job/DSP210/sample-compliance-and-quality-manager,2026-08-13,,,Life Sciences,,,,
United Kingdom,GB,+44,London,UCL,hospital,https://www.jobs.ac.uk/images/employer-logos/medium/35.gif,,Data Manager,"About us The Comprehensive Clinical Trials Unit is a specialist unit set up within the Institute of Clinical Trials and Methodology with a specific remit to design, conduct, analyse and publish clinical trials and other well-designed studies. The CCTU provides clinical, statistical and trial operations leadership and facilitates the delivery of high quality, regulatory compliant clinical trials of investigational medicinal products (IMPs) and non-IMP trials. The CCTU is a registered CTU with the capability to centrally coordinate multi-centre clinical trials (i.e. having overall responsibility for the design, development, recruitment, data management and analysis of trials) with robust systems to ensure conduct and delivery of clinical trials to the highest quality standard. About the role We currently have a vacancy for full-time Data Manager to work within the Unit. The post holder will report to the Trial Manager. A job description and person specification is available at the bottom of the page. Please provide your CV and a cover letter explaining how your skills and experience are applicable to the role. About you An enthusiastic individual is sought for this post which is based in Holborn, London. The primary role of the post holder is to assist with the development and maintenance of data management systems to ensure efficient collection, processing, validation, and quality assurance of data from trials. The successful applicant will have experience of data entry and data management, excellent communication skills and experience of working on a clinical trial or in a medical research environment. Experience of word processing, using Microsoft Word and Excel are also essential requirements for this post. The role holder will be responsible to the Trial Manager. This post is available from 1st October 2026 and funded until 31 st July 2029. Interviews for this role will take place in person on Wednesday 30th September 2026. A job description and person specification can be accessed at the bottom of this page. If you have any queries regarding the vacancy please contact Nicola Harris at Please note that we are unable to provide sponsored visa for this role. What we offer As well as the exciting opportunities this role presents we also offer some great benefits some of which are below: 41 Days holiday (including 27 days annual leave 8 bank holiday and 6 closure days) Defined benefit career average revalued earnings pension scheme (CARE) Cycle to work scheme and season ticket loan On-Site nursery On-site gym Enhanced maternity, paternity and adoption pay Our commitment to Equality, Diversity and Inclusion As London’s Global University, we know diversity fosters creativity and innovation, and we want our community to represent the diversity of the world’s talent. We are committed to equality of opportunity, to being fair and inclusive, and to being a place where we all belong. We therefore particularly encourage applications from candidates who are likely to be underrepresented in UCL’s workforce. These include people from Black, Asian and ethnic minority backgrounds; disabled people; LGBTQI+ people; and for our Grade 9 and 10 roles, women. You can read more about our commitment to Equality, Diversity and Inclusion here : https://www.ucl.ac.uk/equality-diversity-inclusion/ Customer advert reference: B02-11051",hybrid,Non Clinical,Clinical Data Management,Clinical Data Management,https://www.jobs.ac.uk/job/DSP364/data-manager,2026-08-13,,,,,,,
United Kingdom,GB,+44,London,Imperial College London,hospital,https://www.jobs.ac.uk/images/employer-logos/medium/6.gif,,Research Associate in AI for Turbomachinery Design,"Location: South Kensington campus, Hybrid About the role: The Sustainable Energy Technology and Turbomachinery Laboratory (SETTL) at Imperial College London is seeking a postdoctoral researcher to contribute to a Mitsubishi Heavy Industries (MHI)-funded project focused on the application of artificial intelligence (AI) to turbomachinery design. The project aims to investigate and demonstrate how AI can accelerate engineering design processes, enable more efficient exploration of complex design spaces, and unlock new opportunities for innovation in turbomachinery design for future energy and transportation systems. Working closely with industrial stakeholders, the successful candidate will further develop, validate and apply AI-enabled design methodologies integrated with computational fluid dynamics (CFD) to support the generation, evaluation, and optimisation of turbomachinery components. The research outcomes will advance AI-enabled approaches to engineering design and support the development of more efficient and sustainable turbomachinery technologies. This is an exciting opportunity to contribute to research at the intersection of AI, machine learning, CFD and turbomachinery, working with academic and industrial collaborators to develop innovative approaches to engineering design. The postholder will work with Dr Teng Cao in the Thermofluids Division of the Department of Mechanical Engineering.‌ What you would be doing: Undertake research in AI-enabled turbomachinery design, CFD and machine learning. Develop and apply machine learning-based design frameworks for turbomachinery applications. Conduct numerical simulations and analyse turbomachinery performance. Prepare and process data for machine learning and CFD workflows. Contribute to project reports, publications and presentations. Engage with the industrial sponsor and participate in project meetings. What we are looking for: You should hold, or be close to completing, a PhD in a relevant discipline (such as Mechanical Engineering, Aerospace Engineering, Physics, Computer Science, Applied Mathematics, or a related field). You should have a strong background in one or more of the following areas: machine learning, CFD, turbomachinery, and fluid dynamics. You should have a track record of high-quality research publications in fluid mechanics, turbomachinery, machine learning, CFD, or related fields. You should have strong communication and interpersonal skills, with the ability to work effectively in both academic and industrial research environments. What we can offer you: Working as part of a diverse, friendly, and supportive departmental team. Opportunity to work and network with a wide variety of College and Faculty teams. The opportunity to continue your career at a world-leading institution. Sector-leading salary and remuneration package (including 43 days off a year). Further Information (College website only) This position is fixed term and is expected to run until 31 st October 2027. We anticipate that the successful candidate will start on 1 st November 2026. If you require any further details on the role please contact: Dr Teng Cao at: t.cao@imperial.ac.uk . Hybrid working may be considered for this role. Staff working in roles that are suitable for hybrid working will normally be expected to work 60% of their time onsite. The opportunity for hybrid working will be discussed at interview. We reserve the right to close the advert prior to the closing date stated should we received a high number of applications. It is therefore advisable that you submit your application as early as possible to avoid disappointment.",full_time,Public Health,Public Health Research,Clinical Research,https://www.jobs.ac.uk/job/DSP347/research-associate-in-ai-for-turbomachinery-design,2026-08-13,,,PhD,,,,
