country_name,country_code,country_dial_code,city_name,company_name,company_type,company_logo,company_about,title,description,job_type,category,application_url,posted_at,min_experience,max_experience,min_salary,max_salary,salary_period,salary_currency,is_active,expires_at
Saudi Arabia,SA,+966,Riyadh,King Faisal Specialist Hospital & Research Centre,hospital,,"King Faisal Specialist Hospital & Research Centre (KFSH&RC) is Saudi Arabia's tertiary and quaternary referral hospital and biomedical research centre, with facilities in Riyadh, Jeddah and Madinah. It specialises in oncology, organ transplantation, cardiovascular medicine, neurosciences, genetics and paediatrics, and runs its own research centre and academic training programmes.","Assistant Consultant, Pediatric Hematology / Oncology","Assists inproviding medical care in the field of Pediatric Hematology/Oncology andsupervises interns and residents, in accordance with current medical staffbylaws, rules and regulations and the Hospital’s policies and procedures. Duties: ClinicalResponsibilities • Assists the Consultants inproviding required patient care and management in the field of Pediatric Hematology/Oncology,in accordance with standards of medical care laid down by the Hospital. • Studies and performs assessment,examination and the compilation of a case history and assists in the diagnosisand management of the patient in accordance with criteria listed in diagnosticmanuals such as the Diagnostic and Statistical Manual. • Registers detailed medicalhistory, conducts a thorough physical examination and creates a plan forpatient management and follows-up for discussion with the Consultant.Subsequently, records the consultant’s orders, progress notes and other requireddocuments for outpatients. • Provides on-call coverage fortheir specialty on a rotational basis during evenings, nights, weekends andpublic holidays. • Prepares for and participatesin consultant and specialist ward rounds as per policy. Documents findings in medical records. • Follows up on investigationresults for outpatients and modifies treatment accordingly. • Attends specialty clinics,outpatient clinics, and shares on on-call schedule as per requirements. • Performs other clinicalresponsibilities, as assigned. • AcademicResponsibilities • Provides orientation, bedsidetraining and supervision of interns, residents and fellows as assigned. • Keeps abreast of all the latesttechniques and developments, especially in area of specialization. Implements them on a selective basis toimprove technical standards. • Participates in theeducational activities and training programs of the department. • Participates in national andinternational medical conferences. • ResearchResponsibilities • Participates in clinical,basic and translational research projects and published papers in accordancewith Research Advisory Council Policy in order to advance knowledge, improvethe quality of post graduate education and contribute to the national andinternational recognition of the Hospital. • AdministrativeResponsibilities • Undertakes the administrativeduties assigned by the Section Head or Chairman of the department. • Participates in all mandatory departmentalactivities and serves on departmental and Hospital committees, as required. • Assists the department in thedevelopment and implementation of techniques and practices that help maximizethe utilization of all resources within the department and across the Hospital. • Abides by the current Hospitaland medical stall bylaws, all relevant rules, regulations and policies andkeeps updated of any changes that might occur. • Participates in self-andothers’ education, training and development as applicable. • Follows all Hospital-relatedpolicies and procedures. • Performs other related dutiesas assigned. Education: Graduation from a medicalschool in good standing, completion of required period of postgraduate trainingin a specialty and/or subspecialty, with Saudi/American Board or Canadian/UKcertification, or equivalent as outlined by the Medical Staff CredentialingCommittee. Experience: Two (2) years of training inspecialty and subspecialty plus post-training experience required.",full_time,doctors,https://www.kfshrc.edu.sa/en/careers/jobs-listing/job?id=joben159147,2026-07-26,2,,,,,,false,2026-08-01
Saudi Arabia,SA,+966,Jeddah,King Faisal Specialist Hospital & Research Centre,hospital,,"King Faisal Specialist Hospital & Research Centre (KFSH&RC) is Saudi Arabia's tertiary and quaternary referral hospital and biomedical research centre, with facilities in Riyadh, Jeddah and Madinah. It specialises in oncology, organ transplantation, cardiovascular medicine, neurosciences, genetics and paediatrics, and runs its own research centre and academic training programmes.",Pharmacist I,"Responsible for verifying medication orders, preparing, compounding, dispensing medications, and counselling patients in accordance with accepted standards and established pharmacy policies and procedures. Duties: Reviews,evaluates, processes, and medication orders for demographic data (e.g., gender,age, and weight), appropriateness of therapy, dose, frequency, route, dosageform, interactions, allergies, related laboratory values, and possible druginteractions. • Advises/counsels patients and answers questions aboutmedications (including indication, possible side effects, interactions amongdifferent drugs as applicable to the area of practice. • Documentsinterventions and recommendations/ clarifications in the electronic HealthInformation System as applicable. • Maintains control and security of all medications includingcontrolled, narcotic substances and supplies. Maintains dispensing and recordkeeping as per laws and regulations. • Provides druginformation including but not limited to drug selection, dosage, interactions,monitoring, and side effects, etc to all health care providers. • Supervises, precepts,checks, and monitors medication related acties/performance of lower/ junior pharmacists,residents, trainees/students. • Assists andguides health care providers with issues related to the medication managementand use system. • Participates/assists in conducting performance/qualityimprovement projects. • Follows all Hospital’s related Policies andProcedures. • Participates in self andothers' education, training and development, as applicable. Education: Master’s or Pharm.D./Bachelor’sDegree in Pharmacy is required. Experience: Two (2) years of relatedexperience with Master’s, or four (4) years withPharm.D./ Bachelor’s Degree is required.",full_time,pharmacists,https://www.kfshrc.edu.sa/en/careers/jobs-listing/job?id=joben159120,2026-07-23,2,4,,,,,false,2026-07-28
Saudi Arabia,SA,+966,Jeddah,King Faisal Specialist Hospital & Research Centre,hospital,,"King Faisal Specialist Hospital & Research Centre (KFSH&RC) is Saudi Arabia's tertiary and quaternary referral hospital and biomedical research centre, with facilities in Riyadh, Jeddah and Madinah. It specialises in oncology, organ transplantation, cardiovascular medicine, neurosciences, genetics and paediatrics, and runs its own research centre and academic training programmes.",Polysomnography Technologist II,"Provides technology expertise in sleep studies and performs sleep procedures to aid in the comprehensive evaluation and treatment of sleep disorders. Duties: 1. Performs sleep studies including overnight sleep study, MSLT, CPAP, and BiPAP titrations. • 2. Prepare patient for sleep studies, including admission, education, setup all electrodes, and discharge after completing polysomnography assessment • 3. Reviews medical history, clinical information, medications, and analyses patient information including procedure request and verifies documentation. • 4. Applies electrodes and sensors with appropriate post calibrations to ensure that the signals are artifacts free. • 5. Performs troubleshooting as necessary for acquiring good quality sleep data. • 6. Documents all routine observations including sleep stages, respiratory events, and other significant clinical events. • 7. Implements appropriate interventions necessary for patient's safety during the study. • 8. Demonstrates the knowledge and skills necessary to recognize and provide age specific assessment and care according to policy. Maintains current BLS certification. • 9. Operates and maintains equipment and accessories. Maintains all stock and supplies needed to perform procedures in the sleep laboratory. • 10. Participates in performance improvement activities as assigned. • 11. Assists with scoring sleep/wake stages and clinical events such as respiratory events, periodic limb movements, arousals etc. by using accepted professional guidelines. • 12. Demonstrates effective written and spoken communication skills. Demonstrates ability to follow directions. Education: Bachelor’s Degree in Respiratory Care is required. Experience: Grade 08: • Two (2) years of related experience is required. • Grade 09: • Four (4) years as Polysomnography Technologist II at KFSH&RC, or (Grade 08) related experience is required. • Average of annual performance appraisal at least (3.5) for the last four (4) years. • Fifty (50) hours of cumulative continued medical education [CME]. Other requirements: Current Registration from country of origin and Saudi Commission for Health Specialties (SCHS) is required. • Successful completion of Polysomnography program with documented proficiency. • Certificate of Basic Life Support (BLS) is required.",full_time,non_clinical,https://www.kfshrc.edu.sa/en/careers/jobs-listing/job?id=joben159123,2026-07-23,2,4,,,,,false,2026-07-31
Saudi Arabia,SA,+966,Riyadh,King Faisal Specialist Hospital & Research Centre,hospital,,"King Faisal Specialist Hospital & Research Centre (KFSH&RC) is Saudi Arabia's tertiary and quaternary referral hospital and biomedical research centre, with facilities in Riyadh, Jeddah and Madinah. It specialises in oncology, organ transplantation, cardiovascular medicine, neurosciences, genetics and paediatrics, and runs its own research centre and academic training programmes.",Professor of Biomedical Sciences,"Provides academic leadership in biomedical sciences through graduate-level teaching, research supervision, and the development of innovative research programs. Duties: Develops, organizes, and delivers graduate-level teachingin assigned biomedical disciplines (e.g., molecular biology, genomics,immunology, biochemistry, bioinformatics). • Designs and implements curricula aligned withinternational academic standards and Ministry of Education (MOE) requirements. • Contributes to the development of interdisciplinaryprograms and strategic academic initiatives. • Establishes and leads independent and collaborativeresearch programs aligned with KFSHRC's research priorities. • Secures competitive research funding and publishes inhigh-impact, peer-reviewed journals (minimum 2 publications per year inreputable journals as per AU policy). • Collaborates with clinical, translational, and researchteams across KFSHRC and Alfaisal University. • Supervises and mentors PhD and MD-PhD students, ensuringhigh-quality academic and research outcomes. • Participates in faculty development and fosters acollaborative academic environment. • Mentors’ junior faculty and supports their professionaldevelopment. • Participates in academic governance, includingdepartmental, school, and institutional committees. • Contributes to accreditation processes, qualityassurance, and program evaluation in alignment with MOE and NCAAA standards. • Follows all Hospital’s related Policies and Procedures. • Participates in self and others' education, training anddevelopment, as applicable. • Performs other related duties as assigned. Education: PhD (or equivalent terminaldegree) in a relevant biomedical science discipline from an accreditedinstitution or other related discipline is required. Experience: Six (6) years of relatedexperience post-doctoral degree is required",full_time,non_clinical,https://www.kfshrc.edu.sa/en/careers/jobs-listing/job?id=joben159108,2026-07-22,6,,,,,,false,2026-07-31
Saudi Arabia,SA,+966,Riyadh,King Faisal Specialist Hospital & Research Centre,hospital,,"King Faisal Specialist Hospital & Research Centre (KFSH&RC) is Saudi Arabia's tertiary and quaternary referral hospital and biomedical research centre, with facilities in Riyadh, Jeddah and Madinah. It specialises in oncology, organ transplantation, cardiovascular medicine, neurosciences, genetics and paediatrics, and runs its own research centre and academic training programmes.",Case Management Assistant II,"Promotes effective utilisation of health care resources. Monitors patients progress through the episode of care, reporting and correcting variances for specific patient populations. Duties: Participates in the management of the waiting list for specific areas. • Coordinates with physicians and Admission Office in matters regarding admission and discharges. • Maintains liaison with referring hospitals and referring physicians to ensure that all necessary information and documentation regarding patients are available. • Manages and tracks the daily referrals of new patients. • Ensures initiation and follow up the discharge planning process. • Performs Case Management Assessment within one working day of admission and documents within 48 hours. • Performs units’ rounds on a daily basis. • Communicates and/or documents all relevant information as per established standards. • Maintains positive professional interpersonal relationships with patients and their families, co-workers and other members of the Health Care Team. • Serves on Program Committees as assigned. Education: Bachelor’s Degree or IPA Diploma in Hospital Administration or other related discipline is required. Experience: One (1) year of related experience with Bachelor’s Degree or three (3) years with IPA Diploma is required. Other requirements: Saudi National only.",full_time,non_clinical,https://www.kfshrc.edu.sa/en/careers/jobs-listing/job?id=joben159091,2026-07-21,1,3,,,,,false,2026-07-27
Saudi Arabia,SA,+966,Riyadh,King Faisal Specialist Hospital & Research Centre,hospital,,"King Faisal Specialist Hospital & Research Centre (KFSH&RC) is Saudi Arabia's tertiary and quaternary referral hospital and biomedical research centre, with facilities in Riyadh, Jeddah and Madinah. It specialises in oncology, organ transplantation, cardiovascular medicine, neurosciences, genetics and paediatrics, and runs its own research centre and academic training programmes.",Staff Nurse I,"Responsible for providing comprehensive nursing care utilizing the nursing process and meeting the established standard of nursing practice and performance. Demonstrates leadership competencies while in charge or acting as shift resource/team leader. Duties: 1. Provides total patient care as assigned according to the core standards of patient care and established policies and evidence-based practices. • 2. Assumes accountability for assessing, planning, implementing and evaluating care as well as discharge planning for each patient. • 3. Contributes to decreasing the length of stay/waiting time as per unit specific goal. Works in collaboration with Case Management to achieve goals. • 4. Documents all relevant information correctly, appropriately, and in a timely manner. • 5. Reports equipment failures, safety and security issues, and/or reduction of supply inventory to Head Nurse or designee. • 6. Demonstrates collaborative multi-disciplinary partnerships working towards the achievements of constant improvement in quality patient care. Acts as an advocate for patients and families. Identifies ideas that will improve the quality of patient care and issues that will negatively affect patient care outcomes, using the professional practice framework. • 7. Promotes a safe environment and safe patient care by embracing a safety culture and identifying areas of risk to head nurse or designee. Complies with policies for personal and patient safety and for the prevention of healthcare associated infections. • 8. Contributes to the achievement of cost efficiency savings on unit. Maintains an awareness of resource utilization, exercising care in the ordering and use of staff, equipment, and materials. • 9. Contributes to the achievement of clinical quality outcome indicators and patient satisfaction. Leads unit based Performance Improvement activities as assigned. • 10. Participates in new staff/nursing student orientation aimed at developing competence and performance. Assists in maintaining a suitable learning environment and acts as a preceptor/mentor in the supervision and teaching of nursing students and new staff to develop their competence. • 11. Demonstrates transcultural principles in nursing practice. • 12. Contributes to special projects/assignments linked to nursing strategic priorities and professional practice model as assigned. • 13. Assists in promoting and sharing knowledge via mentorship in line with relevant research and evidence based practice. • 14. Follows all Hospital related policies and procedures. • 15. Participates in self and other’s education, training and development, as applicable. Education: Bachelor's or Associate Degree/Diploma in Nursing is required. Experience: Two (2) years of Nursing experience with Bachelor’s or four (4) years with Associate Degree/Diploma is required. • No experience is required for Saudis with Bachelor’s Degree. Enrolment in New Graduate Development Program for staff with less than one (1) year of experience is required. Other requirements: Current Registered Nurse Licensure from country of origin and Saudi Commission for Health Specialties Licensure is required.",full_time,nurses,https://www.kfshrc.edu.sa/en/careers/jobs-listing/job?id=joben159086,2026-07-21,2,4,,,,,false,2026-07-27
Saudi Arabia,SA,+966,Riyadh,King Faisal Specialist Hospital & Research Centre,hospital,,"King Faisal Specialist Hospital & Research Centre (KFSH&RC) is Saudi Arabia's tertiary and quaternary referral hospital and biomedical research centre, with facilities in Riyadh, Jeddah and Madinah. It specialises in oncology, organ transplantation, cardiovascular medicine, neurosciences, genetics and paediatrics, and runs its own research centre and academic training programmes.",Staff Nurse I,"Responsible for providing comprehensive nursing care utilizing the nursing process and meeting the established standard of nursing practice and performance. Demonstrates leadership competencies while in charge or acting as shift resource/team leader. Duties: 1. Provides total patient care as assigned according to the core standards of patient care and established policies and evidence-based practices. • 2. Assumes accountability for assessing, planning, implementing and evaluating care as well as discharge planning for each patient. • 3. Contributes to decreasing the length of stay/waiting time as per unit specific goal. Works in collaboration with Case Management to achieve goals. • 4. Documents all relevant information correctly, appropriately, and in a timely manner. • 5. Reports equipment failures, safety and security issues, and/or reduction of supply inventory to Head Nurse or designee. • 6. Demonstrates collaborative multi-disciplinary partnerships working towards the achievements of constant improvement in quality patient care. Acts as an advocate for patients and families. Identifies ideas that will improve the quality of patient care and issues that will negatively affect patient care outcomes, using the professional practice framework. • 7. Promotes a safe environment and safe patient care by embracing a safety culture and identifying areas of risk to head nurse or designee. Complies with policies for personal and patient safety and for the prevention of healthcare associated infections. • 8. Contributes to the achievement of cost efficiency savings on unit. Maintains an awareness of resource utilization, exercising care in the ordering and use of staff, equipment, and materials. • 9. Contributes to the achievement of clinical quality outcome indicators and patient satisfaction. Leads unit based Performance Improvement activities as assigned. • 10. Participates in new staff/nursing student orientation aimed at developing competence and performance. Assists in maintaining a suitable learning environment and acts as a preceptor/mentor in the supervision and teaching of nursing students and new staff to develop their competence. • 11. Demonstrates transcultural principles in nursing practice. • 12. Contributes to special projects/assignments linked to nursing strategic priorities and professional practice model as assigned. • 13. Assists in promoting and sharing knowledge via mentorship in line with relevant research and evidence based practice. • 14. Follows all Hospital related policies and procedures. • 15. Participates in self and other’s education, training and development, as applicable. Education: Bachelor's or Associate Degree/Diploma in Nursing is required. Experience: Two (2) years of Nursing experience with Bachelor’s or four (4) years with Associate Degree/Diploma is required. • No experience is required for Saudis with Bachelor’s Degree. Enrolment in New Graduate Development Program for staff with less than one (1) year of experience is required. Other requirements: Current Registered Nurse Licensure from country of origin and Saudi Commission for Health Specialties Licensure is required.",full_time,nurses,https://www.kfshrc.edu.sa/en/careers/jobs-listing/job?id=joben159085,2026-07-21,2,4,,,,,false,2026-07-27
Saudi Arabia,SA,+966,Riyadh,King Faisal Specialist Hospital & Research Centre,hospital,,"King Faisal Specialist Hospital & Research Centre (KFSH&RC) is Saudi Arabia's tertiary and quaternary referral hospital and biomedical research centre, with facilities in Riyadh, Jeddah and Madinah. It specialises in oncology, organ transplantation, cardiovascular medicine, neurosciences, genetics and paediatrics, and runs its own research centre and academic training programmes.","Assistant Consultant, Critical Care","Assists in providing medical care in the field of Critical Care, and supervises interns and residents, in accordance with current medical staff bylaws, rules and regulations and the Hospital’s policies and procedures Duties: * Clinical Responsibilities • Assists the Consultant in providing required patient care and management in the field of Critical Care, in accordance with standards of medical care laid down by the Hospital. • Provides high-quality patient care in all aspects of Critical Care according to his/her approved clinical privileges. • Provides consultation (inpatient, and emergency room) upon request and responds in a timely manner within the prescribed timeframe as outlined in the Hospital’spolicy. • Responsible for the timely completion, competencies, accuracy and legibility of the medical record. • Provideson-call service and ensures availability and response time within theprescribed timeframe in accordance with Hospital policy. • Conducts dailymorning rounds to identify patients ready for discharge. Ensures that dischargeorders are written 24 hours prior to discharge. • Performs other clinical responsibilities related to the specialty, as assigned. *Academic Responsibilities • Provides orientation, bedside training and supervision to interns, residents and fellows as assigned. • Participatesin department’s educational activities and training programs of the department.Partakes in national and international medical conferences. • Maintains and enhances professional knowledge and continuing education requirements. Education: Graduation from a medical school in good standing, completion of required period of postgraduate training in a specialty and/or subspecialty, with Saudi/American Board or Canadian/UK certification, or equivalent as outlined by the Medical Staff Credentialing Committee. Experience: Two (2) years of training in specialty and subspecialty plus post-training experience required.",full_time,doctors,https://www.kfshrc.edu.sa/en/careers/jobs-listing/job?id=joben159096,2026-07-21,2,,,,,,false,2026-07-27
Saudi Arabia,SA,+966,Riyadh,King Faisal Specialist Hospital & Research Centre,hospital,,"King Faisal Specialist Hospital & Research Centre (KFSH&RC) is Saudi Arabia's tertiary and quaternary referral hospital and biomedical research centre, with facilities in Riyadh, Jeddah and Madinah. It specialises in oncology, organ transplantation, cardiovascular medicine, neurosciences, genetics and paediatrics, and runs its own research centre and academic training programmes.",Staff Nurse I,"Responsible for providing comprehensive nursing care utilizing the nursing process and meeting the established standard of nursing practice and performance. Demonstrates leadership competencies while in charge or acting as shift resource/team leader. Duties: 1. Provides total patient care as assigned according to the core standards of patient care and established policies and evidence-based practices. • 2. Assumes accountability for assessing, planning, implementing and evaluating care as well as discharge planning for each patient. • 3. Contributes to decreasing the length of stay/waiting time as per unit specific goal. Works in collaboration with Case Management to achieve goals. • 4. Documents all relevant information correctly, appropriately, and in a timely manner. • 5. Reports equipment failures, safety and security issues, and/or reduction of supply inventory to Head Nurse or designee. • 6. Demonstrates collaborative multi-disciplinary partnerships working towards the achievements of constant improvement in quality patient care. Acts as an advocate for patients and families. Identifies ideas that will improve the quality of patient care and issues that will negatively affect patient care outcomes, using the professional practice framework. • 7. Promotes a safe environment and safe patient care by embracing a safety culture and identifying areas of risk to head nurse or designee. Complies with policies for personal and patient safety and for the prevention of healthcare associated infections. • 8. Contributes to the achievement of cost efficiency savings on unit. Maintains an awareness of resource utilization, exercising care in the ordering and use of staff, equipment, and materials. • 9. Contributes to the achievement of clinical quality outcome indicators and patient satisfaction. Leads unit based Performance Improvement activities as assigned. • 10. Participates in new staff/nursing student orientation aimed at developing competence and performance. Assists in maintaining a suitable learning environment and acts as a preceptor/mentor in the supervision and teaching of nursing students and new staff to develop their competence. • 11. Demonstrates transcultural principles in nursing practice. • 12. Contributes to special projects/assignments linked to nursing strategic priorities and professional practice model as assigned. • 13. Assists in promoting and sharing knowledge via mentorship in line with relevant research and evidence based practice. • 14. Follows all Hospital related policies and procedures. • 15. Participates in self and other’s education, training and development, as applicable. Education: Bachelor's or Associate Degree/Diploma in Nursing is required. Experience: Two (2) years of Nursing experience with Bachelor’s or four (4) years with Associate Degree/Diploma is required. • No experience is required for Saudis with Bachelor’s Degree. Enrolment in New Graduate Development Program for staff with less than one (1) year of experience is required. Other requirements: Current Registered Nurse Licensure from country of origin and Saudi Commission for Health Specialties Licensure is required.",full_time,nurses,https://www.kfshrc.edu.sa/en/careers/jobs-listing/job?id=joben159083,2026-07-21,2,4,,,,,false,2026-07-27
Saudi Arabia,SA,+966,Riyadh,King Faisal Specialist Hospital & Research Centre,hospital,,"King Faisal Specialist Hospital & Research Centre (KFSH&RC) is Saudi Arabia's tertiary and quaternary referral hospital and biomedical research centre, with facilities in Riyadh, Jeddah and Madinah. It specialises in oncology, organ transplantation, cardiovascular medicine, neurosciences, genetics and paediatrics, and runs its own research centre and academic training programmes.",Case Management Assistant II,"Promotes effective utilisation of health care resources. Monitors patients progress through the episode of care, reporting and correcting variances for specific patient populations. Duties: Participates in the management of the waiting list for specific areas. • Coordinates with physicians and Admission Office in matters regarding admission and discharges. • Maintains liaison with referring hospitals and referring physicians to ensure that all necessary information and documentation regarding patients are available. • Manages and tracks the daily referrals of new patients. • Ensures initiation and follow up the discharge planning process. • Performs Case Management Assessment within one working day of admission and documents within 48 hours. • Performs units’ rounds on a daily basis. • Communicates and/or documents all relevant information as per established standards. • Maintains positive professional interpersonal relationships with patients and their families, co-workers and other members of the Health Care Team. • Serves on Program Committees as assigned. Education: Bachelor’s Degree or IPA Diploma in Hospital Administration or other related discipline is required. Experience: One (1) year of related experience with Bachelor’s Degree or three (3) years with IPA Diploma is required. Other requirements: Saudi National only.",full_time,non_clinical,https://www.kfshrc.edu.sa/en/careers/jobs-listing/job?id=joben159090,2026-07-21,1,3,,,,,false,2026-07-27
Saudi Arabia,SA,+966,Riyadh,King Faisal Specialist Hospital & Research Centre,hospital,,"King Faisal Specialist Hospital & Research Centre (KFSH&RC) is Saudi Arabia's tertiary and quaternary referral hospital and biomedical research centre, with facilities in Riyadh, Jeddah and Madinah. It specialises in oncology, organ transplantation, cardiovascular medicine, neurosciences, genetics and paediatrics, and runs its own research centre and academic training programmes.","Associate Consultant, Internist Polyclinics","Responsible for diagnosis and treatment of medical diseases and conditions, as well as the provision of medical care in the field of Internist Polyclinics, in accordance with current medical staff bylaws, rules and regulations and the hospital’s policies and procedures. Duties: Clinical Responsibilities • Participates in theduties necessary for the efficient handling and reporting of all examinations • Establishes andmaintains diagnostic services in assigned Internist Polyclinicsin coordinationwith Section Head or Chairman. • Communicates withclinicians and participates in their rounds and conferences. • Assists thepatient’s primary physician regarding test utilization and interpretation. • Ensures high levelsof employee and patient safety. • Verifies allquality control and proficiency testing and prepare for laboratory inspection. • Monitorsperformance standards including quality assurance, quality control andtroubleshooting. • Provides optimalsupport of patient care. AcademicResponsibilities • Directs and advicesjunior physicians on patient management, especially in the area of InternistPolyclinics. • Guides and activelyassists in the training and teaching of Fellows and Residents in area ofInternist Polyclinics. • Keeps abreast withall the latest techniques and developments, especially in area of InternistPolyclinics, following and implementing them on a selective basis to improvetechnical standards. • Activelyparticipates in the educational activities and training programs of thedepartment. • Participates innational and international medical conferences. ResearchResponsibilities • Participates inclinical or basic and educational research projects in area of InternistPolyclinics in order to advance knowledge, improve the quality of postgraduateeducation and contribute to the national and international recognition ofhealthcare. AdministrativeResponsibilities • Undertakes theadministrative duties associated with the running of the department. • Participates indepartmental meetings and serves on healthcare committees, as required. • Assists thedepartment in the development and implementation of techniques and practicesthat help maximize the utilization of all resources within the department andacross the Healthcare. • Abides by thecurrent Healthcare and medical staff bylaws, all relevant rules, regulationsand policies and keeps updated of any changes that might occur. • Follows allHospital’s related Policies and Procedures. • Participates inself and others' education, training and development, as applicable. • Performs otherrelated duties as assigned. Education: Graduation from an accreditedmedical school acceptable to Hospital’s . Experience: Five (5) years of training inspecialty and subspecialty plus post-training experience is required.",full_time,doctors,https://www.kfshrc.edu.sa/en/careers/jobs-listing/job?id=joben159080,2026-07-21,5,,,,,,false,2026-07-27
Saudi Arabia,SA,+966,Riyadh,King Faisal Specialist Hospital & Research Centre,hospital,,"King Faisal Specialist Hospital & Research Centre (KFSH&RC) is Saudi Arabia's tertiary and quaternary referral hospital and biomedical research centre, with facilities in Riyadh, Jeddah and Madinah. It specialises in oncology, organ transplantation, cardiovascular medicine, neurosciences, genetics and paediatrics, and runs its own research centre and academic training programmes.",Staff Nurse I,"Responsible for providing comprehensive nursing care utilizing the nursing process and meeting the established standard of nursing practice and performance. Demonstrates leadership competencies while in charge or acting as shift resource/team leader. Duties: 1. Provides total patient care as assigned according to the core standards of patient care and established policies and evidence-based practices. • 2. Assumes accountability for assessing, planning, implementing and evaluating care as well as discharge planning for each patient. • 3. Contributes to decreasing the length of stay/waiting time as per unit specific goal. Works in collaboration with Case Management to achieve goals. • 4. Documents all relevant information correctly, appropriately, and in a timely manner. • 5. Reports equipment failures, safety and security issues, and/or reduction of supply inventory to Head Nurse or designee. • 6. Demonstrates collaborative multi-disciplinary partnerships working towards the achievements of constant improvement in quality patient care. Acts as an advocate for patients and families. Identifies ideas that will improve the quality of patient care and issues that will negatively affect patient care outcomes, using the professional practice framework. • 7. Promotes a safe environment and safe patient care by embracing a safety culture and identifying areas of risk to head nurse or designee. Complies with policies for personal and patient safety and for the prevention of healthcare associated infections. • 8. Contributes to the achievement of cost efficiency savings on unit. Maintains an awareness of resource utilization, exercising care in the ordering and use of staff, equipment, and materials. • 9. Contributes to the achievement of clinical quality outcome indicators and patient satisfaction. Leads unit based Performance Improvement activities as assigned. • 10. Participates in new staff/nursing student orientation aimed at developing competence and performance. Assists in maintaining a suitable learning environment and acts as a preceptor/mentor in the supervision and teaching of nursing students and new staff to develop their competence. • 11. Demonstrates transcultural principles in nursing practice. • 12. Contributes to special projects/assignments linked to nursing strategic priorities and professional practice model as assigned. • 13. Assists in promoting and sharing knowledge via mentorship in line with relevant research and evidence based practice. • 14. Follows all Hospital related policies and procedures. • 15. Participates in self and other’s education, training and development, as applicable. Education: Bachelor's or Associate Degree/Diploma in Nursing is required. Experience: Two (2) years of Nursing experience with Bachelor’s or four (4) years with Associate Degree/Diploma is required. • No experience is required for Saudis with Bachelor’s Degree. Enrolment in New Graduate Development Program for staff with less than one (1) year of experience is required. Other requirements: Current Registered Nurse Licensure from country of origin and Saudi Commission for Health Specialties Licensure is required.",full_time,nurses,https://www.kfshrc.edu.sa/en/careers/jobs-listing/job?id=joben159087,2026-07-21,2,4,,,,,false,2026-07-27
Saudi Arabia,SA,+966,Riyadh,King Faisal Specialist Hospital & Research Centre,hospital,,"King Faisal Specialist Hospital & Research Centre (KFSH&RC) is Saudi Arabia's tertiary and quaternary referral hospital and biomedical research centre, with facilities in Riyadh, Jeddah and Madinah. It specialises in oncology, organ transplantation, cardiovascular medicine, neurosciences, genetics and paediatrics, and runs its own research centre and academic training programmes.","Assistant Consultant, Pediatric Critical Care","Assists in providing medical care in the field of Pediatric Critical Care, and supervises interns and residents, in accordance with current medical staff bylaws, rules and regulations and the Hospital’s policies and procedures Duties: * Clinical Responsibilities • Assists the Consultant in providing required patient care and management in the field of Pediatric Critical Care, in accordance with standards of medical care laid down by the Hospital. • Provides high-quality patient care in all aspects of Pediatric Critical Care according tohis/her approved clinical privileges. • Provides consultation (inpatient, and emergency room) upon request and responds in a timely manner within the prescribed timeframe as outlined in the Hospital’s policy. • Responsible for the timely completion, competencies, accuracy and legibility of the medical record. • Provides on-call service and ensures availability and response time within the prescribed timeframe in accordance with Hospital policy. • Conducts daily morning rounds to identify patients ready for discharge. Ensures that discharge orders are written 24 hours prior to discharge. • Performs other clinical responsibilities related to the specialty, as assigned. *Academic Responsibilities • Provides orientation, bedside training and supervision to interns, residents and fellows as assigned. • Participates in department’s educational activities and training programs of the department. Partakes in national and international medical conferences. • Maintains and enhances professional knowledge and continuing education requirements. Education: Graduation from a medical school in good standing, completion of required period of postgraduate training in a specialty and/or subspecialty, with Saudi/American Board or Canadian/UK certification, or equivalent as outlined by the Medical Staff Credentialing Committee. Experience: Two (2) years of training in specialty or subspecialty plus post-training experience is required.",full_time,doctors,https://www.kfshrc.edu.sa/en/careers/jobs-listing/job?id=joben159095,2026-07-21,2,,,,,,false,2026-07-27
Saudi Arabia,SA,+966,Riyadh,King Faisal Specialist Hospital & Research Centre,hospital,,"King Faisal Specialist Hospital & Research Centre (KFSH&RC) is Saudi Arabia's tertiary and quaternary referral hospital and biomedical research centre, with facilities in Riyadh, Jeddah and Madinah. It specialises in oncology, organ transplantation, cardiovascular medicine, neurosciences, genetics and paediatrics, and runs its own research centre and academic training programmes.",Staff Nurse I,"Responsible for providing comprehensive nursing care utilizing the nursing process and meeting the established standard of nursing practice and performance. Demonstrates leadership competencies while in charge or acting as shift resource/team leader. Duties: 1. Provides total patient care as assigned according to the core standards of patient care and established policies and evidence-based practices. • 2. Assumes accountability for assessing, planning, implementing and evaluating care as well as discharge planning for each patient. • 3. Contributes to decreasing the length of stay/waiting time as per unit specific goal. Works in collaboration with Case Management to achieve goals. • 4. Documents all relevant information correctly, appropriately, and in a timely manner. • 5. Reports equipment failures, safety and security issues, and/or reduction of supply inventory to Head Nurse or designee. • 6. Demonstrates collaborative multi-disciplinary partnerships working towards the achievements of constant improvement in quality patient care. Acts as an advocate for patients and families. Identifies ideas that will improve the quality of patient care and issues that will negatively affect patient care outcomes, using the professional practice framework. • 7. Promotes a safe environment and safe patient care by embracing a safety culture and identifying areas of risk to head nurse or designee. Complies with policies for personal and patient safety and for the prevention of healthcare associated infections. • 8. Contributes to the achievement of cost efficiency savings on unit. Maintains an awareness of resource utilization, exercising care in the ordering and use of staff, equipment, and materials. • 9. Contributes to the achievement of clinical quality outcome indicators and patient satisfaction. Leads unit based Performance Improvement activities as assigned. • 10. Participates in new staff/nursing student orientation aimed at developing competence and performance. Assists in maintaining a suitable learning environment and acts as a preceptor/mentor in the supervision and teaching of nursing students and new staff to develop their competence. • 11. Demonstrates transcultural principles in nursing practice. • 12. Contributes to special projects/assignments linked to nursing strategic priorities and professional practice model as assigned. • 13. Assists in promoting and sharing knowledge via mentorship in line with relevant research and evidence based practice. • 14. Follows all Hospital related policies and procedures. • 15. Participates in self and other’s education, training and development, as applicable. Education: Bachelor's or Associate Degree/Diploma in Nursing is required. Experience: Two (2) years of Nursing experience with Bachelor’s or four (4) years with Associate Degree/Diploma is required. • No experience is required for Saudis with Bachelor’s Degree. Enrolment in New Graduate Development Program for staff with less than one (1) year of experience is required. Other requirements: Current Registered Nurse Licensure from country of origin and Saudi Commission for Health Specialties Licensure is required.",full_time,nurses,https://www.kfshrc.edu.sa/en/careers/jobs-listing/job?id=joben159084,2026-07-21,2,4,,,,,false,2026-07-27
Saudi Arabia,SA,+966,Jeddah,King Faisal Specialist Hospital & Research Centre,hospital,,"King Faisal Specialist Hospital & Research Centre (KFSH&RC) is Saudi Arabia's tertiary and quaternary referral hospital and biomedical research centre, with facilities in Riyadh, Jeddah and Madinah. It specialises in oncology, organ transplantation, cardiovascular medicine, neurosciences, genetics and paediatrics, and runs its own research centre and academic training programmes.",Staff Nurse I,"Responsible for providing comprehensive nursing care utilizing the nursing process and meeting the established standard of nursing practice and performance. Demonstrates leadership competencies while in charge or acting as shift resource/team leader. Duties: 1. Provides total patient care as assigned according to the core standards of patient care and established policies and evidence-based practices. • 2. Assumes accountability for assessing, planning, implementing and evaluating care as well as discharge planning for each patient. • 3. Contributes to decreasing the length of stay/waiting time as per unit specific goal. Works in collaboration with Case Management to achieve goals. • 4. Documents all relevant information correctly, appropriately, and in a timely manner. • 5. Reports equipment failures, safety and security issues, and/or reduction of supply inventory to Head Nurse or designee. • 6. Demonstrates collaborative multi-disciplinary partnerships working towards the achievements of constant improvement in quality patient care. Acts as an advocate for patients and families. Identifies ideas that will improve the quality of patient care and issues that will negatively affect patient care outcomes, using the professional practice framework. • 7. Promotes a safe environment and safe patient care by embracing a safety culture and identifying areas of risk to head nurse or designee. Complies with policies for personal and patient safety and for the prevention of healthcare associated infections. • 8. Contributes to the achievement of cost efficiency savings on unit. Maintains an awareness of resource utilization, exercising care in the ordering and use of staff, equipment, and materials. • 9. Contributes to the achievement of clinical quality outcome indicators and patient satisfaction. Leads unit based Performance Improvement activities as assigned. • 10. Participates in new staff/nursing student orientation aimed at developing competence and performance. Assists in maintaining a suitable learning environment and acts as a preceptor/mentor in the supervision and teaching of nursing students and new staff to develop their competence. • 11. Demonstrates transcultural principles in nursing practice. • 12. Contributes to special projects/assignments linked to nursing strategic priorities and professional practice model as assigned. • 13. Assists in promoting and sharing knowledge via mentorship in line with relevant research and evidence based practice. • 14. Follows all Hospital related policies and procedures. • 15. Participates in self and other’s education, training and development, as applicable. Education: Bachelor's or Associate Degree/Diploma in Nursing is required. Experience: Two (2) years of Nursing experience with Bachelor’s or four (4) years with Associate Degree/Diploma is required. • No experience is required for Saudis with Bachelor’s Degree. Enrolment in New Graduate Development Program for staff with less than one (1) year of experience is required. Other requirements: Current Registered Nurse Licensure from country of origin and Saudi Commission for Health Specialties Licensure is required.",full_time,nurses,https://www.kfshrc.edu.sa/en/careers/jobs-listing/job?id=joben159010,2026-07-16,2,4,,,,,true,2027-07-16
Saudi Arabia,SA,+966,Jeddah,King Faisal Specialist Hospital & Research Centre,hospital,,"King Faisal Specialist Hospital & Research Centre (KFSH&RC) is Saudi Arabia's tertiary and quaternary referral hospital and biomedical research centre, with facilities in Riyadh, Jeddah and Madinah. It specialises in oncology, organ transplantation, cardiovascular medicine, neurosciences, genetics and paediatrics, and runs its own research centre and academic training programmes.",Staff Nurse I,"Responsible for providing comprehensive nursing care utilizing the nursing process and meeting the established standard of nursing practice and performance. Demonstrates leadership competencies while in charge or acting as shift resource/team leader. Duties: 1. Provides total patient care as assigned according to the core standards of patient care and established policies and evidence-based practices. • 2. Assumes accountability for assessing, planning, implementing and evaluating care as well as discharge planning for each patient. • 3. Contributes to decreasing the length of stay/waiting time as per unit specific goal. Works in collaboration with Case Management to achieve goals. • 4. Documents all relevant information correctly, appropriately, and in a timely manner. • 5. Reports equipment failures, safety and security issues, and/or reduction of supply inventory to Head Nurse or designee. • 6. Demonstrates collaborative multi-disciplinary partnerships working towards the achievements of constant improvement in quality patient care. Acts as an advocate for patients and families. Identifies ideas that will improve the quality of patient care and issues that will negatively affect patient care outcomes, using the professional practice framework. • 7. Promotes a safe environment and safe patient care by embracing a safety culture and identifying areas of risk to head nurse or designee. Complies with policies for personal and patient safety and for the prevention of healthcare associated infections. • 8. Contributes to the achievement of cost efficiency savings on unit. Maintains an awareness of resource utilization, exercising care in the ordering and use of staff, equipment, and materials. • 9. Contributes to the achievement of clinical quality outcome indicators and patient satisfaction. Leads unit based Performance Improvement activities as assigned. • 10. Participates in new staff/nursing student orientation aimed at developing competence and performance. Assists in maintaining a suitable learning environment and acts as a preceptor/mentor in the supervision and teaching of nursing students and new staff to develop their competence. • 11. Demonstrates transcultural principles in nursing practice. • 12. Contributes to special projects/assignments linked to nursing strategic priorities and professional practice model as assigned. • 13. Assists in promoting and sharing knowledge via mentorship in line with relevant research and evidence based practice. • 14. Follows all Hospital related policies and procedures. • 15. Participates in self and other’s education, training and development, as applicable. Education: Bachelor's or Associate Degree/Diploma in Nursing is required. Experience: Two (2) years of Nursing experience with Bachelor’s or four (4) years with Associate Degree/Diploma is required. • No experience is required for Saudis with Bachelor’s Degree. Enrolment in New Graduate Development Program for staff with less than one (1) year of experience is required. Other requirements: Current Registered Nurse Licensure from country of origin and Saudi Commission for Health Specialties Licensure is required.",full_time,nurses,https://www.kfshrc.edu.sa/en/careers/jobs-listing/job?id=joben159011,2026-07-16,2,4,,,,,true,2027-07-16
Saudi Arabia,SA,+966,Jeddah,King Faisal Specialist Hospital & Research Centre,hospital,,"King Faisal Specialist Hospital & Research Centre (KFSH&RC) is Saudi Arabia's tertiary and quaternary referral hospital and biomedical research centre, with facilities in Riyadh, Jeddah and Madinah. It specialises in oncology, organ transplantation, cardiovascular medicine, neurosciences, genetics and paediatrics, and runs its own research centre and academic training programmes.","Assistant Consultant, Critical Care","Assists in providing medical care in the field of Critical Care, and supervises interns and residents, in accordance with current medical staff bylaws, rules and regulations and the Hospital’s policies and procedures Duties: * Clinical Responsibilities • Assists the Consultant in providing required patient care and management in the field of Critical Care, in accordance with standards of medical care laid down by the Hospital. • Provides high-quality patient care in all aspects of Critical Care according to his/her approved clinical privileges. • Provides consultation (inpatient, and emergency room) upon request and responds in a timely manner within the prescribed timeframe as outlined in the Hospital’spolicy. • Responsible for the timely completion, competencies, accuracy and legibility of the medical record. • Provideson-call service and ensures availability and response time within theprescribed timeframe in accordance with Hospital policy. • Conducts dailymorning rounds to identify patients ready for discharge. Ensures that dischargeorders are written 24 hours prior to discharge. • Performs other clinical responsibilities related to the specialty, as assigned. *Academic Responsibilities • Provides orientation, bedside training and supervision to interns, residents and fellows as assigned. • Participatesin department’s educational activities and training programs of the department.Partakes in national and international medical conferences. • Maintains and enhances professional knowledge and continuing education requirements. Education: Graduation from a medical school in good standing, completion of required period of postgraduate training in a specialty and/or subspecialty, with Saudi/American Board or Canadian/UK certification, or equivalent as outlined by the Medical Staff Credentialing Committee. Experience: Two (2) years of training in specialty and subspecialty plus post-training experience required.",full_time,doctors,https://www.kfshrc.edu.sa/en/careers/jobs-listing/job?id=joben158749,2026-07-06,2,,,,,,true,2027-07-06
Saudi Arabia,SA,+966,Madinah,King Faisal Specialist Hospital & Research Centre,hospital,,"King Faisal Specialist Hospital & Research Centre (KFSH&RC) is Saudi Arabia's tertiary and quaternary referral hospital and biomedical research centre, with facilities in Riyadh, Jeddah and Madinah. It specialises in oncology, organ transplantation, cardiovascular medicine, neurosciences, genetics and paediatrics, and runs its own research centre and academic training programmes.",Staff Nurse I,"Responsible for providing comprehensive nursing care utilizing the nursing process and meeting the established standard of nursing practice and performance. Demonstrates leadership competencies while in charge or acting as shift resource/team leader. Duties: 1. Provides total patient care as assigned according to the core standards of patient care and established policies and evidence-based practices. • 2. Assumes accountability for assessing, planning, implementing and evaluating care as well as discharge planning for each patient. • 3. Contributes to decreasing the length of stay/waiting time as per unit specific goal. Works in collaboration with Case Management to achieve goals. • 4. Documents all relevant information correctly, appropriately, and in a timely manner. • 5. Reports equipment failures, safety and security issues, and/or reduction of supply inventory to Head Nurse or designee. • 6. Demonstrates collaborative multi-disciplinary partnerships working towards the achievements of constant improvement in quality patient care. Acts as an advocate for patients and families. Identifies ideas that will improve the quality of patient care and issues that will negatively affect patient care outcomes, using the professional practice framework. • 7. Promotes a safe environment and safe patient care by embracing a safety culture and identifying areas of risk to head nurse or designee. Complies with policies for personal and patient safety and for the prevention of healthcare associated infections. • 8. Contributes to the achievement of cost efficiency savings on unit. Maintains an awareness of resource utilization, exercising care in the ordering and use of staff, equipment, and materials. • 9. Contributes to the achievement of clinical quality outcome indicators and patient satisfaction. Leads unit based Performance Improvement activities as assigned. • 10. Participates in new staff/nursing student orientation aimed at developing competence and performance. Assists in maintaining a suitable learning environment and acts as a preceptor/mentor in the supervision and teaching of nursing students and new staff to develop their competence. • 11. Demonstrates transcultural principles in nursing practice. • 12. Contributes to special projects/assignments linked to nursing strategic priorities and professional practice model as assigned. • 13. Assists in promoting and sharing knowledge via mentorship in line with relevant research and evidence based practice. • 14. Follows all Hospital related policies and procedures. • 15. Participates in self and other’s education, training and development, as applicable. Education: Bachelor's or Associate Degree/Diploma in Nursing is required. Experience: Two (2) years of Nursing experience with Bachelor’s or four (4) years with Associate Degree/Diploma is required. • No experience is required for Saudis with Bachelor’s Degree. Enrolment in New Graduate Development Program for staff with less than one (1) year of experience is required. Other requirements: Current Registered Nurse Licensure from country of origin and Saudi Commission for Health Specialties Licensure is required.",full_time,nurses,https://www.kfshrc.edu.sa/en/careers/jobs-listing/job?id=joben158433,2026-06-16,2,4,,,,,true,2027-06-16
Saudi Arabia,SA,+966,Jeddah,King Faisal Specialist Hospital & Research Centre,hospital,,"King Faisal Specialist Hospital & Research Centre (KFSH&RC) is Saudi Arabia's tertiary and quaternary referral hospital and biomedical research centre, with facilities in Riyadh, Jeddah and Madinah. It specialises in oncology, organ transplantation, cardiovascular medicine, neurosciences, genetics and paediatrics, and runs its own research centre and academic training programmes.",Staff Nurse I,,full_time,nurses,https://www.kfshrc.edu.sa/en/careers/jobs-listing/job?id=joben157868,2026-05-18,,,,,,,true,2027-05-18
Saudi Arabia,SA,+966,Jeddah,King Faisal Specialist Hospital & Research Centre,hospital,,"King Faisal Specialist Hospital & Research Centre (KFSH&RC) is Saudi Arabia's tertiary and quaternary referral hospital and biomedical research centre, with facilities in Riyadh, Jeddah and Madinah. It specialises in oncology, organ transplantation, cardiovascular medicine, neurosciences, genetics and paediatrics, and runs its own research centre and academic training programmes.",Staff Nurse I,,full_time,nurses,https://www.kfshrc.edu.sa/en/careers/jobs-listing/job?id=joben157867,2026-05-18,,,,,,,true,2027-05-18
Saudi Arabia,SA,+966,Madinah,King Faisal Specialist Hospital & Research Centre,hospital,,"King Faisal Specialist Hospital & Research Centre (KFSH&RC) is Saudi Arabia's tertiary and quaternary referral hospital and biomedical research centre, with facilities in Riyadh, Jeddah and Madinah. It specialises in oncology, organ transplantation, cardiovascular medicine, neurosciences, genetics and paediatrics, and runs its own research centre and academic training programmes.","Consultant, Medical Oncology","Responsible for the diagnosis and treatment of medical diseases and conditions, as well as the provision of medical care in the field of Medical Oncology, in accordance with the current medical staff bylaws, rules and regulations and the Hospital’s policies and procedures. Duties: * Clinical Responsibilities • Provides high quality patient care in all aspects of Medical Oncology according to his/her approved clinical privileges. • Provides consultation (inpatient and emergency room) upon request and responds in a timely manner within the prescribed timeframe as outlined in the Hospital’s policy. • Responsible for the timely completion, competencies, accuracy and legibility of the medical records. • Provides on-call service and ensures availability and response time within the prescribed timeframe in accordance with Hospital’s policy. • Conducts daily morning rounds to identify patients ready for transfer/discharge. Ensures that transfer/discharge orders are written 24 hours prior to discharge/ transfer. • Performs any other clinical responsibilities related to the speciality, as assigned. *Academic Responsibilities • Provides orientation, bedside training and supervision to interns, residents and fellows as assigned. • Participates in Department’s educational activities and training programs. Partakes in national and international medical conferences. • Maintains and enhances professional knowledge and continuing education requirements. Education: Graduation from an accredited medical school, completion of required period of training in specialty and/or subspecialty, with Arab or American Board certification, membership and/or fellowship status in the United Kingdom and/or Canada or their equivalent. Experience: Seven (7) Years of training in specialty or subspecialty plus postgraduate training experience must be equal to or exceed seven (7) years’ experience in the subspecialty.",full_time,doctors,https://www.kfshrc.edu.sa/en/careers/jobs-listing/job?id=joben157483,2026-04-29,7,,,,,,true,2027-04-29
Saudi Arabia,SA,+966,Madinah,King Faisal Specialist Hospital & Research Centre,hospital,,"King Faisal Specialist Hospital & Research Centre (KFSH&RC) is Saudi Arabia's tertiary and quaternary referral hospital and biomedical research centre, with facilities in Riyadh, Jeddah and Madinah. It specialises in oncology, organ transplantation, cardiovascular medicine, neurosciences, genetics and paediatrics, and runs its own research centre and academic training programmes.","Assistant Consultant, Medical Oncology","Assists in providing medical care in the field of Medical Oncology, and supervises interns and residents, in accordance with current medical staff bylaws, rules and regulations and the Hospital’s policies and procedures Duties: * Clinical Responsibilities • Assists the Consultant in providing required patient care and management in the field of Medical Oncology, in accordance with standards of medical care laid down by the Hospital. • Provides high-quality patient care in all aspects of Medical Oncology according to his/her approved clinical privileges. • Provides consultation (inpatient, and emergency room) upon request and responds in a timely manner within the prescribed timeframe as outlined in the Hospital’s policy. • Responsible for the timely completion, competencies, accuracy and legibility of the medical record. • Provide son-call service and ensures availability and response time within the prescribed timeframe in accordance with Hospital policy. • Conducts daily morning rounds to identify patients ready for discharge. Ensures that discharge orders are written 24 hours prior to discharge. • Performs other clinical responsibilities related to the specialty, as assigned. *Academic Responsibilities • Provides orientation, bedside training and supervision to interns, residents and fellows as assigned. • Participates in department’s educational activities and training programs of the department. Partakes in national and international medical conferences. • Maintains and enhances professional knowledge and continuing education requirements. Education: Graduation from a medical school in good standing, completion of required period of postgraduate training in a specialty and/or subspecialty, with Saudi/American Board or Canadian/UK certification, or equivalent as outlined by the Medical Staff Credentialing Committee. Experience: Two (2) years of training in specialty or subspecialty plus post-training experience is required.",full_time,doctors,https://www.kfshrc.edu.sa/en/careers/jobs-listing/job?id=joben157437,2026-04-27,2,,,,,,true,2027-04-27
Saudi Arabia,SA,+966,Jeddah,King Faisal Specialist Hospital & Research Centre,hospital,,"King Faisal Specialist Hospital & Research Centre (KFSH&RC) is Saudi Arabia's tertiary and quaternary referral hospital and biomedical research centre, with facilities in Riyadh, Jeddah and Madinah. It specialises in oncology, organ transplantation, cardiovascular medicine, neurosciences, genetics and paediatrics, and runs its own research centre and academic training programmes.",Locum Tenens,"Responsible for the diagnosis and treatment of medical diseases and conditions, as well as the provision of medical care in the field of Specialty /Subspeciality , in accordance with the current medical staff bylaws, rules and regulations and the hospital’s policies and procedures. Duties: Clinical Responsibilities • Provides high quality patient care in all aspects of assigned specialty according to his/her approved clinical privileges. • Provides consultation (inpatient, and emergency room) upon request and responds in a timely manner within the prescribed timeframe as outlined in KFSH&RC policy. • Responsible for the timely completion, competencies, accuracy and eligibility of the medical record • Provides on-call service and ensures availability and response time within the prescribed timeframe in accordance with hospital policy. • Conducts daily morning rounds to identify patients ready for discharge. Ensures that discharge orders are written 24hours prior to discharge. • Performs any other clinical responsibilities related to the specialty , as assigned. • Academic Responsibilities • Provides orientation, bedside training and supervision to interns, residents and fellows as assigned • Participates in department’s educational activities and training programs of the department. Partakes in national and international medical conferences. • Maintains and enhances professional knowledge and continuing education requirements. • Research Responsibilities • Participates in clinical , basic and translational research projects in accordance with Research Advisory Council Policy in order to advance knowledge, improve the quality of post graduate education and contribute to the national and international recognition of KFSH&RC (Gen. Org.). • Administrative Responsibilities • Undertakes the administrative duties assigned by Head of Section or Chairman. • Participates in all mandatory departmental activities and serves on departmental and hospital committees and other administrative functions, as required. Education: Graduation from an accredited medical school, completion of required period of training in specialty and/ or subspecialty , with Arab or American Board certification, membership and/ or fellowship status in the United Kingdom and/or Canada or their equivalent. Experience: Seven (7) Years of training inspecialty or subspecialty plus postgraduate training experience must be equalto or exceed seven (7) years’ experience in the subspecialty",contract,doctors,https://www.kfshrc.edu.sa/en/careers/jobs-listing/job?id=joben157262,2026-04-20,7,,,,,,true,2026-10-17
Saudi Arabia,SA,+966,Riyadh,King Faisal Specialist Hospital & Research Centre,hospital,,"King Faisal Specialist Hospital & Research Centre (KFSH&RC) is Saudi Arabia's tertiary and quaternary referral hospital and biomedical research centre, with facilities in Riyadh, Jeddah and Madinah. It specialises in oncology, organ transplantation, cardiovascular medicine, neurosciences, genetics and paediatrics, and runs its own research centre and academic training programmes.","Head, Billing and Accounts Receivable",,full_time,non_clinical,https://www.kfshrc.edu.sa/en/careers/jobs-listing/job?id=joben155888,2026-02-08,,,,,,,false,2026-08-07
Saudi Arabia,SA,+966,Riyadh,King Faisal Specialist Hospital & Research Centre,hospital,,"King Faisal Specialist Hospital & Research Centre (KFSH&RC) is Saudi Arabia's tertiary and quaternary referral hospital and biomedical research centre, with facilities in Riyadh, Jeddah and Madinah. It specialises in oncology, organ transplantation, cardiovascular medicine, neurosciences, genetics and paediatrics, and runs its own research centre and academic training programmes.","Technologist, Radiography","Produces a high standard radiographic images utilizing digital radiography equipment. Duties: Reviews exam orders, protocols, and clarify with senior staff to prepare for exams. • Follows hospital identification policy to ensure accurate patient identification, explain procedures, and prepare equipment and supplies. • Positions patients, adjust immobilizing and shielding devices for accuracy, comfort, and minimized radiation exposure. • Selects appropriate settings for each projection and monitor the patient’s condition during and after the procedure to ensure safety and comfort. • Retrieves patient data, process it in the correct format for radiologist interpretation or archiving. • Assess the quality and completeness of completed tests, and document all studies performed. • Performs quality control on equipment, report malfunctions, and clean equipment and rooms for future use. • Assists in training and supervising students, interns, and trainees, and participate in ongoing education and development. • Follows section policies, quality improvement programs, radiation safety regulations, and apply ALARA principles in all procedures Education: Bachelor’s Degree or Graduate from an accredited Radiologic Technology program for North Americans, or Graduate from KFSH Radiography program is required. Experience: Grade 08: • Two (2)years of related experience with Bachelor’s, or four (4) years with programs is required. • Grade 09: • Four (4) years as Technologist, Radiography, or (Grade 08) related experience is required. • Average of annual performance appraisal at least (3.5) for the last four (4) years. • Fifty (50) hours of cumulative continued medical education [CME] is required. Other requirements: Current Registration from country of origin and Saudi Commission for Health Specialties (SCHS) is required. • Registration in Radiography with American Registry of Radiographic Technologists or the Canadian Association of Medical Radiation Technologists or equivalent is required for non-Saudis.",full_time,non_clinical,https://www.kfshrc.edu.sa/en/careers/jobs-listing/job?id=joben159420,2026-08-10,2,4,,,,,true,2026-08-15
Saudi Arabia,SA,+966,Riyadh,King Faisal Specialist Hospital & Research Centre,hospital,,"King Faisal Specialist Hospital & Research Centre (KFSH&RC) is Saudi Arabia's tertiary and quaternary referral hospital and biomedical research centre, with facilities in Riyadh, Jeddah and Madinah. It specialises in oncology, organ transplantation, cardiovascular medicine, neurosciences, genetics and paediatrics, and runs its own research centre and academic training programmes.",Clinical Engineer II,"Provides for the technical support of medical, diagnostic, therapeutic and analytical devices and systems, utilized for applied patient healthcare and healthcare research. Duties: 1. Provides for the demand and scheduled preventative maintenance of assigned medical and research equipment, Follows manufacturers' guidelines for this scheduled preventative maintenance. • 2. Is competent in the basic operation and application of assigned medical and research equipment. • 3. Reviews schematic drawings, manufacturer's instructions and manuals or obtains verbal instructions to diagnose technical problems and facilitates repair and preventative maintenance utilizing this information. • 4. Utilizes all required testing instrumental and hand tools required to facilitate repair and preventative maintenance of assigned medical equipment. • 5. Provides for user education and instruction, as required. • 6. Trains and guides Clinical Engineering Technicians, SCDP participants, Student Interns and other Clinical Engineering staff on the technical support of medical technology, as required. • 7. Follows all Hospital related policies and procedures. • 8. Participates in self and others' education, training & development, as applicable. • 9. Performs other related duties as assigned. Education: Bachelor’s Degree in Biomedical Technology, or other related discipline is required. Experience: Two (2) years of related experience with Bachelor’s is required. Other requirements: Valid license from country of origin.",full_time,non_clinical,https://www.kfshrc.edu.sa/en/careers/jobs-listing/job?id=joben159380,2026-08-09,2,,,,,,true,2026-08-14
Saudi Arabia,SA,+966,Riyadh,King Faisal Specialist Hospital & Research Centre,hospital,,"King Faisal Specialist Hospital & Research Centre (KFSH&RC) is Saudi Arabia's tertiary and quaternary referral hospital and biomedical research centre, with facilities in Riyadh, Jeddah and Madinah. It specialises in oncology, organ transplantation, cardiovascular medicine, neurosciences, genetics and paediatrics, and runs its own research centre and academic training programmes.",Neurophysiology Technologist,"Responsible for a specified procedural area to perform Clinical Neurophysiology Procedures. Duties: 1. Works independently and ensures a proper environment for testing in the laboratory, wards, Emergency Room (ER), or Intensive Care Units (ICUs). • 2. Obtains medical history of patient and summarizes relevant data. Puts patient at ease and explains procedure. Safely performs auditory, visual or electrical stimulation of the nervous system. Adjusts settings of equipment to ensure proper and accurate test results. Recognizes and eliminates artefacts to produce meaningful diagnostic information. • 3. Measures and applies multiple electrodes precisely, carefully, and securely to predetermined anatomic sites. Based on patient’s age, diagnosis, current state and medical history, performs Digital Video Electroencephalography (EEG), Visual, Brainstem Auditory and Somatosensory Evoked Potentials, Nerve conduction Studies, Sleep studies, Pulse Oximetry, Autonomic Studies and Long Term Video/Digital Encephalographic monitoring (LTM), in both adult and paediatric patients. • 4. Performs urgent diagnostic tests on critically ill patients in ICUs and the ER on mobile equipment or in the laboratory setting in coordination with nursing and respiratory therapy personnel. • 5. Monitors patients with surgically implanted intracranial electrodes. • 6. Assists physicians with invasive procedures in Intraoperative Neurophysiological Monitoring, Electrocorticography and Electromyography. • 7. Monitors patients intraoperatively. Performs complex pre-operative setups with electrodes on multiple anatomic sites. Watches and assesses the quality of the neurophysiologic waveforms. Follows the patient’s systemic and anaesthetic state while keeping track of surgical activities. Communicates with and gives feedback to Neurophysiologist as necessary. • 8. Observes patient reactions clinically and electrographically during testing. Notes signs of distress, medical emergencies, or seizures. Takes remedial action, notifies nurse and physician, if necessary. • 9. Makes preliminary analysis and description of the waveforms or potentials, ensuring that it is meaningful and acceptable. Notes pertinent data for physician review. • 10. Ensures safety of patient and safe operation of equipment. Informs supervisor in writing of equipment faults. Maintains work area. Ensures adequate levels of stocks and supplies in procedure areas. • 11. Cleans and disinfects clinical equipment. • 12. Participates in on-call rota for EEG and LTM services. • 13. Works as team leader in procedural areas, on a rotational basis as assigned. • 14. Participates in laboratory quality improvement programs. • 15. Participates in self and others’ education, training and development. • 16. Follows all Hospital policies and procedures. • 17. Performs other related duties as assigned. Education: Bachelor’s , or Associate Degree/Diploma in Clinical Neurophysiology or successful completion of a formal two-year program in Clinical Neurophysiology or other related discipline is required. Experience: Grade 08:Two (2) years of related experience with Bachelor’s or four (4) years with Associate Degree/Diploma or program is required. • Grade 09:Four (4) years of experience as a Neurophysiology Technologist at KFSH&RC,or (Grade 08), related experience is required. • Average of annual performance appraisal at least (3.5) for the last four (4) years. • Fifty (50) cumulative continued medical education (CME) Other requirements: Current Registration from country of origin and Saudi Commission for Health Specialties (SCHS) is required. • Board registration in EEG/Electro diagnostics or equivalent is required. • Certification through examination from an accredited Electroneurodiagnostic Program.",full_time,non_clinical,https://www.kfshrc.edu.sa/en/careers/jobs-listing/job?id=joben159385,2026-08-09,2,4,,,,,true,2026-08-14
Saudi Arabia,SA,+966,Riyadh,King Faisal Specialist Hospital & Research Centre,hospital,,"King Faisal Specialist Hospital & Research Centre (KFSH&RC) is Saudi Arabia's tertiary and quaternary referral hospital and biomedical research centre, with facilities in Riyadh, Jeddah and Madinah. It specialises in oncology, organ transplantation, cardiovascular medicine, neurosciences, genetics and paediatrics, and runs its own research centre and academic training programmes.",Neurophysiology Technologist,"Responsible for a specified procedural area to perform Clinical Neurophysiology Procedures. Duties: 1. Works independently and ensures a proper environment for testing in the laboratory, wards, Emergency Room (ER), or Intensive Care Units (ICUs). • 2. Obtains medical history of patient and summarizes relevant data. Puts patient at ease and explains procedure. Safely performs auditory, visual or electrical stimulation of the nervous system. Adjusts settings of equipment to ensure proper and accurate test results. Recognizes and eliminates artefacts to produce meaningful diagnostic information. • 3. Measures and applies multiple electrodes precisely, carefully, and securely to predetermined anatomic sites. Based on patient’s age, diagnosis, current state and medical history, performs Digital Video Electroencephalography (EEG), Visual, Brainstem Auditory and Somatosensory Evoked Potentials, Nerve conduction Studies, Sleep studies, Pulse Oximetry, Autonomic Studies and Long Term Video/Digital Encephalographic monitoring (LTM), in both adult and paediatric patients. • 4. Performs urgent diagnostic tests on critically ill patients in ICUs and the ER on mobile equipment or in the laboratory setting in coordination with nursing and respiratory therapy personnel. • 5. Monitors patients with surgically implanted intracranial electrodes. • 6. Assists physicians with invasive procedures in Intraoperative Neurophysiological Monitoring, Electrocorticography and Electromyography. • 7. Monitors patients intraoperatively. Performs complex pre-operative setups with electrodes on multiple anatomic sites. Watches and assesses the quality of the neurophysiologic waveforms. Follows the patient’s systemic and anaesthetic state while keeping track of surgical activities. Communicates with and gives feedback to Neurophysiologist as necessary. • 8. Observes patient reactions clinically and electrographically during testing. Notes signs of distress, medical emergencies, or seizures. Takes remedial action, notifies nurse and physician, if necessary. • 9. Makes preliminary analysis and description of the waveforms or potentials, ensuring that it is meaningful and acceptable. Notes pertinent data for physician review. • 10. Ensures safety of patient and safe operation of equipment. Informs supervisor in writing of equipment faults. Maintains work area. Ensures adequate levels of stocks and supplies in procedure areas. • 11. Cleans and disinfects clinical equipment. • 12. Participates in on-call rota for EEG and LTM services. • 13. Works as team leader in procedural areas, on a rotational basis as assigned. • 14. Participates in laboratory quality improvement programs. • 15. Participates in self and others’ education, training and development. • 16. Follows all Hospital policies and procedures. • 17. Performs other related duties as assigned. Education: Bachelor’s , or Associate Degree/Diploma in Clinical Neurophysiology or successful completion of a formal two-year program in Clinical Neurophysiology or other related discipline is required. Experience: Grade 08:Two (2) years of related experience with Bachelor’s or four (4) years with Associate Degree/Diploma or program is required. • Grade 09:Four (4) years of experience as a Neurophysiology Technologist at KFSH&RC,or (Grade 08), related experience is required. • Average of annual performance appraisal at least (3.5) for the last four (4) years. • Fifty (50) cumulative continued medical education (CME) Other requirements: Current Registration from country of origin and Saudi Commission for Health Specialties (SCHS) is required. • Board registration in EEG/Electro diagnostics or equivalent is required. • Certification through examination from an accredited Electroneurodiagnostic Program.",full_time,non_clinical,https://www.kfshrc.edu.sa/en/careers/jobs-listing/job?id=joben159389,2026-08-09,2,4,,,,,true,2026-08-15
Saudi Arabia,SA,+966,Riyadh,King Faisal Specialist Hospital & Research Centre,hospital,,"King Faisal Specialist Hospital & Research Centre (KFSH&RC) is Saudi Arabia's tertiary and quaternary referral hospital and biomedical research centre, with facilities in Riyadh, Jeddah and Madinah. It specialises in oncology, organ transplantation, cardiovascular medicine, neurosciences, genetics and paediatrics, and runs its own research centre and academic training programmes.",Clinical Engineer II,"Provides for the technical support of medical, diagnostic, therapeutic and analytical devices and systems, utilized for applied patient healthcare and healthcare research. Duties: 1. Provides for the demand and scheduled preventative maintenance of assigned medical and research equipment, Follows manufacturers' guidelines for this scheduled preventative maintenance. • 2. Is competent in the basic operation and application of assigned medical and research equipment. • 3. Reviews schematic drawings, manufacturer's instructions and manuals or obtains verbal instructions to diagnose technical problems and facilitates repair and preventative maintenance utilizing this information. • 4. Utilizes all required testing instrumental and hand tools required to facilitate repair and preventative maintenance of assigned medical equipment. • 5. Provides for user education and instruction, as required. • 6. Trains and guides Clinical Engineering Technicians, SCDP participants, Student Interns and other Clinical Engineering staff on the technical support of medical technology, as required. • 7. Follows all Hospital related policies and procedures. • 8. Participates in self and others' education, training & development, as applicable. • 9. Performs other related duties as assigned. Education: Bachelor’s Degree in Biomedical Technology, or other related discipline is required. Experience: Two (2) years of related experience with Bachelor’s is required. Other requirements: Valid license from country of origin.",full_time,non_clinical,https://www.kfshrc.edu.sa/en/careers/jobs-listing/job?id=joben159395,2026-08-09,2,,,,,,true,2026-08-13
Saudi Arabia,SA,+966,Riyadh,King Faisal Specialist Hospital & Research Centre,hospital,,"King Faisal Specialist Hospital & Research Centre (KFSH&RC) is Saudi Arabia's tertiary and quaternary referral hospital and biomedical research centre, with facilities in Riyadh, Jeddah and Madinah. It specialises in oncology, organ transplantation, cardiovascular medicine, neurosciences, genetics and paediatrics, and runs its own research centre and academic training programmes.",Senior Clinical Engineer,"Supervises and provides leadership to medical technology service teams, within the Clinical Engineering Department, that provide for the operational and technical support od medical diagnostic, therapeutic and analytical devices and systems, utilized for applied patient healthcare and healthcare research. Acts as the senior operational and technical resource for the assigned team. Duties: 1. Coordinates all operational and technical support services provided by assigned service section. Ensures quality of service provided by Clinical Engineer I’s, Clinical Engineer II’s, Clinical Engineering Technicians, SCDP’s, Interns and other assigned personnel. Ensures quality of service by external service providers. Monitors all productivity and quality of work performed by all assigned service teams within the section. • 2. Trains and orients all assigned Clinical Engineer I’s, Clinical Engineer II’s, Clinical Engineering Technicians, SCDP’s, Interns and other assigned personnel. Ensures that all assigned staff have the required operational and technical materials to ensure productivity and effectiveness of the service section. Develops servicing procedures and schedules for medical devices, as required. • 3. Assists in the overall performance appraisal of assigned staff in service team. Assists in the development of educational plans for assigned staff to ensure individual effectiveness within the Clinical Engineering Department. • 4. Develops and implements solutions to engineering problems related to clinical and research equipment. Designs, fabricates and modifies medical technology as required. • 5. Advises on utilizations and adoption of new existing medical technology with the KFSHRC. • 6. Coordinates the ordering of technical materials required for the technical support of assigned medical technology. • 7. Provides for and/or coordinates medical equipment user education and instruction, as required. • 8. Is competent in the Clinical Engineering medical technology database and other related computer software programs, as required. • 9. Actively participates in all KFSHRC committees, as assigned. • 10. Follows all Hospital related policies and procedures. • 11. Participates in self and others’ education, training & development, as applicable. Education: Master’s or Bachelor’s Degree in Clinical or Biomedical Engineering with healthcare background or other related discipline is required. Experience: Four (4) years of related experience in hospital environment including two (2) years in a supervisory capacity with the Master’s Degree, or six (6) years with Bachelor's Degree is required. Other requirements: Valid license from country of origin.",full_time,non_clinical,https://www.kfshrc.edu.sa/en/careers/jobs-listing/job?id=joben159393,2026-08-09,2,6,,,,,true,2026-08-15
Saudi Arabia,SA,+966,Riyadh,King Faisal Specialist Hospital & Research Centre,hospital,,"King Faisal Specialist Hospital & Research Centre (KFSH&RC) is Saudi Arabia's tertiary and quaternary referral hospital and biomedical research centre, with facilities in Riyadh, Jeddah and Madinah. It specialises in oncology, organ transplantation, cardiovascular medicine, neurosciences, genetics and paediatrics, and runs its own research centre and academic training programmes.",Senior Clinical Engineer,"Supervises and provides leadership to medical technology service teams, within the Clinical Engineering Department, that provide for the operational and technical support od medical diagnostic, therapeutic and analytical devices and systems, utilized for applied patient healthcare and healthcare research. Acts as the senior operational and technical resource for the assigned team. Duties: 1. Coordinates all operational and technical support services provided by assigned service section. Ensures quality of service provided by Clinical Engineer I’s, Clinical Engineer II’s, Clinical Engineering Technicians, SCDP’s, Interns and other assigned personnel. Ensures quality of service by external service providers. Monitors all productivity and quality of work performed by all assigned service teams within the section. • 2. Trains and orients all assigned Clinical Engineer I’s, Clinical Engineer II’s, Clinical Engineering Technicians, SCDP’s, Interns and other assigned personnel. Ensures that all assigned staff have the required operational and technical materials to ensure productivity and effectiveness of the service section. Develops servicing procedures and schedules for medical devices, as required. • 3. Assists in the overall performance appraisal of assigned staff in service team. Assists in the development of educational plans for assigned staff to ensure individual effectiveness within the Clinical Engineering Department. • 4. Develops and implements solutions to engineering problems related to clinical and research equipment. Designs, fabricates and modifies medical technology as required. • 5. Advises on utilizations and adoption of new existing medical technology with the KFSHRC. • 6. Coordinates the ordering of technical materials required for the technical support of assigned medical technology. • 7. Provides for and/or coordinates medical equipment user education and instruction, as required. • 8. Is competent in the Clinical Engineering medical technology database and other related computer software programs, as required. • 9. Actively participates in all KFSHRC committees, as assigned. • 10. Follows all Hospital related policies and procedures. • 11. Participates in self and others’ education, training & development, as applicable. Education: Master’s or Bachelor’s Degree in Clinical or Biomedical Engineering with healthcare background or other related discipline is required. Experience: Four (4) years of related experience in hospital environment including two (2) years in a supervisory capacity with the Master’s Degree, or six (6) years with Bachelor's Degree is required. Other requirements: Valid license from country of origin.",full_time,non_clinical,https://www.kfshrc.edu.sa/en/careers/jobs-listing/job?id=joben159394,2026-08-09,2,6,,,,,true,2026-08-13
Saudi Arabia,SA,+966,Riyadh,King Faisal Specialist Hospital & Research Centre,hospital,,"King Faisal Specialist Hospital & Research Centre (KFSH&RC) is Saudi Arabia's tertiary and quaternary referral hospital and biomedical research centre, with facilities in Riyadh, Jeddah and Madinah. It specialises in oncology, organ transplantation, cardiovascular medicine, neurosciences, genetics and paediatrics, and runs its own research centre and academic training programmes.",Neurophysiology Technologist,"Responsible for a specified procedural area to perform Clinical Neurophysiology Procedures. Duties: 1. Works independently and ensures a proper environment for testing in the laboratory, wards, Emergency Room (ER), or Intensive Care Units (ICUs). • 2. Obtains medical history of patient and summarizes relevant data. Puts patient at ease and explains procedure. Safely performs auditory, visual or electrical stimulation of the nervous system. Adjusts settings of equipment to ensure proper and accurate test results. Recognizes and eliminates artefacts to produce meaningful diagnostic information. • 3. Measures and applies multiple electrodes precisely, carefully, and securely to predetermined anatomic sites. Based on patient’s age, diagnosis, current state and medical history, performs Digital Video Electroencephalography (EEG), Visual, Brainstem Auditory and Somatosensory Evoked Potentials, Nerve conduction Studies, Sleep studies, Pulse Oximetry, Autonomic Studies and Long Term Video/Digital Encephalographic monitoring (LTM), in both adult and paediatric patients. • 4. Performs urgent diagnostic tests on critically ill patients in ICUs and the ER on mobile equipment or in the laboratory setting in coordination with nursing and respiratory therapy personnel. • 5. Monitors patients with surgically implanted intracranial electrodes. • 6. Assists physicians with invasive procedures in Intraoperative Neurophysiological Monitoring, Electrocorticography and Electromyography. • 7. Monitors patients intraoperatively. Performs complex pre-operative setups with electrodes on multiple anatomic sites. Watches and assesses the quality of the neurophysiologic waveforms. Follows the patient’s systemic and anaesthetic state while keeping track of surgical activities. Communicates with and gives feedback to Neurophysiologist as necessary. • 8. Observes patient reactions clinically and electrographically during testing. Notes signs of distress, medical emergencies, or seizures. Takes remedial action, notifies nurse and physician, if necessary. • 9. Makes preliminary analysis and description of the waveforms or potentials, ensuring that it is meaningful and acceptable. Notes pertinent data for physician review. • 10. Ensures safety of patient and safe operation of equipment. Informs supervisor in writing of equipment faults. Maintains work area. Ensures adequate levels of stocks and supplies in procedure areas. • 11. Cleans and disinfects clinical equipment. • 12. Participates in on-call rota for EEG and LTM services. • 13. Works as team leader in procedural areas, on a rotational basis as assigned. • 14. Participates in laboratory quality improvement programs. • 15. Participates in self and others’ education, training and development. • 16. Follows all Hospital policies and procedures. • 17. Performs other related duties as assigned. Education: Bachelor’s , or Associate Degree/Diploma in Clinical Neurophysiology or successful completion of a formal two-year program in Clinical Neurophysiology or other related discipline is required. Experience: Grade 08:Two (2) years of related experience with Bachelor’s or four (4) years with Associate Degree/Diploma or program is required. • Grade 09:Four (4) years of experience as a Neurophysiology Technologist at KFSH&RC,or (Grade 08), related experience is required. • Average of annual performance appraisal at least (3.5) for the last four (4) years. • Fifty (50) cumulative continued medical education (CME) Other requirements: Current Registration from country of origin and Saudi Commission for Health Specialties (SCHS) is required. • Board registration in EEG/Electro diagnostics or equivalent is required. • Certification through examination from an accredited Electroneurodiagnostic Program.",full_time,non_clinical,https://www.kfshrc.edu.sa/en/careers/jobs-listing/job?id=joben159383,2026-08-09,2,4,,,,,true,2026-08-14
Saudi Arabia,SA,+966,Riyadh,King Faisal Specialist Hospital & Research Centre,hospital,,"King Faisal Specialist Hospital & Research Centre (KFSH&RC) is Saudi Arabia's tertiary and quaternary referral hospital and biomedical research centre, with facilities in Riyadh, Jeddah and Madinah. It specialises in oncology, organ transplantation, cardiovascular medicine, neurosciences, genetics and paediatrics, and runs its own research centre and academic training programmes.","Assistant Consultant, Head & Neck, P&l-Ro","Assists in providing medical care in the field of Head, Neck, Pediatric & Lymphoma – Radiation Oncology, and supervises interns and residents, in accordance with current medical staff bylaws, rules and regulations and the Hospital’s policies and procedures. Duties: Clinical Responsibilities: Assists the Consultants in providing required patient care and management in the field of Head, Neck, Pediatric &Lymphoma – Radiation Oncology , in accordance with standards of medical care laid down by the Healthcare Delivery. • Studies and performs assessment , examination and the compilation of a case history and assists in the diagnosis and management of the patient in accordance with criteria listed in diagnostic manuals such as the Diagnostic and Statistical Manual. • Registers detailed medical history , conducts a thorough physical examination and creates a plan for patient management and follows-up for discussion with the Consultant. Subsequently , records the consultant’s orders, progress notes and other required documents for outpatients. • Provides on-call coverage frothier specialty on a rotational basis during evenings, nights, weekends and public holidays. • Prepares for and participates in consultant and specialist ward rounds as per policy. Documents findings in medical records. • Follows up on investigation results for outpatients and modifies treatment accordingly. • Attends specialty clinics, outpatient clinics, and shares on on-call schedule as per requirements. • Performs other clinical responsibilities, as assigned. • Academic Responsibilities: • Provides orientation, bedside training and supervision of interns, residents and fellows as assigned. • Keeps abreast of all the latest techniques and developments, especially in area of specialization. Implements them on a selective basis to improve technical standards. • Participates in the educational activities and training programs of the department. • Participates in national and international medical conferences. Education: Graduation from a medical school in good standing, completion of required period of postgraduate training in a specialty and/or subspecialty, with Saudi/American Board or Canadian/UK certification, or equivalent as outlined by the Medical Staff Credentialing Committee. Experience: Two (2) years of training in specialty and subspecialty plus post-training experience required.",full_time,doctors,https://www.kfshrc.edu.sa/en/careers/jobs-listing/job?id=joben159400,2026-08-09,2,,,,,,true,2026-08-15
Saudi Arabia,SA,+966,Riyadh,King Faisal Specialist Hospital & Research Centre,hospital,,"King Faisal Specialist Hospital & Research Centre (KFSH&RC) is Saudi Arabia's tertiary and quaternary referral hospital and biomedical research centre, with facilities in Riyadh, Jeddah and Madinah. It specialises in oncology, organ transplantation, cardiovascular medicine, neurosciences, genetics and paediatrics, and runs its own research centre and academic training programmes.",Neurophysiology Technologist,"Responsible for a specified procedural area to perform Clinical Neurophysiology Procedures. Duties: 1. Works independently and ensures a proper environment for testing in the laboratory, wards, Emergency Room (ER), or Intensive Care Units (ICUs). • 2. Obtains medical history of patient and summarizes relevant data. Puts patient at ease and explains procedure. Safely performs auditory, visual or electrical stimulation of the nervous system. Adjusts settings of equipment to ensure proper and accurate test results. Recognizes and eliminates artefacts to produce meaningful diagnostic information. • 3. Measures and applies multiple electrodes precisely, carefully, and securely to predetermined anatomic sites. Based on patient’s age, diagnosis, current state and medical history, performs Digital Video Electroencephalography (EEG), Visual, Brainstem Auditory and Somatosensory Evoked Potentials, Nerve conduction Studies, Sleep studies, Pulse Oximetry, Autonomic Studies and Long Term Video/Digital Encephalographic monitoring (LTM), in both adult and paediatric patients. • 4. Performs urgent diagnostic tests on critically ill patients in ICUs and the ER on mobile equipment or in the laboratory setting in coordination with nursing and respiratory therapy personnel. • 5. Monitors patients with surgically implanted intracranial electrodes. • 6. Assists physicians with invasive procedures in Intraoperative Neurophysiological Monitoring, Electrocorticography and Electromyography. • 7. Monitors patients intraoperatively. Performs complex pre-operative setups with electrodes on multiple anatomic sites. Watches and assesses the quality of the neurophysiologic waveforms. Follows the patient’s systemic and anaesthetic state while keeping track of surgical activities. Communicates with and gives feedback to Neurophysiologist as necessary. • 8. Observes patient reactions clinically and electrographically during testing. Notes signs of distress, medical emergencies, or seizures. Takes remedial action, notifies nurse and physician, if necessary. • 9. Makes preliminary analysis and description of the waveforms or potentials, ensuring that it is meaningful and acceptable. Notes pertinent data for physician review. • 10. Ensures safety of patient and safe operation of equipment. Informs supervisor in writing of equipment faults. Maintains work area. Ensures adequate levels of stocks and supplies in procedure areas. • 11. Cleans and disinfects clinical equipment. • 12. Participates in on-call rota for EEG and LTM services. • 13. Works as team leader in procedural areas, on a rotational basis as assigned. • 14. Participates in laboratory quality improvement programs. • 15. Participates in self and others’ education, training and development. • 16. Follows all Hospital policies and procedures. • 17. Performs other related duties as assigned. Education: Bachelor’s , or Associate Degree/Diploma in Clinical Neurophysiology or successful completion of a formal two-year program in Clinical Neurophysiology or other related discipline is required. Experience: Grade 08:Two (2) years of related experience with Bachelor’s or four (4) years with Associate Degree/Diploma or program is required. • Grade 09:Four (4) years of experience as a Neurophysiology Technologist at KFSH&RC,or (Grade 08), related experience is required. • Average of annual performance appraisal at least (3.5) for the last four (4) years. • Fifty (50) cumulative continued medical education (CME) Other requirements: Current Registration from country of origin and Saudi Commission for Health Specialties (SCHS) is required. • Board registration in EEG/Electro diagnostics or equivalent is required. • Certification through examination from an accredited Electroneurodiagnostic Program.",full_time,non_clinical,https://www.kfshrc.edu.sa/en/careers/jobs-listing/job?id=joben159384,2026-08-09,2,4,,,,,true,2026-08-14
Saudi Arabia,SA,+966,Riyadh,King Faisal Specialist Hospital & Research Centre,hospital,,"King Faisal Specialist Hospital & Research Centre (KFSH&RC) is Saudi Arabia's tertiary and quaternary referral hospital and biomedical research centre, with facilities in Riyadh, Jeddah and Madinah. It specialises in oncology, organ transplantation, cardiovascular medicine, neurosciences, genetics and paediatrics, and runs its own research centre and academic training programmes.",Respiratory Technician,"Provides respiratory care as assigned. Serves as a resource to healthcare providers in relation to technical and therapeutic aspects of Respiratory Care Services (RCS). Duties: 1. Performs all basic RCS modalities under supervision of Respiratory Therapist on all clinically stable patients including oxygen therapy, non-invasive monitoring, patient assessment, and bland aerosol delivery, medication delivery via SVN, and MDI with spacers. • 2. Performs chest physiotherapy (i.e. percussion, postural drainage, PEP mask, resistive devices, incentive spirometry, etc.). • 3. Performs non-invasive ventilation (CPAP and BiPAP) on clinically stable patient as assigned. • 4. Performs suctioning of intubated and non-intubated patients, routine tracheostomy changes. • 5. Assesses efficacy and patient’s response to procedures and makes appropriate notations in the patient’s medical records. • 6. Performs arterial blood sampling and analysis, blood gas acid based determinations, co-oximetry, and Na+/K+ determinations. • 7. Participates in cardiopulmonary resuscitation and emergency airway management according to approved protocols. • 8. Responsible for re-stocking ventilators at patient bedside, cleaning, and preparing equipment for sterilization, disassembling, cleaning/decontamination and reassembly of RCS equipment as assigned. • 9. Carries out routine maintenance of equipment and maintains RCS workroom supplies including re-stocking Herman-Miller storage bins with needed equipment. • 10. Assists in maintaining RCS equipment preventive maintenance schedule as assigned. • 11. Reports all results, problems and/or issues, whether patient or staff related to the area therapist and/or supervisor as required. • 12. Assists in the education, development, orientation of new employees, and perception of students as assigned. Education: Bachelor’s or Associate Degree/Diploma in Respiratory Care or Graduated of an accredited Saudi Respiratory Technician Program is required. Experience: Grade 07: • No experience with Bachelor’s Degree, or two (2) years with Associate Degree/Diploma or any other accredited Saudi Respiratory Technician Program is required. • Grade 08: • Four (4) years as a Respiratory Technician at KFSH&RC, or (Grade 07) related experience is required. • Average of annual performance appraisal at least (3.5) for the last four (4) years • Fifty (50) hours of cumulative continued medical education [CME] is required. Other requirements: Current Registration from country of origin and Saudi Commission for Health Specialties (SCHS) is required. • Respiratory Therapy Certification from country of origin is preferred. • Certification in Paediatric Advanced Life Support (PALS) or Advanced Life Support Course (ACLS) certification is preferred.Endotracheal intubation training is preferred.",full_time,non_clinical,https://www.kfshrc.edu.sa/en/careers/jobs-listing/job?id=joben159360,2026-08-09,2,4,,,,,true,2026-08-14
Saudi Arabia,SA,+966,Madinah,King Faisal Specialist Hospital & Research Centre,hospital,,"King Faisal Specialist Hospital & Research Centre (KFSH&RC) is Saudi Arabia's tertiary and quaternary referral hospital and biomedical research centre, with facilities in Riyadh, Jeddah and Madinah. It specialises in oncology, organ transplantation, cardiovascular medicine, neurosciences, genetics and paediatrics, and runs its own research centre and academic training programmes.","Assistant Consultant, Anesthesiology","Assists in providing medical care in the field of Anesthesiology and supervises interns and residents, in accordance with current medical staff bylaws, rules and regulations and the H ospital's policies and procedures Duties: *Clinical Responsibilities • 1.Assists the Consultant in providing required patient care and management in the field of Anesthesiology, in accordance with standards of medical care laid down by the Hospital. • 2.Provides high quality patient care in all aspects of Anesthesiology according to his/her approved clinical privileges. • 3.Provides consultation (inpatient, and emergency room) upon request and responds in a timely manner within the prescribed timeframe as outlined in the Hospital’s policy. • 4.Responsible for the timely completion, competencies, accuracy and legibility of the medical record. • 5.Provides on-call service and ensures availability and response time within the prescribed timeframe in accordance with Hospital policy. • 6.Conducts daily morning rounds to identify patients ready for discharge. Ensures that discharge orders are written 24 hours prior to discharge. • 7.Performs other clinical responsibilities related to the specialty, as assigned. • *Academic Responsibilities • 1.Provides orientation, bedside training and supervision to interns, residents and fellows as assigned. • 2.Participates in department’s educational activities and training programs of the department. Partakes in national and international medical conferences. • 3.Maintains and enhances professional knowledge and continuing education requirements. • *Research Responsibilities • 1.Participates in clinical, basic and translational research projects in accordance with Research Advisory Council Policy in order to advance knowledge, improve the quality of postgraduate education and contribute to the national and international recognition of the Hospital • *Administrative Responsibilities • 1.Undertakes the administrative duties assigned by Head of Section or Chairman. • 2.Participates in all mandatory departmental activities and serves on Departmental and Hospital committees and other administrative functions, as required. • 3.Assists the department in the development and implementation of techniques and practices that help maximize the utilization of all resources within the department and across the Hospital. • 4.Abides by the current Hospital and medical staff bylaws, all relevant rules, regulations and policies and keeps updated of any changes that might occur. • 5.Follows all Hospital related policies and procedures. • 6.Participates in self and others’ education, training and development as applicable. Education: Graduation from a medical school in good standing, completion of required period of postgraduate training in a specialty and/or subspecialty, with Saudi/American Board or Canadian/UK certification, or equivalent as outlined by the Medical Staff Credentialing Committee. Experience: Two (2) years of training in specialty and subspecialty plus post-training experience required. Other requirements: Minimum of two (2) publications in Lung Transplantation.",full_time,doctors,https://www.kfshrc.edu.sa/en/careers/jobs-listing/job?id=joben159348,2026-08-06,2,,,,,,true,2026-08-14
Saudi Arabia,SA,+966,Riyadh,King Faisal Specialist Hospital & Research Centre,hospital,,"King Faisal Specialist Hospital & Research Centre (KFSH&RC) is Saudi Arabia's tertiary and quaternary referral hospital and biomedical research centre, with facilities in Riyadh, Jeddah and Madinah. It specialises in oncology, organ transplantation, cardiovascular medicine, neurosciences, genetics and paediatrics, and runs its own research centre and academic training programmes.","Technologist, Radiography","Produces a high standard radiographic images utilizing digital radiography equipment. Duties: Reviews exam orders, protocols, and clarify with senior staff to prepare for exams. • Follows hospital identification policy to ensure accurate patient identification, explain procedures, and prepare equipment and supplies. • Positions patients, adjust immobilizing and shielding devices for accuracy, comfort, and minimized radiation exposure. • Selects appropriate settings for each projection and monitor the patient’s condition during and after the procedure to ensure safety and comfort. • Retrieves patient data, process it in the correct format for radiologist interpretation or archiving. • Assess the quality and completeness of completed tests, and document all studies performed. • Performs quality control on equipment, report malfunctions, and clean equipment and rooms for future use. • Assists in training and supervising students, interns, and trainees, and participate in ongoing education and development. • Follows section policies, quality improvement programs, radiation safety regulations, and apply ALARA principles in all procedures Education: Bachelor’s Degree or Graduate from an accredited Radiologic Technology program for North Americans, or Graduate from KFSH Radiography program is required. Experience: Grade 08: • Two (2)years of related experience with Bachelor’s, or four (4) years with programs is required. • Grade 09: • Four (4) years as Technologist, Radiography, or (Grade 08) related experience is required. • Average of annual performance appraisal at least (3.5) for the last four (4) years. • Fifty (50) hours of cumulative continued medical education [CME] is required. Other requirements: Current Registration from country of origin and Saudi Commission for Health Specialties (SCHS) is required. • Registration in Radiography with American Registry of Radiographic Technologists or the Canadian Association of Medical Radiation Technologists or equivalent is required for non-Saudis.",full_time,non_clinical,https://www.kfshrc.edu.sa/en/careers/jobs-listing/job?id=joben159324,2026-08-05,2,4,,,,,true,2026-08-11
Saudi Arabia,SA,+966,Riyadh,King Faisal Specialist Hospital & Research Centre,hospital,,"King Faisal Specialist Hospital & Research Centre (KFSH&RC) is Saudi Arabia's tertiary and quaternary referral hospital and biomedical research centre, with facilities in Riyadh, Jeddah and Madinah. It specialises in oncology, organ transplantation, cardiovascular medicine, neurosciences, genetics and paediatrics, and runs its own research centre and academic training programmes.",Angiography / Fluoroscopy Technologist,"Operates Angiography/Fluoroscopy (Angio/Fluoro) equipment and assists assigned radiologist in the area. Duties: Reviews exam orders/requisitions and corresponding protocol, and seeks advice of seniors. • Reviews and evaluates instructions from physicians to complete Angio or Fluoro procedures. Prepares room and checks supplies. • Selects proper image receptor and image recorder and programs them. Forwards recorded images in proper format to the radiologist for interpretation and assists in image manipulation and archiving. • Performs operator maintenance on equipment. Informs supervisor of equipment failure or repair needs and documents the same.Performs quality control studies on equipment. Maintains and cleans the room and equipment. • Assesses inventory and periodically stocks Angio and Fluoro supplies and restores all equipment and supplies for subsequent use. • Assists in training and supervison of students, interns, and trainees and evaluates their performance. • Assists radiologist in endovascular laser therapy procedure (EVLT). • Complies with the section policies, procedures and protocols. Follow the section quality improvement program in accordance with CBAHI, JCI, SFDA and other accreditation agencies standards. • Complies with the Radiation Safety Rules and Regulations of the Hospital in accordance with KACST and K.A. CARE and other National or International Regulatory bodies. • Applies ALARA principle role within the section practice for all procedures. Education: Bachelor’s Degree in Radiological Science/ Technology required for Saudi Nationals or Graduate from an accredited Radiologic Technology program (minimum 2 years) for non-Saudi is required. Experience: Grade 08: Two (2) years of related experience with Bachelor’s Degree, or four (4) years with programs is required. • Grade 09: • Four (4) years as an Angiography/Fluoroscopy Technologist, or (Grade 08) related experience is required. • Average of annual performance appraisal at least (3.5) for the last four (4) years. • Fifty (50) hours of cumulative continued medical education [CME] is required. Other requirements: Current Registrationfrom country of origin and Saudi Commission for Health Specialties (SCHS) isrequired. • Registration inthe American Registry of Radiographic Technologists of the Canadian Associationof Medical Radiation Technologists or equivalent is required for non-Saudis.",full_time,non_clinical,https://www.kfshrc.edu.sa/en/careers/jobs-listing/job?id=joben159320,2026-08-05,2,4,,,,,true,2026-08-11
Saudi Arabia,SA,+966,Riyadh,King Faisal Specialist Hospital & Research Centre,hospital,,"King Faisal Specialist Hospital & Research Centre (KFSH&RC) is Saudi Arabia's tertiary and quaternary referral hospital and biomedical research centre, with facilities in Riyadh, Jeddah and Madinah. It specialises in oncology, organ transplantation, cardiovascular medicine, neurosciences, genetics and paediatrics, and runs its own research centre and academic training programmes.",Ambulatory Care Representative I,"Ensures that patient access, acceptance, registration, eligibility and financial status are in line with Hospital policies and that they are completed in a timely manner through coordination with physicians, nurses and other health care providers. Duties: 1. Receives and greets patients, employees or visitors as they arrived in the clinic and provides information & directions. • 2. Obtains necessary information, determines and directs the concerns of caller to appropriate areas. • 3. Opens medical Records for new patients. • 4. Reviews and responds to correspondence regarding eligibility for treatment. • 5. Receives interviews and assists patients/families prior to submitting medical referrals paperwork and explains KFSH&RC Eligibility policy. • 6. Performs all appointment Services and Admission functions. • 7. Registers and initiates the required action on all financial letters coming from the Royal Families, Royal Cabinet, companies, General Medical Committees, embassies and other sources. • 8. Registers and confirms patient’s visit using computer system, and takes necessary action for patient’s check-in. • 9. Receives walk-in patients and takes necessary action for them. • 10. Retrieves patient information from the system as necessary. • 11. Verifies patient’s eligibility status; makes sure that patient is eligible for the specialty he/she is referred to. • 12. Coordinates with other Hospital staff while booking appointment to make sure the patient’s appointments are close to each other, like X-ray or Endoscopy, etc. • 13. Participates in the orientation of new employees as required. • 14. Follows all Hospital related policies and procedures. • 15. Participates in self and other’s education, training and development, as applicable. • 16. Performs any other related duties as assigned. Education: Bachelor’s Degree or IPA Diploma in Hospital Administration or other related discipline is required. Experience: One (1) year of related experience with Bachelor’s Degree or three (3) years with IPA Diploma is required. Other requirements: Saudi National only.",full_time,non_clinical,https://www.kfshrc.edu.sa/en/careers/jobs-listing/job?id=joben159328,2026-08-05,1,3,,,,,true,2026-08-14
Saudi Arabia,SA,+966,Riyadh,King Faisal Specialist Hospital & Research Centre,hospital,,"King Faisal Specialist Hospital & Research Centre (KFSH&RC) is Saudi Arabia's tertiary and quaternary referral hospital and biomedical research centre, with facilities in Riyadh, Jeddah and Madinah. It specialises in oncology, organ transplantation, cardiovascular medicine, neurosciences, genetics and paediatrics, and runs its own research centre and academic training programmes.",Ambulatory Care Representative I,"Ensures that patient access, acceptance, registration, eligibility and financial status are in line with Hospital policies and that they are completed in a timely manner through coordination with physicians, nurses and other health care providers. Duties: 1. Receives and greets patients, employees or visitors as they arrived in the clinic and provides information & directions. • 2. Obtains necessary information, determines and directs the concerns of caller to appropriate areas. • 3. Opens medical Records for new patients. • 4. Reviews and responds to correspondence regarding eligibility for treatment. • 5. Receives interviews and assists patients/families prior to submitting medical referrals paperwork and explains KFSH&RC Eligibility policy. • 6. Performs all appointment Services and Admission functions. • 7. Registers and initiates the required action on all financial letters coming from the Royal Families, Royal Cabinet, companies, General Medical Committees, embassies and other sources. • 8. Registers and confirms patient’s visit using computer system, and takes necessary action for patient’s check-in. • 9. Receives walk-in patients and takes necessary action for them. • 10. Retrieves patient information from the system as necessary. • 11. Verifies patient’s eligibility status; makes sure that patient is eligible for the specialty he/she is referred to. • 12. Coordinates with other Hospital staff while booking appointment to make sure the patient’s appointments are close to each other, like X-ray or Endoscopy, etc. • 13. Participates in the orientation of new employees as required. • 14. Follows all Hospital related policies and procedures. • 15. Participates in self and other’s education, training and development, as applicable. • 16. Performs any other related duties as assigned. Education: Bachelor’s Degree or IPA Diploma in Hospital Administration or other related discipline is required. Experience: One (1) year of related experience with Bachelor’s Degree or three (3) years with IPA Diploma is required. Other requirements: Saudi National only.",full_time,non_clinical,https://www.kfshrc.edu.sa/en/careers/jobs-listing/job?id=joben159327,2026-08-05,1,3,,,,,true,2026-08-14
Saudi Arabia,SA,+966,Riyadh,King Faisal Specialist Hospital & Research Centre,hospital,,"King Faisal Specialist Hospital & Research Centre (KFSH&RC) is Saudi Arabia's tertiary and quaternary referral hospital and biomedical research centre, with facilities in Riyadh, Jeddah and Madinah. It specialises in oncology, organ transplantation, cardiovascular medicine, neurosciences, genetics and paediatrics, and runs its own research centre and academic training programmes.",Ambulatory Care Representative I,"Ensures that patient access, acceptance, registration, eligibility and financial status are in line with Hospital policies and that they are completed in a timely manner through coordination with physicians, nurses and other health care providers. Duties: 1. Receives and greets patients, employees or visitors as they arrived in the clinic and provides information & directions. • 2. Obtains necessary information, determines and directs the concerns of caller to appropriate areas. • 3. Opens medical Records for new patients. • 4. Reviews and responds to correspondence regarding eligibility for treatment. • 5. Receives interviews and assists patients/families prior to submitting medical referrals paperwork and explains KFSH&RC Eligibility policy. • 6. Performs all appointment Services and Admission functions. • 7. Registers and initiates the required action on all financial letters coming from the Royal Families, Royal Cabinet, companies, General Medical Committees, embassies and other sources. • 8. Registers and confirms patient’s visit using computer system, and takes necessary action for patient’s check-in. • 9. Receives walk-in patients and takes necessary action for them. • 10. Retrieves patient information from the system as necessary. • 11. Verifies patient’s eligibility status; makes sure that patient is eligible for the specialty he/she is referred to. • 12. Coordinates with other Hospital staff while booking appointment to make sure the patient’s appointments are close to each other, like X-ray or Endoscopy, etc. • 13. Participates in the orientation of new employees as required. • 14. Follows all Hospital related policies and procedures. • 15. Participates in self and other’s education, training and development, as applicable. • 16. Performs any other related duties as assigned. Education: Bachelor’s Degree or IPA Diploma in Hospital Administration or other related discipline is required. Experience: One (1) year of related experience with Bachelor’s Degree or three (3) years with IPA Diploma is required. Other requirements: Saudi National only.",full_time,non_clinical,https://www.kfshrc.edu.sa/en/careers/jobs-listing/job?id=joben159326,2026-08-05,1,3,,,,,true,2026-08-14
Saudi Arabia,SA,+966,Riyadh,King Faisal Specialist Hospital & Research Centre,hospital,,"King Faisal Specialist Hospital & Research Centre (KFSH&RC) is Saudi Arabia's tertiary and quaternary referral hospital and biomedical research centre, with facilities in Riyadh, Jeddah and Madinah. It specialises in oncology, organ transplantation, cardiovascular medicine, neurosciences, genetics and paediatrics, and runs its own research centre and academic training programmes.",Senior Clinical Engineer,"Supervises and provides leadership to medical technology service teams, within the Clinical Engineering Department, that provide for the operational and technical support od medical diagnostic, therapeutic and analytical devices and systems, utilized for applied patient healthcare and healthcare research. Acts as the senior operational and technical resource for the assigned team. Duties: 1. Coordinates all operational and technical support services provided by assigned service section. Ensures quality of service provided by Clinical Engineer I’s, Clinical Engineer II’s, Clinical Engineering Technicians, SCDP’s, Interns and other assigned personnel. Ensures quality of service by external service providers. Monitors all productivity and quality of work performed by all assigned service teams within the section. • 2. Trains and orients all assigned Clinical Engineer I’s, Clinical Engineer II’s, Clinical Engineering Technicians, SCDP’s, Interns and other assigned personnel. Ensures that all assigned staff have the required operational and technical materials to ensure productivity and effectiveness of the service section. Develops servicing procedures and schedules for medical devices, as required. • 3. Assists in the overall performance appraisal of assigned staff in service team. Assists in the development of educational plans for assigned staff to ensure individual effectiveness within the Clinical Engineering Department. • 4. Develops and implements solutions to engineering problems related to clinical and research equipment. Designs, fabricates and modifies medical technology as required. • 5. Advises on utilizations and adoption of new existing medical technology with the KFSHRC. • 6. Coordinates the ordering of technical materials required for the technical support of assigned medical technology. • 7. Provides for and/or coordinates medical equipment user education and instruction, as required. • 8. Is competent in the Clinical Engineering medical technology database and other related computer software programs, as required. • 9. Actively participates in all KFSHRC committees, as assigned. • 10. Follows all Hospital related policies and procedures. • 11. Participates in self and others’ education, training & development, as applicable. Education: Master’s or Bachelor’s Degree in Clinical or Biomedical Engineering with healthcare background or other related discipline is required. Experience: Four (4) years of related experience in hospital environment including two (2) years in a supervisory capacity with the Master’s Degree, or six (6) years with Bachelor's Degree is required. Other requirements: Valid license from country of origin.",full_time,non_clinical,https://www.kfshrc.edu.sa/en/careers/jobs-listing/job?id=joben159303,2026-08-04,2,6,,,,,true,2026-08-14
Saudi Arabia,SA,+966,Riyadh,King Faisal Specialist Hospital & Research Centre,hospital,,"King Faisal Specialist Hospital & Research Centre (KFSH&RC) is Saudi Arabia's tertiary and quaternary referral hospital and biomedical research centre, with facilities in Riyadh, Jeddah and Madinah. It specialises in oncology, organ transplantation, cardiovascular medicine, neurosciences, genetics and paediatrics, and runs its own research centre and academic training programmes.",Senior Clinical Engineer,"Supervises and provides leadership to medical technology service teams, within the Clinical Engineering Department, that provide for the operational and technical support od medical diagnostic, therapeutic and analytical devices and systems, utilized for applied patient healthcare and healthcare research. Acts as the senior operational and technical resource for the assigned team. Duties: 1. Coordinates all operational and technical support services provided by assigned service section. Ensures quality of service provided by Clinical Engineer I’s, Clinical Engineer II’s, Clinical Engineering Technicians, SCDP’s, Interns and other assigned personnel. Ensures quality of service by external service providers. Monitors all productivity and quality of work performed by all assigned service teams within the section. • 2. Trains and orients all assigned Clinical Engineer I’s, Clinical Engineer II’s, Clinical Engineering Technicians, SCDP’s, Interns and other assigned personnel. Ensures that all assigned staff have the required operational and technical materials to ensure productivity and effectiveness of the service section. Develops servicing procedures and schedules for medical devices, as required. • 3. Assists in the overall performance appraisal of assigned staff in service team. Assists in the development of educational plans for assigned staff to ensure individual effectiveness within the Clinical Engineering Department. • 4. Develops and implements solutions to engineering problems related to clinical and research equipment. Designs, fabricates and modifies medical technology as required. • 5. Advises on utilizations and adoption of new existing medical technology with the KFSHRC. • 6. Coordinates the ordering of technical materials required for the technical support of assigned medical technology. • 7. Provides for and/or coordinates medical equipment user education and instruction, as required. • 8. Is competent in the Clinical Engineering medical technology database and other related computer software programs, as required. • 9. Actively participates in all KFSHRC committees, as assigned. • 10. Follows all Hospital related policies and procedures. • 11. Participates in self and others’ education, training & development, as applicable. Education: Master’s or Bachelor’s Degree in Clinical or Biomedical Engineering with healthcare background or other related discipline is required. Experience: Four (4) years of related experience in hospital environment including two (2) years in a supervisory capacity with the Master’s Degree, or six (6) years with Bachelor's Degree is required. Other requirements: Valid license from country of origin.",full_time,non_clinical,https://www.kfshrc.edu.sa/en/careers/jobs-listing/job?id=joben159304,2026-08-04,2,6,,,,,true,2026-08-14
Saudi Arabia,SA,+966,Riyadh,King Faisal Specialist Hospital & Research Centre,hospital,,"King Faisal Specialist Hospital & Research Centre (KFSH&RC) is Saudi Arabia's tertiary and quaternary referral hospital and biomedical research centre, with facilities in Riyadh, Jeddah and Madinah. It specialises in oncology, organ transplantation, cardiovascular medicine, neurosciences, genetics and paediatrics, and runs its own research centre and academic training programmes.",Genetic Counsellor,"Provides genetic assessment and counselling for individuals/families with a medical history of, or at increased risk of having a child with a birth defect or genetic condition, or who are themselves at risk for a genetic disorder. Duties: Obtains and analyses medical histories, results of investigations and consultations together with sociocultural, psychodynamic and ethical issues. • Provides empathetic, non-directive prenatal, paediatric and general genetic counselling in the discussion of the diagnosis, natural history, mode of inheritance, plan of care, genetic testing and/or prenatal testing options, alternative options for dealing with the issues at hand. • Informs and counsels patient and/or families throughnon-directive counselling taking into consideration and respecting all ethical standards of privacy and confidentiality. • Calculates risk (e.g. recurrence risk, presymptomatic diagnostic risk) incorporating information such as medical history, family history, the availability of genetic testing as well as relevant test results into the appropriate statistical methodology (e.g. Bayesian analysis). Orders appropriate laboratory tests under the supervision of Senior Genetic Counsellor. • Uses independent judgement to critically appraisepublished and unpublished data regarding testing options for a specificdisorder and incorporates this appraisal into genetic counselling and follow-upplan. • Develops a genetic assessment and counselling care planin collaboration with the clinical geneticist, and the patient. • Assesses individuals/families’ comprehension of theinformation provided during the counselling session and how this is beingincorporated into their decision-making process with the resulting follow- upsessions booked accordingly. • Addresses issues of loss and bereavement to assist thefamily in making the best possible adjustment to the disorder in an affectedmember and/ or the risk of recurrence of that disorder. • Provides written consultation summary letter tophysicians, healthcare providers and patient/ families as well as referralletters to consultative services. Develops standard counselling letter forvarious genetic disorders. • Follows all Hospital’s related Policies and Procedures. • Participates in self and others' education, training anddevelopment, as applicable. • Performs other related duties as assigned. Education: Master’s Degree in Genetic Counselling, or Bachelor ’s Degree in Applied Sciences,Applied Health Education, or other related discipline pulse Diploma in Genetic Counselling (Post-Bachelor Degree) is required. Experience: Grade 09: • No experience required with Master’s, or one (1) year of related experience with Bachelor’s Degree Pulse Diploma is required. • Grade 10: • T hree (3) years of related experience with Master’s, or four (4) years with Bachelor Degree Pulse Diploma is required. Other requirements: Current Registration from country of origin and Saudi Commission for Health Specialties (SCFHS) is required.",full_time,non_clinical,https://www.kfshrc.edu.sa/en/careers/jobs-listing/job?id=joben159306,2026-08-04,1,4,,,,,true,2026-08-10
Saudi Arabia,SA,+966,Riyadh,King Faisal Specialist Hospital & Research Centre,hospital,,"King Faisal Specialist Hospital & Research Centre (KFSH&RC) is Saudi Arabia's tertiary and quaternary referral hospital and biomedical research centre, with facilities in Riyadh, Jeddah and Madinah. It specialises in oncology, organ transplantation, cardiovascular medicine, neurosciences, genetics and paediatrics, and runs its own research centre and academic training programmes.","Consultant, Colorectal Surgery","Responsible for the diagnosis and treatment of medical diseases and conditions, as well as the provision of medical care in the field of Colorectal Surgery , in accordance with the current medical staff bylaws, rules and regulations and the hospital’s policies and procedures. Duties: Clinical Responsibilities: • Assists the Consultant in providing required patient care and management in the field of Colorectal Surgery , in accordance with standards of medical care laid down by KFSH&RC. • Provides high quality patient care in all aspects of General Colorectal Surgery according to his/her approved clinical privileges. • Provides consultation (inpatient, and emergency room) upon request and responds in a timely manner within the prescribed timeframe as outlined in Hospital policy. • Responsible for the timely completion, competencies, accuracy and eligibility of the medical record. • Provides on-call service and ensures availability and response time within the prescribed timeframe in accordance with Hospital policy. • Conducts daily morning rounds to identify patients ready for discharge. Ensures that discharge orders are written 24 hours prior to discharge. • Performs any other clinical responsibilities related to the speciality, as assigned. Academic Responsibilities: • Provides orientation, bedside training and supervision to interns, residents and fellows as assigned. • Participates in department’s educational activities and training programs of the department. Partakes in national and international medical conferences. • Maintains and enhances professional knowledge and continuing education requirements. Research Responsibilities: • Participates in clinical, basic and translational research projects in accordance with Research Advisory Council Policy in order to advance knowledge, improve the quality of post graduate education and contribute to the national and international recognition of KFSH&RC. Education: Graduation from an accredited medical school, completion of required period of training in specialty and/or subspecialty, with Arab or American Board certification, membership and/or fellowship status in the United Kingdom and/or Canada or their equivalent. Experience: Seven (7) years of training in specialty or subspecialty plus postgraduate training experience must be equal to or exceed seven (7) years’ experience in the subspecialty.",full_time,doctors,https://www.kfshrc.edu.sa/en/careers/jobs-listing/job?id=joben159300,2026-08-04,7,,,,,,true,2026-08-10
Saudi Arabia,SA,+966,Riyadh,King Faisal Specialist Hospital & Research Centre,hospital,,"King Faisal Specialist Hospital & Research Centre (KFSH&RC) is Saudi Arabia's tertiary and quaternary referral hospital and biomedical research centre, with facilities in Riyadh, Jeddah and Madinah. It specialises in oncology, organ transplantation, cardiovascular medicine, neurosciences, genetics and paediatrics, and runs its own research centre and academic training programmes.",Senior Clinical Scientist / Consultant,"Leads a rigorous patient-related research program; takes a cross functional and integrated role to work effectively with other research programs and hospital departments, effectively manages research staff and provide opportunities for career growth and supervises clinical fellows, PhD and master’s students. Duties: Leads primary role in developing and executing patient-related research projects in terms of outcome, personnel and budget. • Liaises with clinical operations to ensure successful execution of clinical studies. • Writes and publishes manuscripts in peer reviewed journals to disseminate research findings. • Works in multidisciplinary teams within and outside the Research Centre. • Presents scientific results of projects in National and International Scientific meetings, and participates in Research seminars. • Writes new research proposals and applies for funding and grant. • Supervises graduate students and trains other staff members. • Follows all laboratory safety rules and regulations. • Follows all Hospital’s related Policies and Procedures. • Participates in self and others' education, training and development, as applicable. • Performs other related duties as assigned. Education: Doctor of Medicine (MD) from an accredited institution and Medical Board Certification in the field of subspecialty from recognized organization is required. Experience: Nine (9) years post doctorate experience as an independent professional from an accredited institution or medical centre and with a minimum of five (5) years subspecialty Board Clinical experience required. Other requirements: A valid licence by the Saudi Commission for HealthSpecialties. • Evidence of scholarly research accomplishment in the form ofpublications that have originality, novelty, significance, and impact in thefield. • Although, the required number of publications depends on their qualityand the complexity of the subject, a minimum of thirty (30) full-length,peer-reviewed publications, of which at least ten (10) during the currenttenure. • At least half of these publications should be a Senior Principal Authorrole and their impact factor should be greater than the field’s average. It should be emphasized that standing andappropriateness of journals and other forms of publications are essential. • Role as principal investigator in at least three (3)fully completed research projects and two (2) on-going projects. • Evidence of generating significant external funding. • Presentations of at least five (5) of the following:Keynote lectures, invited presentations, and oral talks selected from meetingabstracts. It is important to excludeparticipation commercial run-conferences. Preferences are given to Society and academic meetings. • Academic involvement in education and trainingactivities.",full_time,non_clinical,https://www.kfshrc.edu.sa/en/careers/jobs-listing/job?id=joben159243,2026-08-02,5,9,,,,,true,2026-08-15
