source,job_id,job_code,detail_id,title,designation,company,group_company,department,city,state,country,country_code,country_dial_code,salary_raw,salary_min,salary_max,salary_period,salary_currency,job_type,category,company_type,skills,qualifications,min_experience,max_experience,openings,needs_review,posted_date,closure_date,description,job_url,scraped_at
maxhealthcare,1810337,MHC/28734,MHC_28734,patient care coordinator,Patient Care Coordinator,Alps Hospital Limited,MHC,Front Office - Front Office - OPD,Gurugram,Haryana,India,IN,+91,"INR 200,000 - 400,000 per year",200000,400000,per_annum,INR,full_time,non_clinical,hospital,,Graduate,1,3,2,False,2026-07-24,2026-08-23,"The OPD Billing Executive is responsible for accurate and timely billing of outpatient services, ensuring a smooth patient registration and payment process. The role involves handling patient billing, cash collection, insurance verification, maintaining billing records, and coordinating with clinical and administrative departments to ensure compliance with hospital policies and procedures. Process billing corrections, cancellations, and refunds as per hospital policy. Maintain records of all refund requests and approvals. Coordinate with the finance department for refund processing. Address patient queries related to billing and charges. Provide clear explanations regarding services, packages, and payment procedures. Maintain professional and courteous communication with patients and attendants.",https://maxhealthcarecareers.peoplestrong.com/job/detail/MHC_28734,2026-07-24T12:15:05Z
maxhealthcare,1803770,MHC/28638,MHC_28638,Manager - Social Media,Manager,MAX HEALTHCARE INSTITUTE LTD,MHC,Sales & Marketing - Sales & Marketing,Gurugram,Haryana,India,IN,+91,"INR 1,300,000 - 1,500,000 per year",1300000,1500000,per_annum,INR,full_time,non_clinical,hospital,,MBA,8,10,1,True,2026-07-23,2026-08-22,"JOB DESCRIPTION Role: Manager – Sales and Marketing Location: Noida MAX HEALTHCARE OVERVIEW: Max Healthcare Institute Limited (MHIL), founded in 2000, is one of India’s largest private hospital chains with 20 healthcare facilities. Being the India's most valuable listed healthcare organisations, we have driven innovation and excellence in healthcare for 25 years. With a workforce of 39,000+ people, we deliver advanced care across key locations including Delhi NCR (Saket, Patparganj, Vaishali, Rajendra Place, Shalimar Bagh, Dwarka, Gurugram, Panchsheel Park, Noida, Lajpat Nagar, Bulandshahr), Mumbai, Mohali, Bathinda, Dehradun, Lucknow, and Nagpur. We also operate Max@Home–among India’s largest healthcare-at-home services in 12 cities–and Max Lab, offering 2,700+ tests in 50+ cities across North India. ABOUT THE ROLE: We are looking for a digitally sharp, creatively driven, and highly agile Social Media & Brand Content leader who can drive growth, brand visibility, reputation, and engagement across platforms. The ideal candidate should be: · Street smart and culturally aware · Digitally savvy and AI-led · Strong at both strategy and execution · Agile, fast-moving, and solution-oriented · Able to create impactful social-first brand narratives and innovative content formats This role requires someone who can independently lead content, social media growth, influencer collaborations, ORM, paid amplification support, and leadership communication while working closely with agencies, creators, production houses, and internal stakeholders. ROLES AND RESPONSIBILITIES Social Media Strategy & Growth · Lead end-to-end social media strategy for the brand across platforms including Instagram, Facebook, LinkedIn, YouTube, X, and emerging platforms. · Drive follower growth, engagement, brand awareness, and audience affinity through innovative and insight-led content. · Develop platform-specific strategies and identify new-age opportunities for brand building. · Continuously identify emerging digital trends, formats, creators, meme culture, AI tools, and platform innovations to keep the brand culturally relevant and ahead of the curve. Content Ideation & Production · Lead ideation and creation of digital-first content including reels, short videos, brand films, influencer-led content, podcasts, educational content, leadership communication, and trend-led creatives. · Conceptualise innovative content formats that can build stronger audience engagement and organic reach. · Work closely with production houses, editors, creators, agencies, and internal teams to deliver fast-turnaround, high-quality content pieces · Oversee shoots, scripting, content calendars, edits, post-production, publishing workflows, and SEO optimisation. AI-Led & Digital Innovation · Leverage AI tools and emerging technologies for content creation, ideation, workflow optimisation, and faster execution. · Explore and implement new-age digital and AI-led content formats for stronger storytelling ",https://maxhealthcarecareers.peoplestrong.com/job/detail/MHC_28638,2026-07-24T12:15:06Z
maxhealthcare,1808199,MHC/28705,MHC_28705,Deputy Nursing Superintendent/Nursing Superintendent- Nursing,Deputy Nursing Superintendent,Starlit Medical Centre Private Limited,MHC,Nursing - Nursing,Lucknow,Uttar Pradesh,India,IN,+91,"INR 1,200,000 - 1,500,000 per year",1200000,1500000,per_annum,INR,full_time,nurses,hospital,,BSc Nursing; Msc. Nursing; GNM; Post Basic Bachelor of Science - Nursing,12,18,1,False,2026-07-23,2026-08-22,"JOB DESCRIPTION Job title (Deputy Nursing Superintendent/ Nursing Superintendent- Nursing) (Lucknow) MAX OVERVIEW: Max Healthcare Institute Limited (MHIL), founded in 2000, is one of India’s largest private hospital chain with 22+ healthcare facilities. Being the India's most valuable listed healthcare organizations, we have driven innovation and excellence in healthcare for 25 years. With a workforce of 35,000+, including 5,000+ clinicians and 12,000 nurses/paramedics, we deliver advanced care across key locations including Delhi NCR (Saket, SMART, Patparganj, Vaishali, BLK, Shalimar Bagh, Dwarka, Gurugram, Panchsheel Park, Noida) Mumbai, Mohali, Bathinda, Dehradun, Lucknow, and Nagpur. We also operate Max@Home–among India’s largest healthcare-at-home services in 12 cities–and Max Lab, off­ering 2,700+ tests in 50+ cities across North India. ROLES AND RESPONSIBILITIES: Management of Nursing Care and Practice Is responsible and accountable for the delivery of care provided in accordance with organization / department philosophy. Demonstrates skill in implementing comprehensive and thorough assessment of patient’s specific need. Able to implement delivery of care based on research and /or current best practice. Ensures the skill of individual staff is matched to the individual needs of patients. Is responsible for the implementation of policies which enable most effective use of nursing resources. Ensures that all practices are within the guideline set by the department and are in accordance with organization policy. Ensures the implementation of all ISO/NABH standards. Ensures accuracy and completion of nursing documentation within the time frame Management of Clinical Standard Is competent in monitoring patients rights and responsibilities being taken care by the staff assigned. Ensures that all staff is aware of the standards of professional behaviour expected in the unit. Is able to identify any factors, which might interfere with the maintenance of safe clinic standards on the unit. Demonstrates skill in taking necessary corrective action for the error in collaboration with the supervisor and the Department Head. Participates in IDTR round, works closely with the medical team and involves them in all relevant day-to-day clinical decisions. Management of Financial & Material Resources Demonstrates skill in assisting in identifying and dealing with potential areas/ events/ situation, which may have an impact on the financial expenditure of the ward. Ensures that all staff is aware of how they can contribute to the efficient management of financial and material resources. Manages effectively all administrative functions of the ward with respect to equipments, consumables and other material resources . Management of Human Resources Responsible for the efficient use of staffing resources in the unit. Ensures that staffing levels are safe, appropriate and with the necessary skill mix on each shift. Ensures all training requirements are met by the s",https://maxhealthcarecareers.peoplestrong.com/job/detail/MHC_28705,2026-07-24T12:15:07Z
maxhealthcare,1809212,MHC/28714,MHC_28714,Senior Resident,Senior Resident,Hometrail Buildtech Pvt. Ltd.,MHC,Nuclear Medicine - Nuclear Medicine,Mohali,Punjab,India,IN,+91,"INR 3,600,000 - 4,800,000 per year",3600000,4800000,per_annum,INR,contract,doctors,hospital,,Doctor of Medicine (MD),0,3,1,False,2026-07-22,2026-08-21,"ob Description A Nuclear Medicine Consultant provides specialized medical services using radioactive substances for diagnosis, treatment, and monitoring of diseases, primarily in oncology, cardiology, and neurology . They interpret imaging data, establish radiation safety protocols, and collaborate with other specialists to develop treatment plans. Key Responsibilities: Diagnosis and Treatment: Utilizing radioactive materials and techniques to diagnose and treat diseases. Radiopharmaceutical Management: Preparing and administering radiopharmaceuticals for patient procedures. Imaging Expertise: Operating imaging equipment (PET, SPECT, CT) and interpreting results. Patient Safety: Ensuring patient safety during and after procedures, monitoring health, and providing education. Radiation Safety: Establishing and enforcing radiation protection standards for patients and staff. Collaboration: Working with other healthcare professionals to develop and implement treatment plans. Record Keeping: Maintaining accurate patient records and documentation. Quality Control: Ensuring accuracy and safety of imaging results through quality control checks. Staying Updated: Keeping abreast of advancements in nuclear medicine. Research and Education: Participating in research and clinical trials, educating patients and staff.",https://maxhealthcarecareers.peoplestrong.com/job/detail/MHC_28714,2026-07-24T12:15:09Z
maxhealthcare,1806280,MHC/28669,MHC_28669,Executive (Academic Coordinator) - AARCE,Executive level 2,"Dr. B. L. Kapur Memorial Hospital, ( a unit of Lahore Hospital Society)",MHC,Medical Administration - AARCE,New Delhi,Delhi,India,IN,+91,"INR 360,000 - 464,462 per year",360000,464462,per_annum,INR,full_time,non_clinical,hospital,,Graduate,2,5,1,False,2026-07-24,2026-08-07,"Perform other related duties incidental to the work described herein as may be assigned or delegated. To diligently carryout any other responsibility, job role or task assigned from time to time by the management or superior. Collaborate with educators to design, update, and align syllabi with institutional or board (NBE) Monitor academic records, evaluate progress, and assist students with course-related inquiries or enrolment Oversee the scheduling, creation, and invigilation of tests and examinations while ensuring accurate grading and compliance Serve as the primary point of contact between parents, students, and administration to maintain transparency Any other task assigned by the Department HOD.",https://maxhealthcarecareers.peoplestrong.com/job/detail/MHC_28669,2026-07-24T12:15:10Z
maxhealthcare,1807730,MHC/28693,MHC_28693,Senior Executive/Officer (IPMC-Dispatch),Officer,MAX HEALTHCARE INSTITUTE LTD,MHC,Accounts & Finance - Accounts & Finance - IPMC,New Delhi,Delhi,India,IN,+91,"INR 432,000 - 600,000 per year",432000,600000,per_annum,INR,full_time,non_clinical,hospital,,Graduate,5,8,1,True,2026-07-21,2026-08-20,"Roles and Responsibilities To be responsible for achieving high level of customer satisfaction regarding estimated expenses as well as corporate rules and formalities. To be responsible for preparing and dispatching all IPD bills and keeping its records as per set protocols. To be responsible for preparing, reviewing and sending patient statements to various insurance companies and other panel organization. To keep yourself updated with information of all payer plans for different panel companies and TPAs. To review the payer plans and codes of different corporate & TPA and to ensure that same is updated in HIS and monitor its implementation also. To be responsible for timely submission of deposited cheques, cash, drafts, credit slips to finance. To be responsible for keeping record for all correspondence done for IPD billing patients. To identify and resolve IPD patients billing complaints and to raise red flag to the concerned authority in case of any difficulty. To ensure accurate and timely submission of all monthly and daily reports. To achieve high level of customer satisfaction at each interaction. To be responsible for maintenance of department records as per the NABH requirement. To be responsible for effective utilization of hospital information system. Should have total familiarity with all instructional manuals and operating procedures applicable to the role and in accordance with NABH protocols. To participate in training programs to maintain and update your professional knowledge. Any other task assigned to you by your HOD from time to time. Experience & Qualifications 5 to 8 years of experience on PSU desk. Graduate / Postgraduate Technical Skills Problem solving and ingenuity Computer skill Behavioural Skills Persuasive Attention to detail Interpersonal and communication skills Initiative and adaptability",https://maxhealthcarecareers.peoplestrong.com/job/detail/MHC_28693,2026-07-24T12:15:11Z
maxhealthcare,1807749,MHC/28694,MHC_28694,Floor Executive - Level 1,Floor Executive - Level 1,MAX HEALTHCARE INSTITUTE LTD,MHC,Hospital Operations - Hospital Operations,New Delhi,Delhi,India,IN,+91,"INR 420,000 - 492,156 per year",420000,492156,per_annum,INR,full_time,non_clinical,hospital,,Graduate,1,4,1,False,2026-07-21,2026-08-20,"Roles and Responsibilities Patient Interfacing: Meeting with all new Patients admitted within 24 hours of admission. Take out the List of all the patients of the floor with Financial update Will ensure orientation of the patient to the floor structure and important service no. Meet with the Floor RMO and introduce yourself and monitor his/her availability on the floor. Give a summary of your floor and any specific issue in morning meeting. Financial follow up of the high outstanding patients of the respective floor To coordinate Diagnostic Tests, Specially night NPO patients and any other specific procedure To coordinate OT & Diagnostics Process of patients Meet all discharge patients and explain the discharge process to them To Coordinate for discharge patients with TPA & Billing. To coordinate for the next day discharge by EOD. Supervise the nursing of the respective floor for Discharge report folder of the discharge patient. It should be ready after discharge intimation Meet with all new patient of the day before leaving Make a list of plan discharge in coordination with nursing and submit to M.S office Submit an evening report of all new patients and any specific issue of any patient with room number to M.S office. Documentation Compliance: Shall monitor all compliance for documentation of clinical file. Initial evaluation / blood Forms / Consent forms to be checked. Pre-auth forms, Financial clearance, consent forms of all TPA patients to be checked. Experience & Qualifications 2 to 4 years of experience as floor executive/coordinator. Graduate / Postgraduate Technical Skills Computer Literacy, with expertise in Excel and Power Point. Knowledge of other statistical software tools. Analytical bent of mind. Quality Management in Healthcare. Service Excellence. Behavioural Skills Persuasive Attention to detail Interpersonal and communication skills Initiative and adaptability",https://maxhealthcarecareers.peoplestrong.com/job/detail/MHC_28694,2026-07-24T12:15:13Z
maxhealthcare,1807557,MHC/28690,MHC_28690,Supervisor/Associate Supervisor,Associate Supervisor,MAX HEALTHCARE INSTITUTE LTD,MHC,Housekeeping - Housekeeping,New Delhi,Delhi,India,IN,+91,"INR 456,000 - 492,000 per year",456000,492000,per_annum,INR,full_time,non_clinical,hospital,,Graduate,6,8,1,True,2026-07-21,2026-08-20,"Roles and Responsibilities To keep the motivational standards of team high at all times. To plan & monitor deployment of GDA’s & Housekeeping staff. To ensure quality standards of cleanliness of entire premises. To ensure grooming & hygiene standards of all staff. To indent and ensure availability of linen, uniforms, stationary and other non-medical supplies. To maintain inventory of linen, uniforms, other supplies and discards. To ensure adherence to linen / uniform specifications. To observe all rules and procedures in respect of Hygiene, Health and Safety and Fire Prevention. To responsible for: Customer amenities, Interior decoration, Laundry / Linen, Pest. Control and Waste Management. To allocate duties to Housekeeping staff & GDA’s. To inspect and audit Vendors to ensure standards of hygiene, cleanliness & maintenance is met. To provide Training to all Housekeeping staff & GDA’s. To make budgets for Housekeeping Department. To track expenses and control costs. To be well groomed, punctual & adhere to company policies and practices. To have complete orientation of OMS and EMS system of Hospital. To have complete awareness about Disaster Management Programme (DMP) of the hospital. To comply with the service quality process, environmental & occupational issues & policies of the respective area. To comply with patient safety policy. To ensure safe utilization of equipment and proper waste disposal system. Experience & Qualifications 6 to 8 years of experience. Graduate / Postgraduate Technical Skills Data Management and Excel preparation Power Point Presentation Good PR Skills. Service Excellence. Behavioural Skills Planning / Organizing Leading by Example Problem Solving & Decision Making Ability to handle multiple priorities High Professional ethics and standards Ability to train and monitor workforce",https://maxhealthcarecareers.peoplestrong.com/job/detail/MHC_28690,2026-07-24T12:15:14Z
maxhealthcare,1807540,MHC/28689,MHC_28689,Medical Transcriptionist - Discharge Summary,Medical Transcriptionist - Level 2,Muthoot Hospitals Private Limited,MHC,Medical Administration - Medical Administration,New Delhi,Delhi,India,IN,+91,"INR 384,000 - 456,000 per year",384000,456000,per_annum,INR,full_time,non_clinical,hospital,,Bachelors,2,4,1,False,2026-07-21,2026-08-04,"The Medical Transcriptionist is responsible for accurately converting voice-recorded medical reports dictated by healthcare professionals into written medical documents. The role ensures timely, precise, and confidential medical records to support patient care and legal documentation. Prepare discharge summaries, operative notes, clinic notes, and referral letters Ensure correct use of medical terminology, abbreviations, and style Review transcribed reports for consistency and completeness Communicate with physicians and healthcare providers to clarify unclear dictations Coordinate with medical records staff to ensure timely document availability Maintain patient confidentiality and comply with data protection regulations Follow hospital policies, medical transcription guidelines, and legal standards Meet productivity and turnaround time requirements",https://maxhealthcarecareers.peoplestrong.com/job/detail/MHC_28689,2026-07-24T12:15:15Z
maxhealthcare,1807570,MHC/28691,MHC_28691,Senior Resident - Anaesthesia,Senior Resident,Muthoot Hospitals Private Limited,MHC,Human Resources - Talent Acquisition,New Delhi,Delhi,India,IN,+91,"INR 1,400,000 - 2,400,000 per year",1400000,2400000,per_annum,INR,full_time,doctors,hospital,,MBBS; MD,0,3,3,False,2026-07-21,2026-08-20,"Position Senior Resident – Anaesthesia Department Anaesthesia Reports To Consultant / Head of Department – Anaesthesia Qualification MBBS from a recognized institution. MD/DNB in Anaesthesiology from a recognized university. Valid National Medical Commission (NMC) / State Medical Council registration. Experience Fresh MD/DNB graduates or candidates with up to 3 years of experience in Anaesthesia. Key Responsibilities Administer general, regional, and local anaesthesia for elective and emergency surgical procedures. Conduct pre-anaesthetic evaluation and formulate anaesthesia plans. Monitor patients intra-operatively and manage anaesthesia-related complications. Provide post-operative care, including pain management and patient monitoring. Manage critically ill patients in ICU and emergency settings as required. Respond promptly to emergency situations, including trauma and code blue calls. Assist consultants in complex surgical procedures and high-risk cases. Maintain accurate clinical documentation and anaesthesia records. Ensure adherence to NABH, infection control, patient safety, and quality protocols. Participate in departmental academic activities, CMEs, audits, and clinical meetings. Supervise and guide junior residents, interns, and nursing staff when required. Perform duties as per the departmental roster, including night shifts, weekends, and emergency calls. Key Competencies Strong clinical knowledge of anaesthesia and critical care. Excellent patient assessment and decision-making skills. Ability to work effectively under pressure. Good communication and teamwork. Commitment to ethical medical practice and patient safety. Basic knowledge of quality standards and hospital protocols.",https://maxhealthcarecareers.peoplestrong.com/job/detail/MHC_28691,2026-07-24T12:15:17Z
maxhealthcare,1807461,MHC/28688,MHC_28688,Senior Resident- General Surgery,Senior Resident,MAX HEALTHCARE INSTITUTE LTD,MHC,General Surgery - General Surgery,New Delhi,Delhi,India,IN,+91,"INR 1,500,000 - 2,000,000 per year",1500000,2000000,per_annum,INR,contract,doctors,hospital,,MS,0,3,1,False,2026-07-24,2026-08-23,"Responsibilities and key tasks • To Provide Quality clinical Care to surgical Patients • To ensure timely attention and intervention for any query or requirement from the IP surgical patient. • To practice evidence based medicine awareness regarding surgical patient • {Investigation- (profile/reports/plan)} {Treatment- (details/drug procurement)} {Drug Allergies/ patient history} • To ensure Emergency Preparedness & Response Treatment/ Procedure/ Investigations) • To ensure that the surgical IP rounds are duly done and the patients are attended empathetically • To ensure that ethical Medical practice is followed. • To Compliance with patient protocols (OP-IP/OT/ Diagnostics/ ICU/ Triage) • To Document patient File/ Prescriptions/requisitions (legible/ complete) • To ensure Documentation at the time of Discharge • To workup of all IP patients for surgery & ensure tie-up preparation consent. • To ensure adequate care of all part up cases. • To complete all OP & IP records on time with accuracy. • To ensure clear and prompt communication with all consultant. • To ensure on-time availability of technical equipment for surgery and assist all surgical consultants in O.T. procedures • To be well groomed, punctual & adhere to company policies and practices. • To have complete orientation of QMS and EMS system of Hospital. • To have complete Awareness about Disaster Management Programme (DMP) of the hospital. • To Comply with the service quality Process, environmental & occupational issues & policies of the respective area • To Comply with patient safety policy • To ensure safe utilization of equipments and proper waste disposal system.",https://maxhealthcarecareers.peoplestrong.com/job/detail/MHC_28688,2026-07-24T12:15:18Z
maxhealthcare,1806718,MHC/28672,MHC_28672,Deputy Manager (Learning & Development) - Human Resources,Deputy Manager,Muthoot Hospitals Private Limited,MHC,Human Resources - Human Resources,New Delhi,Delhi,India,IN,+91,"INR 1,200,000 - 1,300,000 per year",1200000,1300000,per_annum,INR,full_time,non_clinical,hospital,,MBA,7,11,1,True,2026-07-21,2026-08-04,"JOB DESCRIPTION I. JOB DETAILS Job Title Deputy Manager ( Learning & Development) – Human Resources Reporting Supervisor Unit Head – Human Resources II. JOB PURPOSE Responsible for developing, delivering, managing, monitoring and measuring comprehensive training programmes that are carried out for middle & senior management levels, across the organisation. The key tasks include learning interventions for middle to senior level management, engagement of senior stakeholders in capability building & change exercises, soft skill enhancement, and functional trainings in order to maintain a motivated and skilled workforce. III. KEY RESPONSIBILITIES Core Responsibilities Learning & Talent Development – Planning and Formulation Propose and develop new employee development and talent management initiatives / programs. Develop long and short-term employee development and talent management strategies and plans. Conduct Training Needs Identification and Training Needs Analysis for Middle to senior managers Contribute in development, revision, and evaluation of training course content. Conducting and coordinating Managerial Development programs across various levels as per the Learning strategy & organization needs Provide Management reviews and reports as required. Ensure learning interventions are High impact and engaging as per learners group needs Conduct TTT & certifications for other facilitators for standardized Learning outcome Measure effectiveness and business impact programs delivered. Consultancy and Monitoring Meet with the HOD’s and senior team members to identify training needs for training and development solutions. Plan & create talent development strategies and solutions to meet long and short-term business needs. Oversee the training conducted by functional trainers and guide them with regards their delivery skills. Training Budget ü Considering the costs of planned programs and keeping within budgets. Monitor compliance to the annual training budget at the unit Reduce or highlight revenue leakage or any pilferage. Continuous Improvement Review and continually suggest improvement of the Training modules, ensuring that it remains current and ensures a consistent high quality of training, services and information for learners. Monitoring and reviewing the progress of trainees through questionnaires and discussions with managers. (Functional training is handled by the function and it members). To monitor the functional training of the outsourced staff/ GDA like HK/ F&B/ Nursing This list should not be regarded as exhaustive and the position holder will be expected to deliver other duties that are relevant and appropriate to this scope. IV. KEY PERFORMANCE INDICATORS Measurable Deliverables Trainings Conducted as per the Organizational needs/Training Calendar. Ensuring 100% of Employees go through the Management Development and capability development programs as per learning strategy and roadmaps Maintenance of records (Incompliance to NABH and",https://maxhealthcarecareers.peoplestrong.com/job/detail/MHC_28672,2026-07-24T12:15:19Z
maxhealthcare,1803500,MHC/28633,MHC_28633,Assistant Manager/ Deputy Manager- Quality,Assistant Manager,Starlit Medical Centre Private Limited,MHC,Medical Quality - Medical Quality,Lucknow,Uttar Pradesh,India,IN,+91,"INR 850,000 - 1,300,000 per year",850000,1300000,per_annum,INR,full_time,non_clinical,hospital,,BDS; BAMS; BHMS,0,9,1,False,2026-07-20,2026-08-19,"JOB DESCRIPTION Assistant Manager/ Deputy Manager – Quality (Lucknow) MAX OVERVIEW: Max Healthcare Institute Limited (MHIL), founded in 2000, is one of India’s largest private hospital chain with 22+ healthcare facilities. Being the India's most valuable listed healthcare organizations, we have driven innovation and excellence in healthcare for 25 years. With a workforce of 35,000+, including 5,000+ clinicians and 12,000 nurses/paramedics, we deliver advanced care across key locations including Delhi NCR (Saket, Patparganj, Vaishali, Rajendra Place, Shalimar Bagh, Dwarka, Gurugram, Panchsheel Park, Noida, Lajpat Nagar, Bulandshahr), Mumbai, Mohali, Bathinda, Dehradun, Lucknow, and Nagpur. We also operate Max@Home–among India’s largest healthcare-at-home services in 12 cities–and Max Lab, off­ering 2,700+ tests in 50+ cities across North India. ROLES AND RESPONSIBILITIES: NABH • Lead implementation of NABH standards. • Drive clinical excellence. • Establish Regular clinical audit Review. • Identify opportunities for quality improvement Programmed. • Project Management for all Quality Initiatives for the Functions / Cross Functions. Quality Process Management System • Coordinate identification & documentation of all critical quality processes. • Maintenance of documented process maps for processes and procedures in the unit. • Conduct Process / Surveillance Audits. • Ensure closure of non-conformities. • Ensure wing to wing and correct measurement standards are put in place. Medical Quality • Ensure implementation of NABH standards across the unit. Training • Facilitate quality training in the zone. • Ensure implementation of various Quality training programs. Communication • Implement and support the communication plan across the function. • Lead all Quality and Excellence initiatives at the respective function. Years of Experience • Overall, 5-8 years of experience in managing customer service and experience. Qualifications • BDS/ BPT/ MBBS / Any Medical Graduate with MHA",https://maxhealthcarecareers.peoplestrong.com/job/detail/MHC_28633,2026-07-24T12:15:20Z
maxhealthcare,1803508,MHC/28634,MHC_28634,Sr. Manager/ AGM - Marketing,Senior Manager,Starlit Medical Centre Private Limited,MHC,Sales & Marketing - Sales & Marketing - Marketing,Lucknow,Uttar Pradesh,India,IN,+91,"INR 1,700,000 - 2,200,000 per year",1700000,2200000,per_annum,INR,full_time,non_clinical,hospital,,MBA; Bachelor's Degree,10,16,1,True,2026-07-20,2026-08-14,"III. KEY RESPONSIBILITIES Core Responsibilities Conceptualization & execution of marketing campaigns including ATL and BTL including marketing strategy formulation, marketing mix, communication development, media planning, marketing activation, on ground activities, and other marketing innovations. Monitor and plan SEM and performance based campaigns. Conceptualizing and executing trade promotions and rolling out impactful campaigns in collaboration with sales team. Managing and planning events with managing the budget for advertising and promotional items and execution of all communications and media actions on all channels, including online and social media. Prepare annual marketing plan and ensure timely on ground execution as per the plan Budget Planning for Marketing Budget for the business Manage marketing spends as per the expense budget and measure and deliver ROI on activations done Analyze data & conduct regular consumer insight & research to understand market trends. Overseeing all branding material are displayed appropriately and availability of collaterals as per brand guidelines. Supporting Sales team for creatives and other branding requirements. Managing PR for local and upcountry Coverage. Managing video shoots and campaigns. Managing social media and digital marketing of the business to build customer preference Develop and implement programs to enhance engagement with local communities. Work with digital team for promotion of services on digital media. Ensure leads are closed and assist revenue conversion. Motivating & training the team, and, responsible for high team morale. IV. KEY PERFORMANCE INDICATORS Measurable Deliverables Overall Revenue Ensuring good ROI of the campaign. Ensuring brand guidelines. Ensuring Budget achievement. Preferred Channels’ revenue mix Managing expenditure V. JOB REQUIREMENTS Minimum Qualifications MBA in Marketing Experience Preferably with 12 to 15 years of sales & marketing experience Behavioural Skills Good Interpersonal skills. Good Creative Skills ? High Integrity levels Confident, Assertive, Problem solver & Motivator Technical Skills Team building. Quality improvement initiatives. Analytical skills Material Management Language Skills English & Hindi",https://maxhealthcarecareers.peoplestrong.com/job/detail/MHC_28634,2026-07-24T12:15:21Z
maxhealthcare,1805078,MHC/28652,MHC_28652,Used for Testing Purpose,Staff Nurse,MAX HEALTHCARE INSTITUTE LTD,MHC,Nursing - Nursing,Gurugram,Haryana,India,IN,+91,"INR 96,000 - 100,000 per year",96000,100000,per_annum,INR,full_time,nurses,hospital,,GNM,2,3,1,False,2026-07-23,2026-08-25,"JOB DESCRIPTION I. JOB DETAILS Job Title Senior Staff Nurse Reporting Supervisor Chief Nursing Officer II. JOB PURPOSE · To assist the Nursing Supervisor for ensuring operational excellence by training and developing the Staff. III. KEY RESPONSIBILITIES Responsibilities and key tasks · To effectively interface with patients/ Anesthetist/ Surgeons/ other service · users with high level of responsiveness. · To be well versed with different surgical procedures, equipment used · & Pre-Post operative management of patients in nursing department · Stock Management: · To ensure proper Co-Ordination with other disciplines in case of shifting, · transfer to all wards. · Ensure noise and movements within the theatre is kept with minimum. · To ensure the fumigation carbolization process. · To ensure the consumables & sutures are available on time. · Co-operate & co-ordinate with staff to ensure effective efficient patient · care delivery. · To ensure timely indenting and proper stock management. · To be well groomed, punctual & adhere to company policies and practices · To have complete orientation of QMS and EMS system of Hospital. · To have complete Awareness about Disaster Management Programme (DMP) of the · hospital. · To Comply with the service quality Process, environmental & occupational issues & · policies of the respective area · To Comply with patient safety policy • To ensure safe utilization of equipments and proper waste disposal system Education/Experience · GNM/B.Sc(Nursing) IV. KEY PERFORMANCE INDICATORS • Errors in monitoring of sterile things =0% • Documentation error < 2% • Stock handling errors (non return of expiry items on time) = 0% • Conformance to NABH/IMS TATs as per standards laid down. • Equipment down time should not be more than 2% of total time. • Training Compliance 90% with planned mandays. . V. JOB REQUIREMENTS Experience • Minimum 8 years of post qualification experience in O.T. Language Skills • English • Hindi VI. KEY INTERACTIONS Key Internal Contacts Key External Contacts • HOD Anaesthesia • Chief Nursing Officer • Nursing Superintendent • Nursing Supervisor • Charge Nurse / Team Leader • Consultants/Residents • Nurse Educator/ Infection • Control Nurse/Clinical Instructor • Biomedical Engineer • CSSD • Patients • Attendants • Vendors staff",https://maxhealthcarecareers.peoplestrong.com/job/detail/MHC_28652,2026-07-24T12:15:23Z
maxhealthcare,1803886,MHC/28640,MHC_28640,Sr. Manager | Manager (Marketing) - Sales & Marketing,Manager,Alps Hospital Limited,MHC,Sales & Marketing - Sales & Marketing - Marketing,Gurugram,Haryana,India,IN,+91,"INR 1,000,000 - 1,200,000 per year",1000000,1200000,per_annum,INR,full_time,non_clinical,hospital,,MBA; Graduate,7,10,1,True,2026-07-21,2026-08-20,"JOB DESCRIPTION I. JOB DETAILS Job Title Manager (Marketing) – Sales &Marketing Reporting Supervisor Unit Head – Hospital Operations II. JOB PURPOSE To demonstrate leadership skills in planning, organizing and executing marketing activities of the Unit. IV. KEY PERFORMANCE INDICATORS Core Responsibilities – Developing a pricing strategy that maximizes profits and market share but considers customer satisfaction Identifying new customers. Supporting sales and lead generation efforts. Creating promotions with advertising managers. Understanding and developing budgets, including expenditures, research and development appropriations, return-on-investment and profit-loss projections. Compiling lists describing our organization's offerings. Developing and managing advertising campaigns. Organizing company conferences, trade shows, and major events. Building brand awareness and positioning. Evaluating and maintaining a marketing strategy. Directing, planning and coordinating marketing efforts. Communicating the marketing plan. Developing each marketing campaign from start to finish. Researching demand for the organization's products and services. Evaluating competitors. Handling social media, public relation efforts, and content marketing. IV. KEY PERFORMANCE INDICATORS Measurable Deliverables Experience with creating a marketing campaign, marketing strategy, and marketing plan. Experience with online marketing, including social media, and content marketing. Understanding of public relations. V. JOB REQUIREMENTS Minimum Qualifications Bachelor degree or Master degree in marketing, Business administration Experience 10+ years relevant experience Technical Skills SEO and SEM Social media management Page Break Email marketing Data analytics Behavioural Skills Persuasive Attention to detail Interpersonal and communication skills Initiative and adaptability Language Skills English & Hindi VI. KEY INTERACTIONS Key Internal Contacts Key External Contacts Unit Head – Operations Functional Heads Finance OPD & IPD I.T ALL Doctors Advertisement & PR Agencies",https://maxhealthcarecareers.peoplestrong.com/job/detail/MHC_28640,2026-07-24T12:15:24Z
maxhealthcare,1790768,MHC/28455,MHC_28455,IPMC Billing,Manager,Crosslay Remedies Ltd,MHC,Accounts & Finance - Accounts & Finance - IPMC,Noida,Uttar Pradesh,India,IN,+91,"INR 1,000,000 - 1,200,000 per year",1000000,1200000,per_annum,INR,full_time,non_clinical,hospital,,Bcom; MBA,10,15,1,True,2026-07-22,2026-08-21,"Patient Care/ Customer Care/ Community Care. Help people to adhere to Unit’s policies & practices and provide prompt services to external & internal customer. Process/ Documentation/ Compliance Assist in the setting up of the credit control system. Maintain accurate records of all chasing activity pertain to dispatch. Proper checking of billing and supporting reports before dispatch. Proper using of audit tools of final bills, which are set to dispatch. Controlling of dispatch data, receiving record and reports. Proper resolution of 1st level escalations and proper query reply. Regular meetings with FO or other inter department to ensure all relevant details are proper and resolution of points with discussion. Identify changes in billing patterns and propose action to avert billing leakages. Ensure that all transactions are compliant as per SOP. Handle disputed bills and negotiate to bring payment within the agreed terms. Provide accurate advice on billing queries. Respond promptly and completely to NHA Portal as well as CGHS & TPA /PSU, internal enquiries. Prepare files for transfer to the Debt Recovery Dept. Providing ad-hoc reporting as and when requested. Ensure Weekly / Monthly processing deadlines are met as required. Financial Cost and Revenue Contribution Monitor and drive cost efficiencies. Efficient utilization of working capital & optimization of resources. Follow Cash / Credit / Corporate billing /discount instructions.",https://maxhealthcarecareers.peoplestrong.com/job/detail/MHC_28455,2026-07-24T12:15:25Z
maxhealthcare,1798313,MHC/28571,MHC_28571,Staff Nurse- Ward,Staff Nurse,Dr. Balabhai Nanavati Hospital,MHC,Nursing - Nursing,Mumbai,Maharashtra,India,IN,+91,"INR 250,000 - 400,000 per year",250000,400000,per_annum,INR,full_time,nurses,hospital,,GNM; BSc Nursing; Msc. Nursing; Post Basic B.Sc Nursing,1,5,5,False,2026-07-16,2026-08-15,"Principle Duties & Responsibilities Assesses the patients and / or the significant others adaptation to the health / illness process. Identifies, reports and documents changes in the health status which interfere with patients ability to meet basic needs. Recognizes deviations from normal based or diagnostic data. Establishes a nursing, diagnosis based on need and assessment data. Identifies anxieties / fears and coping behavior’s. Integrates principles of growth and development in determining nursing needs. Enters into the teaching / learning activities that are specific to the patient / significant others level of development, knowledge and learning readiness. Supports and reinforces the teaching of other health professionals. Participates in determining teaching effectiveness by observing desirable behavior changes; modifies teaching methods / activities appropriately. Collects data related to overt, verbal and non-verbal communication of patients and significant others. Communicates the plan for care to the health team members in oral and written forms. Consults with more experienced registered nurses or other health care professionals when problems are outside your scope of practice. Uses the established lines of authority and communicates in the work setting. Uses therapeutic communication skills when collecting data, during nursing intervention and evaluations of effectiveness. Communicates reports and records assessment data, nursing care plans, interventions and evaluations accurately and promptly using the established communication systems. Interprets hospital and nursing policies and procedures to patients, significant others, staff members and appropriates individual and or groups. Identifies and attempts to remove barriers to effective communication. Recognizes personal ineffective communication patterns and makes modifications in technique. Assesses nursing care priorities. Provides antenatal ,intra-natal , post natal care of patients Monitoring and performing tests on newborns Providing education and support to mothers and families after delivery Assesses human and physical resources for care. Identifies the significant difference in goals of the health team and the patient family and relates these to the appropriate person. Determines the learning needs of the personnel under supervision. Delegates to nursing personnel tasks / functions in accordance with their knowledge and demonstrated proficiency. Provides leadership in the delivery of patient care. Collaborates with nursing and other health care disciplines in the process of monitoring the quality of client care. Assists in the collection of data within established formats. Uses established findings of nursing studies and / or trends in nursing literature to promote quality of nursing practice. Practices legally and ethically within the scope of own practice field. Evaluates own performance against established criteria and sets goals for improvement Assumes responsibility for ",https://maxhealthcarecareers.peoplestrong.com/job/detail/MHC_28571,2026-07-24T12:15:27Z
maxhealthcare,1798329,MHC/28572,MHC_28572,Staff Nurse-ICU,Staff Nurse,Dr. Balabhai Nanavati Hospital,MHC,Nursing - Nursing,Mumbai,Maharashtra,India,IN,+91,"INR 200,000 - 500,000 per year",200000,500000,per_annum,INR,full_time,nurses,hospital,,GNM; BSc Nursing; Msc. Nursing,1,4,6,False,2026-07-16,2026-08-15,"Core Responsibilities – Nursing Knowledge & Adaptability Awareness of the departmental vision, mission, objectives and its implementation. Performs the duties as per the role and expectation of a nurse in providing comprehensive patient care. Knowledge about the layout of the unit, number of patients and types of patient and their requirements. Interaction, co-operation and team spirit with other staff members. Performs assigned duties as per the department’s protocol Maintains all registers used in the unit. Accurate knowledge about the forms and formats Performs all special assignments as rostered. Soft skill and Critical thinking Demonstrates knowledge on AIDET (Acknowledge, Introduce, Duration, Explanation, Thank) and GST (Greet, smile, thank). Utilizes effective communication skills in reporting pertinent information on time. Maintains telephone etiquettes Maintains professional decorum and communicates in English/Hindi in the areas of work with colleagues. Address to the grooming standards laid down by the department Evaluates effectiveness of nursing care on patient condition Inform Team leader/Supervisor of current activities on the unit and reports unusual occurrence, incidents or other problems and also follow up as needed Utilizes changes of shift report to accurately and effectively to communicate patient condition and intervention Ensure all documentation is clear concise and timely. Utilize appropriate clinical terminology Performs independent problem solving and decision making in a logical and deliberate manner, utilizing available resources when needed Exhibits flexibility and adaptability to meet the needs of the patient and the unit Demonstrates understanding of emergency levels and effectively and safely responds to emergency situation in a calm constructive positive manner Nursing Admission Assessment Performs comprehensive nursing assessment on all patients with consideration to clinical condition, pain activities of daily living , skin allergies, integrity, valuables, safety needs, age ,mental, social and physical status. Identifies patient problems based upon data collected through nursing assessment as well as integrated information obtained through the family. Takes measures to address any vital concerns compromising the haemodynamic stability and safety issues Follows all aspects of the hospital policy in terms of safety, personal belongings, medico – legal entity, medications etc. Assesses vital signs, important information and reports abnormalities to the consultant and team and carries out orders as per instructions. Accurately and thoroughly documents nursing assessment and patient problems using appropriate clinical terminology. Completes and documents ongoing assessment Assesses and communicates educational, spiritual, pain management and dietary needs to the concerned Involves, communicates and educates the family members in the future plan of care Plan of Care Formulates nursing care plan in context to care due,",https://maxhealthcarecareers.peoplestrong.com/job/detail/MHC_28572,2026-07-24T12:15:28Z
maxhealthcare,1798345,MHC/28573,MHC_28573,staff nurse- OT,Staff Nurse,Dr. Balabhai Nanavati Hospital,MHC,Nursing - Nursing,Mumbai,Maharashtra,India,IN,+91,"INR 300,000 - 700,000 per year",300000,700000,per_annum,INR,full_time,nurses,hospital,,General Nursing and Midwife; Post Basic B.Sc Nursing; Bachelor of Science - Nursing,1,5,6,False,2026-07-16,2026-08-15,"J Role of Scrub Nurse Purpose: To maintain/ensure a sterile surgical field and cleanliness of environment The scrub nurse and the circulator work together in co-ordination to accomplish the task necessary to achieve a common goal in OT To promote safety and welfare of every patient To assist the surgeon. To assist the surgical team and scrub nurse Prior to surgery : Check surgeons preference and collect special equipments, sutures and instruments etc accordingly Performs scrubbing, gowning, gloving according to OT policies. Drapes trolley and bowl stand with sterile pre pack set. Checks along with the circulator the contents of each instrument set as per the enclosed list Collects from circulator sutures, needles, blades and necessary sterile equipments 6. Checks swabs, packs, instruments and needles with circulator 7. Ensure that the findings are chartered and displayed on the count record sheet 8. Drapes mayo table and prepare initially required instruments. 9. Confirms the circulator for identity of correct patient, with ID band, indoor paper and OT list 10. Ensure that patient is positioned safely 11. Prepare mayo table with following items; - scalp, dissecting scissor small artery forceps, toothed and non-toothed dissecting forceps, diathermy cord with pencil. At the commencement of the surgery: 1. Assists for skin preparation by providing sponges on sponge holder to surgeon 2. Assists in applying drapes 3. Passes towel clips to the surgeon 4. Position the mayo table 5. Hands over diathermy cord and suction tubing’s to circulator or OT attendant for the attachment and checks diathermy setting with surgeon During surgery: 1. Hands over sponges to the surgeon and assistant surgeon 2. Passes instruments sponge’s sutures as needed, and replace instruments on mayo table from the trolley as operation proceeds. 3. Keeps accurate count of extra sponges, needles OR instruments collected during the operation. 4. Anticipates the needs of the surgeon by continuous observation of progress of operation. 5. Ensure that the noise & movement in the theater is kept to a minimum 6. Ensure that a sterile field is maintained throughout the surgery. 7. Before the surgeon closes the cavity, the scrub nurse check sponges, instruments, and needles in accordance with theater policy, informs finding to be surgeon. 8. Checked with the circulator for availability of appropriate wound dressing. Collects dressing from the circulator & hands it over to surgeon. 9. Hands over specimen to the circulator if needed. 10. Removes instrument from mayo trolley. 11. Removes blade from the handles & disposes of sharp container. 12. Removes drapes from patient. 13. Ensure that the area around the dressing is clean & dry & clothes the patient After surgery: 1. Cover the patient with clean sheet. 2. Removes scrub nurse gown & gloves. 3. As & when permitted by the anesthetist, shift patient from OT table to trolley. 4. Accompanies the patient to recovery room & gives all relevant inform",https://maxhealthcarecareers.peoplestrong.com/job/detail/MHC_28573,2026-07-24T12:15:29Z
maxhealthcare,1799957,MHC/28594,MHC_28594,Senior Resident,Senior Resident,Alps Hospital Limited,MHC,Pulmonology - Pulmonology,Gurugram,Haryana,India,IN,+91,"INR 1,440,000 - 1,560,000 per year",1440000,1560000,per_annum,INR,full_time,doctors,hospital,,Doctor of Medicine (MD),0,3,1,False,2026-07-15,2026-08-14,"Responsibiliti es and Key Tasks To effectively the management of patients with obstructive lung diseases such as asthma, COPD and obstructive sleep apnoea To diagnosis and continuing care of patients with diagnosed malignancy To examine all patients in wards & follow up the cases. To prepare all medical records of the patient being maintained in the ward. To carry out instructions of the consultants in administering the medication and preparing patients for various procedures To assist consultant in the OPD To actively participate in presentations of CME’s and Journal clubs. To participate actively in the teaching program for nursing staff and technicians. To assist the consultants in all emergency cases. To be well groomed, punctual & adhere to company policies and practices. To have complete orientation of QMS and EMS system of Hospital. To have complete Awareness about Disaster Management Programme (DMP) of the hospital. To Comply with the service quality Process, environmental & occupational issues & policies of the respective area To Comply with patient safety policy To ensure safe utilization of equipments and proper waste disposal system.",https://maxhealthcarecareers.peoplestrong.com/job/detail/MHC_28594,2026-07-24T12:15:31Z
maxhealthcare,1798376,MHC/28574,MHC_28574,Staff Nurse Emergency,Staff Nurse,Dr. Balabhai Nanavati Hospital,MHC,Nursing - Nursing,Mumbai,Maharashtra,India,IN,+91,"INR 288,000 - 400,000 per year",288000,400000,per_annum,INR,full_time,nurses,hospital,,General Nursing and Midwife; Bachelor of Science (B.Sc) - Nursing; Post Basic B.Sc Nursing,2,5,1,False,2026-07-16,2026-08-15,"Principal Duties & Responsibilities To check inventory of various equipment’s and medication in A&E department. To take charge from the previous shift staff nurse. To attend the patients and ensure the comfort and stability of patients (if any complaints.) To meet the patients’ needs in prompt and efficient manner. To receive the patients in the department, attend the patients immediately and perform a quick assessment. To carry out the given order by the EMO. Secure IV peripheral lines and collect blood samples for various investigations. To send samples to the lab for various investigations by the housekeeping staffs. To obtain ECG. To administer medications, IV therapy to the patients. To send patients to various other departments for investigation. To write nurses notes. To prepare casualty charge sheet in HIS and receive vouchers and then discharging the patients. To send patients to various other departments for investigations. To provide comprehensive nursing care to patient waiting for admission To assist for various procedures done in the department. To transfer patients to ICU and wards. To keep emergency drugs and articles for use. To check the ambulance daily for its efficiency and availability of equipment’s. To inform cardiac and non-cardiac ambulance calls to the ambulance executive. To maintain CSSD items and inventory. To inform the sister in charge regarding any need for the repair or replacement of any equipment. Checking the unit (bedside) equipment’s, working condition and availability.(eg: oxygen, monitor, ECG machine, ventilators, defibrillators, crash cart trolley, central suction. Supervises work of housekeeping staffs like bed and equipment cleaning.",https://maxhealthcarecareers.peoplestrong.com/job/detail/MHC_28574,2026-07-24T12:15:32Z
maxhealthcare,1798998,MHC/28585,MHC_28585,Associate Consultant - Paediatric Surgery,Senior Resident,Gujarmal Modi Hospital and Research Centre For Medical Sciences,MHC,Paediatrics - Pediatric Surgery,New Delhi,Delhi,India,IN,+91,"INR 3,000,000 - 3,600,000 per year",3000000,3600000,per_annum,INR,full_time,doctors,hospital,,MCH,0,2,1,False,2026-07-14,2026-07-28,"Responsibilities and key tasks To Provide Quality clinical Care to surgical Patients To ensure timely attention and intervention for any query or requirement from the IP surgical patient. To ensure Emergency Preparedness & Response Treatment/ Procedure/ Investigations) To ensure that the surgical IP rounds are duly done and the patients are attended empathetically To practice evidence based treatment regarding patient {Investigation-(profile/reports/plan)}-{Treatment- (details/drug procurement)} {Drug Allergies/ patient history}. To Compliance with patient protocols (OP-IP/OT/ Diagnostics/ ICU/ Triage) To Document patient File/ Prescriptions/requisitions (legible/ complete) To ensure Documentation at the time of Discharge To workup of all IP patients for surgery & ensure tie-up preparation consent. To ensure adequate care of all part up cases. To complete all OP & IP records on time with accuracy. To ensure on-time availability of technical equipment for surgery and assist all surgical consultants in O.T. procedures To have complete orientation of QMS and EMS system of Hospital. To have complete Awareness about Disaster Management Programme (DMP) of the hospital. To Comply with the service quality Process, environmental & occupational issues & policies of the respective area To Comply with patient safety policy To ensure safe utilization of equipments and proper waste disposal system. To ensure that ethical Medical practice is followed. To ensure clear and prompt communication with the admitting as well as Referral consultants. To monitor practice of Inventory checking protocols and reporting non-compliance (Crash cart/ Instruments/ Ambulance).",https://maxhealthcarecareers.peoplestrong.com/job/detail/MHC_28585,2026-07-24T12:15:38Z
maxhealthcare,1796911,MHC/28538,MHC_28538,Deputy Manager-Supply Chain Management,Deputy Manager,MAX HEALTHCARE INSTITUTE LTD,MHC,Hospital Operations - Hospital Operations,Gurugram,Haryana,India,IN,+91,"INR 800,000 - 1,000,000 per year",800000,1000000,per_annum,INR,full_time,non_clinical,hospital,,Graduate,5,9,1,False,2026-07-13,2026-08-12,"Procurement Management: Identify and source suppliers for goods and services required by the company. Manage the entire purchasing process from order placement to final delivery, ensuring adherence to company standards and timelines. Negotiate prices, terms, and conditions with suppliers to secure the best deals. Prepare and issue purchase orders, and follow up to ensure timely deliveries. Inventory Management : Monitor stock levels and manage inventory to prevent shortages or overstocking. Coordinate with the warehouse team to track and report on stock levels, product arrivals, and stock movement. Maintain accurate records of inventory purchases and ensure proper documentation. Supplier Relationship Management: Establish and maintain good relationships with suppliers and vendors. Conduct supplier evaluations to ensure the quality, reliability, and competitiveness of suppliers. Resolve any issues related to deliveries, quality, or pricing. Cost Control & Budgeting: Assist in preparing and managing the procurement budget. Identify cost-saving opportunities and propose strategies for reducing procurement costs while maintaining quality standards. Keep track of spending and stay within budget limits. Order Processing & Documentation: Ensure proper documentation for all procurement transactions, including purchase orders, invoices, delivery receipts, and contracts. Collaborate with finance and accounting teams to process payments for suppliers and ensure accuracy of financial records. Quality Control: Ensure that the purchased goods meet the required quality standards. Work closely with quality control teams to resolve any product-related issues.",https://maxhealthcarecareers.peoplestrong.com/job/detail/MHC_28538,2026-07-24T12:15:40Z
maxhealthcare,1797140,MHC/28546,MHC_28546,Senior Executive - MIS (Hospital Operations),Senior Executive,Balaji Medical & Diagnostic Research Centre,MHC,Hospital Operations - Hospital Operations,New Delhi,Delhi,India,IN,+91,"INR 500,000 - 700,000 per year",500000,700000,per_annum,INR,full_time,non_clinical,hospital,,MHA,4,8,1,False,2026-07-17,2026-07-31,"Ensuring overall responsibility of the MIS & Patient tagging, including helping in clash resolution, Preparation of adequate MIS, taking approvals for OP/IP, implementation of bill check & monitoring compliances. III. KEY RESPONSIBILITIES Core Responsibilities Patient Care/ Customer Care/ Community Care Help people to adhere to Unit’s policies & practices and provide prompt services to external & internal users. Process/ Documentation/ Compliance • Preparation of MIS & implementation of budgetary controls • Preparation of Daily/Weekly/Monthly reports and analytics w.r.t to the Operations of the Hospital, • Patient tagging on real time basis • Checking the bills raised by the business associates Financial Cost and Revenue Contribution • Monitor and drive cost efficiencies • Efficient utilization of working capital & optimization of resources IV. KEY PERFORMANCE INDICATORS Measurable Deliverables • Meeting deadlines for providing MIS & Analytics. • Daily Patient tagging & minimize tagging errors. • Minimize tagging and bill check TAT and adherence to norms • Resolution of clashes • Adherence to systems & processes V. JOB REQUIREMENTS Minimum Qualifications Graduate Experience Should have 1 to 2 years of experience in MIS and Analytics. Behavioural Skills • Interpersonal Skills • Resourcefulness • Conflict Management Technical Skills • Good knowledge of Hospital Information System (HIS)/Sun System/ERP/MS Excel • Should have Excellent Computer & Presentation Skills • Ability to set up processes across functions and monitoring them Language Skills English, Hindi VI. KEY INTERACTIONS Key Internal Contacts Key External Contacts • Employees • All superiors concerned • Partners",https://maxhealthcarecareers.peoplestrong.com/job/detail/MHC_28546,2026-07-24T12:15:42Z
maxhealthcare,1796686,MHC/28535,MHC_28535,Assistant Manager (MECP) - Sales & Marketing,Assistant Manager,MAX HEALTHCARE INSTITUTE LTD,MHC,Sales & Marketing - Sales & Marketing - MECP,New Delhi,Delhi,India,IN,+91,"INR 500,000 - 800,000 per year",500000,800000,per_annum,INR,full_time,non_clinical,hospital,,Bachelor's Degree,4,7,1,True,2026-07-15,2026-07-29,"JOB DESCRIPTION I.JOB DETAILS Job Title Assistant Manager MECP) - Sales & Marketing Reporting Supervisor -Senior Manager - Sales & Marketing II.JOB PURPOSE To demonstrate sales skills in driving MECP Business, planning, organizing and executing sales activities. III.KEY RESPONSIBILITIES Core Responsibilities • Responsible for MECP revenue achievement as per the annual budgets for the specified territory. • Responsible for driving patient footfalls and new patient registrations for the hospitals through channel. • Responsible for increase in demographic revenue from the allocated area. • Prepare annual MECP plan and ensure timely on ground execution as per the plan. • Manage the MECP sales and marketing spends as per the expense budget and measure and deliver ROI on activations done. • Manage existing relationships with MECP doctors and ensure new activations as per the plan. • Work closely with clinicians to plan, execute and communicate the business development activities to drive additional footfalls and business. • Work on strategy to increase preferred Specialty mix and key procedures business in the revenue mix. • Ensure updated competition mapping for the Unit for the territory • Ensure Sales Force Compliance and review same and update in weekly/ monthly meetings. IV.KEY PERFORMANCE INDICATORS Measurable Deliverables • Overall Revenue for the territory • Key Procedures & key specialty revenue mix • Managing MECP expenditure • Salesforce compliance V.JOB REQUIREMENTS Minimum Qualifications Graduate / MBA in Marketing Experience Preferably 3 to 5 years’ relevant experience. Behavioral Skills • Good Interpersonal skills. • Time Management • Team Work • Confident, Assertive, Problem solver & Motivator • Stress Management • High Integrity levels . Technical Skills • Financial Management skills. • Analytical skills. Language Skills English & Hindi VI.KEY INTERACTIONS Key Internal Contacts Key External Contacts • Senior VP – Operations • Head Sales & Marketing • All Functional Heads • Clinicians • HODs • Nursing Home / Hospitals • Key Doctors practicing • Important Key Contacts",https://maxhealthcarecareers.peoplestrong.com/job/detail/MHC_28535,2026-07-24T12:15:43Z
maxhealthcare,1787891,MHC/28410,MHC_28410,Assistant Manager - Sales & Marketing- Upcountry,Senior Executive - Level 1,Muthoot Hospitals Private Limited,MHC,Sales & Marketing - Sales & Marketing - BD Sales - Upcountry,New Delhi,Delhi,India,IN,+91,"INR 500,000 - 750,000 per year",500000,750000,per_annum,INR,full_time,non_clinical,hospital,,Graduate,3,10,1,True,2026-07-14,2026-07-28,"Assistant Manager (Upcountry Business) – Sales & Marketing (Punjab and J&K Territory) MAX OVERVIEW: Max Healthcare Institute Limited (MHIL), founded in 2000, is among India’s leading private healthcare providers with 22+ healthcare facilities. As one of the country’s most valuable listed healthcare organizations, Max Healthcare has consistently driven innovation and excellence in healthcare delivery for over 25 years. With a workforce of 35,000+ professionals, including 5,000+ clinicians and 12,000 nurses/paramedics, Max Healthcare delivers advanced medical care across key locations such as Delhi NCR, Mumbai, Mohali, Bathinda, Dehradun, Lucknow, and Nagpur. The organization also operates Max@Home , one of India’s largest healthcare-at-home services across multiple cities, and Max Lab , offering 2,700+ diagnostic tests in 50+ cities across North India. ROLE SUMMARY: The Assistant Manager – Upcountry Business (Punjab and J&K Territory) will be responsible for driving business growth, strengthening market positioning, and expanding patient outreach across the assigned upcountry region. The role involves close collaboration with clinicians, internal teams, and external stakeholders to enhance patient acquisition, engagement, and retention. This position reports directly to the Upcountry Head . ROLES & KEY RESPONSIBILITIES: Drive overall business growth and positioning in the Agra territory and surrounding upcountry markets. Work closely with clinicians and Sales & Marketing teams for effective planning and execution of growth strategies. Conduct competitive analysis and develop strategies to address market challenges. Maintain MIS reports, analyze market data, and ensure alignment with industry benchmarks. Oversee day-to-day field operations including OPD coordination, patient footfall enhancement, and on-ground activations. Gather market intelligence including tariff structures of private hospitals/nursing homes (procedures, diagnostics, room rent, etc.). Lead business development initiatives for Centers of Excellence (COEs), with a key focus on MICC (Max Institute of Cancer Care). Travel extensively within the assigned territory to drive expansion and strengthen referral networks. Coordinate with internal departments to ensure seamless execution of business initiatives. Manage public relations and gather structured market feedback. Own key metrics: new patient acquisition, retention, conversion rates, and patient engagement (stickiness). Identify environmental opportunities and potential business risks in the territory. Support digital initiatives including updates to hospital websites for COEs and MICC visibility. Assist in media engagement activities such as publishing articles, and promoting the institute through TV, radio, and print platforms. Ensure empanelled organizations are updated with the latest services and offerings. Contribute to marketing and promotional strategy development for overall business growth. Work collaboratively with exte",https://maxhealthcarecareers.peoplestrong.com/job/detail/MHC_28410,2026-07-24T12:15:45Z
maxhealthcare,1792963,MHC/28481,MHC_28481,Senior Officer - Finance & Accounts,Senior Officer,Crosslay Remedies Ltd,MHC,Accounts & Finance - Accounts & Finance - Finance,Ghaziabad,Uttar Pradesh,India,IN,+91,"INR 500,000 - 700,000 per year",500000,700000,per_annum,INR,full_time,non_clinical,hospital,,Graduate,4,10,1,True,2026-07-10,2026-08-09,"• Ability and skill in handling the accounting function. • Support month /quarter/year end closing processes and expense provisioning. • Ensure timely updating AP/AR transactions as per the internal timelines, complying with statutory and internal norms. • Compilation of data and preparation of Schedule for SEIS, EPCG • Preparation of Individual Dues report and share it to stakeholder for settlement and follow-ups. • Inter Unit P&L Knowing off and Preparation of Exposure with network hospitals • Review of various exception reports on daily basis. • Review of various contracts and generating monthly invoice from ERP, Tracking Payments and follow-ups of outstanding from Outlet Vendors. • Track manual invoices and collections and ensure updating in the system • Preparation of SBU, Institutional P&L and Morning Dash board • Preparing of daily cash flow and Analysis of Variance of cash flow spending on Opex and Capex • Maintain fixed assets register and depreciation calculation • Having sound knowledge statutory compliance",https://maxhealthcarecareers.peoplestrong.com/job/detail/MHC_28481,2026-07-24T12:15:46Z
maxhealthcare,1790467,MHC/28453,MHC_28453,Senior Patient Experience Officer,Senior Executive,Alexis Multi Speciality Hospital Private Limited,MHC,Administration - Administration,Nagpur,Maharashtra,India,IN,+91,"INR 400,000 - 552,123 per year",400000,552123,per_annum,INR,full_time,non_clinical,hospital,,Graduate; Post Graduate Diploma,3,7,1,False,2026-07-10,2026-08-09,"Senior Executive– Patient Experience – (Nagpur) MAX OVERVIEW: Max Healthcare Institute Limited (MHIL), founded in 2000, is one of India’s largest private hospital chain with 22+ healthcare facilities. Being the India's most valuable listed healthcare organizations, we have driven innovation and excellence in healthcare for 25 years. With a workforce of 35,000+, including 5,000+ clinicians and 12,000 nurses/paramedics, we deliver advanced care across key locations including Delhi NCR (Saket, SMART, Patparganj, Vaishali, BLK, Shalimar Bagh, Dwarka, Gurugram, Panchsheel Park, Noida) Mumbai, Mohali, Bathinda, Dehradun, Lucknow, and Nagpur. We also operate Max@Home–among India’s largest healthcare-at-home services in 12 cities–and Max Lab, off­ering 2,700+ tests in 50+ cities across North India. ROLES & KEY RESPONSIBILITIES: o VIP Handling - all VIP, VVIP and Handle with Care protocols: Manage Patient Care & satisfaction with best healthcare standards while reducing Patient waiting time. Actively involved in Hospital Operations, facilitating smooth admission and discharge process of routine and VIP Patients for both OPD and IPD. Single Point of Contact for VIP protocol, handling patient queries and concerns. Complaint handling and Management Monthly analysis of repetitive complaints department wise - morning meeting data. Daily sharing of complaints status - open, closed in TAT, out of TAT complaints etc. Share / discuss the analysis on patient overall experience (PFMS) for every medical and non-medical department with Senior Management. SLA Adherence and Incident Rate Sharing data, follow up for complaints, checking the quality of RCA / CAPA. Doing on-ground audits on RCA / CAPA implementation with different departments. Raising alarm for departments who are not adhering SLA compliance & MIS to be shared with Concerned Authority. Patient Experience Analyzing and Driving Patient Experience and PSAT across departments. Improve admission experience and discharge scores for cash and TPA Patients. Daily taking ward rounds and meeting patients to ensure patient experience. Qualifications: · Bachelor’s degree in healthcare management, Hospital Administration, Business Administration, or a related field is mandatory / Graduate/ Postgraduate Experience & Qualifications Overall, 7 -12 years of experience in managing customer service and experience. Previous supervisory or team lead Skills: Not more than 1 VIP complaint every 6 months, 0 VVIP complaints throughout the year 100% complaint acknowledgement within 24 hours - all web, online, and feedback forms VOCs 100% complaint closures within TAT Ensure efficient complaint resolutions & TAT compliance as per standards. Patient Experience Add 100% compliance in entering the complaints in PFMS from all channels. correct analysis of complaints and MIS. Compliance and fulfilling of all requirements as and when appear in internal audits and External audits. Patient Satisfaction Score",https://maxhealthcarecareers.peoplestrong.com/job/detail/MHC_28453,2026-07-24T12:15:47Z
maxhealthcare,1791190,MHC/28462,MHC_28462,Associate Consultant - ER,Associate Consultant,Alexis Multi Speciality Hospital Private Limited,MHC,Accident & Emergency - Department of Emergency Medicine,Nagpur,Maharashtra,India,IN,+91,"INR 2,000,000 - 2,760,000 per year",2000000,2760000,per_annum,INR,full_time,doctors,hospital,,MBBS; MD; IDCCM,2,4,1,False,2026-07-21,2026-08-20,"Associate consultant - ER (Nagpur) MAX OVERVIEW: Max Healthcare Institute Limited (MHIL), founded in 2000, is one of India’s largest private hospital chain with 22+ healthcare facilities. Being the India's most valuable listed healthcare organizations, we have driven innovation and excellence in healthcare for 25 years. With a workforce of 35,000+, including 5,000+ clinicians and 12,000 nurses/paramedics, we deliver advanced care across key locations including Delhi NCR (Saket, SMART, Patparganj, Vaishali, BLK, Shalimar Bagh, Dwarka, Gurugram, Panchsheel Park, Noida) Mumbai, Mohali, Bathinda, Dehradun, Lucknow, and Nagpur. We also operate Max@Home–among India’s largest healthcare-at-home services in 12 cities–and Max Lab, off­ering 2,700+ tests in 50+ cities across North India. ROLES & KEY RESPONSIBILITIES • Organizing workloads • Assessing and planning treatment requirements • Liaising daily with staff including other doctors, non-medical management staff and healthcare professionals • Writing reports and maintaining records • Promoting health education • Document all patient evaluations, treatments, medications and transactions according to policies and procedures in physical files and electronically • Appropriate handover and communication of patient information to ensure continuity of care • Evaluate effectiveness of current care methods and procedures and suggest improvements • Cultivate a climate of trust and compassion for patients • Proactively participate in risk management and quality initiatives of the department and organization • Be compliant to organization policies and procedures • Contribute to department and organization development • Actively participate in Corporate social responsibility events conducted by the organization • Abide by dress code and punctuality • Remain up to date with developments and best practices in medicine by attending conferences and seminars and incorporate in their practice • Identify and escalate as a priority the safety concerns identified in the organization. Experience & Qualifications MEM/ DNB Emergency Medicine",https://maxhealthcarecareers.peoplestrong.com/job/detail/MHC_28462,2026-07-24T12:15:48Z
maxhealthcare,1791048,MHC/28459,MHC_28459,Senior Resident - Respiratory Medicine,Senior Resident,Gujarmal Modi Hospital and Research Centre For Medical Sciences,MHC,Institute of Respiratory Pulmonary Intensive Care - Institute of Respiratory Pulmonary Intensive Care,New Delhi,Delhi,India,IN,+91,"INR 1,680,000 - 1,800,000 per year",1680000,1800000,per_annum,INR,full_time,doctors,hospital,,MD,0,2,1,False,2026-07-06,2026-08-05,"Responsibilities and Key Tasks To effectively the management of patients with obstructive lung diseases such as asthma, COPD and obstructive sleep apnoea To diagnosis and continuing care of patients with diagnosed malignancy To examine all patients in wards & follow up the cases. To prepare all medical records of the patient being maintained in the ward. To carry out instructions of the consultants in administering the medication and preparing patients for various procedures To assist consultant in the OPD To actively participate in presentations of CME’s and Journal clubs. To participate actively in the teaching program for nursing staff and technicians. To assist the consultants in all emergency cases. To be well groomed, punctual & adhere to company policies and practices. To have complete orientation of QMS and EMS system of Hospital. To have complete Awareness about Disaster Management Programme (DMP) of the hospital. To Comply with the service quality Process, environmental & occupational issues & policies of the respective area To Comply with patient safety policy To ensure safe utilization of equipments and proper waste disposal system.",https://maxhealthcarecareers.peoplestrong.com/job/detail/MHC_28459,2026-07-24T12:15:50Z
maxhealthcare,1786590,MHC/28390,MHC_28390,Assistant Manager - International Operations,Assistant Manager,"Dr. B. L. Kapur Memorial Hospital, ( a unit of Lahore Hospital Society)",MHC,International Operations - Operations,New Delhi,Delhi,India,IN,+91,"INR 600,000 - 887,000 per year",600000,887000,per_annum,INR,full_time,non_clinical,hospital,,Graduate,8,12,1,True,2026-07-07,2026-08-06,"Coordination for OPD patients. Ensure minimum waiting for billing, consultation or investigations. Smooth coordination and management of VIP patients. Smooth coordination and management of health check packages. Collate, prepare and present Department data on a monthly basis to the HOD (Revenue, HCF contribution, Mapping of patients, conversions, follow-ups, departmental performance, etc). Making Dashboard (Revenue Report) for both OPD & IPD patients. Ensure that the payment is issued only after closing of bill and all payment clearance Sending medical update to business partners through email. Smooth and hassle free admission of patients. Ensure smooth arrival of patients. Perform other related duties incidental to the work described herein as may be assigned or delegated. To diligently carryout any other responsibility, job role or task assigned from time to time by the management or superior. Your Job role in the Hospital will be subject to the rules and regulations as laid down in regard to conduct, discipline and other matters. You are expected to proactively carry out responsibilities and duties entrusted to you and conduct yourself accordingly ensuring positive results",https://maxhealthcarecareers.peoplestrong.com/job/detail/MHC_28390,2026-07-24T12:15:51Z
maxhealthcare,1790298,MHC/28447,MHC_28447,Senior Resident - Surgical Oncology,Senior Resident,Gujarmal Modi Hospital and Research Centre For Medical Sciences,MHC,Oncology & Oncosurgery - Surgical Oncology,New Delhi,Delhi,India,IN,+91,"INR 1,800,000 - 2,200,000 per year",1800000,2200000,per_annum,INR,full_time,doctors,hospital,,DNB; MS,0,3,1,False,2026-07-09,2026-08-08,"To effe ctively interface with patients, technician, nursing staff and service users, area Heads. To demonstrate effective application of administrative, technical and professional knowledge. • Assist the consultant/ senior consultant in the OPD for work up, on treatment evaluation and treatment follow up. • Perform admission histories, physical examinations, and develop an initial differential diagnosis, plan of treatment and write appropriate orders on patients admitted. To comply emergency calls To comply efficient coordination in day to day clinical needs. To comply punctuality and efficiency. To have complete orientation of QMS and EMS system of Hospital. To have complete Awareness about Disaster Management Programme (DMP) of the hospital. To Comply with the service quality Process, environmental & occupational issues & policies of the respective area To Comply with patient safety policy To ensure safe utilization of equipments and proper waste disposal system.",https://maxhealthcarecareers.peoplestrong.com/job/detail/MHC_28447,2026-07-24T12:15:52Z
maxhealthcare,1787245,MHC/28397,MHC_28397,Deputy Manager - Quality,Deputy Manager,Alexis Multi Speciality Hospital Private Limited,MHC,Medical Quality - Medical Quality,Nagpur,Maharashtra,India,IN,+91,"INR 600,000 - 1,356,049 per year",600000,1356049,per_annum,INR,full_time,non_clinical,hospital,,MBBS; MHA,4,7,1,False,2026-07-03,2026-08-02,"Deputy Manager – Quality - (Nagpur) MAX OVERVIEW: Max Healthcare Institute Limited (MHIL), founded in 2000, is one of India’s largest private hospital chain with 22+ healthcare facilities. Being the India's most valuable listed healthcare organizations, we have driven innovation and excellence in healthcare for 25 years. With a workforce of 35,000+, including 5,000+ clinicians and 12,000 nurses/paramedics, we deliver advanced care across key locations including Delhi NCR (Saket, SMART, Patparganj, Vaishali, BLK, Shalimar Bagh, Dwarka, Gurugram, Panchsheel Park, Noida) Mumbai, Mohali, Bathinda, Dehradun, Lucknow, and Nagpur. We also operate Max@Home–among India’s largest healthcare-at-home services in 12 cities–and Max Lab, off­ering 2,700+ tests in 50+ cities across North India. ROLES & KEY RESPONSIBILITIES: Co-ordinates with other departments in managing the quality department of the hospital. Assisting the departments in identifying quality indicators. Guiding departments towards method of data collection, collation and analysis of data and improvements. Monitors continuous quality improvement initiatives in various departments of the hospital in association with link staff / Quality Coordinators and HoDs. Assisting the departments to analyze areas of improvements based on their own recommendations through risk assessments and improve taking up performance improvement projects. Involved in preparation of organization policies & procedures compliant with local regulatory and accreditation body standards. Implement improvements in collaboration with the Quality team, departmental heads and Director Administration. Works in close coordination and guidance of Director Quality, other team members & corporate office. Supervise the working of team members. Prepares quality objectives for individual departments in coordination with department heads. Continuously works upon finding newer ways of improving the quality of service. Core member of the Accreditation / Awards teams as applicable. Responsible for the implementation and monitoring of various requirements of chapters in accreditation standards along with the other team members. Conduct departmental audits or rounds to check compliance with hospital policies and procedures Conduct open and closed medical record audits to check compliance with hospital policies and procedures Plays the role of a risk manager and monitors every incident under the purview of patient and staff safety. Analyses incident reports and maintains data of the same Analyses sentinel events that happen within the hospital in close coordination with the quality team and other department heads and escalate through Director Administration. Any other responsibility as deemed by the management. Qualifications: Post Graduate /MBBS /BHMS /BAMS / MHA Experience & Qualifications 4–7 years of experience in Quality. Previous supervisory or team lead Skills: Strong leadership, coordination, and organizational abilities. Excellent communi",https://maxhealthcarecareers.peoplestrong.com/job/detail/MHC_28397,2026-07-24T12:15:53Z
maxhealthcare,1788155,MHC/28413,MHC_28413,Manager - Accounts & Finance,Manager,"Dr. B. L. Kapur Memorial Hospital, ( a unit of Lahore Hospital Society)",MHC,Accounts & Finance - Accounts & Finance - IP Billing,New Delhi,Delhi,India,IN,+91,"INR 1,200,000 - 1,400,000 per year",1200000,1400000,per_annum,INR,full_time,non_clinical,hospital,,Graduate; Post Graduate Certificate,4,8,2,True,2026-07-02,2026-08-01,"To ensure timely and accurate compliance with the standards laid down under ISO for the departmental function. To handle inter and intra departmental coordination for smooth discharge. Preparing TPA approval as per given clauses. Cash/ Corporate bill till date on daily basis. Authentication of documents CGHS/ PSU and same dispatch to concern for final payment. Post discharge checking of CGHS/ TPA bills. To ensure timely action on patient queries related to billing. To follow Cash / Credit / Corporate billing / discount instructions. To ensure accurate and timely Billing. Maintaining register for discharge flow. Checking of referral, approval and mandatory requirements of institutions. Preparing reports for management like long stay / outstanding is > 50,000/-. Package mapping during night hours. Updating OT sheets. Assigning packages of Cath/ OT. Special vigil on international patient billing. To be well groomed, punctual & adhere to company policies and practices. To effectively utilize Hospital Information System and other software provided. To comply with the service quality process, environmental & occupational issues & policies of the respective area.",https://maxhealthcarecareers.peoplestrong.com/job/detail/MHC_28413,2026-07-24T12:15:55Z
maxhealthcare,1786951,MHC/28395,MHC_28395,Attending Consultant,Attending Consultant,MAX HEALTHCARE INSTITUTE LTD,MHC,Paediatrics - Paediatrics - NICU,New Delhi,Delhi,India,IN,+91,"INR 3,000,000 - 3,240,000 per year",3000000,3240000,per_annum,INR,contract,doctors,hospital,,Doctor of Medicine (MD); DNB; MBBS,3,5,1,False,2026-07-04,2026-08-03,____________________________________________________________________________________________________________________________________________________________________________________________________________________________________________________________________________________________________________________________________________________________________________________________________________________________________________________________________________________________________________________________________________________________________________________________________________________________________________________________________________________________________________________________________________________________________________________________________________________________________________________________________________________________________________________________________________________________________________________________________________________________________________________________________________________________________________________________________________________________________________________________________________________________________________________________________________________________________________________________________________________,https://maxhealthcarecareers.peoplestrong.com/job/detail/MHC_28395,2026-07-24T12:15:56Z
maxhealthcare,1787281,MHC/28398,MHC_28398,Resident Medical Officer,Resident Medical Officer,MAX HEALTHCARE INSTITUTE LTD,MHC,Oncology & Oncosurgery - Medical Oncology,New Delhi,Delhi,India,IN,+91,"INR 600,000 - 800,000 per year",600000,800000,per_annum,INR,full_time,doctors,hospital,,MBBS,0,2,1,False,2026-07-10,2026-08-09,"Job Description: Junior Resident/ Resident Medical Officer BU: Max Super Speciality Hospital, Shalimar Bagh Reporting: Medical Superintendent Role: To ensure smooth Emergency services in the hospital and take medical care of In patients under the guidance of Consultants. Responsibilities and key tasks Patient/ Customer Care 1.To Provide Quality clinical Care to Patients. Job Knowledge 2.To practice evidence based medicine awareness regarding patient {Investigation- (profile/reports/plan)}-{Treatment- (details/drug procurement)} {Drug Allergies/ patient history} Process Orientation/ Documentation 3.To ensure Emergency Preparedness & Response Treatment/Procedure/Investigations 4.To ensure timely attention and intervention for any query or requirement from the IP patient. 5.To ensure that the IP rounds are duly done and the patients are attended empathetically. 6To Compliance with patient protocols (OP-IP/OT/ Diagnostics/ ICU/ Triage) 7.To Document patient File/ Prescriptions/requisitions (legible/ complete). 8.To ensure MLC notification / documentation and statutory compliance. 9.To ensure Documentation at the time of Discharge. 10.To complete all OP & IP records on time with accuracy. 11.To ensure availability/ good-working condition of the Life saving Drugs and Equipment (In conjunction with BME and report delayed response). 12.To ensure proper Bio Medical Waste Management. 13.To follow Infection Control protocols. 14.To have complete orientation of QMS, EMS & OHSAS system of Hospital. 15.To have complete Awareness about Disaster Management Programme (DMP) of the hospital. 16.To Comply with the service quality Process, environmental & occupational issues & policies of the respective area. 17.To Comply with patient safety policy. Most Important Demands Core Competencies Emergency medicine capabilities Good clinical knowledge Team Player: Team player and Process oriented. Technical/Functional Competencies Computer literate Fluent with relevant equipment handling Leadership/Behavioral Competencies Training capability Contingency Management Education/Experience M.B.B.S. 0-10 years in Casualty/Ward/ critical care of a hospital with adequate volume of workload. Physical Requirements As per policy employee should clear the pre-employment check up. Responsibilities and key tasks People Orientation 18.To ensure that ethical Medical practice is followed. 19.To ensure clear and prompt communication with the admitting as well as Referral Consultants. Cost & Revenue 20.To monitor practice of Inventory checking protocols in critical care areas and reporting non-compliance (Crash cart/ Instruments/ Ambulance). Discipline 21.To be well groomed, punctual & adhere to company policies and practices. Success in 2 years : Handling of all types of Emergency and Medico legal cases with 100% compliance Clinical management of all types of ICU / Ward patient with 100% compliance to protocols. 100% compliance with updating of Medical Record Documentation. Key Performance I",https://maxhealthcarecareers.peoplestrong.com/job/detail/MHC_28398,2026-07-24T12:15:57Z
maxhealthcare,1778543,MHC/28267,MHC_28267,Assistant Manager - MECP,Assistant Manager,Alexis Multi Speciality Hospital Private Limited,MHC,Sales & Marketing - Sales & Marketing - MECP,Nagpur,Maharashtra,India,IN,+91,"INR 400,000 - 600,000 per year",400000,600000,per_annum,INR,full_time,non_clinical,hospital,,Graduate,3,7,1,True,2026-07-10,2026-08-09,"Assistant Manager – MECP – Sales & Marketing – (Nagpur) MAX OVERVIEW: Max Healthcare Institute Limited (MHIL), founded in 2000, is one of India’s largest private hospital chain with 22+ healthcare facilities. Being the India's most valuable listed healthcare organizations, we have driven innovation and excellence in healthcare for 25 years. With a workforce of 35,000+, including 5,000+ clinicians and 12,000 nurses/paramedics, we deliver advanced care across key locations including Delhi NCR (Saket, SMART, Patparganj, Vaishali, BLK, Shalimar Bagh, Dwarka, Gurugram, Panchsheel Park, Noida) Mumbai, Mohali, Bathinda, Dehradun, Lucknow, and Nagpur. We also operate Max@Home–among India’s largest healthcare-at-home services in 12 cities–and Max Lab, off­ering 2,700+ tests in 50+ cities across North India. ROLES & KEY RESPONSIBILITIES: Build a referral eco system for the hospital through straight liaising with surrounding districts and state for service utilization. Conduct presentations to these organization’s/ Physicians of these services and facilities of the hospital. Organize direct negotiations and contacts for services with these organizations. Participate in these negotiations through the provision of information about prices and / or costs, suggested health care package programs, or other data as requested by the Director. Sharing feedback about the brand perception received from customers during one on one interaction and even otherwise to the management and to the concerned department through BDM / Directors and work towards the closure of the same. Coordinate and manage specific requirements requested by third party customers, i.e., customized reports etc., Respond to all enquiries by third party customers. Refer all complaints to the customer service department, but monitor complaints to assure that responses to third party customers are made on timely basis. Monitor the business of competitors in the market. Provide to the Director and the Board about overall market conditions as requested. Empanel Drs. for facility utilization for services and procedure. Organize and conduct various community related programs developed by the communication department of the company e.g Health talks and community education programs To develop a Super Specialty as an Separate Business Unit to have a focused approach and optimized revenue output Health camps: client contact programs CME programs, wellness programs sports / CSR programme and Special events Qualifications: MBA/ Graduate / Post Graduate Experience & Qualifications More than 3 years of experience with minimum of 1 years in Hospital sales & Marketing. Skills: Problem solving & decision-making Excellent public dealing Excellent man management skills (Internal & External) Tenacity. Planning, Organizing & Execution Add 100% compliance in entering the complaints in PFMS from all channels. correct analysis of complaints and MIS. Compliance and fulfilling of all requirements as and when appear in intern",https://maxhealthcarecareers.peoplestrong.com/job/detail/MHC_28267,2026-07-24T12:15:58Z
maxhealthcare,1778128,MHC/28252,MHC_28252,Pharmacist : OT Pharmacy,Pharmacist - Level 1,"Dr. B. L. Kapur Memorial Hospital, ( a unit of Lahore Hospital Society)",MHC,Pharmacy - OT Pharmacy,New Delhi,Delhi,India,IN,+91,"INR 420,000 - 540,000 per year",420000,540000,per_annum,INR,full_time,pharmacists,hospital,,B Pharma; D Pharma,2,8,1,False,2026-06-29,2026-07-29,"To dispense prescriptions accurately and promptly. To actively participate in the creation of the Pharmacy Formulary To process Billing of dispensed items for inpatient and outpatients. To implement the SOP’s. To provide drug information to patients and other healthcare Professionals. To ensure proper storage and record keeping of drugs. To maintain up to date knowledge about all drugs and medical supplies. To review and monitor patient profiles of orders, cost effectiveness of drugs and intervenes appropriately. To play an active role in ensuring proper inventory control systems including, control and monitoring of stocks, introduction of new items, removal of non moving and expired stock. To be well groomed, punctual & adhere to company policies and practices. To have complete orientation of QMS and EMS system of Hospital. To have complete Awareness about Disaster Management Programme (DMP) of the hospital. To Comply with the service quality Process, environmental & occupational issues & policies of the respective area. To comply with patient safety policy. To ensure safe utilization of equipments and proper waste disposal system",https://maxhealthcarecareers.peoplestrong.com/job/detail/MHC_28252,2026-07-24T12:16:00Z
maxhealthcare,1778670,MHC/28269,MHC_28269,Assistant Manager - Sales (Mumbai),Assistant Manager,Max Lab Limited,MHC,Sales & Marketing - Sales & Marketing - Sales,Mumbai,Maharashtra,India,IN,+91,"INR 500,000 - 600,000 per year",500000,600000,per_annum,INR,full_time,non_clinical,hospital,,Bsc,2,5,1,True,2026-07-09,2026-08-08,"I. JOB DETAILS Job Title Assistant Manager – Sales & Marketing - Max Lab Reporting Supervisor Senior manager - Sales & Marketing II. JOB PURPOSE Primary responsibility will be to promote and sell our company's diagnostic products and services to healthcare facilities, laboratories, and medical professionals. Position will play a critical role in driving revenue growth, expanding market share, and building strong customer relationships within your assigned territory. IV. KEY PERFORMANCE INDICATORS Core Responsibilities – Sales Generation: Proactively identify and pursue sales opportunities within your designated territory to achieve or exceed sales targets for diagnostic products and services. Customer Relationship Management : Build and maintain strong relationships with key decision-makers, including laboratory managers, physicians, and healthcare administrators, to understand their needs and provide tailored solutions. Product Promotion : Effectively communicate the features, benefits, and clinical value of our diagnostic products and services to healthcare professionals through product demonstrations, presentations, and educational seminars. Market Analysis: Conduct market research and analysis to identify customer needs, market trends, and competitive dynamics, providing insights to inform sales strategies and tactics. Pipeline Management: Manage sales pipelines and customer accounts using CRM software, tracking sales activities, leads, and opportunities to ensure timely follow-up and closure. Training and Education: Provide training and support to healthcare professionals on the proper use of our diagnostic products, interpreting test results, and integrating them into clinical practice. Collaboration: Work closely with cross -functional teams, including marketing, customer support, and technical services, to address customer needs, resolve issues, and drive customer satisfaction. Compliance : Ensure compliance with company policies, industry regulations, and quality standards in all sales activities and interactions. IV. KEY PERFORMANCE INDICATORS Measurable Deliverables Successful set-up of sales function – team, processes, within time and cost Revenue achievement and cost of sales management Quality of Systems Implementation – top quartile customer service scores Optimum resource utilization V. JOB REQUIREMENTS Minimum Qualifications B.sc/ MBA / Post graduate qualification in Sales & Marketing Experience 3-5 Years (with preferable industry) Technical Skills Thorough understanding of sales processes, incentive management and tools Knowledge of compliance issues related to sales of services Ability to liaise with various stakeholders and BU for effective delivery of services Strong commercial inclination to manage tie-ups, vendors Behavioural Skills Interpersonal Skills Time Management Resourcefulness Conflict Management Language Skills English & Hindi VI. KEY INTERACTIONS Key Internal Contacts Key External Contacts Head Sales & sales team ",https://maxhealthcarecareers.peoplestrong.com/job/detail/MHC_28269,2026-07-24T12:16:03Z
maxhealthcare,1778672,MHC/28270,MHC_28270,Assistant Manager - Sales (Mumbai),Assistant Manager,Max Lab Limited,MHC,Sales & Marketing - Sales & Marketing - Sales,Mumbai,Maharashtra,India,IN,+91,"INR 500,000 - 600,000 per year",500000,600000,per_annum,INR,full_time,non_clinical,hospital,,Bsc,3,5,1,True,2026-07-09,2026-08-08,"I. JOB DETAILS Job Title Assistant Manager – Sales & Marketing - Max Lab Reporting Supervisor Senior manager - Sales & Marketing II. JOB PURPOSE Primary responsibility will be to promote and sell our company's diagnostic products and services to healthcare facilities, laboratories, and medical professionals. Position will play a critical role in driving revenue growth, expanding market share, and building strong customer relationships within your assigned territory. IV. KEY PERFORMANCE INDICATORS Core Responsibilities – Sales Generation: Proactively identify and pursue sales opportunities within your designated territory to achieve or exceed sales targets for diagnostic products and services. Customer Relationship Management : Build and maintain strong relationships with key decision-makers, including laboratory managers, physicians, and healthcare administrators, to understand their needs and provide tailored solutions. Product Promotion : Effectively communicate the features, benefits, and clinical value of our diagnostic products and services to healthcare professionals through product demonstrations, presentations, and educational seminars. Market Analysis: Conduct market research and analysis to identify customer needs, market trends, and competitive dynamics, providing insights to inform sales strategies and tactics. Pipeline Management: Manage sales pipelines and customer accounts using CRM software, tracking sales activities, leads, and opportunities to ensure timely follow-up and closure. Training and Education: Provide training and support to healthcare professionals on the proper use of our diagnostic products, interpreting test results, and integrating them into clinical practice. Collaboration: Work closely with cross -functional teams, including marketing, customer support, and technical services, to address customer needs, resolve issues, and drive customer satisfaction. Compliance : Ensure compliance with company policies, industry regulations, and quality standards in all sales activities and interactions. IV. KEY PERFORMANCE INDICATORS Measurable Deliverables Successful set-up of sales function – team, processes, within time and cost Revenue achievement and cost of sales management Quality of Systems Implementation – top quartile customer service scores Optimum resource utilization V. JOB REQUIREMENTS Minimum Qualifications B.sc/ MBA / Post graduate qualification in Sales & Marketing Experience 3-5 Years (with preferable industry) Technical Skills Thorough understanding of sales processes, incentive management and tools Knowledge of compliance issues related to sales of services Ability to liaise with various stakeholders and BU for effective delivery of services Strong commercial inclination to manage tie-ups, vendors Behavioural Skills Interpersonal Skills Time Management Resourcefulness Conflict Management Language Skills English & Hindi VI. KEY INTERACTIONS Key Internal Contacts Key External Contacts Head Sales & sales team ",https://maxhealthcarecareers.peoplestrong.com/job/detail/MHC_28270,2026-07-24T12:16:05Z
maxhealthcare,1778674,MHC/28272,MHC_28272,Assistant Manager - Sales (Nagpur),Assistant Manager,Max Lab Limited,MHC,Sales & Marketing - Sales & Marketing - Sales,Nagpur,Maharashtra,India,IN,+91,"INR 500,000 - 600,000 per year",500000,600000,per_annum,INR,full_time,non_clinical,hospital,,Bsc,3,5,1,True,2026-07-09,2026-08-08,"I. JOB DETAILS Job Title Assistant Manager – Sales & Marketing - Max Lab Reporting Supervisor Senior manager - Sales & Marketing II. JOB PURPOSE Primary responsibility will be to promote and sell our company's diagnostic products and services to healthcare facilities, laboratories, and medical professionals. Position will play a critical role in driving revenue growth, expanding market share, and building strong customer relationships within your assigned territory. IV. KEY PERFORMANCE INDICATORS Core Responsibilities – Sales Generation: Proactively identify and pursue sales opportunities within your designated territory to achieve or exceed sales targets for diagnostic products and services. Customer Relationship Management : Build and maintain strong relationships with key decision-makers, including laboratory managers, physicians, and healthcare administrators, to understand their needs and provide tailored solutions. Product Promotion : Effectively communicate the features, benefits, and clinical value of our diagnostic products and services to healthcare professionals through product demonstrations, presentations, and educational seminars. Market Analysis: Conduct market research and analysis to identify customer needs, market trends, and competitive dynamics, providing insights to inform sales strategies and tactics. Pipeline Management: Manage sales pipelines and customer accounts using CRM software, tracking sales activities, leads, and opportunities to ensure timely follow-up and closure. Training and Education: Provide training and support to healthcare professionals on the proper use of our diagnostic products, interpreting test results, and integrating them into clinical practice. Collaboration: Work closely with cross -functional teams, including marketing, customer support, and technical services, to address customer needs, resolve issues, and drive customer satisfaction. Compliance : Ensure compliance with company policies, industry regulations, and quality standards in all sales activities and interactions. IV. KEY PERFORMANCE INDICATORS Measurable Deliverables Successful set-up of sales function – team, processes, within time and cost Revenue achievement and cost of sales management Quality of Systems Implementation – top quartile customer service scores Optimum resource utilization V. JOB REQUIREMENTS Minimum Qualifications B.sc/ MBA / Post graduate qualification in Sales & Marketing Experience 3-5 Years (with preferable industry) Technical Skills Thorough understanding of sales processes, incentive management and tools Knowledge of compliance issues related to sales of services Ability to liaise with various stakeholders and BU for effective delivery of services Strong commercial inclination to manage tie-ups, vendors Behavioural Skills Interpersonal Skills Time Management Resourcefulness Conflict Management Language Skills English & Hindi VI. KEY INTERACTIONS Key Internal Contacts Key External Contacts Head Sales & sales team ",https://maxhealthcarecareers.peoplestrong.com/job/detail/MHC_28272,2026-07-24T12:16:07Z
maxhealthcare,1779519,MHC/28294,MHC_28294,Senior Executive - Housekeeping,Senior Executive - Level 1,Alps Hospital Limited,MHC,Housekeeping - Housekeeping,Gurugram,Haryana,India,IN,+91,"INR 470,000 - 600,000 per year",470000,600000,per_annum,INR,full_time,non_clinical,hospital,,Graduate,3,5,1,True,2026-06-24,2026-07-24,"JOB DESCRIPTION I. JOB DETAILS Job Title Housekeeping Sr. Executive Reporting to: Housekeeping Head II. JOB PURPOSE The House Keeping Supervisor is responsible to maintain cleaning, hygiene and sanitation standards of the Hospital within productivity limits in a shift by ensuring that the policies, systems, procedures are well understood and implemented by the team. III. KEY RESPONSIBILITIES Core Responsibilities – To ensure the amenities and electrical appliances are there in the rooms as per the defined standard. To ensure the common areas are spic and span as per the defined standards. To execute and ensure cleaning schedule is followed. To conduct briefing and allocate the staffing for the areas. To update and record all cleaning activities. To ensure that the grooming of all contractual staff is as per the standards. To ensure garbage is segregated and disposed off in the defined area. To ensure that as per the defined standards the linen is complete in all In-patient areas. Responsibility of Total Hospital Linen its Laundry & Stocks in circulation To coordinate with Engineering department for maintenance. To impart training to the contractual staff. To inform and record the missing items from their allocated area to Team Leader-HK To be well groomed, punctual & adhere to company policies and practices To ensure that all housekeeping assets like, equipment, Linen, and consumables are used and stored properly to prolong their life To have complete Awareness about Disaster Management Programme (DMP) of the hospital. To Comply with the service quality Process, environmental & occupational issues & policies of the respective area To Comply with patient safety policy To ensure safe utilization of equipments and proper waste disposal system. IV. KEY PERFORMANCE INDICATORS Key Performance Indicators Process defect < 5% Pilferage at nominal levels, Discards maintained within targets Documentation and record maintenance 100 % V. JOB REQUIREMENTS Minimum Qualifications Diploma Holder. Experience Preferably with 5 yr of service industry / healthcare experience Behavioural Skills Good Communication skills. Good Interpersonal skills. Ability to handle multiple tasks. Ability to analyze critical situations Language Skills English Hindi VI. KEY INTERACTIONS Key Internal Contacts Key External Contacts Head HK Medical & Non medical staff Head Support Services Inpatient /Outpatient customers Vendor Suppliers",https://maxhealthcarecareers.peoplestrong.com/job/detail/MHC_28294,2026-07-24T12:16:08Z
maxhealthcare,1778634,MHC/28268,MHC_28268,Manager/ Senior Manager - MECP,Manager,MAX HEALTHCARE INSTITUTE LTD,MHC,Sales & Marketing - Sales & Marketing - MECP,New Delhi,Delhi,India,IN,+91,"INR 1,100,000 - 1,500,000 per year",1100000,1500000,per_annum,INR,full_time,non_clinical,hospital,,MBA,10,15,1,True,2026-06-24,2026-07-24,"JOB DESCRIPTION I.JOB DETAILS Job Title Manager (MECP) - Sales & Marketing Reporting Supervisor DGM and Unit Head - Sales & Marketing II. JOB PURPOSE To demonstrate managerial and sales skills in driving MECP compliance III. KEY RESPONSIBILITIES Core Responsibilities ? Responsible for Revenue Performance of MECP sales team. ? Direct responsible for MACN core business. ? Responsible for MECP and demographic performance. ? Responsible for new initiative for MECP. ? MECP Compliance. ? To be well groomed, punctual & adhere to company policies and practices. ? Responsible for developing, and implementing Patient Feedback Process and support in regular patient feedback analysis. ? To ensure patient satisfaction, optimal patient movement & patient care. ? To have complete Awareness about Disaster Management Programme (DMP) of the hospital. ? To comply with the service quality Process, environmental & occupational issues & policies of the respective area. ? Ensuring optimum utilization of MECP budgets. ? Ensuring 100% sales force compliance. IV. KEY PERFORMANCE INDICATORS Measurable Deliverables ? Timely completion of assigned responsibilities. ? Team Player. ? Basic knowledge of Health Care selling. ? Relationship building with the key referring doctors V. JOB REQUIREMENTS Minimum Qualifications MBA (Marketing)/Diploma in Marketing Experience 5 to 9 years; Preferably with 4 years of service industry / healthcare experience Behavioural Skills ? Teamwork & Collaboration ? Time Management ? Problem solving & decision making ? Excellent public dealing ? Planning, Organizing & Execution Technical Skills Through knowledge of healthcare and unique Healthcare Management Principles",https://maxhealthcarecareers.peoplestrong.com/job/detail/MHC_28268,2026-07-24T12:16:09Z
maxhealthcare,1777472,MHC/28241,MHC_28241,Manager / Senior Manager Growth,Manager,MAX HEALTHCARE INSTITUTE LTD,MHC,Operations and Planning - Operations and Planning,Gurugram,Haryana,India,IN,+91,"INR 1,000,000 - 1,200,000 per year",1000000,1200000,per_annum,INR,full_time,non_clinical,hospital,,MBA/MMS/MPM/PGD/PGP,10,15,1,True,2026-06-26,2026-07-26,"JOB DESCRIPTION I. JOB DETAILS Job Title Manager / Sr. Manager (Business Intelligence) – Growth Reporting Supervisor Head - Business Intelligence - Growth II. JOB PURPOSE The role holder will work as part of the Business Intelligence & Operations team, under the leadership of the Head – Business Intelligence ; Management reporting with strong analytical skills. Actively shape and strengthen the existing business performance and Governance processes across the organization. Part of executing the Business Intelligence agenda for the company. Program & manage important central performance initiatives. III. KEY RESPONSIBILITIES Core Responsibilities Perform quantitative and qualitative analysis of all operational aspects to evaluate progress and map out future goals and plans. Independently own and operate select BI agenda (e.g. Exceptional reporting, Critical Monthly Reports, automation etc.), hypothesis testing / qualitative analysis, proactively highlighting issues etc. Regularly coordinate with all relevant functional and Unit teams for timely and high quality and turnaround of review documents. Prepare customized analysis and documents on business performance, as directed by Head – Business Intelligence and MHC leadership, on a case to case basis. Execute the BI agenda. Set up the execution machinery and rhythm. Partner with teams executing on the ground and/or monitor execution. Collaborate with IT and business units to advance the company’s reporting and analytics capabilities and improve accuracy of data. Develop and operationalize a high quality Market Intelligence system to cater to all MHC needs. This will include actively gathering, storing, analysing and reporting of external data/trends pertaining to Industry developments, competition, regulations etc. IV. KEY PERFORMANCE INDICATORS Measurable Deliverables Accuracy in Data & its representation Financial impact by the decision enabling DBs & PPTs Atleaset 2 Innovations in Dash-boarding & presentation from BI standpoint. Manager’s feedback V. JOB REQUIREMENTS Minimum Qualifications Business / Economic / Engineering Graduate from a Category-A Institution and with exceptional professional track record Experience 10 to 15 years of experience, ideally from business analysis function, within corporate sector. Experience within Healthcare sector is preferable but not necessary. Behavioural Skills Excellent interpersonal skills and conflict management ability . Collaborative team player. Excellent verbal and written communications skills. Technical Skills Program management - Good Organization and Planning Skills. Excellent strategic ability and analytical skills Proven entrepreneurial mind-set. Strong Presentation skills - Proficient with Power points, Excels and word Any BI DB skill will be an add-on Language Skills English & Hindi VI. KEY INTERACTIONS Key Internal Contacts Key External Contacts · All HODs · Transformation Office Visiting Consultants Vendors",https://maxhealthcarecareers.peoplestrong.com/job/detail/MHC_28241,2026-07-24T12:16:12Z
maxhealthcare,1774888,MHC/28209,MHC_28209,Associate Consultant,Associate Consultant,Starlit Medical Centre Private Limited,MHC,Anaesthesiology - Anaesthesia - General,Lucknow,Uttar Pradesh,India,IN,+91,"INR 1,200,000 - 1,500,000 per year",1200000,1500000,per_annum,INR,full_time,doctors,hospital,,MBBS; Doctor of Medicine (MD),0,3,3,False,2026-07-20,2026-09-30,"JOB DESCRIPTION I. JOB DETAILS Job Title Senior Resident –Anaesthesiology Reporting Supervisor HOD – Anaesthesiology II. JOB PURPOSE · To provide & ensure direct or indirect accurate medical attention to all cases needing anesthesia before any surgical procedure. To provide high quality Pre-anesthesia, anesthesia and Post-operative anesthesia care in the hospital. III. KEY RESPONSIBILITIES To effectively interface with patients, technicians, nursing staff and service users. To demonstrate effective application of technical & professional knowledge. To ensure pre, INTRA and post-operative care of all the cases done in the unit. To be available for emergency calls of the O.T. & the I.C.U To supervise all nursing/ para-medical & non-medical staff to maintain high standards. To actively participate in CME and Journal clubs & conferences. To co-ordinate on matters relating to Provision of infrastructure and maintenance support, selection of medical consumables and equipment to be procured To facilitate teaching and training programs of O.T. Nurses, Technicians, I.C.U. staff. To ensure optimum utilization of resources by himself and subordinates To be well groomed, punctual & adhere to company policies and practices. To have complete orientation of QMS and EMS system of Hospital. To have complete Awareness about Disaster Management Programme (DMP) of the hospital. To Comply with the service quality Process, environmental & occupational issues & policies of the respective area To Comply with patient safety policy To ensure safe utilization of equipments and proper waste disposal system. IV. KEY PERFORMANCE INDICATORS Total support to OT – Operation Nil incidence in hospital borne infection in OT & Critical Care Anesthesia No surgery to be postponed due to non-availability of anesthetist. 100% statutory compliance TATs as per NABH & IMS guidelines. V. JOB REQUIREMENTS Minimum Qualifications · MD – Anesthesia Experience · Relevant Experience and job knowledge Language Skills English / Hindi VI. KEY INTERACTIONS Key Internal Contacts Key External Contacts Sr. Consultant anesthesia / H.O.D. Anesthesia Director – Anesthesia / Chief Administrator Medical Superintendent / Hospitalist / Nursing Staff Surgeons Patients Attendants",https://maxhealthcarecareers.peoplestrong.com/job/detail/MHC_28209,2026-07-24T12:16:13Z
maxhealthcare,1776653,MHC/28232,MHC_28232,Pharmacist,Pharmacist - Level 1,Muthoot Hospitals Private Limited,MHC,Pharmacy - OP Pharmacy,New Delhi,Delhi,India,IN,+91,"INR 260,000 - 330,000 per year",260000,330000,per_annum,INR,full_time,pharmacists,hospital,,B.Pharma,0,2,1,False,2026-07-14,2026-07-28,"Review and interpret inpatient medication orders prescribed by doctors Dispense correct medications with proper dosage, route, and timing Ensure accuracy in medication preparation, labeling, and distribution Maintain strict compliance with hospital protocols and pharmacy regulations Monitor drug interactions, allergies, and contraindications (in coordination with clinical team) Coordinate with nurses and doctors regarding medication changes or clarifications Maintain stock of inpatient medicines and ensure timely replenishment Track controlled drugs and maintain legal documentation as per regulations Ensure proper storage conditions for all medicines (temperature, expiry, etc.) Maintain daily dispensing records and pharmacy documentation",https://maxhealthcarecareers.peoplestrong.com/job/detail/MHC_28232,2026-07-24T12:16:14Z
maxhealthcare,1774878,MHC/28208,MHC_28208,Senior Consultant - CTVS,Senior Consultant,Gujarmal Modi Hospital and Research Centre For Medical Sciences,MHC,Cardiac Sciences - Cardiac Sciences - Cardiothoracic and Vascular Surgery,New Delhi,Delhi,India,IN,+91,"INR 4,800,000 - 4,800,000 per year",4800000,4800000,per_annum,INR,full_time,doctors,hospital,,MCH,8,15,1,False,2026-07-12,2026-07-26,"To provide comprehensive care to patients admitted under your care. Be responsible for diagnosis and treatment of all the patients admitted under your care and be available to examine and consult / advise on any particular case, if requested by a colleague. Visit all the patients admitted under your care and plan their line of treatment as per the clinical requirements and standards of medical care. Ensure that the team members and the nurses understand the line of treatment and implement the care of patient as per the treatment plan Ensure that the lapses in the implementation of treatment plan are reported appropriately and effectively Provide adequate time to the patient / surrogate decision makers while counselling about the disease process and the treatment plan. Ensure that the patient / surrogate decision maker has understood the treatment plan and there is agreement for the treatment planned. Ensure that the process of clinical diagnosis and further treatment is adequately documented and is transparent in nature. Adhere to the best standards of treatment while following a compassionate and affordable path of treatment. Provide the patient or the surrogate decision maker an approximate estimate of days and financial impact honestly and to the best of one’s abilities. Invite or give reference to specialist of appropriate specialty as and when required. Refer the patient to another specialty if the clinical condition of the patient demands so. To help in developing and implementing the training programs for various activities towards building trainings & academics for the specialities. Be a part of the teaching faculty as and when required. Take responsibility of the appropriate care and usage of all special equipment that are used by you and notify promptly to the Medical Administration in case of any deficiencies Enrol for medical research or publish suitable medical articles after prior approval. Be available for all emergency calls and operations, when required. Participate in accreditation process of the hospital Involve yourself in brand building & development of the specialities including continuous quality improvement of your department. Any other professional and administrative duties delegated as and when required.",https://maxhealthcarecareers.peoplestrong.com/job/detail/MHC_28208,2026-07-24T12:16:15Z
maxhealthcare,1774818,MHC/28206,MHC_28206,Executive,Call Center Executive - Level 1,MAX HEALTHCARE INSTITUTE LTD,MHC,Hospital Operations - Hospital Operations,Gurugram,Haryana,India,IN,+91,"INR 250,000 - 375,000 per year",250000,375000,per_annum,INR,full_time,non_clinical,hospital,,Bachelor's Degree,0,2,10,False,2026-07-09,2026-08-08,"Reporting Supervisor Supervisor Call Center/Assistant Manager/Manager-OPS II. JOB PURPOSE To ensure seamless service delivery & Customer Delight III. KEY RESPONSIBILITIES Core Responsibilities – To handle both inbound & outbound calls To educate the people calling about the facilities offered by the Home Healthcare To transfer the incoming calls to the correct extension. Proper diversion or handling of calls in case the person is not available. To handle emergency codes e.g. code blue, bomb threat. Customer Feedback Entry in complaint Tracker. Daily update of equipment & Physio entries, GMC, SMC in Handover. VIP list Updating Tracking of staff deputed to Homecare Services Responsible for calls on IVR Coordination for patient requirement Responsible for Daily census Responsible for her call conversion Responsible for Web query Responsible for daily handover report to HOD Responsible for field Report IV. KEY PERFORMANCE INDICATORS Measurable Deliverables · Call Pick-up Rate = < 4rings · Customer Satisfaction = > 90% · Performance Rating · Accuracy in reports /MIS/handover",https://maxhealthcarecareers.peoplestrong.com/job/detail/MHC_28206,2026-07-24T12:16:18Z
maxhealthcare,1773450,MHC/28184,MHC_28184,Medical Transcriptionist,Medical Transcriptionist - Level 2,Muthoot Hospitals Private Limited,MHC,Medical Administration - Administration,New Delhi,Delhi,India,IN,+91,"INR 336,000 - 396,000 per year",336000,396000,per_annum,INR,full_time,non_clinical,hospital,,B.A,2,5,1,False,2026-07-15,2026-07-29,"Transcribe dictated Nuclear Medicine reports, including PET-CT, SPECT-CT, Bone Scan, Thyroid Scan, Renal Scan, Cardiac Nuclear Medicine, and radionuclide therapy reports. Edit and proofread reports generated through speech-recognition software for accuracy and completeness. Ensure correct usage of medical terminology, anatomy, physiology, radiopharmaceutical names, and nuclear medicine abbreviations. Verify patient demographics, clinical history, investigation details, and report formatting before final submission. Maintain turnaround time (TAT) as per departmental standards. Coordinate with Nuclear Medicine physicians regarding unclear dictations, missing information, or report corrections.",https://maxhealthcarecareers.peoplestrong.com/job/detail/MHC_28184,2026-07-24T12:16:19Z
maxhealthcare,1770993,MHC/28142,MHC_28142,Executive - Stores,Executive - Level 2,Max Lab Limited,MHC,Supply Chain Management - Supply Chain Management - Stores,Gurugram,Haryana,India,IN,+91,"INR 300,000 - 450,000 per year",300000,450000,per_annum,INR,full_time,non_clinical,hospital,,Graduate,1,5,1,True,2026-07-23,2026-08-22,"JOB DESCRIPTION I. JOB DETAILS Job Title Executive Pharmacy Reporting Supervisor Head - Stores II. JOB PURPOSE To assist in timely procurement & delivery of materials. III. KEY RESPONSIBILITIES Core Responsibilities – Addition Responsibilities- Follow appropriate inventory policies. Provides support to more than 100+ CC, PAS, Pickup and PUP at designated location. Responsible for Packing and delivering all the inventory items in timely manner. Coordinate with Vendors for service implementation. Keep check on compliances and make report and forward to the concerned department. Take follow-ups from vendors and Lab centers for timely service. Maintaining basic office tasks, such as delivering e-mails, answering e-mails, organizing birthday parties, games, and festivals etc. Responsible for creating the indent & GRN for 100+ locations and issue the same on the LIMS. Maintain records of all the COCO CCTV cameras/printers whether they are working properly, if not arranging technician for the same. Coordinate with logistics team for delivering of items to the clients on time. Coordinate with riders to pickup & drop the items to the clients in case of requirements. Maintain a copy of declaration after delivering the items to the clients for future reference. Cost efficiency Management of perishable item. Disposal of expired material Maintain accounts Monitor proper receipt & issue of materials Maintain daily distribution of inventory/indents Inspect & quality check of material received Vendor management Waste control Cross check of optimum storage conditions in store Order & record materials Following stocking standards. Responsible for initiating and processing bills, claims and Travel request on ERP. Coordinate with Finance Team for timely rent, maintenance & Vendor payment for service continuity. Maintain Excel for all monthly bills tracker and other expenses. Create GRNs on an EAM software for all monthly bills, scan and process on ERP. Having a good understanding of HIS software, as well as creating Indent and issuing them on LIMS. IV. KEY PERFORMANCE INDICATORS Measurable Deliverables No stock outs Zero errors in maintenance of accounts Zero errors in GRN processing Bill submission within 3 working days V. JOB REQUIREMENTS / SPECIFICATION Minimum Qualifications D.Pharmacy/ B. Pharmacy With Haryana Ragistration Experience 2-3 years of relevant experience in Pharmacy, Warehouse & store. Technical Skills Proficient in computers Inventory Management Process oriented FIFO analysis VED analysis ABC analysis Behavioural Skills Communication skills Good interpersonal skills Ability to handle multiple tasks Ability to analysis critical situations Language Skills English Hindi",https://maxhealthcarecareers.peoplestrong.com/job/detail/MHC_28142,2026-07-24T12:16:20Z
maxhealthcare,1763396,MHC/28004,MHC_28004,Front Office - OPD,Patient Care Coordinator,Alps Hospital Limited,MHC,Front Office - Front Office - OPD,Gurugram,Haryana,India,IN,+91,"INR 300,000 - 400,000 per year",300000,400000,per_annum,INR,full_time,non_clinical,hospital,,Graduate,1,3,1,False,2026-07-17,2026-08-16,"The OPD Billing Executive is responsible for accurate and timely billing of outpatient services, ensuring a smooth patient registration and payment process. The role involves handling patient billing, cash collection, insurance verification, maintaining billing records, and coordinating with clinical and administrative departments to ensure compliance with hospital policies and procedures. Key Responsibilities Patient Registration & Billing Register patients in the Hospital Information System (HIS). Generate OPD consultation, diagnostic, and procedure bills accurately. Verify patient details before billing. Ensure correct tariff application as per approved hospital pricing.",https://maxhealthcarecareers.peoplestrong.com/job/detail/MHC_28004,2026-07-24T12:16:21Z
maxhealthcare,1762439,MHC/27975,MHC_27975,Assistant Manager - Housekeeping,Senior Supervisor,"Dr. B. L. Kapur Memorial Hospital, ( a unit of Lahore Hospital Society)",MHC,Housekeeping - Housekeeping,New Delhi,Delhi,India,IN,+91,"INR 550,000 - 730,000 per year",550000,730000,per_annum,INR,full_time,non_clinical,hospital,,Diploma in Hotel Managment; Post Graduate Diploma in Hotel Managment,5,12,1,True,2026-07-07,2026-08-06,"Planning, organizing and directing team members to ensure the highest degree of internal/external customer satisfaction. Assists Head Housekeeping in Recruitments, training and disciplining staff as per defined standard. Ensures all work is done in accordance with departmental standards. Purchase, re-order and maintain housekeeping supplies and inventory. Maintain the housekeeping budget, providing billing summaries and expenses reports. Allocate the supervisors as per the roaster and assist the supervisors in allocating Houseboys in the area. Maintain Schedules and record activities carried out in Housekeeping for periodic cleaning.. Coordinate with Engineering department for routine/scheduled maintenance. Takes initiatives and brings new ideas in department for improvement in Service & controlling cost. Ensure upkeep & inventory of furniture & fixtures are carried out periodically or as scheduled. Assist Head Housekeeping in departmental expenses and annual budgets.",https://maxhealthcarecareers.peoplestrong.com/job/detail/MHC_27975,2026-07-24T12:16:23Z
maxhealthcare,1716653,MHC/27020,MHC_27020,DGM Finance,Deputy General Manager,MAX HEALTHCARE INSTITUTE LTD,MHC,Accounts & Finance - Accounts & Finance - Finance,New Delhi,Delhi,India,IN,+91,"INR 3,000,000 - 3,500,000 per year",3000000,3500000,per_annum,INR,full_time,non_clinical,hospital,,CA (Chartered Accountant),8,12,1,True,2026-07-13,2026-08-12,"JOB DESCRIPTION I. JOB DETAILS Job Title AGM – Accounts & Finance : Corporate office Reporting Executive Vice President -Finance II. JOB PURPOSE To support Business finance in areas of internal controls and accounting process implementation III . KEY RESPONSIBILITIES Core Responsibilities – Financial Expense Analysis Financial books review and report variances Ensuring detailed business expenses review with in-depth analysis on trends Correspond with various Units, discussing company cost saving initiatives and agreeing on a future path to be taken Accounting and Financial Processes: Demonstrate ability and skill in handling overall accounting function Provide guidance on preparation of cash flows and implementation of fund tracking system Ensure TAT is maintained for deliverables for internal customers. MIS and Reporting: Prepare timely and detailed reports on financial performance Lead the concurrent audit of expense payables and prepare MIS on exceptions. Audits and compliances: Travelling to units to oversee internal control operations Handle statutory / internal / tax audits from time to time. Ensure compliances with all statutory regulation and requirements to GST/ Service Tax/ TDS/Income Tax Ensure compliance with organizational policies People Management : Timely recruitment for the team Goal setting and defining the KRA Mentoring and coaching the team Performance Management Provide strong service partnership & business-alignment Support business on all financial matters and strengthen the company performance IV. KEY PERFORMANCE INDICATORS Measurable Deliverables Design and implementation of all financial policies Effective financial planning 100% statutory compliance on financial issues Meeting deadlines for providing of MIS & Analytics Minimize Billing errors and Zero revenue leakages due to the same Inventory & Receivable levels management as per norms Minimum adverse audit issues (statutory and internal) Adherence to systems & processes V. JOB REQUIREMENTS/SPECIFICATION Minimum Qualifications Chartered Accountant with 8-12 years of relevant experience Solid understanding of financial statistics and accounting principles i.e. IND AS Sound knowledge of Statutory Laws i.e. GST\Income Tax Excellent organizational and leadership skills Outstanding communication and interpersonal abilities Ability to work through information generated from the Hospital Information System (HIS)/Sun System/ERP Should have Excellent Computer & Presentation Skills Ability to set up processes across functions and monitoring them Language Skills English Hindi VI. KEY INTERACTIONS Key Internal Contacts External Contacts Finance Heads Corporate Finance Team",https://maxhealthcarecareers.peoplestrong.com/job/detail/MHC_27020,2026-07-24T12:16:25Z
maxhealthcare,1759007,MHC/27897,MHC_27897,RMO- Nephrology,Resident Medical Officer,Gujarmal Modi Hospital and Research Centre For Medical Sciences,MHC,Nephrology - Nephrology,New Delhi,Delhi,India,IN,+91,"INR 9,000,000 - 9,600,000 per year",9000000,9600000,per_annum,INR,full_time,doctors,hospital,,MBBS,1,3,3,False,2026-07-12,2026-07-26,"Responsibilities and Key Tasks •To effectively interface with patients & attendants and to co-ordinate on all matters relating to: •To provide need based assistance in selection of type & nature of medical consumables and equipment to be procured. •To practice evidence based medicine with awareness regarding patients •To assist Consultants in ensuring complete patient workout before carrying out procedures like subclavian/ intrajuglar catheterization, renal biopsy, AV Fistula, AV Shunt, Perma Cath, CAPD Catheterization Insertion, Haemo-Dialysis, Emergency Dialysis, Peritoneal Dialysis, CRRT (CVVHDF/ CVVHD/ CAVHD/ CAVHDF/ SCUF). •To timely coordinate with other specialties. •To keep abreast with latest research & treatment techniques in the field of Nephrology. •To attend emergencies as per institution’s protocol and to ensure the department is suitably equipped at all times. •To assist in ensuring quality of performance of the department, ensure optimum utilization of resources by him/her and subordinates, complaint redressal of patients, ensure quality of treatment & services, sterilization and accuracy during the various diagnostics & procedures and eliminate/minimize errors therein. •To supervise & train all nursing/technical assistants of the department. •To ensure cost effectiveness of the operation of the department. •To be well groomed, punctual & adhere to company policies and practices. •To have complete orientation of QMS and EMS system of Hospital. •To have complete Awareness about Disaster Management Programme (DMP) of the hospital. •To comply with the service quality Process, environmental & occupational issues & policies of the respective area. •To comply with patient safety policy. •To ensure safe utilization of equipment and proper waste disposal system",https://maxhealthcarecareers.peoplestrong.com/job/detail/MHC_27897,2026-07-24T12:16:26Z
maxhealthcare,1757906,MHC/27880,MHC_27880,Senior Resident- Critical Care,Senior Resident,MAX HEALTHCARE INSTITUTE LTD,MHC,Critical Care - Critical Care,New Delhi,Delhi,India,IN,+91,"INR 2,160,000 - 2,700,000 per year",2160000,2700000,per_annum,INR,contract,doctors,hospital,,Doctor of Medicine (MD),3,5,1,False,2026-07-24,2026-08-23,"JOB DESCRIPTION I. JOB DETAILS Job Title Senior Resident - Critical Care Reporting Supervisor Associate Director - Critical Care II. JOB PURPOSE To ensure proper attention to the patient & their attendants. III. KEY RESPON SIBILITIES Core Responsibilities To effectively interact with patients, attendants and service users. To demonstrate effective application of technical & professional knowledge. To examine all patients in ICU & follow up the cases. To provide medical care as required by the patients admitted in critical care units. To prepare all medical records of the patient being maintained in the ward. To be available for emergency calls. To carry out instructions of the HOD in administering the medication and preparing patients for various procedures. To supervise all nursing / para-medical & non-medical staff for maintaining high standards. To assist and learn procedures. To actively participate in presentations of CME’s and Journal clubs. To participate actively in the teaching program for nursing staff and technicians. To assist the HOD / Senior Consultants in all emergency cases. To co-ordinate on matters relating to Provision of infrastructure and maintenance support, selection of medical consumables and equipment to be procured. To ensure optimum utilization of resources by himself and subordinates. To be well groomed, punctual & adhere to company policies and practices. IV. KEY PERFORMANCE INDICATORS Measurable Deliverables Clinical Outcome. Compliant to Max clinical policies. V. JOB REQUIREMENTS Minimum Qualifications MD - Medicine / Anesthesia / Pulmonary Medicine / Chest Medicine. Experience 0 -3 Years for Senior Resident. Behavioural Skills Good Interpersonal skills Good communication skills Leadership skills Confident Technical Skills Excellent clinical expertise needed for the care of critically ill patients. Fluent with all procedures and equipment handling. Competent in fitting central lines. Have expertise in all ICU techniques. Through knowledge about the ventilators. Medical & Service Excellence. Language Skills English, Hindi, Punjabi VI. KEY INTERACTIONS Key Internal Contacts Key External Contacts · Coordinator ICU · Senior VP-Operations · Medical Superintendent · Nursing Staff · Finance, HR & Marketing · Security · Patients · Attendants · Medical Representatives",https://maxhealthcarecareers.peoplestrong.com/job/detail/MHC_27880,2026-07-24T12:16:27Z
maxhealthcare,1741759,MHC/27575,MHC_27575,Resident Medical Officer- Neurology,Resident Medical Officer,Gujarmal Modi Hospital and Research Centre For Medical Sciences,MHC,Neuro Sciences - Neuro Sciences - Neurology,New Delhi,Delhi,India,IN,+91,"INR 1,500,000 - 1,800,000 per year",1500000,1800000,per_annum,INR,full_time,doctors,hospital,,MBBS,0,2,1,False,2026-07-12,2026-07-26,"To Provide Quality clinical Care to Patients To practice evidence based medicine awareness regarding patient {Investigation- (profile/reports/plan) {Treatment- (details/drug procurement)} {Drug Allergies/ patient history} To ensure Emergency Preparedness & Response Treatment/ Procedure/ Investigations) To ensure timely attention and intervention for any query or requirement from the IP patient. To ensure that the IP rounds are duly done and the patients are attended to empathetically. To comply with patient protocols (OP-IP/OT/ Diagnostics/ ICU/ Triage) & document patient File/ Prescriptions/requisitions (legible/ complete) To ensure MLC notification / documentation and statutory compliance. To ensure Documentation at the time of Discharge To complete all OP & IP records on time with accuracy. To ensure availability/ good-working condition of the Life saving Drugs and Equipment (In conjunction with BME and report delayed response). To ensure proper Bio Medical Waste Management & follow Infection Control protocols To follow ethical Medical practice and to ensure clear and prompt communication with the Admitting as well as Referral Consultants. To be well groomed, punctual & adhere to company policies and practices. To have complete orientation of IMS and NABH system. To have complete Awareness about Disaster Management Programme (DMP) of the hospital. To Comply with patient safety policy The role required to do shift duties including night shifts and emergency duties on call as per monthly planned roaster",https://maxhealthcarecareers.peoplestrong.com/job/detail/MHC_27575,2026-07-24T12:16:28Z
maxhealthcare,1730904,MHC/27330,MHC_27330,Consultant- Gynaecological Oncology,Consultant,MAX HEALTHCARE INSTITUTE LTD,MHC,Oncology & Oncosurgery - Surgical Oncology,New Delhi,Delhi,India,IN,+91,"INR 300,000 - 3,300,000 per year",300000,3300000,per_annum,INR,contract,doctors,hospital,,MCH,0,3,2,False,2026-07-12,2026-08-11,"I . JOB DETAILS Job Title Associate Consultant - Surgical Oncology Reporting Supervisor HOD – Surgical Oncology II. JOB PURPOSE · Actively participates in day to day patient care, OPD and looks after emergency duties of the unit. III. KEY RESPONSIBILITIES Core Responsibilities – Responsibilities and Key Tasks Administrative Responsibilities Scheduling OPDs On call roster CME/Meeting Schedule Clinical practice development responsibilities(shared with Director & Chief Surgical Oncology MHC) Referral network building Implementor of process Shared responsibility in section of VCs Building max network Marketing Marketing of the department Marketing of the institute IV. KEY PERFORMANCE INDICATORS Measurable Deliverables To be available for all emergency situation visible in the hospital. Negative Patient Feedback not more than 2 cases in a year. 100% Medical Documentation. TAT’s as per NABH & IMS, Sparsh and other quality initiatives. V. JOB REQUIREMENTS Minimum Qualifications M.B.B.S+ MD/DNB/MCh Experience 10+ years relevant experience Technical Skills Have expertise in all ICU techniques Through knowledge about the ventilators Behavioural Skills Good Interpersonal skills. Good communication skills Leadership skills Confident Language Skills English Hindi VI. KEY INTERACTIONS Key Internal Contacts Key External Contacts Medical Superintendent Nursing Staff Consultants Hospitalist Medical Records • Patients Attendants",https://maxhealthcarecareers.peoplestrong.com/job/detail/MHC_27330,2026-07-24T12:16:30Z
maxhealthcare,1728108,MHC/27274,MHC_27274,Senior Resident - Paediatrics,Senior Resident,Muthoot Hospitals Private Limited,MHC,Paediatrics - Paediatric,New Delhi,Delhi,India,IN,+91,"INR 1,200,000 - 1,700,000 per year",1200000,1700000,per_annum,INR,full_time,doctors,hospital,,MBBS; MD,0,3,1,False,2026-07-21,2026-08-04,"The Senior Resident in Paediatrics is responsible for providing comprehensive medical care to infants, children, and adolescents. This role involves clinical duties, teaching junior staff, and participating in research and academic activities within the department. Key Responsibilities: 1. Clinical Duties Diagnose and manage pediatric patients (OPD, IPD, NICU/PICU if applicable) Handle pediatric emergencies and critical care cases Conduct ward rounds and ensure proper patient documentation Assist/perform procedures like lumbar puncture, intubation, IV access, etc. Monitor patient progress and adjust treatment plans 2. Patient Care & Communication Counsel parents/guardians regarding diagnosis, treatment, and prognosis Ensure ethical and compassionate patient care Maintain confidentiality and medical records 3. Academic Responsibilities Teach and supervise interns, junior residents, and nursing staff Participate in seminars, case presentations, journal clubs, and CMEs Stay updated with latest developments in pediatrics 4. Administrative Work Maintain medical records and discharge summaries Assist in departmental audits and quality improvement initiatives Follow hospital protocols and guidelines 5. Research Activities Participate in clinical research and publications Assist in data collection and analysis Qualifications: MD/DNB in Paediatrics from a recognized institution Valid registration with National Medical Commission / State Medical Council Experience: Fresh postgraduates or candidates with prior residency experience may apply",https://maxhealthcarecareers.peoplestrong.com/job/detail/MHC_27274,2026-07-24T12:16:31Z
maxhealthcare,1722765,MHC/27152,MHC_27152,Clinical Instructor,Senior Staff Nurse,Crosslay Remedies Ltd,MHC,"Nursing - Nursing Quality, Education & Training",Noida,Uttar Pradesh,India,IN,+91,"INR 500,000 - 700,000 per year",500000,700000,per_annum,INR,full_time,nurses,hospital,,BSc Nursing,4,8,1,False,2026-07-15,2026-07-31,"Core Responsibilities – Nursing Knowledge & Adaptability • Awareness of the departmental vision, mission, objectives and its implementation. • Knowledge about layout of the unit, number of patients and types of patient and their requirements. • Interaction, co-operation and team spirit with other staff members. • Accurate knowledge about the forms and formats. • Upskilling & enhancing knowledge as per current evidence based practices. Soft skill and Critical thinking • Demonstrates knowledge on AIDET (Acknowledge, Introduce, Duration, Explanation, Thank) and GST (Greet, smile, thank). • Utilizes effective communication skills in reporting pertinent information on time. • Maintains telephone etiquettes • Maintains professional decorum and communicates in English/Hindi in the areas of work with co-workers. • Adheres to the grooming standards laid down by the organization. • Demonstrates understanding of emergency codes and effectively and efficiently responds to emergency situation in a calm, constructive, positive manner Key Responsibilities: • Mentor to novice nurses & conducts departmental orientation programme. • Supervise nurses in clinical area & conducts On-job training. • Plan & prepare monthly department specific training calendar. • Impart bedside hands-on training (clinical & EHR) to novice & existing nurses. • Implement & evaluate the In-service Education Programme (functional training, departmental OJT & LMS). • Participates in training needs identification for nurses based on observation, feedbacks, CAT assessment & self-identified training needs. • Maintains training programmes documents conducted by the department. • Participates actively in clinical workshops, seminars, symposiums and conferences conducted at unit level. • Upgrade the category of nurses from novice to expert through regular trainings (category D?A). • Maintains monthly training, category of nurse’s dashboard of assigned department. • Recommend competent &efficient nurses for professional development & career advancement. • Disseminate the monthly training dashboard to nursing education head & CNO. • Daily clinical rounds • Active participation in Nursing Concurrent audits. • Ensure 100% compliance of assigned department to: ? Nursing Induction (VIROHAN) within 30 days of joining, ? Department Orientation Programme ? Monthly module completion in LMS, ? BLS/MELS certification as applicable, ? Enrollment of nurses in specialty programs, ? Monthly training hours as applicable Professional safety and Growth development • Assumes responsibility for personal and professional growth and development through participation at in service education programme, workshop, staff meetings, unit meeting and On-job training • Adheres to all safety policies and safe work practices. (Infection control practices, falls, communicable disease etc.) • Recognize her/his own limitation, seeks information and advice when unable to solve conflict/ problems on an individual basis. • Maintains re",https://maxhealthcarecareers.peoplestrong.com/job/detail/MHC_27152,2026-07-24T12:16:32Z
maxhealthcare,1714107,MHC/26926,MHC_26926,Associate Consultant - Nephrology,Associate Consultant,Gujarmal Modi Hospital and Research Centre For Medical Sciences,MHC,Nephrology - Nephrology,New Delhi,Delhi,India,IN,+91,"INR 3,000,000 - 3,000,000 per year",3000000,3000000,per_annum,INR,full_time,doctors,hospital,,DNB,0,5,1,False,2026-07-12,2026-07-26,"Responsibilities and Key Tasks • To effectively interface with patients & attendants and to co-ordinate on all matters relating to: • To provide need based assistance in selection of type & nature of medical consumables and equipment to be procured. • To practice evidence based medicine with awareness regarding patients • To assist Consultants in ensuring complete patient workout before carrying out procedures like subclavian/ intrajuglar catheterization, renal biopsy, AV Fistula, AV Shunt, Perma Cath, CAPD Catheterization Insertion, Haemo-Dialysis, Emergency Dialysis, Peritoneal Dialysis, CRRT (CVVHDF/ CVVHD/ CAVHD/ CAVHDF/ SCUF). • To timely coordinate with other specialties. • To keep abreast with latest research & treatment techniques in the field of Nephrology. • To attend emergencies as per institution’s protocol and to ensure the department is suitably equipped at all times. • To assist in ensuring quality of performance of the department, ensure optimum utilization of resources by him/her and subordinates, complaint redressal of patients, ensure quality of treatment & services, sterilization and accuracy during the various diagnostics & procedures and eliminate/minimize errors therein. • To supervise & train all nursing/technical assistants of the department. • To ensure cost effectiveness of the operation of the department. • To be well groomed, punctual & adhere to company policies and practices. • To have complete orientation of QMS and EMS system of Hospital. • To have complete Awareness about Disaster Management Programme (DMP) of the hospital. • To comply with the service quality Process, environmental & occupational issues & policies of the respective area. • To comply with patient safety policy. • To ensure safe utilization of equipments and proper waste disposal system",https://maxhealthcarecareers.peoplestrong.com/job/detail/MHC_26926,2026-07-24T12:16:33Z
maxhealthcare,1716295,MHC/26981,MHC_26981,Resident Medical Officer,Resident Medical Officer,Gujarmal Modi Hospital and Research Centre For Medical Sciences,MHC,Medical Services - Medical Support,New Delhi,Delhi,India,IN,+91,"INR 700,000 - 1,000,000 per year",700000,1000000,per_annum,INR,full_time,doctors,hospital,,MBBS,0,3,10,False,2026-07-12,2026-07-26,"Responsibilities and Key Tasks • To Provide Quality clinical Care to Patients • To practice evidence based medicine awareness regarding patient {Investigation- (profile/reports/plan) {Treatment- (details/drug procurement)} {Drug Allergies/ patient history} • To ensure Emergency Preparedness & Response Treatment/ Procedure/ Investigations) • To ensure timely attention and intervention for any query or requirement from the IP patient. • To ensure that the IP rounds are duly done and the patients are attended to empathetically. • To comply with patient protocols (OP-IP/OT/ Diagnostics/ ICU/ Triage) & document patient File/ Prescriptions/requisitions (legible/ complete) • To ensure MLC notification / documentation and statutory compliance. • To ensure Documentation at the time of Discharge • To complete all OP & IP records on time with accuracy. • To ensure availability/ good-working condition of the Life saving Drugs and Equipment (In conjunction with BME and report delayed response). • To ensure proper Bio Medical Waste Management & follow Infection Control protocols • To follow ethical Medical practice and to ensure clear and prompt communication with the Admitting as well as Referral Consultants. • To be well groomed, punctual & adhere to company policies and practices. • To have complete orientation of IMS and NABH system. • To have complete Awareness about Disaster Management Programme (DMP) of the hospital. • To Comply with patient safety policy • The role required to do shift duties including night shifts and emergency duties on call as per monthly planned roaster",https://maxhealthcarecareers.peoplestrong.com/job/detail/MHC_26981,2026-07-24T12:16:35Z
maxhealthcare,1581124,MHC/24958,MHC_24958,Consultant- Anaesthesia Cardiac,Consultant,MAX HEALTHCARE INSTITUTE LTD,MHC,Anaesthesiology - Anaesthesia - Cardiac,New Delhi,Delhi,India,IN,+91,"INR 3,240,000 - 3,960,000 per year",3240000,3960000,per_annum,INR,contract,doctors,hospital,,MD,7,10,1,False,2026-07-24,2026-08-23,____________________________________________________________________________________________________________________________________________________________________________________________________________________________________________________________________________________________________________________________________________________________________________________________________________________________________________________________________________________________________________________________________________________________________________________________________________________________________________________________________________________________________________________________________________________________________________________________________________________________________________________________________________________________________________________________________________________________________________________________________________________________________________________________________________________________________________________________________________________________________________________________________________________________________________________________________________________________________________________________________________________________________________________________________________________________________________________________________________________________________________________________________________________________________________________________________________________________________________________________________________________________________________________________________,https://maxhealthcarecareers.peoplestrong.com/job/detail/MHC_24958,2026-07-24T12:16:36Z
maxhealthcare,1407222,MHC/22370,MHC_22370,Senior Resident - SICU,Senior Resident,Gujarmal Modi Hospital and Research Centre For Medical Sciences,MHC,Critical Care - Critical Care,New Delhi,Delhi,India,IN,+91,"INR 1,800,000 - 1,900,000 per year",1800000,1900000,per_annum,INR,full_time,doctors,hospital,,MBBS; Doctor of Medicine (MD),1,2,1,False,2026-07-20,2026-08-03,"JOB DESCRIPTION I. JOB DETAILS Job Title Senior Resident – Critical Care Reporting Supervisor Senior Consultant/HOD– Critical Care II. JOB PURPOSE To provide & ensure direct or indirect accurate medical attention to all cases before any surgical procedure. To practice evidence based medicine. •To aware regarding patient {Investigation-(profile/reports/plan)} {Treatment-(details/drug procurement)} {Drug allergies/patient history} •To provide quality clinical care to patients. •To ensure timely attention and intervention for any query or requirement from the IP patient. •To ensure that IP rounds are duly done and the patients are attended empathetically •To ensure clear and prompt communication with the admitting as well as Referral Consultants. •To complete all OP & IP records on time with accuracy. •To take part in all regular CME’s. To ensure emergency preparedness & Response treatment /Procedure/Investigations. •To ensure that ethical medical practice is followed. •To Compliance with patient protocols(OPIP/OT/Diagnostics/ICU/Triage) •To follow Infection Control protocols proper Bio Medical Waste Management. •To document patient file/Prescriptions/requisitions (legible/complete). •To ensure MLC notification/documentation and statutory compliance. • To ensure Documentation at the time of Discharge. To be well groomed, punctual & adhere to company policies and practices. IV. KEY PERFORMANCE INDICATORS Nil incidence in hospital borne infection in OT & Critical Care Statutory compliance as per the job Requirements TATs as per ISO guidelines. Reporting the Occupational & Environmental Issues to HOD. V. JOB REQUIREMENTS/ SPECIFICATION Minimum Qualifications MD/DNB/DA – Anesthesia/MEM/MD/DNB – Pulmonary Medicine Experience 0-3 years of relevant experience in a renowned Hospital. Exposure to pain clinic & critical care will be an added advantage. Language Skills English Hindi Behavioural Skills Man management skills Good Interpersonal skills VI. KEY INTERACTIONS Key Internal Contacts Key External Contacts Director/Clinicians – Critical Care Clinicians in all other departments Administrator/DMS Assistant Medical Superintendent Patients / Attendants",https://maxhealthcarecareers.peoplestrong.com/job/detail/MHC_22370,2026-07-24T12:16:37Z
maxhealthcare,1822497,MHC/28974,MHC_28974,Pharmacist,Technician,Crosslay Remedies Ltd,MHC,Pharmacy - Pharmacy - OPD,Noida,Uttar Pradesh,India,IN,+91,"INR 300,000 - 400,000 per year",300000,400000,per_annum,INR,full_time,pharmacists,hospital,,Diploma in Pharmacy,2,3,1,False,2026-08-08,2026-08-31,"Need Pharmacist replacement of Prince Kumar / J006642. Minimum 2-3 years experience and mendatory with UP Registration.. Knoledge about Pharmacy Related , Example Billing, Brand knoledge, customer carring, complain solving. Good communication skill, The Pharmacist in the Outpatient Department (OPD) Pharmacy is responsible for ensuring the safe, accurate, and efficient dispensing of medications to ambulatory patients. The pharmacist plays a critical role in promoting rational drug use, preventing medication errors, providing patient counseling, and supporting the overall healthcare team. The position requires adherence to hospital policies, legal regulations, and professional ethical standards while maintaining high-quality pharmaceutical care and excellent patient service.",https://maxhealthcarecareers.peoplestrong.com/job/detail/MHC_28974,2026-08-10T13:50:31Z
maxhealthcare,1821924,MHC/28956,MHC_28956,AM - Human Resources ( Talent Acquisition ),Assistant Manager,Alps Hospital Limited,MHC,Human Resources - Human Resources,Gurugram,Haryana,India,IN,+91,"INR 480,000 - 660,000 per year",480000,660000,per_annum,INR,full_time,non_clinical,hospital,,MBA; MHA,4,6,1,True,2026-08-06,2026-09-05,"I. KEY RESPONSIBILITIES Core Responsibilities To plan, manage, and execute end-to-end clinical recruitment for doctors, support, nursing, Front Ofiice and Paramedics healthcare roles. To develop and implement effective sourcing strategies for clinical talent including consultants, residents, and nursing staff. To partner with medical administration and department heads to understand manpower requirements and hiring priorities. To ensure adherence to approved SRFs, budgets, and recruitment TATs. To oversee screening, interviews, credential verification, and selection processes for clinical staff. To coordinate credentialing, medical council verification, background checks, and statutory documentation. To lead and mentor recruitment executives and manage team performance. To build and manage relationships with medical colleges, nursing institutes, consultants, and recruitment agencies. To support campus hiring, fellowship programs, lateral hiring, and walk-in drives. To ensure compliance with NABH, HR policies, statutory norms, and internal audit requirements. To maintain recruitment MIS, dashboards, and regular reporting to management. To support onboarding, joining formalities, and induction of clinical hires. To participate in employer branding, recruitment marketing, and talent pipeline initiatives. To handle escalations related to hiring delays, offer negotiations, and joining issues. To maintain confidentiality of clinical and candidate information. IV. KEY PERFORMANCE INDICATORS Measurable Deliverables · Timely closure of clinical vacancies as per approved manpower plans. · Quality of clinical hires based on performance and retention metrics. · Compliance with credentialing, statutory, and audit requirements. · Reduction in vacancy and attrition rates for clinical roles. V. JOB REQUIREMENTS Minimum Qualifications Post Graduate in Human Resources Management / Hospital Administration Experience 5 to 10 years preferably experience in hospital or healthcare clinical recruitment. Behavioural Skills · Strong leadership and stakeholder management skills. · Excellent communication and negotiation abilities. · Strategic thinking and problem-solving capability. · Ability to work under pressure and manage critical hiring timelines. Technical Skills · In-depth knowledge of clinical recruitment processes and credentialing. · Understanding of NABH, medical council norms, and healthcare HR policies. · Advanced sourcing and recruitment analytics skills. · Strong MIS, reporting, and process management skills. Language Skills English and Hindi VI. KEY INTERACTIONS Key Internal Contacts Key External Contacts · Medical Director / Medical Administration · Clinical Department Heads · Nursing Leadership · HR Team · Finance & Payroll · Doctors, Nurses, and Clinical Candidates · Medical Colleges & Nursing Institutes · Recruitment Consultants / Agencies · Medical Councils & Statutory Bodies",https://maxhealthcarecareers.peoplestrong.com/job/detail/MHC_28956,2026-08-10T13:50:32Z
maxhealthcare,1821326,MHC/28931,MHC_28931,Nursing OT- Incharge,Nurse Incharge,Crosslay Remedies Ltd,MHC,Nursing - Nursing - Administration,Noida,Uttar Pradesh,India,IN,+91,"INR 500,000 - 1,000,000 per year",500000,1000000,per_annum,INR,full_time,nurses,hospital,,GNM; BSc Nursing,8,10,1,False,2026-08-08,2026-08-31,"Clinical Responsibilities Prepare and maintain the operation theatre before, during, and after surgical procedures. Ensure patient safety by following hospital protocols and surgical safety checklists. Assist surgeons, anesthetists, and other healthcare professionals during surgeries. Monitor aseptic techniques and infection prevention measures. Administrative Responsibilities Plan and coordinate daily OT schedules with surgeons and relevant departments. Supervise and guide OT nurses, technicians, and support staff. Maintain duty rosters and manage staff allocation. Ensure compliance with hospital policies, accreditation standards, and statutory regulations. Equipment and Inventory Management Ensure OT equipment is functional and properly maintained. Monitor stock levels of surgical instruments, consumables, and medications. Coordinate preventive maintenance and calibration of OT equipment. Report equipment malfunctions and arrange timely repairs. Quality and Safety Implement and monitor infection control policies. Conduct regular audits of OT practices and documentation. Ensure biomedical waste is segregated and disposed of according to regulations. Participate in quality improvement initiatives and incident reporting. Documentation Maintain accurate OT records, surgical registers, and patient documentation. Ensure proper documentation of instrument counts and surgical procedures. Prepare reports related to OT activities, inventory, and staff performance. Staff Development Train, mentor, and evaluate OT nursing staff. Conduct orientation programs for new employees. Organize continuing education and competency assessments. Emergency Preparedness Ensure readiness of emergency equipment and medications. Coordinate emergency surgeries efficiently. Participate in disaster management and emergency response planning. Qualifications B.Sc. Nursing / GNM (as per hospital policy) Valid Nursing Council Registration OT specialization or certification preferred 5–8 years of OT nursing experience, with supervisory experience preferred Skills Required Leadership and team management Excellent communication and interpersonal skills Knowledge of OT protocols and infection control Critical thinking and decision-making Time management and organizational skills Ability to work under pressure and handle emergencies Working Conditions Rotational shifts, including nights, weekends, and holidays. On-call availability for emergency surgeries. Strict adherence to infection control and safety protocols.",https://maxhealthcarecareers.peoplestrong.com/job/detail/MHC_28931,2026-08-10T13:50:33Z
maxhealthcare,1817788,MHC/28853,MHC_28853,Manager/Sr. Manager Product (website),Manager,MAX HEALTHCARE INSTITUTE LTD,MHC,Sales & Marketing - Sales & Marketing - Marketing,Gurugram,Haryana,India,IN,+91,"INR 1,900,000 - 2,600,000 per year",1900000,2600000,per_annum,INR,full_time,non_clinical,hospital,,Bachelor of Technology(BTECH); MBA,5,12,1,True,2026-08-05,2026-09-04,"JOB DESCRIPTION I. JOB DETAILS Job Title Manager/Sr. Manager Product (website) – Sales & Marketing Reporting Supervisor AVP – Sales & Marketing II. JOB PURPOSE The incumbent will be responsible for working closely with business managers on digital maintenance of product. III. KEY RESPONSIBILITIES Core Responsibilities Own the end-to-end product lifecycle of Max Healthcare websites. Ensure smooth day-to-day operations and uninterrupted website performance. Coordinate regular website maintenance, issue resolution, bug tracking, and quality assurance. Ensure timely implementation of content, functional, and technical updates. Gather business requirements from stakeholders. Work closely with development teams to build, test, and launch new website features. Manage sprint planning, UAT, production deployments, and post-release validation. Ensure releases are delivered on time with minimal business disruption. Partner with UX/UI designers to improve user journeys and conversion rates. Monitor website KPIs and performance metrics. IV. KEY PERFORMANCE INDICATORS Measurable Deliverables Revenue achievement Manager’s feedback V. JOB REQUIREMENTS Minimum Qualifications Btech in IT/CS / MBA preferred Experience Minimum 6 years of relevant experience. Behavioural Skills Self-starter, should be able to perform in a highly dynamic environment. Sharp analytical skills and data-driven thinking. Technical Skills ? 5–8 years of experience in Digital Product Management, Website Product Management, or Digital Platforms. ? Proven experience managing large-scale websites or customer-facing digital products. ? Strong understanding of website technologies, CMS platforms, APIs, and web architecture. ? Experience working with Agile/Scrum methodologies. ? Hands-on experience with Google Analytics 4, Google Tag Manager, Search Console, Microsoft Clarity, or similar analytics platforms. ? Strong understanding of UI/UX principles and conversion optimization. ? Experience coordinating with technology teams, designers, QA, and external vendors. · Google Analytics 4 (GA4) · Google Tag Manager (GTM) · Microsoft Clarity · Google Search Console · Jira / Azure DevOps / Trello · Figma · CMS Platforms (Drupal, WordPress, Adobe Experience Manager, Headless CMS, etc.) · Firebase (preferred) · SQL and Microsoft Power BI / Looker Studio (preferred) Language Skills English Hindi VI. KEY INTERACTIONS Key Internal Contacts Key External Contacts BU Heads Sales & Marketing Team Doctors Other Functional teams Vendor partners & Agencies",https://maxhealthcarecareers.peoplestrong.com/job/detail/MHC_28853,2026-08-10T13:50:35Z
maxhealthcare,1820367,MHC/28897,MHC_28897,sales executive,Senior Executive - Level 2,MAX HEALTHCARE INSTITUTE LTD,MHC,Sales & Marketing - Sales & Marketing,Gurugram,Haryana,India,IN,+91,"INR 250,000 - 450,000 per year",250000,450000,per_annum,INR,full_time,non_clinical,hospital,,Bachelors,1,4,1,True,2026-08-04,2026-09-03,"To handle both inbound & outbound calls To educate the people calling about the facilities offered by the Home Healthcare To transfer the incoming calls to the correct extension. Proper diversion or handling of calls in case the person is not available. To handle emergency codes e.g. code blue, bomb threat. Customer Feedback Entry in complaint Tracker. Daily update of equipment & Physio entries, GMC, SMC in Handover. VIP list Updating Tracking of staff deputed to Homecare Services Responsible for calls on IVR Coordination for patient requirement Responsible for Daily census Responsible for her call conversion Responsible for Web query Responsible for daily handover report to HOD Responsible for field Report",https://maxhealthcarecareers.peoplestrong.com/job/detail/MHC_28897,2026-08-10T13:50:37Z
maxhealthcare,1819183,MHC/28876,MHC_28876,Assistant Manager (In-charge) - CSSD,Assistant Manager,"Dr. B. L. Kapur Memorial Hospital, ( a unit of Lahore Hospital Society)",MHC,CSSD - CSSD,New Delhi,Delhi,India,IN,+91,"INR 1,200,000 - 1,800,000 per year",1200000,1800000,per_annum,INR,full_time,non_clinical,hospital,,DIPLOMA (OT); MHA; MBA,10,15,1,False,2026-08-01,2026-08-31,"Develop , implement and maintain SOP's in each zone of CSSD. Maintain all the records relating to sterilization and quality control. Overall monitoring of the sterilization activities and supply of sterile items Inventory management of both consumable and reusable items. To handle day to day running of CSSD. 100 % sterile service delivery as per the requirement. Maximum adherence to the quality standards in the process. Minimization of the number of recalls. Cost saving on consumables and equipment utilization. Developing second line. Exploring the requirements for accreditation and advising the management about the road map for such an initiative . Select, appoint, retain and promote the most appropriately qualified and experienced staff as needed in consultation with Human Resources. Establish appropriate work and time plans for all the staff in the department to maximize the efficient use of staff time. Provide induction training to new staff members and develop the knowledge and skills of the existing staff. Ensure that all the members in the team conduct themselves in a professional manner, are well presented and are responsible for their discipline in accordance with the Company policy and procedures. Inculcate a positive, multitasking and can-do attitude within the team. Review the performance and competence of the staff through appraisal mechanism, identifying training needs and arranging for its provision in conjunction with HOD/Human Resources. Monitor staff turnover on a regular basis, identifying the reasons for the employees leaving the organization and develop strategies to address high employees turn over in conjunction with Human Resources. Ensure all employees within the department attend and complete their annual mandatory training. Manage and review annual leave entitlement to ensure that staffing levels remain appropriate throughout the year. Keep good relation with Infection control team, Surgical service team , Clinical service team, Materials management team and Engineering department. responsible for utilizing appropriate communication channels to keep abreast of departmental and Hospital wide issues and changes via incident report, newsletters, minutes of meetings, performance improvement projects (PIP), forums, etc. Lead monthly departmental meeting with CSSD staff members to cascade/escalate information. Ensures use of appropriate oral communication and reporting channels. responsible for utilizing appropriate communication channels to keep abreast of departmental and Hospital wide issues and changes via incident report, newsletters, minutes of meetings, performance improvement projects (PIP), forums, etc. Lead monthly departmental meeting with CSSD staff members to cascade/escalate information.",https://maxhealthcarecareers.peoplestrong.com/job/detail/MHC_28876,2026-08-10T13:50:38Z
maxhealthcare,1814436,MHC/28796,MHC_28796,Associate/ Deputy General Manager (Health Insurance Administration & Receivables) - Sales & Marketing,Associate General Manager,MAX HEALTHCARE INSTITUTE LTD,MHC,Sales & Marketing - Sales & Marketing - Health Plans & Health Insurance Administraion,Gurugram,Haryana,India,IN,+91,"INR 2,200,000 - 2,500,000 per year",2200000,2500000,per_annum,INR,full_time,non_clinical,hospital,,Graduate; MBA/PGDBM/PGDM,6,10,1,False,2026-08-04,2026-09-03,"JOB DESCRIPTION Job Title: Associate/ Deputy General Manager (Health Insurance Administration & Receivables) – Sales & Marketing Reporting Supervisor : AVP & Head - Receivables & Insurance Relationships – Sales & Marketing JOB PURPOSE: To centralize, administer, and monitor the health insurance / TPA process & credit sales & Collection channel PAN MAX. KEY RESPONSIBILITIES Responsible for TPA / Insurance Empanelment & renewals of contracts. Responsible for periodical tariff revision & price negotiation with private & GIPSA insurance companies. Responsible for timely recoveries of TPA Credit sales. (Collection & Deduction Recovery) Liaoning with TPAs & Insurer key persons and relationship building. Responsible for Rejection & Deduction follow ups. Responsible for account reconciliation with internal & external customers. Regular record updating of Insurance & Deduction Tracker Periodic review of individual and departmental performance. Defining the organizational goals, strategies, setting of internal monthly targets for collection & deductions. Monitor, administer & training of the centralize team. Regular visits & meeting with internal customers of the group such as TPA Desk, Finance & Accounts, Front Office, and Bill Dispatch Departments; ensuring smooth functioning of the TPA Process. Performing troubleshooting during cashless approvals and pre & post-discharge of the patients for all units Ensuring group’s timely dispatch of credit invoices for payment recoveries Reconciling accounts with all TPAs, Insurance Companies, and internal Finance Teams Directing on-account (NEFT) settlement for ensuring timely settlement of NEFT payments, creating departmental MIS, reports, and presentations pertaining to TPA revenue, debtors aging, collection, deduction, old payment & NEFT (on-account) settlement for periodic review of team with higher management Following-up for deduction and rejection of the TPA claims; reviewing & analyzing Debtor Ageing and Daily Collection Reports Monitoring day to day work of team on receivable software i.e. Eprapti. To define and set the centralized TPA process. Motivating the team and responsible for high team morale. KEY PERFORMANCE INDICATORS Collections Target Achievement. Deduction Target Achievement. Empanelment/s & Renewals of contracts. Revision of Tariffs. On – Account Payment Settlement Cashless Troubleshooting Insurance Debtors Ageing JOB REQUIREMENTS MBA/ Graduation Experience Preferably with 06 to 10 years of experience in Healthcare of handling TPA / Insurance channel. Behavioural Skills Strong Interpersonal skills and conflict resolution ability Extremely strong Networking Skills Good Organization and Planning Skills Strong Relationship Management Skills Strong focus on performance and Service Excellence Technical Skills : Domain Knowledge Language Skills: English, Hindi",https://maxhealthcarecareers.peoplestrong.com/job/detail/MHC_28796,2026-08-10T13:50:40Z
maxhealthcare,1817410,MHC/28844,MHC_28844,Assistant/Deputy Manager - Payroll,Assistant Manager,Balaji Medical & Diagnostic Research Centre,MHC,Human Resources - Human Resources,New Delhi,Delhi,India,IN,+91,"INR 600,000 - 1,200,000 per year",600000,1200000,per_annum,INR,full_time,non_clinical,hospital,,MBA,3,8,1,True,2026-07-31,2026-08-14,"JOB DESCRIPTION I. JOB DETAILS Job Title Assistant/Deputy Manager(HR Operations - Payroll) - Human Resources Reporting Supervisor Head - Human Resources II. JOB PURPOSE To effectively facilitate and manage the people dimension by implementation of appropriate HR / OD / IR policies and processes that are in alignment with business goals. III. KEY RESPONSIBILITIES Core Responsibilities Execution of end to end payroll process (involves pay rate change, allowance change, LOP, verification of bank account and PAN number, OTP input, stop salary & stop salary release, etc.) Leave & Attendance Management (collating attendance from DISHA and sharing the same with the concerned HR SPOC on unit for authentication, compiling leave report from DISHA, ensuring timely roster updation on DISHA and final time office report to be incorporated in payroll) Full & Final settlement for separated employees (involves reception of resignation information through Disha / mail / hard copy duly approved by HOD & respective HRBP, issuance of clearance form, initiation of FnF process post submission of completed clearance form by employee & sharing input advice with third party vendor. Employee Benefit (Medical Insurance / GPA / GTLI) report to be shared with central team & medical benefit provider for medical claims settlement Providing reliving letters & experience letters to the employees Handling of attendance, reimbursement & medical insurance benefit related queries Timely submission of all mandatory compliances - PF, ESI, EDLI, Actuarial, etc Ensure 100% accuracy in capturing dependent details for insurance endorsement IN HRMS. IV. KEY PERFORMANCE INDICATORS Measurable Deliverables Ensure 100 % Error Free Payroll. Disha HRMS updating without any error. V. JOB REQUIREMENTS Minimum Qualifications Post Graduate (preferably MBA in HR) Experience More than 3 years of relevant experience Page Break Behavioural Skills Good Communication & Inter personal skills Pro Activeness Self-Driven Presentable Technical Skills Sound Computer knowledge. Data Management and Excel preparation. Proficient in Microsoft Office with hands-on experience on excel. Internal Software regarding Knowledge. Language Skills English & Hindi VI. KEY INTERACTIONS Key Internal Contacts Key External Contacts Unit HR Head HOD’s Employees & Retainers Staffing Partners Outsourced Manpower Vendors Prospective employees",https://maxhealthcarecareers.peoplestrong.com/job/detail/MHC_28844,2026-08-10T13:50:41Z
maxhealthcare,1814472,MHC/28797,MHC_28797,Head - Housekeeping,Manager,Muthoot Hospitals Private Limited,MHC,Housekeeping - Housekeeping,New Delhi,Delhi,India,IN,+91,"INR 1,200,000 - 2,400,000 per year",1200000,2400000,per_annum,INR,full_time,non_clinical,hospital,,Graduate; MBA,8,14,1,True,2026-08-04,2026-08-18,"he Head of Housekeeping is responsible for planning, organizing, and managing all housekeeping operations within the hospital to ensure a clean, safe, hygienic, and infection-controlled environment for patients, visitors, and staff. The role involves supervising housekeeping personnel, maintaining quality standards, ensuring compliance with hospital policies and infection control protocols, and managing housekeeping resources efficiently. Key Responsibilities Operations Management Lead and oversee all housekeeping services across patient care areas, operating theatres, ICUs, OPDs, offices, and common areas. Develop and implement housekeeping policies, procedures, and standard operating procedures (SOPs). Ensure cleanliness, sanitation, and waste management standards are consistently maintained. Plan and monitor daily housekeeping schedules and staffing requirements. Infection Prevention & Control Ensure compliance with infection prevention and control (IPC) guidelines. Coordinate with the Infection Control Committee to maintain hospital hygiene standards. Monitor cleaning and disinfection protocols for critical and non-critical areas. Ensure appropriate handling and disposal of biomedical and general waste as per regulatory requirements. Team Leadership Recruit, train, supervise, and evaluate housekeeping supervisors and staff. Prepare duty rosters, manage attendance, leave planning, and shift allocations. Conduct regular training on cleaning techniques, safety, customer service, and infection control. Promote teamwork, discipline, and high-performance standards. Quality & Compliance Conduct regular housekeeping inspections and quality audits. Address patient and staff complaints related to housekeeping services promptly. Ensure compliance with hospital accreditation standards (such as NABH or JCI, where applicable). Maintain documentation, audit records, and housekeeping reports. Inventory & Budget Management Manage inventory of cleaning chemicals, consumables, equipment, linen, and housekeeping supplies. Monitor stock levels and coordinate procurement. Control housekeeping expenses while maintaining service quality. Ensure proper maintenance and safe use of housekeeping equipment. Safety Ensure adherence to occupational health and safety policies. Conduct safety inspections and implement corrective actions. Ensure staff use appropriate personal protective equipment (PPE). Coordination Coordinate with Nursing, Biomedical Engineering, Maintenance, Security, Laundry, and other departments to support hospital operations. Support emergency preparedness activities and disaster management plans. Qualifications Bachelor's degree in Hotel Management, Hospitality Management, Hospital Administration, or a related field. Certification in Housekeeping Management or Infection Control is desirable. Experience 8–12 years of housekeeping experience, with at least 3–5 years in a managerial role within a hospital or healthcare facility. Experience in NABH/JCI-acc",https://maxhealthcarecareers.peoplestrong.com/job/detail/MHC_28797,2026-08-10T13:50:42Z
maxhealthcare,1814474,MHC/28798,MHC_28798,Senior Executive -Commercial Non Medical (SCM),Senior Executive - Level 1,MAX HEALTHCARE INSTITUTE LTD,MHC,Supply Chain Management - Supply Chain Management - Commercial,New Delhi,Delhi,India,IN,+91,"INR 50,000 - 55,000 per year",50000,55000,per_annum,INR,full_time,non_clinical,hospital,,Bachelor's Degree,3,5,1,False,2026-07-30,2026-08-13,"Purchase Executive is responsible for sourcing goods and services, negotiating with suppliers, processing purchase orders, ensuring timely delivery of materials, and maintaining cost-effective procurement while adhering to company policies and quality standards Prepare and process Purchase Requisitions (PRs) and Purchase Orders Ensure timely procurement and delivery of materials and services Coordinate with user departments to understand procurement requirements Follow up with suppliers regarding order status, deliveries, and pending issues Resolve supply-related issues, including quality, quantity, and delivery discrepancies Prepare procurement reports, MIS, and purchasing analyses for management Vendor Management Negotiation Skills Purchase Order Processing Inventory Coordination Contract Management EAM Systems Time Management",https://maxhealthcarecareers.peoplestrong.com/job/detail/MHC_28798,2026-08-10T13:50:44Z
maxhealthcare,1813198,MHC/28780,MHC_28780,Sr. Executive Level 2 - AI Content Creator,Senior Executive - Level 2,Max Lab Limited,MHC,Sales & Marketing - Sales & Marketing - Brand Marketing,Gurugram,Haryana,India,IN,+91,"INR 300,000 - 500,000 per year",300000,500000,per_annum,INR,full_time,non_clinical,hospital,,Bachelor of Commerce; Diploma in IT,2,5,1,True,2026-08-05,2026-09-04,"Key Responsibilities: ? Create high-quality motion graphics, animations, and video content for digital campaigns and social media leveraging use of AI tools. ? Design engaging explainer videos, product promos, reels, and brand creatives. ? Collaborate with marketing and creative teams to deliver compelling visual content, design creatives and adaptations,. ? Edit videos and ensure timely delivery while maintaining brand consistency. Requirements: ? Graduate with Diploma in Designing/Graphics ? Proficiency in Adobe After Effects, Premiere Pro, Photoshop, and Illustrator. ? Strong understanding of animation, typography, storytelling, and video editing. ? Creative mindset with an eye for detail and current design trends. ? A strong portfolio showcasing motion graphics and video editing work.",https://maxhealthcarecareers.peoplestrong.com/job/detail/MHC_28780,2026-08-10T13:50:45Z
maxhealthcare,1807387,MHC/28682,MHC_28682,Manager- Patient Experience,Manager,Muthoot Hospitals Private Limited,MHC,Hospital Operations - Hospital Operations,New Delhi,Delhi,India,IN,+91,"INR 800,000 - 1,000,000 per year",800000,1000000,per_annum,INR,full_time,non_clinical,hospital,,Bachelors,10,12,1,False,2026-08-04,2026-08-18,"Core Responsibilities 1. Feedback Collection & Data Analysis Administer patient experience surveys and collect supplemental feedback (complaints, compliments, exit surveys). Analyze trends and identify opportunities for improvement in service delivery . 2. Service Recovery & Patient Advocacy Investigate and resolve patient grievances promptly; escalate as necessary and monitor resolution follow-up. Advocate for patients across departments and ensure clear, empathetic communication throughout the care journey 3. Training, Coaching & Culture Building Design and deliver training programs focused on empathy, communication, and service excellence behavior. Coach frontline staff and clinical leaders to embed patient-first mindset across the organization 4. Initiative Leadership & Project Management Lead projects to improve key experience metrics—like reducing wait times, improving wayfinding, and standardizing patient transitions. Coordinate with non-clinical teams (e.g. marketing, IT, operations) to align messaging and service touchpoints 5. Reporting & Strategic Insights Author concise, visually compelling reports and presentations summarizing performance against targets. Translate data into actionable recommendations and partner with leadership to prioritize initiatives 6. Patient Engagement & Advisory Collaboration Facilitate patient advisory councils or focus groups to gather input and refine service expectations.",https://maxhealthcarecareers.peoplestrong.com/job/detail/MHC_28682,2026-08-10T13:50:47Z
maxhealthcare,1798026,MHC/28559,MHC_28559,Deputy Manager (Node Js) - Information Technology,Assistant Manager,MAX HEALTHCARE INSTITUTE LTD,MHC,Information Technology - Information Technology - Application Development,Gurugram,Haryana,India,IN,+91,"INR 1,400,000 - 1,523,000 per year",1400000,1523000,per_annum,INR,full_time,non_clinical,hospital,,Btech; BCA; MCA,4,6,1,True,2026-08-03,2026-09-02,"Job Description – Full Stack Developer (Node.js and React.js ) Position Full Stack Developer (Node.js and React.js & ) Experience 4–6 Years Employment Type Full-Time Job Summary We are seeking a highly motivated and experienced Full Stack Developer with strong expertise in React.js and Node.js to design, develop, and maintain scalable, secure, and high-performance web applications. The ideal candidate should have hands-on experience building enterprise-grade applications, developing RESTful APIs, integrating databases, and deploying applications in cloud environments. Key Responsibilities Design, develop, test, and maintain responsive web applications using React.js and Node.js. Build scalable, secure, and reusable RESTful APIs and backend services. Develop and consume JSON-based APIs for seamless frontend-backend integration. Design and optimize relational and NoSQL databases. Implement authentication, authorization, and application security best practices. Integrate third-party APIs, payment gateways, and external services. Optimize application performance, scalability, and reliability. Write clean, maintainable, and well-documented code following coding standards. Participate in code reviews and technical design discussions. Troubleshoot and resolve production issues with minimal downtime. Collaborate with Product Managers, UI/UX Designers, QA Engineers, and DevOps teams. Contribute to CI/CD pipelines and cloud deployments. Stay updated with emerging technologies and recommend improvements. Required Technical Skills Frontend React.js JavaScript (ES6+) / TypeScript HTML5 CSS3 Bootstrap / Tailwind CSS / Material UI Redux / Redux Toolkit React Hooks React Router Axios / Fetch API Responsive Web Design Backend Node.js Express.js REST API Development JSON API Design Middleware Development Authentication & Authorization (JWT, OAuth2) API Validation File Upload Handling Error Handling API Versioning Swagger/OpenAPI Documentation Database Microsoft SQL Server PostgreSQL / MySQL MongoDB Redis Database Design Query Optimization Stored Procedures Transactions Indexing ORM / ODM Prisma Sequelize TypeORM Mongoose Cloud & DevOps Microsoft Azure or AWS Docker Kubernetes (Preferred) Azure DevOps / GitHub Actions / Jenkins CI/CD Pipelines Version Control Git GitHub Azure Repos Testing Jest Supertest Postman Unit Testing Integration Testing Monitoring & Logging Winston Morgan Application Insights Grafana Prometheus Preferred Skills NestJS GraphQL Microservices Architecture RabbitMQ / Kafka / Azure Service Bus WebSockets (Socket.IO) OpenTelemetry Elasticsearch/OpenSearch Serverless Architecture AI/LLM API Integration Experience working in Agile/Scrum environments Soft Skills Strong analytical and problem-solving skills. Excellent verbal and written communication. Ability to work independently and collaboratively. Strong debugging and troubleshooting capabilities. Commitment to writing high-quality, maintainable code. Ability to mentor junior developers and parti",https://maxhealthcarecareers.peoplestrong.com/job/detail/MHC_28559,2026-08-10T13:50:48Z
maxhealthcare,1812929,MHC/28771,MHC_28771,Head - IPD Front Office,Duty Manager,Balaji Medical & Diagnostic Research Centre,MHC,Front Office - Front Office - IPD,New Delhi,Delhi,India,IN,+91,"INR 500,000 - 720,000 per year",500000,720000,per_annum,INR,full_time,non_clinical,hospital,,Ba Pass,8,14,1,True,2026-07-28,2026-08-11,"JOB DESCRIPTION I. JOB DETAILS Job Title Duty Manager – IPD Reporting Supervisor HOD - Front Office II. JOB PURPOSE Front office is a critical function in the overall Patient Experience. The person will work towards creating a Service Oriented culture; standardize processes, employee engagement, improving OPD, Admission & Discharge processes, Training & Measurement practices. III. KEY RESPONSIBILITIES Front Office Patient Experience Improve customer experience at FO (IMRB scores) Reduce customer complaints Provide resolution of customer issues Handle customer escalation Process Improvement Identification of key improvement areas in front office Enhance OPD Admission TPA and Discharge process Contribute in creating SOPs for front office Internal administration Effectively manage Admission/Discharge/PHP/OPD /TPA and other process Lobby management and patient handling & assistance Maintaining area upkeep and provide infrastructure support to team Handle inter and intra departmental coordination and escalation Ensure total familiarity with all instructional manuals and operating procedures applicable to the role Follow Cash / Credit / Corporate billing /discount instructions Handling TPA related queries, approval and discrepancies Ensure to provide estimates for admitted / non admitted CASH/ CORP/TPA patients Managing collection outstanding and discounts Bed Management for admitted / non admitted patients Handle hospital information system efficiently Complete awareness about Disaster Management Program (DMP) Comply with the service quality process, environmental & occupational issues & policies of the respective area Comply with patient safety policy Reduce or highlight revenue leakage or any pilferage People Management and engagement Roaster and leave management of team for smooth functioning Conduct briefing and de-briefing meeting Create culture of appreciation Exhibit MHIL values and role modelling Work towards overall well being of the team Service Culture To be well groomed, punctual and adhere to company policies & practices Service Protocols for each role and monitor adherence Skilling & Training Conduct training need analysis for the team Ensure nominations and participation of self & team members in all training Coaching and handholding of new employees Compliance & Internal controls Strong supervision of cash handling process Reduce any instances of compliance outages Page Break Page Break IV. KEY PERFORMANCE INDICATORS Customer experience score (IMRB scores -T2B & B2B) Employee attrition % & employee engagement score Drive new initiatives for betterment of flow processes & Quality projects Billing, Admission and Discharge TAT % collection outstanding Ensure at least 8 man-hrs of training per staff every month Low transaction error i.e. not more than 2% 100% compliance as per NABH & IMS standards, cash & discount management process V. JOB REQUIREMENTS Minimum Qualifications Graduate or MBA (Hospital Administration) (Preferable) Physical r",https://maxhealthcarecareers.peoplestrong.com/job/detail/MHC_28771,2026-08-10T13:50:49Z
maxhealthcare,1793516,MHC/28504,MHC_28504,Senior Resident - Internal Medicine,Senior Resident,Gujarmal Modi Hospital and Research Centre For Medical Sciences,MHC,Internal Medicine - Internal Medicine,New Delhi,Delhi,India,IN,+91,"INR 1,400,000 - 1,500,000 per year",1400000,1500000,per_annum,INR,contract,doctors,hospital,,MBBS; Doctor of Medicine (MD),0,2,2,False,2026-08-06,2026-08-20,"JOB DESCRIPTION I. JOB DETAILS Job Title Senior Resident – Critical Care Reporting Supervisor Senior Consultant/HOD– Critical Care II. JOB PURPOSE To provide & ensure direct or indirect accurate medical attention to all cases before any surgical procedure. To practice evidence based medicine. •To aware regarding patient {Investigation-(profile/reports/plan)} {Treatment-(details/drug procurement)} {Drug allergies/patient history} •To provide quality clinical care to patients. •To ensure timely attention and intervention for any query or requirement from the IP patient. •To ensure that IP rounds are duly done and the patients are attended empathetically •To ensure clear and prompt communication with the admitting as well as Referral Consultants. •To complete all OP & IP records on time with accuracy. •To take part in all regular CME’s. To ensure emergency preparedness & Response treatment /Procedure/Investigations. •To ensure that ethical medical practice is followed. •To Compliance with patient protocols(OPIP/OT/Diagnostics/ICU/Triage) •To follow Infection Control protocols proper Bio Medical Waste Management. •To document patient file/Prescriptions/requisitions (legible/complete). •To ensure MLC notification/documentation and statutory compliance. • To ensure Documentation at the time of Discharge. To be well groomed, punctual & adhere to company policies and practices. IV. KEY PERFORMANCE INDICATORS Nil incidence in hospital borne infection in OT & Critical Care Statutory compliance as per the job Requirements TATs as per ISO guidelines. Reporting the Occupational & Environmental Issues to HOD. V. JOB REQUIREMENTS/ SPECIFICATION Minimum Qualifications MD/DNB/DA – Anesthesia/MEM/MD/DNB – Pulmonary Medicine Experience 0-3 years of relevant experience in a renowned Hospital. Exposure to pain clinic & critical care will be an added advantage. Language Skills English Hindi Behavioural Skills Man management skills Good Interpersonal skills VI. KEY INTERACTIONS Key Internal Contacts Key External Contacts Director/Clinicians – Critical Care Clinicians in all other departments Administrator/DMS Assistant Medical Superintendent Patients / Attendants",https://maxhealthcarecareers.peoplestrong.com/job/detail/MHC_28504,2026-08-10T13:50:51Z
maxhealthcare,1789171,MHC/28430,MHC_28430,Senior Officer / Assistant Manager (Cost Accountant) - Accounts & Finance,Assistant Manager,Crosslay Remedies Ltd,MHC,Accounts & Finance - Accounts & Finance,Noida,Uttar Pradesh,India,IN,+91,"INR 900,000 - 1,000,000 per year",900000,1000000,per_annum,INR,full_time,non_clinical,hospital,,CMA (Cost Management Accountant),3,5,1,True,2026-07-28,2026-08-11,"To ensure effective closing activities for Costing Profit & Loss statement on monthly basis. • To assist in Costing software. • To demonstrate ability and skill in handling costing, Data Interpretation and presentation. • Maintaining Costing Records as per CAS prescribed by Institute on Quarterly Basis within one month of financial closings. • To maintain cost center accounting on daily basis via sample checking in system. • To ensure the rectification of cost center through cost center JV by the user. • Responsible for comparative Study of OP/IP segment Cost Accounting analysis. • Responsible for comparative study of unit wise / specialty wise analysis. • Ensure marginal costing of products and tracking of cost. • Performing the Variance analysis with reasons of Material cost, Direct Cost (Inc. Doctor cost, etc.), manpower cost and other Indirect cost. • Coordination with cost auditor for replying the queries raised by auditor well intime. • Ensure timely and accurate reporting of MIS and Profitability statements and assist in decision making exercise with value proposition. • Responsible for Material cost analysis, store consumption analysis, Utility cost Analysis, Procedure cost analysis on monthly basis. • Perform Half yearly / Yearly cost audit and compliance.",https://maxhealthcarecareers.peoplestrong.com/job/detail/MHC_28430,2026-08-10T13:50:52Z
maxhealthcare,1745972,MHC/27665,MHC_27665,Attending Ortho joint,Attending Consultant,Muthoot Hospitals Private Limited,MHC,Orthopaedics - Orthopaedics,New Delhi,Delhi,India,IN,+91,"INR 1,900,000 - 1,920,000 per year",1900000,1920000,per_annum,INR,contract,doctors,hospital,,DNB; MS,2,5,1,False,2026-08-04,2026-08-18,"JOB DESCRIPTION I. JOB DETAILS Job Title Consultant – HPB & Liver Transplant Surgery Reporting Supervisor HOD II. JOB PURPOSE To ensure smooth and efficient functioning of the Orthopedic Surgery department, managing in?patients, emergency cases, OT responsibilities, and peri?operative care under the guidance of senior faculty, while delivering high standards of patient care and surgical outcomes. III . KEY RESPONSIBILITIES Core Responsibilities A. Patient Care Provide expert consultation and management for orthopedic patients across trauma, joint replacement, spine, and sports injury cases. Stay updated with latest research, surgical advancements, and techniques in orthopedic surgery. B. Process Orientation / Documentation Conduct and assist in all tests, procedures, and surgeries related to orthopedic cases. Prepare accurate reports including operative notes, post?operative documentation, and discharge summaries. Ensure appropriate attention is given to patients and their attendants throughout the care cycle. Ensure OT, ICU, and wards have required equipment and facilities as per standards. Supervise nursing, paramedical, and support staff to maintain discipline and high standards of care. Coordinate infrastructure and maintenance requirements of the department. Ensure optimal utilization of departmental resources. Maintain orientation to QMS and EMS systems of the hospital. Be fully aware of the hospital’s Disaster Management Programme (DMP). Comply with service quality processes, environmental and occupational guidelines. Ensure strict adherence to patient safety policies. C. Academic & Professional Development Coordinate with HOD on departmental matters. Contribute to development of new clinical services, programs, and facilities. Be proactive in planning and anticipating patient care needs. Address and resolve patient complaints efficiently. Participate in CME programs, training, and departmental academic activities. D. Cost & Resource Management Recommend consumables and equipment required for procurement. E. Professional Discipline Maintain professional grooming, punctuality, and adherence to organizational policies. IV. KEY PERFORMANCE INDICATORS Measurable Deliverables · Effective handling of emergency, OT, ICU, and ward cases under supervision. · 100% accurate and timely updating of medical records. · Clear and professional communication with patients, consultants, and hospital staff. · Compliance with ISO standards and turnaround times. · Major patient complaints kept below defined thresholds. · Timely reporting of environmental and occupational issues to HOD. V. JOB REQUIREMENTS/SPECIFICATION Minimum Qualifications MS (Ortho) Experience 3 yrs of exp (post MS / DNB ortho) in a renowned Hospital. Technical/Functional Competencies OT understanding Computer Literacy · Fluent with relevant equipment handling Behavioural Skills Good Communication skills Good Interpersonal skills Ability to handle multiple tasks Ability to analyze critical s",https://maxhealthcarecareers.peoplestrong.com/job/detail/MHC_27665,2026-08-10T13:50:54Z
maxhealthcare,1745956,MHC/27664,MHC_27664,Medical Quality,Assistant Manager,Muthoot Hospitals Private Limited,MHC,Medical Quality - Quality,New Delhi,Delhi,India,IN,+91,"INR 600,000 - 1,200,000 per year",600000,1200000,per_annum,INR,full_time,non_clinical,hospital,,Master in Hospital Administration,2,7,1,False,2026-08-04,2026-08-18,"Job Summary We are seeking a dedicated and detail-oriented Medical Quality Executive to ensure compliance with healthcare quality standards, NABH/JCI guidelines, patient safety protocols, and regulatory requirements. The candidate will support quality improvement initiatives, audits, documentation, and process monitoring to enhance patient care and operational excellence. Key Responsibilities Monitor and implement hospital quality standards and protocols. Ensure compliance with NABH/JCI and statutory requirements. Conduct internal quality audits and prepare audit reports. Monitor patient safety indicators and quality metrics. Coordinate incident reporting and root cause analysis (RCA). Maintain quality documentation, SOPs, and policies. Conduct quality training and awareness sessions for staff. Track corrective and preventive actions (CAPA). Support infection control and patient safety initiatives. Analyze quality data and prepare MIS reports. Coordinate with clinical and non-clinical departments for quality improvement projects. Participate in accreditation activities and assessments. Required Skills Knowledge of NABH/JCI standards Understanding of healthcare quality processes Strong documentation and auditing skills Good analytical and problem-solving abilities Effective communication and coordination skills Proficiency in MS Excel, PowerPoint, and reporting tools Qualifications Bachelor’s degree in Healthcare Administration, Nursing, Pharmacy, Life Sciences, or related field Master’s in Hospital Administration (MHA) preferred Experience 1–5 years of experience in hospital quality, healthcare operations, or medical quality assurance Preferred Qualifications NABH Internal Auditor certification Experience in hospital accreditation processes Knowledge of patient safety and infection control practices Key Performance Indicators (KPIs) Audit compliance scores CAPA closure timelines Patient safety incident reduction Documentation accuracy and compliance Accreditation readiness status",https://maxhealthcarecareers.peoplestrong.com/job/detail/MHC_27664,2026-08-10T13:50:55Z
maxhealthcare,1728118,MHC/27275,MHC_27275,Paediatrics,Senior Resident,Muthoot Hospitals Private Limited,MHC,Paediatrics - Paediatric,New Delhi,Delhi,India,IN,+91,"INR 1,200,000 - 1,700,000 per year",1200000,1700000,per_annum,INR,full_time,doctors,hospital,,MBBS; MD,0,3,1,False,2026-07-29,2026-08-12,"The Senior Resident in Paediatrics is responsible for providing comprehensive medical care to infants, children, and adolescents. This role involves clinical duties, teaching junior staff, and participating in research and academic activities within the department. Key Responsibilities: 1. Clinical Duties Diagnose and manage pediatric patients (OPD, IPD, NICU/PICU if applicable) Handle pediatric emergencies and critical care cases Conduct ward rounds and ensure proper patient documentation Assist/perform procedures like lumbar puncture, intubation, IV access, etc. Monitor patient progress and adjust treatment plans 2. Patient Care & Communication Counsel parents/guardians regarding diagnosis, treatment, and prognosis Ensure ethical and compassionate patient care Maintain confidentiality and medical records 3. Academic Responsibilities Teach and supervise interns, junior residents, and nursing staff Participate in seminars, case presentations, journal clubs, and CMEs Stay updated with latest developments in pediatrics 4. Administrative Work Maintain medical records and discharge summaries Assist in departmental audits and quality improvement initiatives Follow hospital protocols and guidelines 5. Research Activities Participate in clinical research and publications Assist in data collection and analysis Qualifications: MD/DNB in Paediatrics from a recognized institution Valid registration with National Medical Commission / State Medical Council Experience: Fresh postgraduates or candidates with prior residency experience may apply",https://maxhealthcarecareers.peoplestrong.com/job/detail/MHC_27275,2026-08-10T13:50:57Z
maxhealthcare,1706981,MHC/26773,MHC_26773,Staff Nurse-Cath Lab,Staff Nurse,"Dr. B. L. Kapur Memorial Hospital, ( a unit of Lahore Hospital Society)",MHC,Nursing - Nursing,New Delhi,Delhi,India,IN,+91,"INR 284,000 - 500,000 per year",284000,500000,per_annum,INR,full_time,nurses,hospital,,GNM; BSc Nursing,1,5,2,False,2026-08-06,2026-08-20,"Registered nurses who work in a cardiac catheterization unit should assist physicians with patient assessments. ? Cardiac cath lab nurses prepare patients for catheterization, angioplasty, pacemaker implantation and cardiac procedures. ? Preparation of patients can include taking the patient’s vital signs, oxygen levels and heart rhythm before the physician examines the patient. ? Nurses should ensure the patient’s chart and records are updated. ? A cardiac cath lab nurse may begin an intravenous line while preparing patients for a catheterization or cardiac procedure. ? Nurses help ease the patient’s fear and answer questions regarding the cardiac procedure. ? Cath lab nurses confirm patient consent for cardiac procedures. ? Cath lab nurses assist physicians during catheterization procedures, angioplasties, pacemaker implantation and other cardiac procedures. ? The nurse closely monitors the patient’s vital signs during the procedure.. ? Registered nurses administer medication according to the physician’s instructions before, during and after cardiac procedures. ? In addition to scheduled procedures in the cardiac cath lab, registered nurses must assist during emergencies and perform lifesaving procedures. ? Cath lab nurses monitor patients during their recovery in the cardiac cath lab, monitoring the patient’s vital signs, administering medications and updating the patient’s chart. ? During the recovery period, the cath lab nurse watches for signs of infection or side effects from the procedure. ? Nurses must be prepared to administer treatment if patients experience excessive bleeding, fever or other side effects from the cardiac procedure. ? Registered nurses provide instructions and education to patients and their families",https://maxhealthcarecareers.peoplestrong.com/job/detail/MHC_26773,2026-08-10T13:50:59Z
maxhealthcare,1662602,MHC/25783,MHC_25783,Staff Nurse-OT,Staff Nurse,"Dr. B. L. Kapur Memorial Hospital, ( a unit of Lahore Hospital Society)",MHC,Nursing - Nursing,New Delhi,Delhi,India,IN,+91,"INR 284,000 - 950,000 per year",284000,950000,per_annum,INR,full_time,nurses,hospital,,GNM; BSc Nursing,1,4,5,False,2026-08-06,2026-09-30,"Responsibilities and key tasks · To effectively interface with patients/ Anesthetist/ Surgeons/ other service · users with high level of responsiveness. · To be well versed with different surgical procedures, equipment used · & Pre-Post operative management of patients in nursing department · Stock Management: · To ensure proper Co-Ordination with other disciplines in case of shifting, · transfer to all wards. · Ensure noise and movements within the theatre is kept with minimum. · To ensure the fumigation carbolization process. · To ensure the consumables & sutures are available on time. · Co-operate & co-ordinate with staff to ensure effective efficient patient · care delivery. · To ensure timely indenting and proper stock management. · To be well groomed, punctual & adhere to company policies and practices · To have complete orientation of QMS and EMS system of Hospital. · To have complete Awareness about Disaster Management Programme (DMP) of the · hospital. · To Comply with the service quality Process, environmental & occupational issues & · policies of the respective area · To Comply with patient safety policy • To ensure safe utilization of equipments and proper waste disposal system",https://maxhealthcarecareers.peoplestrong.com/job/detail/MHC_25783,2026-08-10T13:51:01Z
maxhealthcare,1486607,MHC/23779,MHC_23779,Clinical Pharmacist,Clinical Pharmacist - Level 1,Dr. Balabhai Nanavati Hospital,MHC,Medical Administration - Medical Services (Clinical Pharmacist),Mumbai,Maharashtra,India,IN,+91,"INR 200,000 - 400,000 per year",200000,400000,per_annum,INR,full_time,pharmacists,hospital,,Doctor of Pharmacy; Doctor of Pharmacy(P.B),0,2,6,False,2026-07-30,2026-08-13,"1. Use clinical pharmacy prescription approval module to review and authorize medication orders digitally. 2. Detect and mitigate medication errors proactively. 3. Perform IP and OP prescription audits, initiate corrective and preventive actions (CAPA). 4. Develop, prepare, and revise the hospital drug formulary. 5. Audit on safe usage of narcotics and psychotropic drugs. 6. Participate in daily ward rounds with clinical teams. 7. Ensure adherence to hospital medication management policies. 8. Coordinate for Antimicrobial Stewardship Program (AMSP). 9. Serve as member of Hospital Infection Control,Pharmacy and Therapeutics Committee, Ethics, and Quality Assurance committees. 10. Attend meetings and present data on medication management indicators. 11. Conduct pharmacovigilance including Adverse Drug Reaction (ADR) monitoring and Reporting with CAPA. 12. Provide staff training on medication management. (MOM). 13. Evaluate medication orders for appropriateness of dose, route, frequency, and duration throughout hospital stay. 14. Ensure rational prescription of drugs to maximize efficacy and minimize adverse effects. 15. Coordinate with doctors to adjust medication doses for renal and hepatic impairment. 16. Deliver drug information services, answering queries from healthcare professionals. 17. Monitor surgical antibiotic prophylaxis and ensure compliance with protocols. 18. Drug Reconstitution as per requirements.",https://maxhealthcarecareers.peoplestrong.com/job/detail/MHC_23779,2026-08-10T13:51:02Z
maxhealthcare,1474453,MHC/23576,MHC_23576,Senior Staff Nurse - T,Staff Nurse,MAX HEALTHCARE INSTITUTE LTD,MHC,Nursing - Nursing - ICU,Gurugram,Haryana,India,IN,+91,"INR 200,000 - 300,000 per year",200000,300000,per_annum,INR,full_time,nurses,hospital,ICU; CCU,General Nursing and Midwife; BSc Nursing,2,3,1,False,2026-07-31,2026-08-14,"Staff Nurse MAX OVERVIEW: Max Healthcare Institute Limited is one of India’s largest healthcare providers, operating 22 facilities with 5000+ beds and 5000+ clinicians across major cities. It offers services in 30+ specialties, along with homecare ( Max@Home ) and diagnostics ( Max Lab ) across and beyond its hospital network. ROLES AND RESPONSIBILITIES Nursing Knowledge & Adaptability Awareness of the departmental vision, mission, objectives and its implementation. Performs the duties as per the role and expectation of a nurse in providing comprehensive patient care. Knowledge about the layout of the unit, number of patients, types of patients and their requirements. Interaction, co-operation and team spirit with other staff members. Performs assigned duties as per the department’s protocol. Performs all special assignments as rostered. Maintains all registers used in the unit. Accurate knowledge about the forms and formats. Soft skill and Critical thinking Demonstrates knowledge on AIDET (Acknowledge, Introduce, Duration, Explanation, Thank) and GST (Greet, smile, thank). Accurate knowledge about the forms and formats Utilizes effective communication skills in reporting pertinent information on time. Maintains telephone etiquettes. Maintains professional decorum and communicates in English/Hindi in the areas of work with colleagues. Address to the grooming standards laid down by the department. Evaluates effectiveness of nursing care on patient condition. Inform Team leader/Supervisor of current activities on the unit and reports unusual occurrence, incidents or other problems and also follow up as needed. Utilizes changes of shift report to accurately and effectively to communicate patient condition and intervention. Ensure all documentation is clear concise and timely. Utilize appropriate clinical terminology. Performs independent problem solving and decision making in a logical and deliberate manner, utilizing available resources when needed. Exhibits flexibility and adaptability to meet the needs of the patient and the unit. Demonstrates understanding of emergency levels effectively and safely responds to emergency situation in a calm constructive positive manner. Nursing Admission Assessment Performs comprehensive nursing assessment on all patients with consideration to clinical condition, pain activities of daily living, skin allergies, integrity, valuables, safety needs, age mental, social and physical status Identifies patient problems based upon data collected through nursing assessment as well as integrated information obtained through the family. Takes measures to address any vital concerns compromising the hemodynamic stability and safety issues. Follows all aspects of the hospital policy in terms of safety, personal belongings, medico – legal entity, medications etc. Assesses vital signs, important information and reports abnormalities to the consultant and team and carries out orders as per instructions. Accurately and thoroughly ",https://maxhealthcarecareers.peoplestrong.com/job/detail/MHC_23576,2026-08-10T13:51:05Z
