source,job_id,title,company,location,city,state,salary_raw,salary_min,salary_max,salary_period,job_type,job_types_raw,remote_attributes,category,company_type,sponsored,qualifications,benefits,company_logo,posted_date,description,job_url,scraped_at
simplyhired,ONZ0pLB1M6nEvSCUz5HB0UKItR_fU6UezDljpwA5QiNqRkMNam97hg,MD MEDICINE (General Medicine),Confidential,Chhattisgarh,Chhattisgarh,,"From ₹18,00,000 a year",1800000,1800000,per_annum,full_time,Full-time,,doctors,hospital,True,Medicine|ICU experience|Bachelor's degree|Patient care|In-person|Communication skills,Health insurance,,2026-07-08,"The selected candidates will be responsible for providing comprehensive medical care to adult patients, managing inpatient and outpatient services, and working…",https://www.simplyhired.co.in/job/ONZ0pLB1M6nEvSCUz5HB0UKItR_fU6UezDljpwA5QiNqRkMNam97hg,2026-07-12T12:29:38Z
simplyhired,E6PDEbxR4_BnlGFE_SV0fNYkuD80o-D3ybwVEg4VadjTWLv8EUMQ5g,Pharmacist,MAHESWARI MEDICALS,"Vijayawada, Andhra Pradesh",Vijayawada,,"₹12,000 - ₹16,000 a month",12000,16000,per_month,full_time,Part-time|Full-time,,pharmacists,hospital,True,Anatomy knowledge|Bachelor's degree|Patient care|In-person|Diploma|Hospital experience,,,2026-07-05,EXPERIENCED PHARMACIST REQUIRED FOR A RETAIL CHAIN STORES. Pharmaceutical sales: 1 year (Required).,https://www.simplyhired.co.in/job/E6PDEbxR4_BnlGFE_SV0fNYkuD80o-D3ybwVEg4VadjTWLv8EUMQ5g,2026-07-12T12:29:38Z
simplyhired,6wpYEiDzJmyACVmPd8QPJSfnp0HpxQFVMU-4dSDmW4W43ErC0_b7gw,Staff Nurse,FLOREM HOSPITAL,"Amritsar, Punjab",Amritsar,,"₹10,000 - ₹14,000 a month",10000,14000,per_month,full_time,Weekend availability|Full-time|Rotational shift,,nurses,hospital,True,Nursing|Patient monitoring|B.Sc|ACLS Certification|ICU experience|Bachelor's degree|In-person|Communication skills|Nursing,,,2026-07-09,"The ideal candidate will be responsible for assessing patients, administering medications and treatments, monitoring patient conditions, and working…",https://www.simplyhired.co.in/job/6wpYEiDzJmyACVmPd8QPJSfnp0HpxQFVMU-4dSDmW4W43ErC0_b7gw,2026-07-12T12:29:38Z
simplyhired,ODtz0rdIwFhyMyraxZfC5IDOFqAXIe79STVMnESACTCiPDdwGc4TMA,Consultant Dermatologist,KOLORS HEALTHCARE INDIA PRIVATE LIMITED,"Madurai, Tamil Nadu",Madurai,,"₹90,000 - ₹1,30,000 a month",90000,130000,per_month,full_time,Full-time,,doctors,hospital,True,Medicine|Master's degree|Bachelor's degree|In-person|Diploma|Communication skills,,,2026-07-02,Kolors Healthcare is seeking a qualified and experienced Dermatologist to join our growing team of aesthetic and skin care professionals.,https://www.simplyhired.co.in/job/ODtz0rdIwFhyMyraxZfC5IDOFqAXIe79STVMnESACTCiPDdwGc4TMA,2026-07-12T12:29:38Z
simplyhired,s7ricYCmpUUFcjGVwTh8_F-8gqf4wM9WE75UrHyFJOZpqnKIhlzY9g,Consultant Dermatologist,KOLORS HEALTHCARE INDIA PRIVATE LIMITED,"Tirupati, Andhra Pradesh",Tirupati,,"₹90,000 - ₹1,30,000 a month",90000,130000,per_month,full_time,Full-time|Call employer,,doctors,hospital,True,Medicine|Master's degree|Bachelor's degree|In-person|Diploma|Communication skills,,,2026-07-06,Kolors Healthcare is seeking a qualified and experienced Dermatologist to join our growing team of aesthetic and skin care professionals.,https://www.simplyhired.co.in/job/s7ricYCmpUUFcjGVwTh8_F-8gqf4wM9WE75UrHyFJOZpqnKIhlzY9g,2026-07-12T12:29:38Z
simplyhired,ShjIjbw_xIAKyC3vSSs860sOQor6ekd_ovIE0Clb08KZcXenxtJSQg,MD general medicine,Ashok,"Udumalaippettai, Tamil Nadu",Udumalaippettai,,"From ₹2,00,000 a month",200000,200000,per_month,full_time,Full-time|Call employer,,doctors,hospital,True,Medicine|ICU experience|Bachelor's degree|Patient care|In-person|Communication skills,Flexible schedule,,2026-07-03,"Position Consultant – MD General Medicine (Full-Time). Responsibilities - Evaluate, diagnose, and manage adult medical patients in OPD, IPD, ICU, and Emergency.",https://www.simplyhired.co.in/job/ShjIjbw_xIAKyC3vSSs860sOQor6ekd_ovIE0Clb08KZcXenxtJSQg,2026-07-12T12:29:38Z
simplyhired,C_vRNg8CNolHh6VNKvKqi_evSQ5c0yz7eAUHEPlGJfHJCzlBwXjz3Q,Staff Nurse - Tirupati,Avis vascular centre,"Tirupati, Andhra Pradesh",Tirupati,,"₹15,086.00 - ₹18,664.30 a month",15086,18664,per_month,full_time,Full-time,,nurses,hospital,True,Patient monitoring|Bachelor's degree|Patient care|In-person|Nursing,Health insurance,,2026-07-10,"Ensure working of OT equipment like anaesthesia machine, Heart-lung machine and ventilator equipment. Ensure working of centralized oxygen piping.",https://www.simplyhired.co.in/job/C_vRNg8CNolHh6VNKvKqi_evSQ5c0yz7eAUHEPlGJfHJCzlBwXjz3Q,2026-07-12T12:29:38Z
simplyhired,27MHipWhM6oLMiM6TWhII101cx0nlURXkHqToO5JCZTPJgYCSlFrIw,Front Office Receptionist,RJR PRIVATE LIMITED,"Kavali, Andhra Pradesh",Kavali,,"From ₹13,000 a month",13000,13000,per_month,full_time,Full-time|Call employer,,non_clinical,hospital,True,Microsoft Powerpoint|Microsoft Word|English|Master's degree|Bachelor's degree|In-person,,,2026-07-07,Managing patient communications and prescription refills. Updating patient records and patient data.,https://www.simplyhired.co.in/job/27MHipWhM6oLMiM6TWhII101cx0nlURXkHqToO5JCZTPJgYCSlFrIw,2026-07-12T12:29:38Z
simplyhired,fmFK1G1lZuJOUqXMe4k7SzBErzllzkgDbMUvv_dSaQV707Mzlziozg,Consultant Gynaecologist,KIRAN VELLORE HOSPITAL PVT LTD,"Giridih, Jharkhand",Giridih,,"₹1,50,000 a month",150000,150000,per_month,full_time,Full-time,,doctors,hospital,True,Medicine|Bachelor's degree|In-person|Diploma,Commuter assistance|Cell phone reimbursement|Food provided,,2026-07-07,Pregnancy (ANC) Check-up करना।. Treatment Plan बनाना।. Instrumental Delivery (यदि आवश्यक हो)।. Pregnancy Complications का Management।. Consent Forms भरवाना।.,https://www.simplyhired.co.in/job/fmFK1G1lZuJOUqXMe4k7SzBErzllzkgDbMUvv_dSaQV707Mzlziozg,2026-07-12T12:29:38Z
simplyhired,0pv4jdMh_4q7sjmXB2I5WsLlomuhbmUphl_WLSFZo5EA2A07wOMW2A,Aesthatic Physician -MBBS,KOLORS HEALTHCARE INDIA PRIVATE LIMITED,"Kakinada, Andhra Pradesh",Kakinada,,"₹45,000 - ₹50,000 a month",45000,50000,per_month,full_time,Full-time|Monday to Friday,,doctors,hospital,True,Medicine|Bachelor's degree|In-person,Health insurance,,2026-07-09,"We will take a 2-year commitment...but whenever you want to leave, you need to give 2 months prior notice. Job Types: Full-time, Permanent.",https://www.simplyhired.co.in/job/0pv4jdMh_4q7sjmXB2I5WsLlomuhbmUphl_WLSFZo5EA2A07wOMW2A,2026-07-12T12:29:38Z
simplyhired,0ngJO4ANkQqUDSVZp_QIsbvaDG_W3sNhyriWC11stVllliB5FPeUKg,ayurveda doctor,RJR HERBAL HOSPITALS,"Jalgaon, Maharashtra",Jalgaon,,"₹25,000 - ₹40,000 a month",25000,40000,per_month,full_time,Full-time,,doctors,hospital,True,English|Bachelor's degree|In-person,,,2026-07-11,Experience : *1 to 5 years*. Salary : *25K to 40K *+ attractive incentive (Salary based on experience).,https://www.simplyhired.co.in/job/0ngJO4ANkQqUDSVZp_QIsbvaDG_W3sNhyriWC11stVllliB5FPeUKg,2026-07-12T12:29:38Z
simplyhired,S3BRn-GQPC8yAMDYHrHpAb8fFlmFrFmp3iotJTLNZpqyrH19P2R2aw,"Bams,MD doctor",Amrutha ayurveda & siddha hospital,"Nellore, Andhra Pradesh",Nellore,,"₹25,000 - ₹50,000 a month",25000,50000,per_month,full_time,Full-time|Call employer,,doctors,hospital,True,Medicine|Bachelor's degree|Patient care|In-person,,,2026-07-11,"*ayurvedic Doctor required in* AMRUTHA AYURVEDA SIDDHA HOSPITAL NELLORE ANDHRA PRADESH, With good salary 3+years experience, Good Salary + incentive…",https://www.simplyhired.co.in/job/S3BRn-GQPC8yAMDYHrHpAb8fFlmFrFmp3iotJTLNZpqyrH19P2R2aw,2026-07-12T12:29:38Z
simplyhired,3xy0sq-P6wmzkA94GbE_ZqAQYtLXGEUAB4YicGJRrXPUiSETceldIw,Staff Nurse,Papaya care Assisted Living,"Kalol, Gujarat",Kalol,,"₹15,000 - ₹35,000 a month",15000,35000,per_month,full_time,Full-time,,nurses,hospital,True,Nursing|Patient monitoring|B.Sc|English|ICU experience|Bachelor's degree|In-person|Communication skills|Nursing,,,2026-06-30,"The ideal candidate will be responsible for providing high-quality nursing care, monitoring residents’ health, and supporting daily medical needs in a…",https://www.simplyhired.co.in/job/3xy0sq-P6wmzkA94GbE_ZqAQYtLXGEUAB4YicGJRrXPUiSETceldIw,2026-07-12T12:29:38Z
simplyhired,GPaahiM7VyUQbl_XndavocJI5nnkdLNueZUeJG0KHegL0dsR8MpEEg,Front Office Receptionist,RJR PRIVATE LIMITED,"Ambur, Tamil Nadu",Ambur,,"From ₹10,000 a month",10000,10000,per_month,full_time,Full-time|Call employer,,non_clinical,hospital,True,Microsoft Powerpoint|Microsoft Word|English|Master's degree|Bachelor's degree|In-person,,,2026-07-11,"Managing patient communications and prescription refills. Updating patient records and patient data. Door No:1,Ground Floor, opposite anaikar Oriental School,…",https://www.simplyhired.co.in/job/GPaahiM7VyUQbl_XndavocJI5nnkdLNueZUeJG0KHegL0dsR8MpEEg,2026-07-12T12:29:38Z
simplyhired,BRQrDIm1K0mOXOainyCMB2Nt3-JJna36CBh8pwI55d4990OquK2sog,Staff Nurse,Papaya care Assisted Living,"Gandhinagar, Gujarat",Gandhinagar,,"₹15,000 - ₹35,000 a month",15000,35000,per_month,full_time,Full-time,,nurses,hospital,True,Nursing|Patient monitoring|B.Sc|English|ICU experience|Bachelor's degree|In-person|Communication skills|Nursing,,,2026-06-30,"The ideal candidate will be responsible for providing high-quality nursing care, monitoring residents’ health, and supporting daily medical needs in a…",https://www.simplyhired.co.in/job/BRQrDIm1K0mOXOainyCMB2Nt3-JJna36CBh8pwI55d4990OquK2sog,2026-07-12T12:29:38Z
simplyhired,X4eXUPTzmrEACrnV-n7XebgfvoVdXRc2-Z9ryICRE8Lq0TzO2cJFnA,Coding Quality Auditor - IVR & SDS Observation,UnitedHealth Group,"Hyderabad, Telangana",Hyderabad,,Not Disclosed,,,,full_time,,,non_clinical,hospital,True,Anatomy knowledge|Analysis skills|Bachelor's degree|EMR systems|Epic|Medical terminology|Communication skills|Time management,Health insurance,,2026-07-07,"Comply with the terms and conditions of the employment contract, company policies and procedures, and any and all directives (such as, but not limited to,…",https://www.simplyhired.co.in/job/X4eXUPTzmrEACrnV-n7XebgfvoVdXRc2-Z9ryICRE8Lq0TzO2cJFnA,2026-07-12T12:29:38Z
simplyhired,6O5382yCgA-_zWRhIcK0uuMHQVkoq5uwARkASZ1OlBO4zx4vrcYi8Q,Front Desk Executive,Threysol Private Limited,"Tirupati, Andhra Pradesh",Tirupati,,"₹12,000 - ₹15,000 a month",12000,15000,per_month,full_time,Full-time,,non_clinical,hospital,True,Nursing|12th Pass|Bachelor's degree|In-person|Medical terminology|Communication skills|Office experience,,,2026-07-07,"The ideal candidate should have excellent communication skills, be comfortable using computers, and enjoy interacting with parents and children.",https://www.simplyhired.co.in/job/6O5382yCgA-_zWRhIcK0uuMHQVkoq5uwARkASZ1OlBO4zx4vrcYi8Q,2026-07-12T12:29:38Z
simplyhired,jTeTs-xKZPrqmxbJjCVZDli2MI8gxVsL0vQW5S8ndXAAK0wcYD0tqw,Staff Nurse,Papaya care Assisted Living,"Adalaj, Gujarat",Adalaj,,"₹15,000 - ₹35,000 a month",15000,35000,per_month,full_time,Full-time,,nurses,hospital,True,Nursing|Patient monitoring|B.Sc|English|ICU experience|Bachelor's degree|In-person|Communication skills|Nursing,,,2026-06-30,"The ideal candidate will be responsible for providing high-quality nursing care, monitoring residents’ health, and supporting daily medical needs in a…",https://www.simplyhired.co.in/job/jTeTs-xKZPrqmxbJjCVZDli2MI8gxVsL0vQW5S8ndXAAK0wcYD0tqw,2026-07-12T12:29:38Z
simplyhired,3xmHY-7eYCSEthJAiFNdmnZcXsSa12MbynuvckeqNLAyyGXTqmFDvA,Staff Nurse,Papaya care Assisted Living,"Adalaj, Gujarat",Adalaj,,"₹15,000 - ₹35,000 a month",15000,35000,per_month,full_time,Full-time,,nurses,hospital,True,Nursing|Patient monitoring|B.Sc|English|ICU experience|Bachelor's degree|In-person|Communication skills|Nursing,,,2026-06-30,"The ideal candidate will be responsible for providing high-quality nursing care, monitoring residents’ health, and supporting daily medical needs in a…",https://www.simplyhired.co.in/job/3xmHY-7eYCSEthJAiFNdmnZcXsSa12MbynuvckeqNLAyyGXTqmFDvA,2026-07-12T12:29:38Z
simplyhired,jZnFJZIDdoO9TNzOQWIB891mXCQ8NQ6mG2HU7RUcuhW8teQkgAKlnw,Consultant Dermatologist & Cosmetologist,22 Luna Clinic,Karnataka,Karnataka,,"₹1,50,000 - ₹2,00,000 a month",150000,200000,per_month,full_time,Part-time|Full-time,,doctors,hospital,True,Medicine|Doctoral degree|Bachelor's degree|Patient care|In-person|Medical terminology|Hospital experience,Health insurance,,2026-07-04,"5)Administer injectable treatments, such as Botox, dermal fillers to address wrinkles, lines, volume loss. 3)Develop personalized treatment plans based on the…",https://www.simplyhired.co.in/job/jZnFJZIDdoO9TNzOQWIB891mXCQ8NQ6mG2HU7RUcuhW8teQkgAKlnw,2026-07-12T12:29:38Z
simplyhired,hIQGUmSwNVsvGqszcaV3vS055xFCis2eIkORdecg7L5HakujWyYiyw,Clinical Documentation Integrity Specialist,UnitedHealth Group,"Chennai, Tamil Nadu",Chennai,,Not Disclosed,,,,full_time,,,non_clinical,hospital,True,Microsoft Word|Medicine|Microsoft Excel|Bachelor's degree|EMR systems|Communication skills,Health insurance,,2026-07-09,"Comply with the terms and conditions of the employment contract, company policies and procedures, and any and all directives (such as, but not limited to,…",https://www.simplyhired.co.in/job/hIQGUmSwNVsvGqszcaV3vS055xFCis2eIkORdecg7L5HakujWyYiyw,2026-07-12T12:29:41Z
simplyhired,BLY74YUb9jfOFxAno2eQHWd_29jGtzPrMQe_zcOkufHNpmTuyPD1sg,General Medicine Physician,Indus Group Inc,"Amaravati, Andhra Pradesh",Amaravati,,"₹50,000 - ₹60,000 a month",50000,60000,per_month,full_time,,,doctors,hospital,True,Medicine|Bachelor's degree|Patient care|In-person,Health insurance|Flexible schedule,,2026-07-10,“Heart Institute of India” is Cardiac care clinic in reversal of Heart disease as out patient clinic only. Must have MD General Medicine) mandator. No…,https://www.simplyhired.co.in/job/BLY74YUb9jfOFxAno2eQHWd_29jGtzPrMQe_zcOkufHNpmTuyPD1sg,2026-07-12T12:29:41Z
simplyhired,iK-ExPsAxpRWsb2ylbT9NRg6TiN7hy3KTHQAzrwehb3rcaQGuiHT5A,Ayurveda Pharmacist,Ayur Bethaniya,"Thrissur, Kerala",Thrissur,,"₹12,000 - ₹14,500 a month",12000,14500,per_month,full_time,Full-time|Call employer|Day shift,,pharmacists,hospital,True,English|Computer skills|In-person|Hospital experience,Health insurance|Food provided,,2026-07-01,Candidate should have minimum of 2 to 3 years of experience in pharmacy. LANGAUGE : ENGLISH AND MALAYALAM; Should be able to read and write in Malayalam.,https://www.simplyhired.co.in/job/iK-ExPsAxpRWsb2ylbT9NRg6TiN7hy3KTHQAzrwehb3rcaQGuiHT5A,2026-07-12T12:29:41Z
simplyhired,fc_DPTvbLq1aRQu248egMFbw-_N8CWCj3uX0q5RGP3zjQ-hXlbnXgg,Chairside Assistant / Nursing Staff (1 - 2Year Experience),Dentaforce India,"Kilpauk, Chennai, Tamil Nadu",Chennai,,"₹8,000 - ₹20,000 a month",8000,20000,per_month,full_time,Full-time,,nurses,hospital,True,Nursing|B.Sc|English|Bachelor's degree|In-person|Diploma|Communication skills|Nursing,Paid time off|Paid sick time,,2026-07-10,"Looking for Full time job (10 am to 8 pm ) ? Previous experience in a dental clinic is an added advantage. The ideal candidate should be eager to learn, have a…",https://www.simplyhired.co.in/job/fc_DPTvbLq1aRQu248egMFbw-_N8CWCj3uX0q5RGP3zjQ-hXlbnXgg,2026-07-12T12:29:41Z
simplyhired,_pLJzWEl4-sw2CWYJoBkD51N-IBAVkR9sl-majbCsuyE5RZqqMHaTQ,Speech Language Pathologist (Chennai),Pebbles Therapy Centre,"Anna Nagar, Chennai, Tamil Nadu",Chennai,,"₹30,000 - ₹50,000 a month",30000,50000,per_month,full_time,Part-time|Full-time,,non_clinical,hospital,True,Master's degree|Bachelor's degree|In-person|Communication skills,Health insurance|Life insurance,,2026-07-12,"0–5 years of experience (freshers with strong clinical knowledge can apply). The role involves working closely with children, parents, and a multidisciplinary…",https://www.simplyhired.co.in/job/_pLJzWEl4-sw2CWYJoBkD51N-IBAVkR9sl-majbCsuyE5RZqqMHaTQ,2026-07-12T12:29:41Z
simplyhired,7Vp9ZhktrmifLg71aqlGU98lTuMuFJZrvyqvgwIsKXtucXGiPP9uZA,Nurse,AddressHealth Solutions India Pvt Ltd,"Gurugram, Haryana",Gurugram,,"₹22,000 - ₹25,000 a month",22000,25000,per_month,full_time,Full-time|Call employer,,nurses,hospital,True,Nursing|B.Sc|English|ICU experience|Bachelor's degree|Pediatrics|In-person|Nursing,Health insurance,,2026-06-27,Smart freshers with good spoken English communication will also be considered. Vacancy -Lady Nurse for School Medical Room with good in English Communication.,https://www.simplyhired.co.in/job/7Vp9ZhktrmifLg71aqlGU98lTuMuFJZrvyqvgwIsKXtucXGiPP9uZA,2026-07-12T12:29:41Z
simplyhired,7Gtz9W4MyiqLLx1xhHTBsmafmLWoU621AjwUa6q4OuqrJLDZK1Vb_g,Clinic Receptionist,City Dental Hospital,"Ambikapur, Chhattisgarh",Ambikapur,,"₹8,000 - ₹15,000 a month",8000,15000,per_month,full_time,Full-time,,non_clinical,hospital,True,English|Microsoft Office|Administrative experience|12th Pass|Bachelor's degree|Computer skills|In-person|Communication skills,Health insurance,,2026-07-08,Based on experience and interview performance. The candidate must be a graduate and presentable good enough. The job will be on contract basis for minimum of 1…,https://www.simplyhired.co.in/job/7Gtz9W4MyiqLLx1xhHTBsmafmLWoU621AjwUa6q4OuqrJLDZK1Vb_g,2026-07-12T12:29:41Z
simplyhired,sA7X1LKy050lVOZeBKHw1F8y_UBKRaoCG4znYS6ZFNYbt3k99r3mtw,Senior Dental Surgeon | MDS/BDS Dentist | Implantologist | Endodontist | Pedodontist |Dental surgeon,Archak Dental,"CV Raman Nagar, Bengaluru, Karnataka",Bengaluru,,"₹18,000 - ₹45,000 a month",18000,45000,per_month,full_time,Full-time,,doctors,hospital,True,Bachelor's degree|In-person|Medical terminology|Communication skills,Flexible schedule,,2026-07-10,"3.Archak Dental-KR Puram Metro Station,Bengaluru. Join One of Bengaluru’s Fast-Growing Multi-Specialty Dental Clinics. Minimum 5 years of clinical experience.",https://www.simplyhired.co.in/job/sA7X1LKy050lVOZeBKHw1F8y_UBKRaoCG4znYS6ZFNYbt3k99r3mtw,2026-07-12T12:29:41Z
simplyhired,TFyjvJSJZdCsdunYqN6VoSj5qsRSYTKEk2COTGGyfDrv8V1nSBMTsQ,Consultant Dermatologist,Dr Jamuna Pai's SkinLab,"Ahmedabad, Gujarat",Ahmedabad,,"₹80,000 - ₹2,00,000 a month",80000,200000,per_month,full_time,,,doctors,hospital,True,Bachelor's degree|Patient care|In-person,,,2026-07-02,"Consulting Dermatologist will diagnose patient on Skin related concerns. Ahmedabad, Gujarat: Reliably commute or planning to relocate before starting work (…",https://www.simplyhired.co.in/job/TFyjvJSJZdCsdunYqN6VoSj5qsRSYTKEk2COTGGyfDrv8V1nSBMTsQ,2026-07-12T12:29:41Z
simplyhired,N4XyXzgNPSvpEt_gWFry4hicsX7Izojn4Ck4XQGOvmlqg5kVO1sYNg,Assistant Manager,UnitedHealth Group,"Chennai, Tamil Nadu",Chennai,,Not Disclosed,,,,full_time,,,non_clinical,hospital,True,Nursing|B.Sc|Analysis skills|Project management|Bachelor's degree|Mentoring|Communication skills,Health insurance,,2026-07-07,"Comply with the terms and conditions of the employment contract, company policies and procedures, and any and all directives (such as, but not limited to,…",https://www.simplyhired.co.in/job/N4XyXzgNPSvpEt_gWFry4hicsX7Izojn4Ck4XQGOvmlqg5kVO1sYNg,2026-07-12T12:29:41Z
simplyhired,rrEyfiDobppKo7Gbkon78rsZ1P8ZL3xpijcG6-fBOTF9-upIBZSlHw,Supervisor Coding - IPDRG,UnitedHealth Group,"Chennai, Tamil Nadu",Chennai,,Not Disclosed,,,,full_time,,,non_clinical,hospital,True,Nursing|Anatomy knowledge|Analysis skills|Bachelor's degree|Medical terminology|Communication skills,Health insurance,,2026-07-07,"Comply with the terms and conditions of the employment contract, company policies and procedures, and any and all directives (such as, but not limited to,…",https://www.simplyhired.co.in/job/rrEyfiDobppKo7Gbkon78rsZ1P8ZL3xpijcG6-fBOTF9-upIBZSlHw,2026-07-12T12:29:41Z
simplyhired,PiWMk3SOW-tbG_ZTz0U1Cmzsn8Xzm3XyBHqxpGvY1G25iiZdY_22KQ,Cosmetologist,Accion Infotech Pvt Ltd,"Valasaravakkam, Chennai, Tamil Nadu",Chennai,,"₹17,104.02 - ₹25,000.00 a month",17104,25000,per_month,full_time,Full-time,,doctors,hospital,True,Medicine|Bachelor's degree|Organisational skills|In-person|Communication skills,,,2026-07-03,"The ideal candidate should have experience in non-surgical aesthetic treatments, excellent communication skills, and a commitment to delivering safe, high-…",https://www.simplyhired.co.in/job/PiWMk3SOW-tbG_ZTz0U1Cmzsn8Xzm3XyBHqxpGvY1G25iiZdY_22KQ,2026-07-12T12:29:41Z
simplyhired,zvEEVEaiXu1zlL06u8CYi7Vs5ctJIHRKgOgk9wcnmpuS84DEmitYIA,Chief Veterinary Officer,PETPRO INDIA,"Delhi, Delhi",Delhi,,"₹1,30,000 - ₹1,50,000 a month",130000,150000,per_month,full_time,Full-time,,doctors,hospital,True,Laboratory experience|Bachelor's degree|In-person|Leadership|Communication skills,,,2026-07-10,"*Trait:* Exceptional communication skills, leadership charisma, and an entrepreneurial mindset to drive a brand forward.",https://www.simplyhired.co.in/job/zvEEVEaiXu1zlL06u8CYi7Vs5ctJIHRKgOgk9wcnmpuS84DEmitYIA,2026-07-12T12:29:41Z
simplyhired,Tii0dlwbGWDFdVU3zAoMItPGRD5lbEHbEpD5Nk-zqtX-Hk11ZZh34A,Dental Assistant,CREA Dental Clinic,"Egmore, Chennai, Tamil Nadu",Chennai,,"₹1,20,000 - ₹1,80,000 a year",120000,180000,per_annum,full_time,Full-time|Day shift,,non_clinical,hospital,True,12th Pass|Computer skills|In-person|Diploma|Medical terminology,Health insurance,,2026-07-08,"Assist the dentist chairside during various procedures, including examinations, fillings, extractions, and other dental treatments.",https://www.simplyhired.co.in/job/Tii0dlwbGWDFdVU3zAoMItPGRD5lbEHbEpD5Nk-zqtX-Hk11ZZh34A,2026-07-12T12:29:41Z
simplyhired,2ndsPwIJf4bKvmX8Kg75GWnvGJb1qlduskSwLS8G4f9uXqrAjR6hqA,Staff Nurse,Athulya Assisted Living Pvt Ltd,"Kakkanad, Kochi, Kerala",Kochi,,"₹20,000 - ₹30,000 a month",20000,30000,per_month,full_time,Full-time,,nurses,hospital,True,Nursing|Management|English|ICU experience|Analysis skills|Computer skills|In-person|Diploma|Communication skills|Nursing|Time management,Commuter assistance|Health insurance,,2026-07-02,"Strategic thinker & excellent decision making skills. Ensuring safe medication management practices that include drug calculation, IV therapy, drug indenting…",https://www.simplyhired.co.in/job/2ndsPwIJf4bKvmX8Kg75GWnvGJb1qlduskSwLS8G4f9uXqrAjR6hqA,2026-07-12T12:29:41Z
simplyhired,sLSbx8AP3lSYtn0A3SbjBsLM2RNJ3iZ_OfJaD4n0nfNmUGGKl3a8ng,Pediatrician & Neonatologist,Advamed Hospital,"Zirakpur, Punjab",Zirakpur,,"₹1,50,000 - ₹2,00,000 a month",150000,200000,per_month,full_time,Full-time,,doctors,hospital,True,Medicine|Bachelor's degree|Patient care|In-person,,,2026-07-08,"Experience- Min 2-3 years handling all type of cases and OPD. Care, medication and treatment of an infant born with a medical condition.",https://www.simplyhired.co.in/job/sLSbx8AP3lSYtn0A3SbjBsLM2RNJ3iZ_OfJaD4n0nfNmUGGKl3a8ng,2026-07-12T12:29:41Z
simplyhired,fb1i1r2E7ATYbkGZ0MpYBhtOg3KSRELXKbKR1-qlGwn28RKG5pt5Vg,dental nurse /assistant,ALIGN DENTAL CARE,"Chennai, Tamil Nadu",Chennai,,"₹15,000 - ₹18,000 a month",15000,18000,per_month,full_time,Part-time|Full-time,,nurses,hospital,True,Anatomy knowledge|In-person|Medical terminology,,,2026-07-06,9 am to 830 pm .pay based on experience . Dental nurse with experience preffered for dental clinic full time work.,https://www.simplyhired.co.in/job/fb1i1r2E7ATYbkGZ0MpYBhtOg3KSRELXKbKR1-qlGwn28RKG5pt5Vg,2026-07-12T12:29:41Z
simplyhired,mMVDY6mH3DI1R4LJefkEkkVkn-MwgB-d3GqFU6-fK0uvEnFTxNZh9A,Front Office Receptionist,RJR PRIVATE LIMITED,"Pollachi, Tamil Nadu",Pollachi,,"From ₹10,000 a month",10000,10000,per_month,full_time,Full-time|Call employer,,non_clinical,hospital,True,Microsoft Powerpoint|Microsoft Word|English|Master's degree|Bachelor's degree|In-person,,,2026-07-09,Managing patient communications and prescription refills. Updating patient records and patient data.,https://www.simplyhired.co.in/job/mMVDY6mH3DI1R4LJefkEkkVkn-MwgB-d3GqFU6-fK0uvEnFTxNZh9A,2026-07-12T12:29:41Z
simplyhired,1ihEIt3HLmFpfI-XL0i6ZZdnzjGqKYXeOa88Xn9VILNcNXQYlDy0CQ,Registered Nurse,BOBADE HOSPITAL BARAMATI,"Baramati, Pune, Maharashtra",Pune,,Not Disclosed,,,,full_time,Full-time|Night shift,,nurses,hospital,True,Nursing|Bachelor's degree|Patient care|In-person|Nursing,,,2026-07-04,Day or Night duty according to shift. Coordinate patient care and data with concerned specialists. First point of contact with patients.,https://www.simplyhired.co.in/job/1ihEIt3HLmFpfI-XL0i6ZZdnzjGqKYXeOa88Xn9VILNcNXQYlDy0CQ,2026-07-12T12:29:41Z
simplyhired,9I3SVN9AtN40_d7RQDqWdkAjz-H-KZMtJljqOISkCYHaVxjmzAfcrw,Nurse,AddressHealth Solutions India Pvt Ltd,"Malad, Mumbai, Maharashtra",Mumbai,,"₹24,000 - ₹26,000 a month",24000,26000,per_month,full_time,Full-time|Call employer,,nurses,hospital,True,Nursing|B.Sc|English|ICU experience|Bachelor's degree|Pediatrics|In-person|Nursing,Health insurance,,2026-07-04,Smart freshers with good spoken English communication will also be considered. Vacancy -Lady Nurse for School Medical Room with good in English Communication.,https://www.simplyhired.co.in/job/9I3SVN9AtN40_d7RQDqWdkAjz-H-KZMtJljqOISkCYHaVxjmzAfcrw,2026-07-12T12:29:41Z
simplyhired,P7Q1T14fVz4bZd_nbQxIIXNCod7MwUK0OMBYVKLLoBK8V-5xaQYf_A,Medical Receptionist,cutiverse clinic,"Narhe, Pune, Maharashtra",Pune,,"₹6,000 - ₹7,000 a month",6000,7000,per_month,part_time,Part-time,,non_clinical,hospital,True,Nursing|12th Pass|Bachelor's degree|In-person|Medical terminology|Office experience,,,2026-07-08,Plan to hire clinical receptionist for part time job. Salary will be negotiable depending on experience.,https://www.simplyhired.co.in/job/P7Q1T14fVz4bZd_nbQxIIXNCod7MwUK0OMBYVKLLoBK8V-5xaQYf_A,2026-07-12T12:29:44Z
simplyhired,4kScYcIt9-WDa2ApKqcOO45viHJdCR_uJPhdX-e5Gl2icH3z2JqnRg,Dental Assistant,Orthosquare MultiSpeciality Dental Clinic Private Limited,"Marathahalli, Bengaluru, Karnataka",Bengaluru,,"₹10,000 - ₹18,000 a month",10000,18000,per_month,full_time,Part-time|Full-time,,non_clinical,hospital,True,Anatomy knowledge|In-person|Medical terminology|Communication skills,Flexible schedule,,2026-07-06,"Basic knowledge of dental procedures is an added advantage. Salary:* ₹10,000 – ₹18,000 per month (based on experience and skills).",https://www.simplyhired.co.in/job/4kScYcIt9-WDa2ApKqcOO45viHJdCR_uJPhdX-e5Gl2icH3z2JqnRg,2026-07-12T12:29:44Z
simplyhired,IDzN2OnlxgGncQcQkskhMSOe6tZ0i2WdwJTaWnss3ALCHsbixgkNxw,Physiotherapist,HEALTHVISTA INDIA LIMITED,"Bangalore City, Bengaluru, Karnataka",Bengaluru,,"₹16,000 - ₹17,778 a month",16000,17778,per_month,full_time,Urgently hiring|Full-time|Call employer,,non_clinical,hospital,True,Nursing|Anatomy knowledge|Bachelor's degree|In-person|Medical terminology,,,2026-07-02,Working hours - Part time 3-5 hrs (Should be flexible as per the clinics or hospitals timings).,https://www.simplyhired.co.in/job/IDzN2OnlxgGncQcQkskhMSOe6tZ0i2WdwJTaWnss3ALCHsbixgkNxw,2026-07-12T12:29:44Z
simplyhired,mewjKvVmCwDdwa4OltpXr-kqQyvlsIr0FbgzwCrh4GY_7vkeG_Gq9A,Dental Assistant/nurse,PNG healthcare,"Indiranagar, Bengaluru, Karnataka",Bengaluru,,"₹18,000 - ₹20,000 a month",18000,20000,per_month,full_time,Part-time|Full-time,,nurses,hospital,True,Anatomy knowledge|In-person|Medical terminology,Commuter assistance|Paid sick time,,2026-07-10,"Comprehensive one-month training program to understand our systems and SOPs. A dental assistant plays an important role in creating a comfortable, safe, and…",https://www.simplyhired.co.in/job/mewjKvVmCwDdwa4OltpXr-kqQyvlsIr0FbgzwCrh4GY_7vkeG_Gq9A,2026-07-12T12:29:44Z
simplyhired,lZjYN28UbfrdFe9rH88fRbTJI5NX1wPlIC6hT_TUtJyVvGpA0XqiHw,Dentist BDS 3 yrs & MDS 1 yr,Bishnoi Dental Care Pvt Ltd,"Jaipur, Rajasthan",Jaipur,,"₹25,000 - ₹60,000 a month",25000,60000,per_month,full_time,Full-time|Call employer,,doctors,hospital,True,Bachelor's degree|In-person|Medical terminology|Communication skills,,,2026-07-07,*BDS *with minimum 3 years of clinical experience. BDS (Dentists): 3 years (Preferred). Ensure excellent patient care and satisfaction.,https://www.simplyhired.co.in/job/lZjYN28UbfrdFe9rH88fRbTJI5NX1wPlIC6hT_TUtJyVvGpA0XqiHw,2026-07-12T12:29:44Z
simplyhired,qbbp01Zq83n3ihVboMLWR-0i_ITAdugtfX_PxouJlAzunRqSUowgcA,Supervisor Coding,UnitedHealth Group,"Noida, Uttar Pradesh",Noida,,Not Disclosed,,,,full_time,,,non_clinical,hospital,True,Anatomy knowledge|Analysis skills|Bachelor's degree|Medical terminology|Communication skills,Health insurance,,2026-07-07,"Comply with the terms and conditions of the employment contract, company policies and procedures, and any and all directives (such as, but not limited to,…",https://www.simplyhired.co.in/job/qbbp01Zq83n3ihVboMLWR-0i_ITAdugtfX_PxouJlAzunRqSUowgcA,2026-07-12T12:29:44Z
simplyhired,ahJEYYQc8DI_jzx6f8tTYtB11XoP_0jFGMop4eBP1DoozSO7YM8rVg,Senior Physiotherapist,Portea Medical,Delhi,Delhi,,"₹32,000 - ₹35,000 a month",32000,35000,per_month,full_time,Full-time|Call employer,,non_clinical,hospital,True,Anatomy knowledge|Bachelor's degree|In-person|Medical terminology,Health insurance,,2026-07-02,"Ensure compliance with healthcare regulations and quality standards. The SME will act as a key resource for physiotherapy-related knowledge, ensuring high-…",https://www.simplyhired.co.in/job/ahJEYYQc8DI_jzx6f8tTYtB11XoP_0jFGMop4eBP1DoozSO7YM8rVg,2026-07-12T12:29:44Z
simplyhired,x7H3O0ggxefBUSxD15detZB1bHmbUE67n9B2e47xNb6kYbgXLWsVMg,Dermatologist,Beau & Belle Wellness clinic,"Kolathur, Chennai, Tamil Nadu",Chennai,,"₹50,000 - ₹1,30,000 a month",50000,130000,per_month,full_time,Part-time|Full-time|Call employer,,doctors,hospital,True,Medicine|Bachelor's degree|Patient care|In-person|Communication skills,Flexible schedule,,2026-07-01,"1–5+ years of experience in dermatology or aesthetic practice (freshers can also apply). Patient Care & Follow-ups*. Chemical Peels, PRP, GFC, Microneedling.",https://www.simplyhired.co.in/job/x7H3O0ggxefBUSxD15detZB1bHmbUE67n9B2e47xNb6kYbgXLWsVMg,2026-07-12T12:29:44Z
simplyhired,DI487KKwURawMyZm64HIIlN7ZDjkCn9dN7m4ufcSgTT3lbLg8BIa7w,Doctor Senior/Consultant Physician,Sukino Healthcare Solutions Pvt Ltd,"Kochi, Kerala",Kochi,,Not Disclosed,,,,full_time,Full-time,,doctors,hospital,True,Medicine|ACLS Certification|ICU experience|Bachelor's degree|In-person|Leadership|Communication skills,Paid time off,,2026-07-09,"The role involves managing patients recovering from stroke, neurological disorders, traumatic brain injury, spinal cord injury, and other complex medical…",https://www.simplyhired.co.in/job/DI487KKwURawMyZm64HIIlN7ZDjkCn9dN7m4ufcSgTT3lbLg8BIa7w,2026-07-12T12:29:44Z
simplyhired,_GXVW7uojkVn-c_foDT-yJDnMKV6liJdpeKzht8pM-VSm7KIW6rmxw,Front office - Medavakkam/Navalur 3+Yrs exp,Zubnik Health Care Pvt Ltd,"Sithalapakkam, Chennai, Tamil Nadu",Chennai,,"₹18,000 - ₹20,000 a month",18000,20000,per_month,full_time,Full-time,,non_clinical,hospital,True,Microsoft Word|Microsoft Excel|Customer service|Organisational skills|Computer skills|In-person|Communication skills,Paid time off,,2026-07-05,"The ideal candidate will play a key role in the overall operations of our dental practice by providing exceptional customer service, handling administrative…",https://www.simplyhired.co.in/job/_GXVW7uojkVn-c_foDT-yJDnMKV6liJdpeKzht8pM-VSm7KIW6rmxw,2026-07-12T12:29:44Z
simplyhired,NN13yNOHc2lfKaBNEWbjNKB2iWHrcAMiPM_8RoJOhGepHBNRtOrPHA,Front office - Medavakkam/Navalur 3+Yrs exp,Zubnik Health Care Pvt Ltd,"Medavakkam, Chennai, Tamil Nadu",Chennai,,"₹18,000 - ₹20,000 a month",18000,20000,per_month,full_time,Full-time,,non_clinical,hospital,True,Microsoft Word|Microsoft Excel|Customer service|Organisational skills|Computer skills|In-person|Communication skills,Paid time off,,2026-07-05,"The ideal candidate will play a key role in the overall operations of our dental practice by providing exceptional customer service, handling administrative…",https://www.simplyhired.co.in/job/NN13yNOHc2lfKaBNEWbjNKB2iWHrcAMiPM_8RoJOhGepHBNRtOrPHA,2026-07-12T12:29:44Z
simplyhired,Ue3MdcIh02Ts0mKdW7e-7rNi-P2mujpUVdSEFTVt0geSDRY6QIcX4Q,Chief Veterinary Officer,PETPRO INDIA,"Ludhiana, Punjab",Ludhiana,,"₹1,30,000 - ₹1,50,000 a month",130000,150000,per_month,full_time,Full-time,,doctors,hospital,True,Laboratory experience|Bachelor's degree|In-person|Leadership|Communication skills,,,2026-07-10,"*Trait:* Exceptional communication skills, leadership charisma, and an entrepreneurial mindset to drive a brand forward.",https://www.simplyhired.co.in/job/Ue3MdcIh02Ts0mKdW7e-7rNi-P2mujpUVdSEFTVt0geSDRY6QIcX4Q,2026-07-12T12:29:44Z
simplyhired,-5-FZWW1WR1igrHQb5LBGCuOUAgGAnqCSfa2zR5g5XMd9Bcsn_aljQ,Chief Veterinary Officer,PETPRO INDIA,"Ludhiana, Punjab",Ludhiana,,"₹1,30,000 - ₹1,50,000 a month",130000,150000,per_month,full_time,Full-time,,doctors,hospital,True,Laboratory experience|Bachelor's degree|In-person|Leadership|Communication skills,,,2026-07-10,"*Trait:* Exceptional communication skills, leadership charisma, and an entrepreneurial mindset to drive a brand forward.",https://www.simplyhired.co.in/job/-5-FZWW1WR1igrHQb5LBGCuOUAgGAnqCSfa2zR5g5XMd9Bcsn_aljQ,2026-07-12T12:29:44Z
simplyhired,_tNDoevbPPln9VHl8gxqbilOGICuiG7cTZNmsQcDblVr6nktzPSE5A,Doctor Senior/Consultant Physician,Sukino Healthcare Solutions Pvt Ltd,"Calicut, Kerala",Calicut,,Not Disclosed,,,,full_time,Full-time,,doctors,hospital,True,Medicine|ACLS Certification|ICU experience|Bachelor's degree|In-person|Leadership|Communication skills,Paid time off,,2026-07-09,"The role involves managing patients recovering from stroke, neurological disorders, traumatic brain injury, spinal cord injury, and other complex medical…",https://www.simplyhired.co.in/job/_tNDoevbPPln9VHl8gxqbilOGICuiG7cTZNmsQcDblVr6nktzPSE5A,2026-07-12T12:29:44Z
simplyhired,gX3p7HvzVobvctMxRxdwgHzybwa7OkatF_cfGvIteJxpl7cJWyEbZg,Senior Staff Nurse,Advamed Hospital,"Zirakpur, Punjab",Zirakpur,,"₹18,000 - ₹25,000 a month",18000,25000,per_month,full_time,Full-time,,nurses,hospital,True,Nursing|Patient monitoring|B.Sc|Bachelor's degree|Patient care|In-person|Diploma|Medical terminology|Nursing,Health insurance|Paid time off,,2026-07-06,Salary is negotiable according to experience. Looking for experience in OBS & Gynecology department. Experience in Labor Patient monitoring.,https://www.simplyhired.co.in/job/gX3p7HvzVobvctMxRxdwgHzybwa7OkatF_cfGvIteJxpl7cJWyEbZg,2026-07-12T12:29:44Z
simplyhired,vWkXTAq9sSV9N4cTOAI8oNS_3J1FEmHy8wdcc9rxn0i8odPHJWqjww,Senior Medical Coder,UnitedHealth Group,"Hyderabad, Telangana",Hyderabad,,Not Disclosed,,,,full_time,,,non_clinical,hospital,True,Word processing|Bachelor's degree|Epic|Communication skills,Health insurance,,2026-07-07,"Consistency and completeness of coding using established CMS criteria and regulations. Comply with the terms and conditions of the employment contract, company…",https://www.simplyhired.co.in/job/vWkXTAq9sSV9N4cTOAI8oNS_3J1FEmHy8wdcc9rxn0i8odPHJWqjww,2026-07-12T12:29:44Z
simplyhired,KZd9-VnTYFulmCz6phtcIoYiXnHjQu1hz2cI-nnJHTjVu3FKs8npww,Nurse,Zealver Living Pvt. Ltd.,"Navi Mumbai, Maharashtra",Navi Mumbai,,"₹22,000 - ₹24,000 a month",22000,24000,per_month,full_time,Full-time,,nurses,hospital,True,Bachelor's degree|Patient care|In-person|Nursing,,,2026-07-01,"Coordinate with caregivers to ensure proper resident care. Conduct daily BP, pulse, and basic health monitoring of residents.",https://www.simplyhired.co.in/job/KZd9-VnTYFulmCz6phtcIoYiXnHjQu1hz2cI-nnJHTjVu3FKs8npww,2026-07-12T12:29:44Z
simplyhired,aJnBadL5Y5OG_syDehuGQOyiQAkTpBtohuCIu8R-EMpdXDMn3PYS1Q,Center Operations and Growth Manager,Samarth Early Intervention Center,"Wakad, Pune, Maharashtra",Pune,,"₹13,939.70 - ₹27,000.00 a month",13940,27000,per_month,full_time,Full-time,,non_clinical,hospital,True,Management|English|Microsoft Office|Bachelor's degree|Team management|In-person|Communication skills,Paid time off,,2026-07-08,"3–5 years of experience in operations, administration, office management, education, healthcare, or a service-based organisation.",https://www.simplyhired.co.in/job/aJnBadL5Y5OG_syDehuGQOyiQAkTpBtohuCIu8R-EMpdXDMn3PYS1Q,2026-07-12T12:29:44Z
simplyhired,EJ756x6yG9DwBTnAQQmWT8bnTFaeKFmnPuwwcbuBNj_qDr97hgazTw,Receptionist,AARUSH MULTISPECIALITY HOSPITAL,"Virar, Maharashtra",Virar,,"₹12,000 - ₹18,000 a month",12000,18000,per_month,full_time,Full-time,,non_clinical,hospital,True,Nursing|English|12th Pass|Bachelor's degree|In-person|Medical terminology|Office experience,Paid time off,,2026-06-29,"The Receptionist is responsible for welcoming patients and visitors, registering patients, scheduling appointments, answering telephone calls, maintaining…",https://www.simplyhired.co.in/job/EJ756x6yG9DwBTnAQQmWT8bnTFaeKFmnPuwwcbuBNj_qDr97hgazTw,2026-07-12T12:29:44Z
simplyhired,JR53AIcbwRm4SDeRy2awrfzQdPfjpgOfQTBJLnRZi6wV5fVRf8LUmg,Resident Dentist,PureAura Health Care Private Limited,"Bengaluru, Karnataka",Bengaluru,,"₹35,000 - ₹1,00,000 a month",35000,100000,per_month,full_time,Weekend availability|Email|Full-time,,doctors,hospital,True,English|In-person|Communication skills,Health insurance|Paid time off|Flexible schedule,,2026-07-05,"Good communication skills in English and Kannada; Hindi/Telugu/Tamil an advantage. We deliver high-quality, patient-first dental care across general dentistry,…",https://www.simplyhired.co.in/job/JR53AIcbwRm4SDeRy2awrfzQdPfjpgOfQTBJLnRZi6wV5fVRf8LUmg,2026-07-12T12:29:44Z
simplyhired,YM-YkVgRXMPbBWa2VU6wvqjNpfE6WPuugN42Ex_r7cGiUrQ-bHm0Gw,DRG Dispute Reviewer-2,Zelis,Telangana,Telangana,,Not Disclosed,,,,hybrid,Full-time,Hybrid work,non_clinical,hospital,True,Research|Analysis skills|Bachelor's degree|Communication skills|Negotiation|Time management|Analytics,,,2026-07-01,"Background and/or understanding of the healthcare industry. Experience performing regulatory research from multiple sources, formulating an opinion, and…",https://www.simplyhired.co.in/job/YM-YkVgRXMPbBWa2VU6wvqjNpfE6WPuugN42Ex_r7cGiUrQ-bHm0Gw,2026-07-12T12:29:46Z
simplyhired,o0TyvkYRV4aCu8ECVIwyz03bfRQEX0CXNsSsSk-lJVw5xXZOOoGN3g,Patient Relationship Manager,Indira IVF Hospital Pvt Ltd,"Jaipur, Rajasthan",Jaipur,,"₹25,000 - ₹40,000 a month",25000,40000,per_month,full_time,Full-time,,non_clinical,hospital,True,CRM software|Bachelor's degree|In-person|Medical terminology,,,2026-06-30,"Familiarity with patient management systems and CRM tools is an advantage*. Prior experience in healthcare, IVF, or patient counselling roles is preferred*.",https://www.simplyhired.co.in/job/o0TyvkYRV4aCu8ECVIwyz03bfRQEX0CXNsSsSk-lJVw5xXZOOoGN3g,2026-07-12T12:29:46Z
simplyhired,feujctWJRwbuBWUtQ3ddb02sKhqSz9bJ3HkUdE73l6Q1FaE9GuveFA,Subject Matter Expert - IPDRG,UnitedHealth Group,"Chennai, Tamil Nadu",Chennai,,Not Disclosed,,,,full_time,,,non_clinical,hospital,True,,Health insurance,,2026-07-07,"Be able to code 1.5-2.5 charts per hour and meeting the standards for quality criteria. Comply with the terms and conditions of the employment contract, company…",https://www.simplyhired.co.in/job/feujctWJRwbuBWUtQ3ddb02sKhqSz9bJ3HkUdE73l6Q1FaE9GuveFA,2026-07-12T12:29:46Z
simplyhired,wlyuQ3xcFzZAQWDv7JJ91HCnr_vE8pQUxGqXEKKaAQ7q0V6vYyh_4A,CONSULTANT NEUROLOGIST,"Prachin Global Hospitals, Patancheru, Hyderabad","Patancheru, Hyderabad, Telangana",Hyderabad,,"₹4,00,000 - ₹4,50,000 a month",400000,450000,per_month,full_time,Full-time|Call employer,,doctors,hospital,True,Medicine|Bachelor's degree|In-person|Communication skills,,,2026-07-10,"Prachin Global Hospitals is hiring an experienced *consultant neurologist who is r*esponsible for the diagnosis, treatment, and management of patients with…",https://www.simplyhired.co.in/job/wlyuQ3xcFzZAQWDv7JJ91HCnr_vE8pQUxGqXEKKaAQ7q0V6vYyh_4A,2026-07-12T12:29:46Z
simplyhired,4wZn0ocd3BNccjr4zGJ98_rV4j8YtF_BGFiiFedtbFoNdzLL8v2tJg,Chief Veterinary Officer,PETPRO INDIA,"Gurgaon H.O, Gurugram, Haryana",Gurugram,,"₹1,30,000 - ₹1,50,000 a month",130000,150000,per_month,full_time,Full-time,,doctors,hospital,True,Laboratory experience|Bachelor's degree|In-person|Leadership|Communication skills,,,2026-07-10,"*Trait:* Exceptional communication skills, leadership charisma, and an entrepreneurial mindset to drive a brand forward.",https://www.simplyhired.co.in/job/4wZn0ocd3BNccjr4zGJ98_rV4j8YtF_BGFiiFedtbFoNdzLL8v2tJg,2026-07-12T12:29:46Z
simplyhired,fdbUfwLS8afkeDoxx1p98rB6L3cq1crk2tUUxAk4NY50ctjoX1HEHg,Front office - Medavakkam/Navalur 3+Yrs exp,Zubnik Health Care Pvt Ltd,"Sholinganallur, Chennai, Tamil Nadu",Chennai,,"₹18,000 - ₹20,000 a month",18000,20000,per_month,full_time,Full-time,,non_clinical,hospital,True,Microsoft Word|Microsoft Excel|Customer service|Organisational skills|Computer skills|In-person|Communication skills,Paid time off,,2026-07-05,"The ideal candidate will play a key role in the overall operations of our dental practice by providing exceptional customer service, handling administrative…",https://www.simplyhired.co.in/job/fdbUfwLS8afkeDoxx1p98rB6L3cq1crk2tUUxAk4NY50ctjoX1HEHg,2026-07-12T12:29:46Z
simplyhired,6L9pHb6LTbFbX-HeqpXldaDe3-wcKtY0ZmtFV-PBDIxdkNV1Yjmanw,Front office - Medavakkam/Navalur 3+Yrs exp,Zubnik Health Care Pvt Ltd,"Chengalpattu, Chennai, Tamil Nadu",Chennai,,"₹18,000 - ₹20,000 a month",18000,20000,per_month,full_time,Full-time,,non_clinical,hospital,True,Microsoft Word|Microsoft Excel|Customer service|Organisational skills|Computer skills|In-person|Communication skills,Paid time off,,2026-07-05,"The ideal candidate will play a key role in the overall operations of our dental practice by providing exceptional customer service, handling administrative…",https://www.simplyhired.co.in/job/6L9pHb6LTbFbX-HeqpXldaDe3-wcKtY0ZmtFV-PBDIxdkNV1Yjmanw,2026-07-12T12:29:46Z
simplyhired,lBcf2BU_Zamtlc6EyQ21VIpXex0-B2zV70Qcbv9yN2E7fLu58nKJHQ,"Junior Dentist - Ramamurthy nagar, bangalore",KKS Dental and Medical Care,"Ramamurthy Nagar, Bengaluru, Karnataka",Bengaluru,,"₹20,000 - ₹27,000 a month",20000,27000,per_month,full_time,Full-time,,doctors,hospital,True,Bachelor's degree|In-person|Medical terminology|Communication skills,,,2026-07-12,Do you know root canal treatments. Conduct dental exams and diagnose oral health issues. Develop and communicate treatment plans.,https://www.simplyhired.co.in/job/lBcf2BU_Zamtlc6EyQ21VIpXex0-B2zV70Qcbv9yN2E7fLu58nKJHQ,2026-07-12T12:29:46Z
simplyhired,sF6gchxcj6BUB_MJ4LZ-9vC_SxgdWtshY_nXc_3ro2lJXC7m0KfDKg,Speech Language Pathologist,Saivika,"Hyderabad, Telangana",Hyderabad,,"₹20,000 - ₹60,000 a month",20000,60000,per_month,full_time,Full-time,,non_clinical,hospital,True,Bachelor's degree|In-person|Medical terminology|Communication skills,,,2026-07-08,Passion for working with children. Join Saivika Health / Saivika CDC and be part of a multidisciplinary team supporting children with developmental and…,https://www.simplyhired.co.in/job/sF6gchxcj6BUB_MJ4LZ-9vC_SxgdWtshY_nXc_3ro2lJXC7m0KfDKg,2026-07-12T12:29:46Z
simplyhired,wSthkvVKUjic6o9FoNi1Q0FYmUlZr4z0WAWSC9Ayj8MUGrCBeapa3A,Speech Language Pathologist,ABLE CHILD DEVELOPMENT CENTRE,"Calicut, Kerala",Calicut,,"₹30,000 - ₹60,000 a month",30000,60000,per_month,full_time,Full-time,,non_clinical,hospital,True,Bachelor's degree|Pediatrics|In-person|Communication skills,,,2026-07-10,"Passion for working with children and families. Comfortable working closely with parents. Conduct comprehensive speech, language, communication, and feeding…",https://www.simplyhired.co.in/job/wSthkvVKUjic6o9FoNi1Q0FYmUlZr4z0WAWSC9Ayj8MUGrCBeapa3A,2026-07-12T12:29:46Z
simplyhired,-M-Cy2Z1Evv7QJ3WoyNbhGKBc_eZcXFjo_r2up6gfsAMREwqT0NPjw,Registered Nurse for Kuwait - Qatar,Ozone Overseas Consultants,"Kochi, Kerala",Kochi,,"₹1,00,000 - ₹1,50,000 a month",100000,150000,per_month,full_time,Full-time,,nurses,hospital,True,Nursing|B.Sc|Bachelor's degree|In-person|Communication skills,Health insurance,,2026-07-01,Dataflow is *not required* to attend the interview. Ability to work effectively in a multicultural healthcare environment. Earn up to ₹1.5 Lakhs per month\**.,https://www.simplyhired.co.in/job/-M-Cy2Z1Evv7QJ3WoyNbhGKBc_eZcXFjo_r2up6gfsAMREwqT0NPjw,2026-07-12T12:29:46Z
simplyhired,qmrb8wJFkVY-UzetZEUP0nPEyLTC4vvIfpluiawQQxcc4S-AyXqICw,Retail Store Optometrist,ELUNO,"Jayanagar, Bengaluru, Karnataka",Bengaluru,,"₹2,50,000 - ₹5,00,000 a year",250000,500000,per_annum,full_time,Weekend availability|Full-time|Rotational shift,,non_clinical,hospital,True,Bachelor's degree|In-person|Diploma|Communication skills,Health insurance|Life insurance,,2026-07-08,"In this role, you will conduct comprehensive eye examinations, recommend suitable vision correction solutions, and deliver an exceptional customer experience…",https://www.simplyhired.co.in/job/qmrb8wJFkVY-UzetZEUP0nPEyLTC4vvIfpluiawQQxcc4S-AyXqICw,2026-07-12T12:29:46Z
simplyhired,kTnCqf7I_XfdD7oQdvLcx18uM8IqiASIfFCqMg47JO6RSeZblsxjbw,Senior Physiotherapist,Portea Medical,"Domlur, Bengaluru, Karnataka",Bengaluru,,"₹35,000 - ₹40,000 a month",35000,40000,per_month,full_time,Full-time|Call employer,,non_clinical,hospital,True,Anatomy knowledge|Bachelor's degree|In-person|Medical terminology,Health insurance,,2026-07-08,"Ensure compliance with healthcare regulations and quality standards. The SME will act as a key resource for physiotherapy-related knowledge, ensuring high-…",https://www.simplyhired.co.in/job/kTnCqf7I_XfdD7oQdvLcx18uM8IqiASIfFCqMg47JO6RSeZblsxjbw,2026-07-12T12:29:46Z
simplyhired,s9qscLHTIYz2EKVAsOrT4HchIJ5_rPsr30898sjmu1YDCwgDCtk6nw,Retail Store Optometrist,ELUNO,"Sarjapura, Bengaluru, Karnataka",Bengaluru,,"₹2,50,000 - ₹5,00,000 a year",250000,500000,per_annum,full_time,Weekend availability|Full-time|Rotational shift,,non_clinical,hospital,True,Bachelor's degree|In-person|Diploma|Communication skills,Health insurance|Life insurance,,2026-07-08,"In this role, you will conduct comprehensive eye examinations, recommend suitable vision correction solutions, and deliver an exceptional customer experience…",https://www.simplyhired.co.in/job/s9qscLHTIYz2EKVAsOrT4HchIJ5_rPsr30898sjmu1YDCwgDCtk6nw,2026-07-12T12:29:46Z
simplyhired,wM8-kc1vkzjr-uvODNWj_7Bnsqt56r6ZjjPz12Cm6A1cvi1liMgIPw,Clinic Administrator,Dr. Beema Clinic For Child Development,"Vyttila, Kochi, Kerala",Kochi,,"₹10,000 - ₹12,000 a month",10000,12000,per_month,full_time,Full-time,,non_clinical,hospital,True,Management|English|Microsoft Office|Bachelor's degree|Accounting|Organisational skills|In-person|Accounting|Communication skills,,,2026-07-08,A great admin manager has excellent communication and organizational skills. We are looking for a clinic administrator to supervise daily operations of our…,https://www.simplyhired.co.in/job/wM8-kc1vkzjr-uvODNWj_7Bnsqt56r6ZjjPz12Cm6A1cvi1liMgIPw,2026-07-12T12:29:46Z
simplyhired,03S6XEVxw0JCUXWFbOOkE2rGJffV3hqmfY4pSGRSzVWS0UbDxU6I8Q,Physiotherapist – Patient Home Visits,C2W,"Thoppumpady, Kochi, Kerala",Kochi,,"₹20,000 - ₹30,000 a month",20000,30000,per_month,full_time,Full-time,,non_clinical,hospital,True,Bachelor's degree|Driving|Travel|In-person|Medical terminology|Communication skills,Paid time off|Flexible schedule|Paid sick time,,2026-07-11,Collaborate with healthcare professionals for comprehensive patient management. Conduct physiotherapy assessments and prepare individualized treatment plans.,https://www.simplyhired.co.in/job/03S6XEVxw0JCUXWFbOOkE2rGJffV3hqmfY4pSGRSzVWS0UbDxU6I8Q,2026-07-12T12:29:46Z
simplyhired,RndyeaHK_pxDVMvjU_HMd9YHRO4kSfU9h3eTShiAGohYE7dIHJqxuA,Cosmetologist,FACES AESTHETICCLINIC,"Noida, Uttar Pradesh",Noida,,"₹15,000 - ₹25,000 a month",15000,25000,per_month,full_time,Full-time,,doctors,hospital,True,Medicine|English|Bachelor's degree|In-person,,,2026-07-05,"Also, teh candidate should be good in English and have excellent convincing ability to improve the overall clinic business.",https://www.simplyhired.co.in/job/RndyeaHK_pxDVMvjU_HMd9YHRO4kSfU9h3eTShiAGohYE7dIHJqxuA,2026-07-12T12:29:46Z
simplyhired,1cnjXl0HOQ5UwdwKgoRKdj-d2vFQf8LOuhDKhacjl8EoGQ3s28mbtw,Clinical physiotherapist,orthoflex physiotherapy,"Mulund, Mumbai, Maharashtra",Mumbai,,"₹10,000 - ₹35,000 a month",10000,35000,per_month,full_time,Part-time|Full-time,,non_clinical,hospital,True,Anatomy knowledge|Patient monitoring|Bachelor's degree|In-person|Medical terminology,,,2026-07-01,"The clinical physiotherapist will responsible for delivering treatment to patients, creating customized treatment plans, monitoring patient progress and…",https://www.simplyhired.co.in/job/1cnjXl0HOQ5UwdwKgoRKdj-d2vFQf8LOuhDKhacjl8EoGQ3s28mbtw,2026-07-12T12:29:46Z
simplyhired,9fxesjf2G6aBjnFyhTJym6aVMJ1oWUw3ArHaA3eUOzsl5rULuOmYbQ,Patient Relationship Manager,Indira IVF Hospital Pvt Ltd,"Chandigarh, Chandigarh",Chandigarh,,"₹25,000 - ₹40,000 a month",25000,40000,per_month,full_time,Full-time,,non_clinical,hospital,True,CRM software|Bachelor's degree|In-person|Medical terminology,,,2026-06-30,"Familiarity with patient management systems and CRM tools is an advantage*. Pay: ₹25,000.00 - ₹40,000.00 per month.",https://www.simplyhired.co.in/job/9fxesjf2G6aBjnFyhTJym6aVMJ1oWUw3ArHaA3eUOzsl5rULuOmYbQ,2026-07-12T12:29:49Z
simplyhired,l_Ob9u50nalN-yVifFKW8SMF8ptxNoIXkSL2sENETnHAF4_z4Iu8Fw,Manager Medical Coding - IPDRG,UnitedHealth Group,"Hyderabad, Telangana",Hyderabad,,Not Disclosed,,,,full_time,,,non_clinical,hospital,True,Analysis skills|Project management|Bachelor's degree|Budgeting|Communication skills,Health insurance,,2026-07-07,We are committed to mitigating our impact on the environment and enabling and delivering equitable care that addresses health disparities and improves health…,https://www.simplyhired.co.in/job/l_Ob9u50nalN-yVifFKW8SMF8ptxNoIXkSL2sENETnHAF4_z4Iu8Fw,2026-07-12T12:29:49Z
simplyhired,9txGgU_aCSsTrQmdlHl5CBYnFLu37yg2VBOYAK6k7IDlI6iYjPBOdA,Front office - Medavakkam/Navalur 3+Yrs exp,Zubnik Health Care Pvt Ltd,"Navalur, Tamil Nadu",Navalur,,"₹18,000 - ₹20,000 a month",18000,20000,per_month,full_time,Full-time,,non_clinical,hospital,True,Microsoft Word|Microsoft Excel|Customer service|Organisational skills|Computer skills|In-person|Communication skills,Paid time off,,2026-07-05,"The ideal candidate will play a key role in the overall operations of our dental practice by providing exceptional customer service, handling administrative…",https://www.simplyhired.co.in/job/9txGgU_aCSsTrQmdlHl5CBYnFLu37yg2VBOYAK6k7IDlI6iYjPBOdA,2026-07-12T12:29:49Z
simplyhired,sOehyaRaVWVXJJGnFazM_wPLKA32b4pm3rKIDuykp86O_0X6bqy24w,Speech Therapist,Gupta's speech and hearing Centre,"Bengaluru, Karnataka",Bengaluru,,"₹35,000 - ₹55,000 a month",35000,55000,per_month,full_time,Urgently hiring|Full-time|Call employer,,non_clinical,hospital,True,Anatomy knowledge|Master's degree|In-person|Medical terminology,,,2026-07-11,\*Administer speech and language evaluation. \*Develop and implement speech and language goals and treatment plan.,https://www.simplyhired.co.in/job/sOehyaRaVWVXJJGnFazM_wPLKA32b4pm3rKIDuykp86O_0X6bqy24w,2026-07-12T12:29:49Z
simplyhired,9Cf6KcPA9pnFuh2taX699mRW0LMhvYjUGLZjRofRRfDleKn6tv_ftQ,Front office - Medavakkam/Navalur 3+Yrs exp,Zubnik Health Care Pvt Ltd,"Siruseri, Chennai, Tamil Nadu",Chennai,,"₹18,000 - ₹20,000 a month",18000,20000,per_month,full_time,Full-time,,non_clinical,hospital,True,Microsoft Word|Microsoft Excel|Customer service|Organisational skills|Computer skills|In-person|Communication skills,Paid time off,,2026-07-05,"The ideal candidate will play a key role in the overall operations of our dental practice by providing exceptional customer service, handling administrative…",https://www.simplyhired.co.in/job/9Cf6KcPA9pnFuh2taX699mRW0LMhvYjUGLZjRofRRfDleKn6tv_ftQ,2026-07-12T12:29:49Z
simplyhired,2mNZN18M0pjK3BQ4-_4N0UK-Tf1a42vxB_e411sQIU6MhelLMQuzQA,Nurse,AddressHealth Solutions India Pvt Ltd,"Hyderabad, Telangana",Hyderabad,,"₹22,000 - ₹25,000 a month",22000,25000,per_month,full_time,Full-time|Call employer,,nurses,hospital,True,Nursing|B.Sc|English|ICU experience|Bachelor's degree|Pediatrics|In-person|Nursing,Health insurance,,2026-07-04,Smart freshers with good spoken English communication will also be considered. Vacancy -Lady Nurse for School Medical Room with good in English Communication.,https://www.simplyhired.co.in/job/2mNZN18M0pjK3BQ4-_4N0UK-Tf1a42vxB_e411sQIU6MhelLMQuzQA,2026-07-12T12:29:49Z
simplyhired,cAU1xLJYNObOSwxaCxNMKLztpUljmwp6sZlhuOEUm_UCbFIir7IGvQ,Consultant Physiotherapist,Vitalis Yoga and Physiotherapy,"Navi Mumbai, Maharashtra",Navi Mumbai,,"₹15,000 - ₹25,000 a month",15000,25000,per_month,full_time,Full-time,,non_clinical,hospital,True,Bachelor's degree|In-person|Medical terminology|Communication skills,Health insurance,,2026-07-09,The role involves working closely with other fitness professionals and providing education and advice to patients for long-term health benefits.,https://www.simplyhired.co.in/job/cAU1xLJYNObOSwxaCxNMKLztpUljmwp6sZlhuOEUm_UCbFIir7IGvQ,2026-07-12T12:29:49Z
simplyhired,stNdlhsIIz7PBULBF4iGZH24CsXt3fPXqmNdNwKwTc4UwMTckosGSQ,General Dentist,Dr.Ayesha's Clinic,"Chennai, Tamil Nadu",Chennai,,"₹12,000 - ₹15,000 a month",12000,15000,per_month,full_time,Full-time,,doctors,hospital,True,Bachelor's degree|In-person|Medical terminology|Communication skills,Paid sick time,,2026-07-11,"Strong clinical skills, professionalism and excellent communication are essential. The ideal candidate should be committed to providing high-quality patient…",https://www.simplyhired.co.in/job/stNdlhsIIz7PBULBF4iGZH24CsXt3fPXqmNdNwKwTc4UwMTckosGSQ,2026-07-12T12:29:49Z
simplyhired,iiFEMjxhzWOGRJi28mCbm2RyArZfi5XaLPYvt1t4hZITaCuT6YrxNw,Staff Nurse,Calida Rehab,"Pune, Maharashtra",Pune,,"₹18,000 - ₹22,000 a month",18000,22000,per_month,full_time,Full-time,,nurses,hospital,True,Nursing|Patient monitoring|B.Sc|Bachelor's degree|Patient care|In-person|Care plans|Nursing,Food provided,,2026-07-11,Experience in a rehabilitation or healthcare facility setting preferred. Assess patient needs and develop individualized care plans in collaboration with the…,https://www.simplyhired.co.in/job/iiFEMjxhzWOGRJi28mCbm2RyArZfi5XaLPYvt1t4hZITaCuT6YrxNw,2026-07-12T12:29:49Z
simplyhired,WeAar4tG65Ek8SQ3fMTxNbXZNTopPeF08HvkcnY1Blmn4NzxUBxA9A,ICU Nurse,Apollo Hospitals,"Noida, Uttar Pradesh",Noida,,"₹30,000 - ₹50,000 a month",30000,50000,per_month,full_time,Full-time,,nurses,hospital,True,Patient monitoring|Bachelor's degree|In-person|Care plans|Nursing,Food provided,,2026-06-29,"Pay: ₹30,000.00 - ₹50,000.00 per month. *Patient Advocacy & Family Support:* Provide emotional support, explain treatment timelines, and help families navigate…",https://www.simplyhired.co.in/job/WeAar4tG65Ek8SQ3fMTxNbXZNTopPeF08HvkcnY1Blmn4NzxUBxA9A,2026-07-12T12:29:49Z
simplyhired,2L2HOiddX0N9pzMPUKagiQME3fF6MEWuQskOjlgxZRMCDLukkJmrng,Radiotherapy Technologist - Kauvery Hospitals - Alwarpet,Sri Kauvery Medical Care (India) Pvt Ltd,"Alwarpet, Chennai, Tamil Nadu",Chennai,,"₹19,000.80 - ₹30,000.00 a month",19001,30000,per_month,full_time,Full-time,,doctors,hospital,True,B.Sc|Bachelor's degree|Computer skills|In-person|Communication skills,Commuter assistance|Health insurance|Life insurance|Paid sick time,,2026-07-11,Educate patients regarding treatment procedures and address concerns. Understanding of treatment planning systems and oncology information systems.,https://www.simplyhired.co.in/job/2L2HOiddX0N9pzMPUKagiQME3fF6MEWuQskOjlgxZRMCDLukkJmrng,2026-07-12T12:29:49Z
simplyhired,jPEF8mQ8Jx2PG63RDHVTqBrRRvUeWa_zggruNgu5zeltMznOG42XLw,Subject Matter Expert-E/M,UnitedHealth Group,"Chennai, Tamil Nadu",Chennai,,Not Disclosed,,,,full_time,,,non_clinical,hospital,True,EMR systems|Communication skills,Health insurance,,2026-07-07,"Comply with the terms and conditions of the employment contract, company policies and procedures, and any and all directives (such as, but not limited to,…",https://www.simplyhired.co.in/job/jPEF8mQ8Jx2PG63RDHVTqBrRRvUeWa_zggruNgu5zeltMznOG42XLw,2026-07-12T12:29:49Z
simplyhired,ZdiSuCfEzqrJDgHzyDHBbZhf3fNr-1Z1wRS6Z4Tvga5nn3ysHhm7PA,Consulting Doctor,Therefore I'm,"Calicut, Kerala",Calicut,,Not Disclosed,,,,full_time,Full-time,,doctors,hospital,True,Medicine|Bachelor's degree|In-person|Communication skills,,,2026-07-03,We are seeking a qualified MBBS Doctor with an interest or experience in cosmetology and aesthetic medicine. Collaborate with clinic staff to ensure excellent…,https://www.simplyhired.co.in/job/ZdiSuCfEzqrJDgHzyDHBbZhf3fNr-1Z1wRS6Z4Tvga5nn3ysHhm7PA,2026-07-12T12:29:49Z
simplyhired,2fN-6Ap4Z3lbNyEjdhJKN9tBpFOX46LEJayhRglt6aCYUXz5xrU09w,Senior medical Lab Technician for pathology lab,Celsius diagnostics,"Karaikkudi, Tamil Nadu",Karaikkudi,,"₹15,000 - ₹20,000 a month",15000,20000,per_month,full_time,,,non_clinical,pharma,True,Blood sampling|Laboratory experience|Master's degree|In-person|Medical terminology|Hospital experience,Food provided,,2026-07-07,"Experienced senior LAB TECHNICIAN able to handle HEMATOLOGY ,BIO CHEMISTRY SEMI AUTO ANALYSER, ELECTROLYTES, CLIA, ELISA and has experience in molecular…",https://www.simplyhired.co.in/job/2fN-6Ap4Z3lbNyEjdhJKN9tBpFOX46LEJayhRglt6aCYUXz5xrU09w,2026-07-12T12:29:49Z
simplyhired,jVj2fGL4l7RxJ2awhoB69aFwytQO66v3uborwMO3R5a4Imfa21UR5Q,Consultant / Specialist – Medical Gastroenterology,SMILES INSTITUTE OF GASTROENTEROLOGY LLP,"HSR Layout, Bengaluru, Karnataka",Bengaluru,,"₹3,00,000 - ₹4,00,000 a month",300000,400000,per_month,part_time,Part-time,,doctors,hospital,True,In-person,,,2026-07-10,"*Emergency Care:* Provide 24/7 on-call coverage for emergencies, including gastrointestinal bleeding and foreign body removals.",https://www.simplyhired.co.in/job/jVj2fGL4l7RxJ2awhoB69aFwytQO66v3uborwMO3R5a4Imfa21UR5Q,2026-07-12T12:29:49Z
simplyhired,Wrb4UliV6nQ378w69hp5lhDGc758JcDFlsn4v3XPBW75ZMYctQkxvg,Home Care Nurse,Apollo Hospitals,"Chennai, Tamil Nadu",Chennai,,"₹15,000 - ₹45,000 a month",15000,45000,per_month,full_time,Full-time|Call employer,,nurses,hospital,True,Nursing|Bachelor's degree|In-person|Care plans|Nursing,,,2026-06-29,"More details regarding the job role will be explain during interview. Role - Provide nursing services for Homecare patient. Job Types: Full-time, Permanent.",https://www.simplyhired.co.in/job/Wrb4UliV6nQ378w69hp5lhDGc758JcDFlsn4v3XPBW75ZMYctQkxvg,2026-07-12T12:29:49Z
simplyhired,2bLYEKUGSDIT6Vody4yNi-wO6fcBHeQUxl0mDsyuezziwpCZVYXAqQ,MBBS (RMO),BHARTI MULTISPECIALITY HOSPITAL,"Uttam Nagar, Delhi, Delhi",Delhi,,"₹40,000 - ₹1,00,000 a month",40000,100000,per_month,full_time,Part-time|Full-time,,doctors,hospital,True,Medicine|Bachelor's degree|Patient care|In-person,,,2026-06-30,"Job for MBBS Doctor as RMO in our repotated Hospital works in ICU and Emergency Pay: ₹40,000.00 - ₹100,000.00 per month Work Location: In…",https://www.simplyhired.co.in/job/2bLYEKUGSDIT6Vody4yNi-wO6fcBHeQUxl0mDsyuezziwpCZVYXAqQ,2026-07-12T12:29:49Z
simplyhired,Ja4p9e_Xl_IygXq-x4NLe_895QBJKPw-5qfjU9An485fBGT3-Gu_XQ,NCLEX RN- US healthcare(Night shifts),Ecorgy Solutions Private Limited,"Bangalore City, Bengaluru, Karnataka",Bengaluru,,"₹35,000 - ₹70,000 a month",35000,70000,per_month,full_time,Urgently hiring|Full-time|Night shift,,non_clinical,hospital,True,Microsoft Word|Nursing|Microsoft Excel|B.Sc|English|Microsoft Office|Analysis skills|Bachelor's degree|Home health|In-person|Diploma|Medical terminology|Communication skills,,,2026-07-10,"Review and evaluate clinical documentation, workflows, and healthcare processes to ensure compliance with industry standards and regulatory requirements.",https://www.simplyhired.co.in/job/Ja4p9e_Xl_IygXq-x4NLe_895QBJKPw-5qfjU9An485fBGT3-Gu_XQ,2026-07-12T12:29:51Z
simplyhired,ZsbtBWB3HRkLqpBNPj8TdBaU9SEsgqBbmlEEA0JSQCdoUwo6ooNI8Q,Patient Relationship Manager,Indira IVF Hospital Pvt Ltd,"Dehradun, Uttarakhand",Dehradun,,"₹25,000 - ₹40,000 a month",25000,40000,per_month,full_time,Full-time,,non_clinical,hospital,True,CRM software|Bachelor's degree|In-person|Medical terminology|Office experience,,,2026-06-30,"Familiarity with patient management systems and CRM tools is an advantage*. Prior experience in healthcare, IVF, or patient counselling roles is preferred*.",https://www.simplyhired.co.in/job/ZsbtBWB3HRkLqpBNPj8TdBaU9SEsgqBbmlEEA0JSQCdoUwo6ooNI8Q,2026-07-12T12:29:51Z
simplyhired,2M3wlOT5rQ0kqaXykCrTUTaRq9jJ9XaiKhnAE3X-KDyk1iMdnUcK6g,Counsellor Clinical Psychology,Indira IVF Hospital Pvt Ltd,"Bareilly, Uttar Pradesh",Bareilly,,"₹25,000 - ₹30,000 a month",25000,30000,per_month,full_time,Full-time,,doctors,hospital,True,Medicine|Bachelor's degree|In-person|Care plans,,,2026-06-29,Qualification - Full-time Counsellor graduation in Clinical Psychology *. Consultant ▪ Resolve patients queries & brief them about various fertility solutions…,https://www.simplyhired.co.in/job/2M3wlOT5rQ0kqaXykCrTUTaRq9jJ9XaiKhnAE3X-KDyk1iMdnUcK6g,2026-07-12T12:29:51Z
simplyhired,4uUljZtQ9IqChomr5gapY16aEWuYctl27nR1BPrxONC6PqNGNtVi_A,Unit Manager Haldwani,Indira IVF Hospital Pvt Ltd,"Haldwani, Uttarakhand",Haldwani,,"₹25,000 - ₹35,000 a month",25000,35000,per_month,full_time,Full-time,,non_clinical,hospital,True,Master's degree|In-person,Health insurance,,2026-06-30,To ensure 100 % implementation and compliance with regards to HIS data entry. To ensure procedures are done only by embryologists who are registered under ART…,https://www.simplyhired.co.in/job/4uUljZtQ9IqChomr5gapY16aEWuYctl27nR1BPrxONC6PqNGNtVi_A,2026-07-12T12:29:51Z
simplyhired,qklhOyQdZUq9Nv5PL6VrzVEJ9QG7rGLg2-thMm-soh4b5S00PkpWpg,Medical Coding - Multispecialty,UnitedHealth Group,"Noida, Uttar Pradesh",Noida,,Not Disclosed,,,,full_time,,,non_clinical,hospital,True,Anatomy knowledge|Medical terminology,Health insurance,,2026-07-07,"Ability to code 12 charts per hour and meeting the standards for quality criteria. Under general supervision, organizes and prioritizes all work to ensure that…",https://www.simplyhired.co.in/job/qklhOyQdZUq9Nv5PL6VrzVEJ9QG7rGLg2-thMm-soh4b5S00PkpWpg,2026-07-12T12:29:51Z
simplyhired,PUxCm00WO_RCqy9cqCMyAhcGRg883-S0jWFsG9Vg6yst-kXaBrCUGg,Consultant / Specialist – Medical Gastroenterology,SMILES INSTITUTE OF GASTROENTEROLOGY LLP,"Mathikere, Bengaluru, Karnataka",Bengaluru,,"₹3,00,000 - ₹4,00,000 a month",300000,400000,per_month,part_time,Part-time,,doctors,hospital,True,In-person,,,2026-07-10,"*Emergency Care:* Provide 24/7 on-call coverage for emergencies, including gastrointestinal bleeding and foreign body removals.",https://www.simplyhired.co.in/job/PUxCm00WO_RCqy9cqCMyAhcGRg883-S0jWFsG9Vg6yst-kXaBrCUGg,2026-07-12T12:29:51Z
simplyhired,jQpnGQj97dL9WOxlIRN5CEj-7iowik95f-YR2WpRAmuolVE854j6MA,Orthodontist,Green Park Dental,"Green Park, Delhi, Delhi",Delhi,,"₹55,000 - ₹60,000 a month",55000,60000,per_month,full_time,Full-time,,non_clinical,hospital,True,Bachelor's degree|In-person|Medical terminology|Communication skills,,,2026-07-08,1–2 years of clinical experience after post-graduation. Commitment to continuous learning and delivering excellent clinical outcomes.,https://www.simplyhired.co.in/job/jQpnGQj97dL9WOxlIRN5CEj-7iowik95f-YR2WpRAmuolVE854j6MA,2026-07-12T12:29:51Z
simplyhired,9DnAn84lMMzScPn9bDluO0R-4n1rjx9XXoTa3FlI2vXBTdLpUniGBA,Consultant Dermatologist / Cosmetologist,Blanco Aesthetics - Dental and Skin Studio,"Khar, Maharashtra",Khar,,"₹34,538.96 - ₹80,000.00 a month",34539,80000,per_month,full_time,Full-time,,doctors,hospital,True,Medicine|Anatomy knowledge|English|Bachelor's degree|In-person|Diploma|Communication skills,,,2026-07-11,"As our lead skin expert, you will diagnose and treat a wide array of cosmetic and clinical skin concerns, designing personalized treatment plans that help our…",https://www.simplyhired.co.in/job/9DnAn84lMMzScPn9bDluO0R-4n1rjx9XXoTa3FlI2vXBTdLpUniGBA,2026-07-12T12:29:51Z
simplyhired,WUsGIUrAQ_iC5Dev3jA65odVKAiX3s4YjVBxYHc-QItwP23_fCdeBQ,full time endodontist,sdw,"Kompally, Hyderabad, Telangana",Hyderabad,,"₹35,000 - ₹50,000 a month",35000,50000,per_month,full_time,Full-time,,non_clinical,hospital,True,Master's degree|In-person|Medical terminology,,,2026-07-06,"we are looking for a full time endodontist to the one of our branch Pay: ₹35,000.00 - ₹50,000.00 per month Work Location: In…",https://www.simplyhired.co.in/job/WUsGIUrAQ_iC5Dev3jA65odVKAiX3s4YjVBxYHc-QItwP23_fCdeBQ,2026-07-12T12:29:51Z
simplyhired,kI6zgjZHhikDvyiTCb_yMVP14CCuhU3C539EoFiwyHZLuUFoe7LX9A,Prosthodontist And Endodontist Full Time ( 1 Year Contract),Apollo dental Clinical,"Indira Nagar, Bengaluru, Karnataka",Bengaluru,,"₹45,000 - ₹70,000 a month",45000,70000,per_month,full_time,Full-time,,non_clinical,hospital,True,Bachelor's degree|In-person|Medical terminology|Communication skills,,,2026-07-09,MDS in Prosthodontics or Endodontics. Excellent clinical and patient communication skills. Freshers and experienced candidates are welcome to apply.,https://www.simplyhired.co.in/job/kI6zgjZHhikDvyiTCb_yMVP14CCuhU3C539EoFiwyHZLuUFoe7LX9A,2026-07-12T12:29:51Z
simplyhired,CMQ-GjGwi1c6qgmbNpZ_5V_PmZIQMOzOaFJwdo64iC2mgTUSKU8Ecg,"Pharmacist B.Pharm , D.Pharm","LOCATION MEDPLUS PHARMACY CHENNAI & OVER ALL TAMILNADU, Contact Cell +91 8220441074","Chennai G.P.O, Chennai, Tamil Nadu",Chennai,,"₹18,500 - ₹25,000 a month",18500,25000,per_month,full_time,Full-time|Call employer,,pharmacists,pharma,True,Bachelor's degree|In-person|Diploma|Hospital experience,Health insurance,,2026-07-03,"Register Pharmacist Fresher, Experiance & Any Qualification Pharmacy Experiance Person Contact Me K. Job Types: Full-time, Permanent, Fresher.",https://www.simplyhired.co.in/job/CMQ-GjGwi1c6qgmbNpZ_5V_PmZIQMOzOaFJwdo64iC2mgTUSKU8Ecg,2026-07-12T12:29:51Z
simplyhired,Vyc8Fijjs6wnninTUyJoteBNhqjADxfTaWydtQIYSTIzbFsxXiyCjQ,Accounts cum Billing Executive,Preethi Hospitals,"Madurai, Tamil Nadu",Madurai,,"₹10,000 - ₹20,000 a month",10000,20000,per_month,full_time,Full-time,,non_clinical,hospital,True,Microsoft Excel|ERP systems|Finance|Master's degree|Analysis skills|Bachelor's degree|Accounting|Business Administration|In-person|Accounting|Communication skills,Paid sick time,,2026-07-09,Assist in bank reconciliation and petty cash management. Support month-end closing and financial reporting activities. Knowledge of hospital billing procedures.,https://www.simplyhired.co.in/job/Vyc8Fijjs6wnninTUyJoteBNhqjADxfTaWydtQIYSTIzbFsxXiyCjQ,2026-07-12T12:29:51Z
simplyhired,BEuWL2jTfEtxJREKsL8jwfp7UY0UEW8ledPXD2xucus2JGa-5UROZA,Physiotherapist,Athulya Assisted Living Pvt Ltd,"Kakkanad, Kochi, Kerala",Kochi,,"₹18,000 - ₹25,000 a month",18000,25000,per_month,full_time,Full-time|Day shift,,non_clinical,hospital,True,English|Master's degree|Bachelor's degree|Care plans,Health insurance|Paid time off|Flexible schedule|Life insurance|Paid sick time,,2026-07-10,"To assess, design, and implement physiotherapy interventions that promote residents' mobility, strength, functional independence, pain management, fall…",https://www.simplyhired.co.in/job/BEuWL2jTfEtxJREKsL8jwfp7UY0UEW8ledPXD2xucus2JGa-5UROZA,2026-07-12T12:29:51Z
simplyhired,JvrJGnvcmccpBhUpCYeTfpQmCXg2qIUzCTIbK17VS5Gj0f-P0WmVbg,Nurse,AddressHealth Solutions India Pvt Ltd,"Huskur Gate, Karnataka",Huskur Gate,,"₹22,000 - ₹24,000 a month",22000,24000,per_month,full_time,Full-time|Call employer,,nurses,hospital,True,Nursing|B.Sc|English|ICU experience|Bachelor's degree|Pediatrics|In-person|Nursing,Health insurance,,2026-07-10,Smart freshers with good spoken English communication will also be considered. Vacancy -Lady Nurse for School Medical Room with good in English Communication.,https://www.simplyhired.co.in/job/JvrJGnvcmccpBhUpCYeTfpQmCXg2qIUzCTIbK17VS5Gj0f-P0WmVbg,2026-07-12T12:29:51Z
simplyhired,ujG1_N9o6TilmUaj54751jIaPqtmztSsuFk90xKnr3gvt-MdhMuqNw,School Counsellor,GLOBAL INDIAN INTERNATIONAL SCHOOL,"Sector-122 Noida, Noida, Uttar Pradesh",Noida,,"₹35,000 - ₹40,000 a month",35000,40000,per_month,full_time,Full-time,,non_clinical,hospital,True,Master's degree|Psychology|Classroom experience|In-person,Health insurance,,2026-07-08,"School Counsellor required for Noida Campus Exp 2+ Yrs Qualification MA in Psychology Excellent comm skill required Job Types: Full-time, Permanent Pay: …",https://www.simplyhired.co.in/job/ujG1_N9o6TilmUaj54751jIaPqtmztSsuFk90xKnr3gvt-MdhMuqNw,2026-07-12T12:29:51Z
simplyhired,1ZBlJsIvhUJ57dP7-_FvAYl7qLuwSqJiglO8PybSjSoqQMV6ylSCkA,Blood Collector,Apollo Home Healthcare Limitted,"Bangalore City, Bengaluru, Karnataka",Bengaluru,,"₹20,000 - ₹25,000 a month",20000,25000,per_month,full_time,Full-time,,non_clinical,hospital,True,Laboratory experience|In-person|Medical terminology|Hospital experience,,,2026-07-03,We’re Hiring: Phlebotomist – Home Collection | Bangalore & Kolkata We are looking for Phlebotomists for Home Collection services in Bangalore & Kolkata…,https://www.simplyhired.co.in/job/1ZBlJsIvhUJ57dP7-_FvAYl7qLuwSqJiglO8PybSjSoqQMV6ylSCkA,2026-07-12T12:29:51Z
simplyhired,O371eqy599vXYeB6mDd_Hn1Kqf_OtDgpEU4Wg1ezL_RPqOGwFbdA1Q,Dental Assistant,Ridgetop Dental international,"Bengaluru, Karnataka",Bengaluru,,"₹18,000 - ₹23,000 a month",18000,23000,per_month,full_time,Full-time,,non_clinical,hospital,True,Anatomy knowledge|In-person|Medical terminology,Paid time off|Flexible schedule,,2026-07-08,"Min 1 year exp required. We are hiring a Dental Assistant to support doctors with chairside help, patient care, instrument cleaning, and clinic maintenance.",https://www.simplyhired.co.in/job/O371eqy599vXYeB6mDd_Hn1Kqf_OtDgpEU4Wg1ezL_RPqOGwFbdA1Q,2026-07-12T12:29:51Z
simplyhired,SgkLw6GVtZYkVzwSDbq1hmc9hL1qd0lxz26k9NPc5rIK4yWb0NPUlA,Experienced Graduates_ Non Clinical _ Field Job_ In and around Arunachal Pradesh,MEDI ASSIST INSURANCE TPA PRIVATE LIMITED,"Itanagar, Arunachal Pradesh",Itanagar,,"₹13,000 - ₹13,500 a month",13000,13500,per_month,full_time,Full-time,,non_clinical,hospital,True,Customer service|Organisational skills|In-person,,,2026-07-01,*Job Description :* 01. Hospital Coordination 02. Beneficiary coordination 03. Enrollment 04. District coordination and Hospital visits *Education :* Any…,https://www.simplyhired.co.in/job/SgkLw6GVtZYkVzwSDbq1hmc9hL1qd0lxz26k9NPc5rIK4yWb0NPUlA,2026-07-12T12:29:53Z
simplyhired,wYRs6xB3lZMNPi9Cuk67x3pIjOBKv0ugmDLd4UKRfy7tmGEWYZtgyg,Dialysis Technician ( Experience Preferred),Sri Kauvery Medical Care (India) Pvt Ltd,"Alwarpet, Chennai, Tamil Nadu",Chennai,,"₹18,000 - ₹25,000 a month",18000,25000,per_month,full_time,Full-time|Night shift|Rotational shift,,non_clinical,hospital,True,Nursing|English|Master's degree|Bachelor's degree|In-person|Diploma,Health insurance,,2026-06-30,Take care of customer service and ensure customer satisfaction. Ensure general health and hygiene through superior infection control process and housekeeping.,https://www.simplyhired.co.in/job/wYRs6xB3lZMNPi9Cuk67x3pIjOBKv0ugmDLd4UKRfy7tmGEWYZtgyg,2026-07-12T12:29:53Z
simplyhired,sSIe0b4mi3uGwzAUNOJ-IgJzAPvY-KkAPtQDulkwI7so35qO79nKiw,Medical Coder - Multispecialty,UnitedHealth Group,"Hyderabad, Telangana",Hyderabad,,Not Disclosed,,,,full_time,,,non_clinical,hospital,True,Anatomy knowledge|Medical terminology,Health insurance,,2026-07-07,"Under general supervision, organizes and prioritizes all work to ensure that records are coded, and edits are resolved in a timeframe that will assure…",https://www.simplyhired.co.in/job/sSIe0b4mi3uGwzAUNOJ-IgJzAPvY-KkAPtQDulkwI7so35qO79nKiw,2026-07-12T12:29:53Z
simplyhired,6EE3j6gPpDl0VFrZcPr1h9tqDwLm4l3yt2MqvwAZkHSC8J5ocYJqng,OT Technician,Indira IVF Hospital Pvt Ltd,"Delhi, Delhi",Delhi,,"₹25,000.75 - ₹30,000.80 a month",25001,30001,per_month,full_time,Full-time,,non_clinical,hospital,True,Nursing|English|Master's degree|In-person|Diploma,Health insurance,,2026-07-08,Work efficiently with an autoclave. Carefully shift the patient in Recovery Ward. Provide indirect patient care in emergency care situations.,https://www.simplyhired.co.in/job/6EE3j6gPpDl0VFrZcPr1h9tqDwLm4l3yt2MqvwAZkHSC8J5ocYJqng,2026-07-12T12:29:53Z
simplyhired,jj67ZDi77TK5ps5PglSt1uSNg6-1XpyeEp_IPOmqjPUJdlLovVtLGg,Senior Dialysis Technician,Salem Gopi Hospitals.Pvt.Ltd,"Salem, Tamil Nadu",Salem,,"₹25,000 - ₹35,000 a month",25000,35000,per_month,full_time,Full-time,,non_clinical,hospital,True,B.Sc|Bachelor's degree|In-person|Diploma,Health insurance|Paid sick time,,2026-07-09,"*Responsibilities and Duties* B. SC or diploma in dialysis tech, Exp.10-15years Job Type: Full-time Pay: ₹25,000.00 - ₹35,000.00 per month Benefits: *…",https://www.simplyhired.co.in/job/jj67ZDi77TK5ps5PglSt1uSNg6-1XpyeEp_IPOmqjPUJdlLovVtLGg,2026-07-12T12:29:53Z
simplyhired,Ktj7LLJmKkNoRjx_dHzuKr9ddEkLM6M9a1NfYx3DmqXPImmcChOdpA,Physiotherapist,Svastham Physical Therapy Centre,"Bengaluru, Karnataka",Bengaluru,,"From ₹21,000 a month",21000,21000,per_month,full_time,Part-time|Full-time,,non_clinical,hospital,True,Anatomy knowledge|Bachelor's degree|In-person|Medical terminology|Communication skills,Paid sick time,,2026-07-11,"We focus on holistic rehabilitation with emphasis on *no pills and avoiding surgeries wherever possible*. Perform therapeutic exercises, manual therapy, and…",https://www.simplyhired.co.in/job/Ktj7LLJmKkNoRjx_dHzuKr9ddEkLM6M9a1NfYx3DmqXPImmcChOdpA,2026-07-12T12:29:53Z
simplyhired,4lLYz8pv4c7tZ7GodXLZLPGEQd1oZZ1K_VMocPpTf8cqLK_UI3owLg,Senior Medical Coder,UnitedHealth Group,"Chennai, Tamil Nadu",Chennai,,Not Disclosed,,,,full_time,,,non_clinical,hospital,True,,Health insurance,,2026-07-09,"Be able to code 1.5-2.5 charts per hour and meeting the standards for quality criteria. Comply with the terms and conditions of the employment contract, company…",https://www.simplyhired.co.in/job/4lLYz8pv4c7tZ7GodXLZLPGEQd1oZZ1K_VMocPpTf8cqLK_UI3owLg,2026-07-12T12:29:53Z
simplyhired,85ziHZabLXeRn6JhlGkvVdP330Kbf9c9pqIUbllX9rEsUUdmrkw3GA,Front Office Executive (Receptionist),Dentaforce India,"Kilpauk, Chennai, Tamil Nadu",Chennai,,"₹10,000 - ₹25,000 a month",10000,25000,per_month,full_time,Full-time,,non_clinical,hospital,True,English|Microsoft Office|Bachelor's degree|Computer skills|In-person|Communication skills|Office experience,Paid time off|Paid sick time,,2026-07-10,"The ideal candidate should have excellent communication skills in both English and Tamil, a pleasant personality, and a passion for delivering exceptional…",https://www.simplyhired.co.in/job/85ziHZabLXeRn6JhlGkvVdP330Kbf9c9pqIUbllX9rEsUUdmrkw3GA,2026-07-12T12:29:53Z
simplyhired,v3uu55d7minWFMrUFPknUclq-02GttYKzjV8FC0RBLGFlgOf1FjZbA,Doctor (consultant),India Hospital,"Thiruvananthapuram, Kerala",Thiruvananthapuram,,"₹60,000 - ₹1,10,000 a month",60000,110000,per_month,full_time,Full-time,,doctors,hospital,True,Medicine|Bachelor's degree|Patient care|In-person,Health insurance,,2026-07-09,Experienced Physician for NABH approved hospital in Trivandrum. MD Preferred. Salary as per demand Accommodation with food available. Job Type: Full-time…,https://www.simplyhired.co.in/job/v3uu55d7minWFMrUFPknUclq-02GttYKzjV8FC0RBLGFlgOf1FjZbA,2026-07-12T12:29:53Z
simplyhired,SyCtAutVDTdOnlHytbjGTVjzY0nCup8_mORhP2rIDlTP1pns4_e2zQ,Receptionist,Preethi Hospitals,"Madurai, Tamil Nadu",Madurai,,"₹12,000 - ₹20,000 a month",12000,20000,per_month,full_time,Full-time,,non_clinical,hospital,True,Microsoft Word|Microsoft Excel|Microsoft Outlook|Customer service|Microsoft Office|Bachelor's degree|In-person|Phone etiquette|Diploma|Communication skills,Paid sick time,,2026-07-08,"Maintain excellent customer service standards at all times. 1–3 years of experience as a Receptionist, Front Office Executive, or Customer Service Executive.",https://www.simplyhired.co.in/job/SyCtAutVDTdOnlHytbjGTVjzY0nCup8_mORhP2rIDlTP1pns4_e2zQ,2026-07-12T12:29:53Z
simplyhired,y9bTfPuWc9G33YEvvSctTbtApaP2qn5EIN9KwyCRBErSrKF19HEtvQ,Chairside Dental Assistant / Clinical Assistant,Blanco Aesthetics - Dental and Skin Studio,"Mumbai, Maharashtra",Mumbai,,"₹15,000 - ₹20,000 a month",15000,20000,per_month,full_time,Full-time|Call employer,,non_clinical,hospital,True,Nursing|English|In-person|Diploma,,,2026-07-11,"You will be the backbone of our daily dental operations, ensuring our doctors have everything they need and our patients feel completely comfortable and cared…",https://www.simplyhired.co.in/job/y9bTfPuWc9G33YEvvSctTbtApaP2qn5EIN9KwyCRBErSrKF19HEtvQ,2026-07-12T12:29:53Z
simplyhired,3_4g_bUbTvSTCciT6jjEbzXcncsKg9c4qE5SQuf9dGN7iA2suz4FQw,MBBS Doctor,AMSH HEALTHCARE SERVICES,"Ludhiana, Punjab",Ludhiana,,"₹70,000 - ₹72,000 a month",70000,72000,per_month,full_time,Full-time,,doctors,hospital,True,Medicine|Bachelor's degree|Patient care|In-person,,,2026-07-09,"Mbbs requirement for OHC Rotation 8hrs duty 6days a week Job Type: Full-time Pay: ₹70,000.00 - ₹72,000.00 per month Education: * Bachelor's (Preferred…",https://www.simplyhired.co.in/job/3_4g_bUbTvSTCciT6jjEbzXcncsKg9c4qE5SQuf9dGN7iA2suz4FQw,2026-07-12T12:29:53Z
simplyhired,iVairFsB9BVSgbAAo7g0s-fwlFXD505t1_eS4pcKEUbmhiBD2vnAag,General Dentist ( Full Time- 1 year contract),Apollo dental Clinical,"Indira Nagar, Bengaluru, Karnataka",Bengaluru,,"₹20,000 - ₹40,000 a month",20000,40000,per_month,full_time,Weekend availability|Full-time|Call employer,,doctors,hospital,True,Bachelor's degree|EMR systems|In-person|Communication skills,,,2026-07-11,"Knowledge of dental software and electronic medical records is an added advantage. The role includes patient consultation, treatment planning, patient education…",https://www.simplyhired.co.in/job/iVairFsB9BVSgbAAo7g0s-fwlFXD505t1_eS4pcKEUbmhiBD2vnAag,2026-07-12T12:29:53Z
simplyhired,64s_8pkIrtdS9W-SCHVdV4Wt9aRxXuecxsoxf18uMRTjcZb7w00VqA,Pharmacist,Medscape Healthcare Pvt LTD,"Tripunittura, Kerala",Tripunittura,,"₹15,000 - ₹25,000 a month",15000,25000,per_month,full_time,Full-time,,pharmacists,hospital,True,Anatomy knowledge|Inventory control|Bachelor's degree|Computer skills|In-person|Communication skills|Hospital experience,Health insurance,,2026-07-07,"*0–3 years* in clinic or hospital pharmacy. The Clinic / Hospital Pharmacist is responsible for safe and accurate dispensing of medicines, inventory management,…",https://www.simplyhired.co.in/job/64s_8pkIrtdS9W-SCHVdV4Wt9aRxXuecxsoxf18uMRTjcZb7w00VqA,2026-07-12T12:29:53Z
simplyhired,I3P4uU8joYY2lHlbj86--fUsXh4CukGOw6L6FBtCB5agQvLhIFn8ig,Pharmacist,Iswarya Fertility Services Private Ltd,"Tiruchirappalli, Tamil Nadu",Tiruchirappalli,,"₹18,000 - ₹22,000 a month",18000,22000,per_month,full_time,Full-time|Call employer,,pharmacists,hospital,True,Anatomy knowledge|Bachelor's degree|Patient care|In-person|Hospital experience,,,2026-07-08,"The Pharmacist will be responsible for dispensing medications accurately as prescribed by doctors, ensuring patient safety, maintaining inventory of drugs, and…",https://www.simplyhired.co.in/job/I3P4uU8joYY2lHlbj86--fUsXh4CukGOw6L6FBtCB5agQvLhIFn8ig,2026-07-12T12:29:53Z
simplyhired,cAIUKOexvIY6cK5ZXlAi_g352FKWJgVxd1DJ-kqy-aAmVlQictkirg,Neurotechnologist,Dr. Aaditya’s Rehab Centre,"Chennai, Tamil Nadu",Chennai,,"₹19,846.61 - ₹25,666.39 a month",19847,25666,per_month,full_time,Full-time,,doctors,hospital,True,B.Sc|Bachelor's degree|Patient care|In-person,,,2026-07-08,Comfort working with pediatric populations. Operate Photobiomodulation (PBM) systems as per clinically prescribed protocols.,https://www.simplyhired.co.in/job/cAIUKOexvIY6cK5ZXlAi_g352FKWJgVxd1DJ-kqy-aAmVlQictkirg,2026-07-12T12:29:53Z
simplyhired,WhQOoT0avF2-ZbEa2AVO0iP5pxTfAXJ9JiqXZNwBkew4uD7Vi6zfGA,Healthcare Assistant (ANM) | Singapore Nursing Home,ABER CARE PTE LTD,Mizoram,Mizoram,,"₹88,500 - ₹1,22,000 a month",88500,122000,per_month,full_time,Email|Full-time,,nurses,hospital,True,Nursing|English|Bachelor's degree|In-person|Nursing,Health insurance,,2026-07-01,"Perform oral hygiene care, skin care and change of diaper for resident. Assist in Activities in Daily Living. Assist the Staff Nurse/ Nursing Aide in providing…",https://www.simplyhired.co.in/job/WhQOoT0avF2-ZbEa2AVO0iP5pxTfAXJ9JiqXZNwBkew4uD7Vi6zfGA,2026-07-12T12:29:55Z
simplyhired,XzahNheJvGOqTjS-dSVR85gH-_SZ1FCZPdoSX_frbvZ6kNU6NPFwAg,Aesthatic Physician -MBBS,KOLORS HEALTHCARE INDIA PRIVATE LIMITED,"Chennai, Tamil Nadu",Chennai,,"₹40,000 - ₹45,000 a month",40000,45000,per_month,full_time,Full-time|Monday to Friday,,doctors,hospital,True,Medicine|Bachelor's degree|In-person,Health insurance,,2026-06-29,"We will take a 2-year commitment...but whenever you want to leave, you need to give 2 months prior notice. Job Types: Full-time, Permanent.",https://www.simplyhired.co.in/job/XzahNheJvGOqTjS-dSVR85gH-_SZ1FCZPdoSX_frbvZ6kNU6NPFwAg,2026-07-12T12:29:55Z
simplyhired,SrSI3C8Xo284vAQRGtMgB8ABgcngoZeYrhcCQJVc0PS-fCLVgiK-sQ,Consultant Doctor - BAMS,RJR HOSPITAL PVT LTD,"Nashik, Maharashtra",Nashik,,"₹25,000 - ₹50,000 a month",25000,50000,per_month,full_time,Full-time,,doctors,hospital,True,Bachelor's degree|In-person,,,2026-06-28,"Looking for a Consultant Ayurveda doctor for our Nashik, Aurangabad and Malegaon branches Immediate Joiners Preferred Marathi and Hindi Languages is must 2…",https://www.simplyhired.co.in/job/SrSI3C8Xo284vAQRGtMgB8ABgcngoZeYrhcCQJVc0PS-fCLVgiK-sQ,2026-07-12T12:29:55Z
simplyhired,mtpf9iLwl4yUdpWPq35stLAGyhTM0kakoGxu4QUkJMcu03vaTPr2mQ,Front Office Receptionist,RJR PRIVATE LIMITED,"Chanda Nagar, Hyderabad, Telangana",Hyderabad,,"From ₹15,000 a month",15000,15000,per_month,full_time,Full-time|Call employer,,non_clinical,hospital,True,Microsoft Powerpoint|Microsoft Word|English|Master's degree|Bachelor's degree|In-person,,,2026-06-28,Managing patient communications and prescription refills. Updating patient records and patient data.,https://www.simplyhired.co.in/job/mtpf9iLwl4yUdpWPq35stLAGyhTM0kakoGxu4QUkJMcu03vaTPr2mQ,2026-07-12T12:29:55Z
simplyhired,ZJ6nP1ApUHWljp706WmHyMtOHala3mmWut8U2B2sm_ntMl6pcjlbRQ,Ward Secretary,Sri Kauvery Medical Care (India) Pvt Ltd,"Vadapalani, Chennai, Tamil Nadu",Chennai,,"₹20,000 - ₹25,000 a month",20000,25000,per_month,full_time,Full-time,,non_clinical,hospital,True,Nursing|12th Pass|Bachelor's degree|In-person|Medical terminology|Office experience,Health insurance|Life insurance,,2026-07-04,"Register patient admissions, transfers, and discharges in the hospital information system. Verify patient demographic and administrative information.",https://www.simplyhired.co.in/job/ZJ6nP1ApUHWljp706WmHyMtOHala3mmWut8U2B2sm_ntMl6pcjlbRQ,2026-07-12T12:29:55Z
simplyhired,MdtL6jDfZOt-Mg-O157yRYH41iNSSBRzPmE7W2tJiBa5abHC-IY_NQ,Nutrition Advisor,Askknatural,"Mumbai, Maharashtra",Mumbai,,"₹13,109.73 - ₹39,615.15 a month",13110,39615,per_month,full_time,Email|Full-time,,non_clinical,hospital,True,Bachelor's degree|In-person|Communication skills,Health insurance,,2026-07-06,Collaborate with internal teams to deliver an excellent client experience. We are looking for experienced and passionate *Nutrition Advisors *who can understand…,https://www.simplyhired.co.in/job/MdtL6jDfZOt-Mg-O157yRYH41iNSSBRzPmE7W2tJiBa5abHC-IY_NQ,2026-07-12T12:29:55Z
simplyhired,_6QDqDvthT3t9WRw-RwxgCjdbXl0aCGsoQIP2H9D8pSIElxTY86qTg,Physiotherapist,Aquathera,"Rajouri Garden, Delhi, Delhi",Delhi,,Not Disclosed,,,,full_time,Full-time,,non_clinical,hospital,True,Doctoral degree|Bachelor's degree|Pediatrics|In-person,,,2026-07-08,Collaborate with a multidisciplinary healthcare team. 3–7 years (Experienced Physiotherapists Preferred)*. Full-time | In-person.,https://www.simplyhired.co.in/job/_6QDqDvthT3t9WRw-RwxgCjdbXl0aCGsoQIP2H9D8pSIElxTY86qTg,2026-07-12T12:29:55Z
simplyhired,8r9mRl7SA7AD8jHFZAcS4n8uZOqKcffconNI0B3JCg1U4H7JRB5Uow,Nutritionist,Harmony Wellness Concepts,"Thiruvananthapuram, Kerala",Thiruvananthapuram,,"₹20,000 - ₹25,000 a month",20000,25000,per_month,full_time,Full-time,,non_clinical,hospital,True,English|Master's degree|In-person|Communication skills,Cell phone reimbursement,,2026-07-07,"Applicants with good communication skills, excellent command over the English language and a passion to keep learning are preferred.",https://www.simplyhired.co.in/job/8r9mRl7SA7AD8jHFZAcS4n8uZOqKcffconNI0B3JCg1U4H7JRB5Uow,2026-07-12T12:29:55Z
simplyhired,t7IhGIkRDGfcnadAr-3unvjPw2OR5grG0u67LkPPwan4RnnzD8ACCA,Echo technician,ANBU HOSPITAL CHENNAI,"Velachery, Chennai, Tamil Nadu",Chennai,,"₹12,000 - ₹18,000 a month",12000,18000,per_month,full_time,Full-time,,non_clinical,hospital,True,Bachelor's degree|In-person|Diploma|Medical terminology|Communication skills,Food provided,,2026-07-08,"*Conduct specialized tests*, including stress echocardiograms, dobutamine stress tests, bubble studies, and treadmill stress tests.",https://www.simplyhired.co.in/job/t7IhGIkRDGfcnadAr-3unvjPw2OR5grG0u67LkPPwan4RnnzD8ACCA,2026-07-12T12:29:55Z
simplyhired,rOxxh3L6vHeEXZlf25Q9-RJLhn4SmYMLGEv5pB0n3Q7dY2HT4GGLNQ,Required Staff Nurse for Contractual role - Bhandup - Mumbai for Indira IVF Hospital,Indira IVF Hospital Pvt Ltd,"Bhandup, Mumbai, Maharashtra",Mumbai,,"₹20,000 - ₹30,000 a month",20000,30000,per_month,full_time,Full-time,,nurses,hospital,True,Nursing|Bachelor's degree|In-person|Diploma|Nursing,,,2026-07-07,"*Job Timing - 9 am to 6 pm*. *Keeping stock of all Patient wise Documents, date & month wise.*. *Qualification - GNM/ BSC Nursing / Post Graduation Diploma in…",https://www.simplyhired.co.in/job/rOxxh3L6vHeEXZlf25Q9-RJLhn4SmYMLGEv5pB0n3Q7dY2HT4GGLNQ,2026-07-12T12:29:55Z
simplyhired,8MJ0Cdd6yj8ULasrgybTxHC_wYq_GyzBOQwtS8d9KSdAlrr1BtfMBQ,Medical Coder - Multi Specialty,UnitedHealth Group,"Chennai, Tamil Nadu",Chennai,,Not Disclosed,,,,full_time,,,non_clinical,hospital,True,,Health insurance,,2026-07-07,"Comply with the terms and conditions of the employment contract, company policies and procedures, and any and all directives (such as, but not limited to,…",https://www.simplyhired.co.in/job/8MJ0Cdd6yj8ULasrgybTxHC_wYq_GyzBOQwtS8d9KSdAlrr1BtfMBQ,2026-07-12T12:29:55Z
simplyhired,sCNE9vaKL5ugXLPrBmHtXsSPOQgNCmhsYTWNAIafFc7nn9Ql6XLrDg,Dentist,dental aesthetix,"Mohali, Punjab",Mohali,,"₹15,000 - ₹20,000 a month",15000,20000,per_month,full_time,Full-time,,doctors,hospital,True,Bachelor's degree|In-person|Medical terminology,,,2026-07-09,"full time BDS / MDS fresher or experienced Job Type: Full-time Pay: ₹15,000.00 - ₹20,000.00 per month Work Location: In…",https://www.simplyhired.co.in/job/sCNE9vaKL5ugXLPrBmHtXsSPOQgNCmhsYTWNAIafFc7nn9Ql6XLrDg,2026-07-12T12:29:55Z
simplyhired,2f8tIGwUeIhBRkmPDJopIcn8e2IgRCJU1E8WTTYmhOr93uwtAjjE3w,Dialysis Technician,ANBU HOSPITAL CHENNAI,"Velachery, Chennai, Tamil Nadu",Chennai,,"₹12,000 - ₹18,000 a month",12000,18000,per_month,full_time,Full-time,,non_clinical,hospital,True,Anatomy knowledge|Patient monitoring|In-person|Diploma|Medical terminology,Food provided,,2026-07-08,"Pay: ₹12,000.00 - ₹18,000.00 per month. *Communication and empathy* to interact effectively with patients and healthcare staff.",https://www.simplyhired.co.in/job/2f8tIGwUeIhBRkmPDJopIcn8e2IgRCJU1E8WTTYmhOr93uwtAjjE3w,2026-07-12T12:29:55Z
simplyhired,WuPaeoRHhhE9WnpqCarODyoyGSjYXgvsO9wGXV0o45PR8TNcfz1OQw,DENTAL NURSE/RECEPTIONIST/ASSISTANT,Dr Surbhi Bhatia,"Viman Nagar, Pune, Maharashtra",Pune,,"₹20,000 - ₹30,000 a month",20000,30000,per_month,full_time,Full-time|Call employer,,nurses,hospital,True,Anatomy knowledge|In-person|Medical terminology|Communication skills,,,2026-07-06,We are looking for a dedicated and enthusiastic *Dental Assistant* to join our dental practice. Assisting the dentist during examinations and procedures.,https://www.simplyhired.co.in/job/WuPaeoRHhhE9WnpqCarODyoyGSjYXgvsO9wGXV0o45PR8TNcfz1OQw,2026-07-12T12:29:55Z
simplyhired,lcgyNtY3thxP5q8FLTma-nPeE4H6gWjluHTsF8ug0fm1hbYxOA-vrQ,Gnm nurse,AMSH HEALTHCARE SERVICES,"Khopoli, Maharashtra",Khopoli,,"₹26,000 - ₹27,000 a month",26000,27000,per_month,full_time,Full-time,,nurses,hospital,True,Bachelor's degree|Patient care|In-person|Nursing,,,2026-07-12,"Nurse requirement for OHC 6days a week Experience- 2yrs Job Type: Full-time Pay: ₹26,000.00 - ₹27,000.00 per month Education: * Bachelor's (Preferred)…",https://www.simplyhired.co.in/job/lcgyNtY3thxP5q8FLTma-nPeE4H6gWjluHTsF8ug0fm1hbYxOA-vrQ,2026-07-12T12:29:55Z
simplyhired,16tUQ6NLA1OVbH_DlaGV1cETHd0oBJRmNCppq0lYKOXj0FO8vei3gw,DENTAL NURSE/DENTAL ASSISTANT,Dr Surbhi Bhatia,"Viman Nagar, Pune, Maharashtra",Pune,,"₹16,000 - ₹30,000 a month",16000,30000,per_month,full_time,Full-time|Call employer,,nurses,hospital,True,In-person|Communication skills,,,2026-07-10,We are looking for a dedicated and enthusiastic *Dental Assistant* to join our dental practice. Assisting the dentist during examinations and procedures.,https://www.simplyhired.co.in/job/16tUQ6NLA1OVbH_DlaGV1cETHd0oBJRmNCppq0lYKOXj0FO8vei3gw,2026-07-12T12:29:55Z
simplyhired,1p3mRYt4I8MNhHKUEPT7CXA_zly6haMWUtA8vEzAi2ur_c-qc5LQ2w,Revenue Cycle Management Specialist-Medical Biller,Curio health private limited,"Gurugram, Haryana",Gurugram,,"₹5,00,000 - ₹6,00,000 a year",500000,600000,per_annum,hybrid,Full-time,Remote|Hybrid work,non_clinical,hospital,False,Medical terminology|Communication skills,Work from home,,2026-07-10,Curio Health Private Limited is looking for an RCM & Medical Billing Executive with experience in *behavioral health billing* to support our U.S. healthcare…,https://www.simplyhired.co.in/job/1p3mRYt4I8MNhHKUEPT7CXA_zly6haMWUtA8vEzAi2ur_c-qc5LQ2w,2026-07-12T12:29:55Z
simplyhired,sqdVwLlj8jGMn9c_NqHcOQXmLvp7iqxXZ-g44jEls7binJ9zJxpNPQ,Staff Nurse - GNM & BSC NURSING,Indira IVF Hospital Pvt Ltd,"Delhi, Delhi",Delhi,,"₹25,000 - ₹30,000 a month",25000,30000,per_month,full_time,,,nurses,hospital,True,Nursing|Bachelor's degree|In-person|Nursing,,,2026-07-06,"1.15.4. Keeping stock of all Patient wise Documents, date & month wise. Total work: 3 years (Preferred). 1.1. Provide direct and indirect patient care in the…",https://www.simplyhired.co.in/job/sqdVwLlj8jGMn9c_NqHcOQXmLvp7iqxXZ-g44jEls7binJ9zJxpNPQ,2026-07-12T12:30:01Z
simplyhired,bEuxHRJZpvdo679abkK3ZXBzDt7Y6ct_7EOpw4GWkA6ZYfBiYz9sYg,PCPNDT Executive,Indira IVF Hospital Pvt Ltd,"Bikaner, Rajasthan",Bikaner,,"₹15,000 - ₹25,000 a month",15000,25000,per_month,full_time,Online application|Full-time,,non_clinical,hospital,True,Microsoft Excel|English|Microsoft Office|Bachelor's degree|In-person|Communication skills,Health insurance,,2026-07-10,EXPERIENCE 3-4 years of experience. To adhere to guidelines as set by the Pre-Conception and Pre -Natal Diagnostic Techniques (Prohibition of Sex Selection)Act…,https://www.simplyhired.co.in/job/bEuxHRJZpvdo679abkK3ZXBzDt7Y6ct_7EOpw4GWkA6ZYfBiYz9sYg,2026-07-12T12:30:01Z
simplyhired,y4cZyvtKnxVahgqKOwCk2a9RjVMQIDtzFEHLLxQW6hmA7-BGtEMHEQ,Microbiologist,DDRC Agilus Path Labs Ltd,"Ulloor, Thiruvananthapuram, Kerala",Thiruvananthapuram,,Not Disclosed,,,,full_time,Full-time,,doctors,pharma,True,B.Sc|Master's degree|Bachelor's degree|In-person,,,2026-07-03,Ø In case of outsourced tests then this should be documented and handed over to the outsource department for further action. Ø Arranging samples for processing.,https://www.simplyhired.co.in/job/y4cZyvtKnxVahgqKOwCk2a9RjVMQIDtzFEHLLxQW6hmA7-BGtEMHEQ,2026-07-12T12:30:01Z
simplyhired,XzCp6SLoDMDDmKoPt--XprkYnMonDoGQDWZRljM9CEAxIZxUKhs-4Q,Medical Coder - IPDRG,UnitedHealth Group,"Hyderabad, Telangana",Hyderabad,,Not Disclosed,,,,full_time,,,non_clinical,hospital,True,,Health insurance,,2026-07-07,"Ability to code 1.5-2.5 charts per hour and meeting the standards for quality criteria. Comply with the terms and conditions of the employment contract, company…",https://www.simplyhired.co.in/job/XzCp6SLoDMDDmKoPt--XprkYnMonDoGQDWZRljM9CEAxIZxUKhs-4Q,2026-07-12T12:30:01Z
simplyhired,9hyKNWgUMn0EC-7q9Uqk-34XWaPPwezXAXDOYWQyBUuRmLKpxfg9ew,Patient Scheduling Representative,SunMed Clinical Support,Remote,Remote,,"From ₹20,000 a month",20000,20000,per_month,remote,Part-time|Full-time,Remote,non_clinical,hospital,False,Nursing|English|EMR systems|Medical terminology|Communication skills,Work from home,,2026-07-11,"Experience working with an EHR/EMR system (eClinicalWorks, EPIC experience preferred). Experience in US healthcare scheduling. Maintain accurate records in EHR.",https://www.simplyhired.co.in/job/9hyKNWgUMn0EC-7q9Uqk-34XWaPPwezXAXDOYWQyBUuRmLKpxfg9ew,2026-07-12T12:30:01Z
simplyhired,kEuBuHy-I6VhX3W4eYhu2YctmdOVHa4ysI4nZDDi0ffzPY6Et9Rc8g,Credentialing Executive,Curio health private limited,Remote,Remote,,"₹5,00,000 - ₹6,00,000 a year",500000,600000,per_annum,remote,Full-time,Remote,non_clinical,hospital,False,Nursing|English|Microsoft Office|Bachelor's degree|Diploma|Communication skills,Work from home,,2026-07-10,1-3 years of experience in U.S. healthcare credentialing. Curio Health Private Limited is looking for a *Credentialing Executive* to support provider…,https://www.simplyhired.co.in/job/kEuBuHy-I6VhX3W4eYhu2YctmdOVHa4ysI4nZDDi0ffzPY6Et9Rc8g,2026-07-12T12:30:01Z
simplyhired,FKlctVDgZTnDuvxqcKBTchmZ-7ob6ACbpQC2gyWavr0XOZS1lOLWeg,Prior Authorization Specialist,SunMed Clinical Support,Remote,Remote,,"From ₹25,000 a month",25000,25000,per_month,remote,Part-time|Full-time,Remote,non_clinical,hospital,False,English|Bachelor's degree|EMR systems|Communication skills,Work from home,,2026-07-11,0-6 months of experience in US healthcare prior authorizations. We are seeking an experienced Prior Authorization Specialist to support US healthcare providers…,https://www.simplyhired.co.in/job/FKlctVDgZTnDuvxqcKBTchmZ-7ob6ACbpQC2gyWavr0XOZS1lOLWeg,2026-07-12T12:30:01Z
simplyhired,pujZ4jbJ7Sg7O_7kRlQK7HV1oiuyBPIc6sUrzZfxHUDo4nniz6KuNg,MANAGER-MICROBIOLOGY,Associated Biopharma Pvt. Ltd.,"Kathua, Jammu and Kashmir",Kathua,,"₹70,000 - ₹90,000 a month",70000,90000,per_month,full_time,Full-time,,doctors,pharma,False,Anatomy knowledge|Blood sampling|Laboratory experience|In-person,Paid time off|Cell phone reimbursement|Flexible schedule|Paid sick time,,2026-07-10,"Supervise microbiology laboratory operations, ensuring timely and accurate diagnostic results. Implement and monitor quality assurance protocols to maintain…",https://www.simplyhired.co.in/job/pujZ4jbJ7Sg7O_7kRlQK7HV1oiuyBPIc6sUrzZfxHUDo4nniz6KuNg,2026-07-12T12:30:01Z
simplyhired,ccag7MIbXJ_d20U8Hp6ZtE13XMIAInO82C5_YOB9PfeS4RoiPyFoAg,MRD Executive (Any Graduate),Eden Hospital,Chandigarh,Chandigarh,,"₹12,000 - ₹18,000 a month",12000,18000,per_month,full_time,Full-time|Rotational shift,,non_clinical,hospital,False,Microsoft Word|Microsoft Excel|Microsoft Outlook|B.Sc|Microsoft Office|Bachelor's degree|Computer skills|Business Administration|In-person|Communication skills,Health insurance,,2026-07-09,"\* Verify patient information and update records when required. The MRD Executive is responsible for maintaining, organizing, and managing patients’ medical…",https://www.simplyhired.co.in/job/ccag7MIbXJ_d20U8Hp6ZtE13XMIAInO82C5_YOB9PfeS4RoiPyFoAg,2026-07-12T12:30:01Z
simplyhired,mNR7P5aMppKLc_Aydpjv5rVqgtojr7V6DZGMxA7rEX2QzCEpTD5xsQ,Operations Manager,Sri Venkateshwaraa Medical College Hospital and Research Centre,Puducherry,Puducherry,,"From ₹40,000 a month",40000,40000,per_month,full_time,Full-time,,non_clinical,hospital,False,Microsoft Office|Bachelor's degree|In-person|Leadership|Communication skills,,,2026-07-09,"As the Hospital Operations Manager, you will be responsible for overseeing the daily operations of the hospital, ensuring efficient and effective delivery of…",https://www.simplyhired.co.in/job/mNR7P5aMppKLc_Aydpjv5rVqgtojr7V6DZGMxA7rEX2QzCEpTD5xsQ,2026-07-12T12:30:01Z
simplyhired,9iAE2eLD85cXNpBI08mbQO3ZR8dDP9dHnWV0Y9Ib6PoBplAWDmlJIA,Manager Operations,MMNH HOSPITAL,"Kalyani, West Bengal",Kalyani,,"₹15,161.81 - ₹58,383.68 a month",15162,58384,per_month,full_time,Full-time,,non_clinical,hospital,False,Microsoft Word|English|Microsoft Office|Bachelor's degree|In-person,,,2026-07-10,"HOSPITAL OPERATION MANAGER REF FOR MMNH HOSPITAL, KALYANI Pay: ₹15,161.81 - ₹58,383.68 per month Work Location: In…",https://www.simplyhired.co.in/job/9iAE2eLD85cXNpBI08mbQO3ZR8dDP9dHnWV0Y9Ib6PoBplAWDmlJIA,2026-07-12T12:30:01Z
simplyhired,WnBZpuBP-964-B4mpySdDT6bJhsjvpGZEy67yPjq6hIw_2TJTf9gtw,Home Care Nurse,Apollo Hospitals,"BTM Layout, Bengaluru, Karnataka",Bengaluru,,"₹15,000.00 - ₹50,026.50 a month",15000,50026,per_month,full_time,Full-time|Rotational shift,,nurses,hospital,True,B.Sc|Bachelor's degree|In-person|Nursing,Flexible schedule,,2026-07-05,Qualification: GNM or B.sc Nursing. Experience: 1+ Year of experience mandatory after registration.*.,https://www.simplyhired.co.in/job/WnBZpuBP-964-B4mpySdDT6bJhsjvpGZEy67yPjq6hIw_2TJTf9gtw,2026-07-12T12:30:03Z
simplyhired,tYRGYQy6mcNoxf7BdsLgh7bKFCq3QJPPtQ4XQHuzHkoVzaPOXAraaw,Lab Technician,DDRC Agilus Path Labs Ltd,"Ulloor, Thiruvananthapuram, Kerala",Thiruvananthapuram,,Not Disclosed,,,,full_time,Full-time,,non_clinical,pharma,True,B.Sc|Laboratory experience|Master's degree|Bachelor's degree|In-person,,,2026-07-03,Ø Ensure the samples are received on time and in proper condition. Ø Verification of samples with request and bill. Ø Arranging samples for processing.,https://www.simplyhired.co.in/job/tYRGYQy6mcNoxf7BdsLgh7bKFCq3QJPPtQ4XQHuzHkoVzaPOXAraaw,2026-07-12T12:30:03Z
simplyhired,mHxW8Jf7Iplzu8sclb5ATrgfCVaiLSqDppcmHdnQ3d_yz8T32Q2rBg,Counselling Dietician (Teleconsultation) - Noida,Watchyourhealth.com India Private Limited,"Noida, Uttar Pradesh",Noida,,"₹20,000 - ₹24,000 a month",20000,24000,per_month,remote,Full-time,Remote,non_clinical,hospital,False,Master's degree|Communication skills|Time management,Work from home,,2026-07-10,"The role requires excellent communication skills, strong clinical knowledge, and the ability to build rapport with patients virtually.",https://www.simplyhired.co.in/job/mHxW8Jf7Iplzu8sclb5ATrgfCVaiLSqDppcmHdnQ3d_yz8T32Q2rBg,2026-07-12T12:30:03Z
simplyhired,oMv-1oOAdIsW9SOuzMdD6lPBHPwWtZ_WfDDyqV8rtvXXJ89MQ1jNcg,Student Counsellor,Quantean Career,"Kota, Rajasthan",Kota,,"Up to ₹4,60,000 a year",460000,460000,per_annum,full_time,Full-time,,non_clinical,hospital,False,Bachelor's degree|Psychology|In-person,Commuter assistance|Health insurance|Paid time off|Cell phone reimbursement|Life insurance,,2026-07-10,To maintain record & provide updates to the higher authorities. To maintain record & provide updates to the higher authorities.,https://www.simplyhired.co.in/job/oMv-1oOAdIsW9SOuzMdD6lPBHPwWtZ_WfDDyqV8rtvXXJ89MQ1jNcg,2026-07-12T12:30:03Z
simplyhired,4VqiDglN_BE4ga5YkwLc4XvDqi4_RLxyfUx1mEmq0r3n1uLQ5Ulyyg,Clinical Documentation Integrity Specialist,Optum,"Chennai, Tamil Nadu",Chennai,,Not Disclosed,,,,full_time,Full-time,,non_clinical,hospital,False,Microsoft Word|Medicine|Microsoft Excel|Bachelor's degree|EMR systems|Communication skills,Health insurance,,2026-07-08,"Comply with the terms and conditions of the employment contract, company policies and procedures, and any and all directives (such as, but not limited to,…",https://www.simplyhired.co.in/job/4VqiDglN_BE4ga5YkwLc4XvDqi4_RLxyfUx1mEmq0r3n1uLQ5Ulyyg,2026-07-12T12:30:03Z
simplyhired,fHosVIWf_totgB90EfdGuwFVIlTU5Z2Mj1p-aLrdhkj2MJf6PILZ3g,Centre Manager,MEDALL DIAGNOSTICS,"Visakhapatnam, Andhra Pradesh",Visakhapatnam,,"₹20,000 - ₹45,000 a month",20000,45000,per_month,full_time,Full-time,,non_clinical,pharma,False,Business development|Bachelor's degree|Team management|In-person|Leadership|Communication skills,Health insurance|Cell phone reimbursement,,2026-07-10,"Knowledge of healthcare regulations and quality standards. To manage the overall operations, service quality, staff, and administration of the Diagnostic Centre…",https://www.simplyhired.co.in/job/fHosVIWf_totgB90EfdGuwFVIlTU5Z2Mj1p-aLrdhkj2MJf6PILZ3g,2026-07-12T12:30:03Z
simplyhired,Da-evYKmeA7EDFCJ1AR795pdqsHwYyMgVw1eShTz79MVuoEjxBR37w,Patient Relation Officer (PRO),Sri Venkateshwaraa Medical College Hospital and Research Centre,"Puducherry, Puducherry",Puducherry,,"₹12,000 - ₹25,000 a month",12000,25000,per_month,full_time,Full-time|Call employer,,non_clinical,hospital,False,Bachelor's degree|Data entry|In-person|Marketing,,,2026-07-09,"Designation: PRO Experience: 0 to 5 year of experience Contact no: 6384401112 Qualification: Any UG degree In a hospital, a Public Relations Officer (PRO)…",https://www.simplyhired.co.in/job/Da-evYKmeA7EDFCJ1AR795pdqsHwYyMgVw1eShTz79MVuoEjxBR37w,2026-07-12T12:30:03Z
simplyhired,xxv2D-g8Lv3inacY9kUZA3Q9CBpPm5pOtttI5aJll2Ik7UtqK2ytEg,Healthcare Operation Manager,Bexcode Services,Remote,Remote,,Not Disclosed,,,,remote,Full-time|Night shift,Remote,non_clinical,hospital,False,Microsoft Excel|PMP|Project management|Bachelor's degree|EMR systems|APIs|Agile|Business Administration|Leadership|Communication skills,,,2026-07-08,Proven experience working with US healthcare clients. At least 3 years of experience managing teams. The ideal candidate will lead operational delivery for US…,https://www.simplyhired.co.in/job/xxv2D-g8Lv3inacY9kUZA3Q9CBpPm5pOtttI5aJll2Ik7UtqK2ytEg,2026-07-12T12:30:03Z
simplyhired,MXQo-8z0SbVvQuA6AIBcr-Z936cxpau7kSMS8MEKIPU75vsAF0C5Ow,"Manager, Global Investigator and Patient Services",Labcorp,"Bengaluru, Karnataka",Bengaluru,,Not Disclosed,,,,full_time,Full-time|Rotational shift|Monday to Friday,,non_clinical,hospital,False,Management|Customer service|Laboratory experience|Microsoft Office|Bachelor's degree|Leadership|Communication skills,,,2026-07-08,"3–5 years of people management experience. 8–10 years of experience in operations, customer service, or a clinical/laboratory environment.",https://www.simplyhired.co.in/job/MXQo-8z0SbVvQuA6AIBcr-Z936cxpau7kSMS8MEKIPU75vsAF0C5Ow,2026-07-12T12:30:03Z
simplyhired,iMwI3T53VXKIFCSrcGhtyTreGzsY9njqzyJ9XpoBAlh6_g2KVmvUvw,Medical Transcriptionist,Madhu Man Power Solution,"Delhi, Delhi",Delhi,,"₹15,000 - ₹30,000 a month",15000,30000,per_month,full_time,Urgently hiring|Full-time,,non_clinical,hospital,False,Schematics|Typing|In-person|Manufacturing|Diploma|Medical terminology|Python,,,2026-07-10,"The position requires a strong understanding of medical terminology, excellent typing skills, and strict adherence to patient confidentiality and hospital…",https://www.simplyhired.co.in/job/iMwI3T53VXKIFCSrcGhtyTreGzsY9njqzyJ9XpoBAlh6_g2KVmvUvw,2026-07-12T12:30:03Z
simplyhired,L0BeCzcz5uq_FRHXfk_iCFmpwshyjuuLPgtF5MLccH4fnlEP0BKFNQ,Assistant Quality Manager,MVJ Medical College & Research Hospital,"Bengaluru, Karnataka",Bengaluru,,"From ₹35,000 a month",35000,35000,per_month,full_time,Full-time,,non_clinical,hospital,False,Microsoft Office|Master's degree|Analysis skills|Bachelor's degree|In-person|Diploma|MBA|Communication skills|Marketing,Paid sick time,,2026-07-10,Minimum 2-3 years of experience in quality assurance or quality management in a hospital or healthcare setting. Quality Assurance and Patient Safety.,https://www.simplyhired.co.in/job/L0BeCzcz5uq_FRHXfk_iCFmpwshyjuuLPgtF5MLccH4fnlEP0BKFNQ,2026-07-12T12:30:03Z
simplyhired,-pVzwO1fVU1ZYl_0lu4a9Ly26kgzzpfWmKKPbhNlf0W7LCH8ESeExg,Occupational Therapy Child Development Center,M2 consultant service provider,Delhi,Delhi,,"₹35,000 - ₹65,000 a month",35000,65000,per_month,full_time,Full-time,,non_clinical,hospital,False,Master's degree|Bachelor's degree|In-person|Medical terminology|Communication skills,,,2026-07-10,Experience or interest in working with children (clinical or internship experience is acceptable for freshers). Valid license/registration (RCI Certificate).,https://www.simplyhired.co.in/job/-pVzwO1fVU1ZYl_0lu4a9Ly26kgzzpfWmKKPbhNlf0W7LCH8ESeExg,2026-07-12T12:30:03Z
simplyhired,AGFzXCXaOLZ26ko8expOAj154_TfGEwbYmknHKm6yurffE13f5OLkQ,Front Office Receptionist,RJR PRIVATE LIMITED,"Chembur, Mumbai, Maharashtra",Mumbai,,"From ₹15,000 a month",15000,15000,per_month,full_time,Full-time|Call employer,,non_clinical,hospital,True,Microsoft Powerpoint|Microsoft Word|English|Master's degree|Bachelor's degree|In-person,,,2026-06-29,Managing patient communications and prescription refills. Updating patient records and patient data.,https://www.simplyhired.co.in/job/AGFzXCXaOLZ26ko8expOAj154_TfGEwbYmknHKm6yurffE13f5OLkQ,2026-07-12T12:30:06Z
simplyhired,k4iYRvvsR_mxoZBcfyMLZoCmx0DhnxjsCYLALWC6iIFdtzzPKaFkcA,RMO,NKS Superspecialty Hospital,Delhi,Delhi,,Not Disclosed,,,,full_time,Part-time|Full-time|Rotational shift,,doctors,hospital,False,Medicine|Bachelor's degree|In-person|Communication skills,,,2026-07-11,"Examine, assess, and manage patients in OPD, IPD, Emergency, and ICU as required. Provide timely medical care and monitor patients' clinical progress.",https://www.simplyhired.co.in/job/k4iYRvvsR_mxoZBcfyMLZoCmx0DhnxjsCYLALWC6iIFdtzzPKaFkcA,2026-07-12T12:30:06Z
simplyhired,HdVMrxjUld22MNKkGvWQy5dVeX7Ls931q8XlqLh88rKlSRg0A5PgRg,Associate - Operations,KIDS Hospital,"Bhubaneswar, Odisha",Bhubaneswar,,"₹20,000 - ₹25,000 a month",20000,25000,per_month,full_time,Full-time,,non_clinical,hospital,False,Microsoft Excel|Microsoft Office|Master's degree|Analysis skills|Bachelor's degree|In-person|Medical terminology|Communication skills|Hospital experience,Commuter assistance|Paid time off|Paid sick time,,2026-07-09,"*External & Clinical Coordination:* Liaise with government authorities, service providers, laboratories, blood banks, and support doctors with operational data…",https://www.simplyhired.co.in/job/HdVMrxjUld22MNKkGvWQy5dVeX7Ls931q8XlqLh88rKlSRg0A5PgRg,2026-07-12T12:30:06Z
simplyhired,aMb9k6WOaJv9LLHQQVNmQ9U4FKN-y1zZ6PtThnm7_LjwedFTs1pAwQ,Office Support,Wellcare Foundation,"Puducherry, Puducherry",Puducherry,,"₹8,000 - ₹12,000 a month",8000,12000,per_month,full_time,Full-time|Call employer,,non_clinical,hospital,False,No experience needed|In-person,Commuter assistance|Paid time off|Cell phone reimbursement|Flexible schedule|Paid sick time,,2026-07-10,"Work includes helping patients with daily routine, maintaining discipline, watching patient safety, and informing management during any problem.",https://www.simplyhired.co.in/job/aMb9k6WOaJv9LLHQQVNmQ9U4FKN-y1zZ6PtThnm7_LjwedFTs1pAwQ,2026-07-12T12:30:06Z
simplyhired,wb2ujFtw0aBd0AMbO77LLdcLMHJDtCpgUrKIW_MHHN20C9Wf2Og3cA,Front Desk Relationship Manager / Concierge,LANGERSCULPT,"South District, Delhi",South District,,"₹20,000 - ₹40,000 a month",20000,40000,per_month,full_time,Full-time|Day shift,,non_clinical,hospital,False,Hospitality|English|Microsoft Office|Bachelor's degree|In-person|Communication skills|Office experience,,,2026-07-11,"*Experience:* 3 to 5 years in a front office, concierge, or client relationship role. Front office, concierge or client relationship role: 3 years (Required).",https://www.simplyhired.co.in/job/wb2ujFtw0aBd0AMbO77LLdcLMHJDtCpgUrKIW_MHHN20C9Wf2Og3cA,2026-07-12T12:30:06Z
simplyhired,Rqy2oSFKV1CSA-lkXFBge00SEmVWeOG2XdSrzn-96oZZ_xo1l9ptTQ,Medical Director,Anjaneyaa Tech Solutions,"Mandsaur, Madhya Pradesh",Mandsaur,,"₹2,90,000 - ₹3,00,000 a month",290000,300000,per_month,full_time,Full-time,,doctors,hospital,False,Medicine|Master's degree|Administrative experience|Bachelor's degree|In-person|Communication skills,,,2026-07-09,We are seeking an experienced and dynamic Medical Director to lead our hospital's clinical operations. Ensure compliance with NABH and statutory healthcare…,https://www.simplyhired.co.in/job/Rqy2oSFKV1CSA-lkXFBge00SEmVWeOG2XdSrzn-96oZZ_xo1l9ptTQ,2026-07-12T12:30:06Z
simplyhired,ShLlp9UJsadUNeqW0zzhpr8nDUiZQkxlLZ-dJz7lJKsI35OqgKasTQ,Operation theater technician,Uma Medicare Multi Specialty Hospital,"Hajipur, Patna, Bihar",Patna,,"₹12,060.86 - ₹26,640.13 a month",12061,26640,per_month,full_time,Full-time,,non_clinical,hospital,False,Nursing|Patient monitoring|English|In-person|Diploma,Paid sick time,,2026-07-09,"An Operation Theatre (OT) Technician is a crucial allied healthcare professional who manages the operating room, ensures a sterile environment, and supports…",https://www.simplyhired.co.in/job/ShLlp9UJsadUNeqW0zzhpr8nDUiZQkxlLZ-dJz7lJKsI35OqgKasTQ,2026-07-12T12:30:06Z
simplyhired,vmjuDo6Q2qF8czVBFOTZqGC-3audfu3CgtllVL5TLZHryDETCqNeLA,Counselling Psychologist,We the healers,"Kancheepuram District, Tamil Nadu",Kancheepuram District,,"₹30,403.98 - ₹45,970.78 a month",30404,45971,per_month,full_time,Full-time,,doctors,hospital,False,English|Microsoft Office|Master's degree|In-person|Diploma,Cell phone reimbursement|Flexible schedule|Paid sick time,,2026-07-11,"I m Jayashree, Counselling Psychologist, digital wellness trainer and sociospiritual worker. Have a wide experience in counselling and therapeutic skills.",https://www.simplyhired.co.in/job/vmjuDo6Q2qF8czVBFOTZqGC-3audfu3CgtllVL5TLZHryDETCqNeLA,2026-07-12T12:30:06Z
simplyhired,nt0t7WsUzFDtUyVxT3zddUsfFIbYI11aNtv7y6Ex_mJHj5n4QJMnOg,Health Care Assistant,Skillsphere,Remote,Remote,,"₹15,000 - ₹20,000 a month",15000,20000,per_month,hybrid,,Remote|Hybrid work,non_clinical,hospital,False,Patient care|Medical terminology|Hospital experience,,,2026-07-11,"Looking for fresher for working as an executive Pay: ₹15,000.00 - ₹20,000.00 per month Work Location: Hybrid remote in…",https://www.simplyhired.co.in/job/nt0t7WsUzFDtUyVxT3zddUsfFIbYI11aNtv7y6Ex_mJHj5n4QJMnOg,2026-07-12T12:30:06Z
simplyhired,VSmTO0UprsRdPTj51w9fYPRE04XMgOcUXqH4S1FmYkxg762FqoKjCQ,Accounts Receivable Executive - US Healthcare,MedAce Business Solutions Pvt Ltd,"Nagpur, Maharashtra",Nagpur,,"₹8,204.92 - ₹25,000.00 a month",8205,25000,per_month,full_time,Weekend availability|Full-time|Night shift,,non_clinical,hospital,False,English|12th Pass|Typing|In-person|Communication skills,,,2026-07-09,Experience in revenue cycle management or working with commercial health insurance carriers is a plus. At least 1+ years of experience in accounts receivable…,https://www.simplyhired.co.in/job/VSmTO0UprsRdPTj51w9fYPRE04XMgOcUXqH4S1FmYkxg762FqoKjCQ,2026-07-12T12:30:06Z
simplyhired,0n8TrQDjHBCYquTpDr9whqsxTmh6cmOXCzjU7Syo_t-nJwvEfnTlvg,Claims & EV BV Specialist - Oncology,Risa Labs,"Koramangala, Bengaluru, Karnataka",Bengaluru,,"₹4,00,000 - ₹7,00,000 a year",400000,700000,per_annum,full_time,Full-time,,non_clinical,pharma,False,Analysis skills|In-person|Medical terminology|Communication skills,,,2026-07-08,"Experience Required:* 3–4 years (minimum) in Oncology Claims Denial Management, and. 3–4+ years of hands-on experience in Oncology Denial Management .",https://www.simplyhired.co.in/job/0n8TrQDjHBCYquTpDr9whqsxTmh6cmOXCzjU7Syo_t-nJwvEfnTlvg,2026-07-12T12:30:06Z
simplyhired,4d6T8VtRxU5T110wascVY9JDcsZXbtPFnPIoGUWl3bKR1KnJk806wA,Executive Billing,Kims Icon Hospital,"Visakhapatnam, Andhra Pradesh",Visakhapatnam,,"₹17,000 - ₹30,000 a month",17000,30000,per_month,full_time,Full-time,,non_clinical,hospital,False,Bachelor's degree|In-person,Health insurance|Paid time off|Paid sick time,,2026-07-09, Display the standard protocol of service as per KIMS culture while handling patients / patient attendants.  Responsible to counsel the patients with issues…,https://www.simplyhired.co.in/job/4d6T8VtRxU5T110wascVY9JDcsZXbtPFnPIoGUWl3bKR1KnJk806wA,2026-07-12T12:30:06Z
simplyhired,BX7RgYsX-i-Orw5Hs8sn_iggIeyUohhpKEshifGlYl9SiqWdgi1pwA,Resident Medical Officer (RMO),Zen Cancer Hospital (ZenOnco.io),"Rajapur, Uttar Pradesh",Rajapur,,"₹25,000 - ₹40,000 a month",25000,40000,per_month,full_time,Weekend availability|Full-time|Rotational shift,,doctors,hospital,False,Medicine|ACLS Certification|ICU experience|Bachelor's degree|In-person|Communication skills,,,2026-07-11,Fresh MBBS graduates with strong clinical skills and an interest in oncology may also be considered. Provide proper clinical handovers during shift changes.,https://www.simplyhired.co.in/job/BX7RgYsX-i-Orw5Hs8sn_iggIeyUohhpKEshifGlYl9SiqWdgi1pwA,2026-07-12T12:30:06Z
simplyhired,rUqX2dBYoha918cf-_jQTDnOmmP9_OY6bHDpJwskqpWtdcVcj7W6Nw,Healthcare Case Manager (Night Shift),Healync Technologies Private Limited,"Mumbai, Maharashtra",Mumbai,,"₹35,000 - ₹60,000 a month",35000,60000,per_month,full_time,Overnight shift|Full-time|Night shift|Evening shift,,non_clinical,hospital,False,Patient care|EMR systems|Hospital experience,Cell phone reimbursement|Flexible schedule|Paid sick time,,2026-07-09,"The primary purpose of this shift is to facilitate seamless communication and coordination with international specialists, hospitals, and healthcare providers…",https://www.simplyhired.co.in/job/rUqX2dBYoha918cf-_jQTDnOmmP9_OY6bHDpJwskqpWtdcVcj7W6Nw,2026-07-12T12:30:06Z
simplyhired,nFJot6ZzOxFssWCIvE9xGKV8ZOgjhE40jqGEsKD5wzavowAiTw7h_g,Pharmacist,Apollo Hospitals,"Bengaluru, Karnataka",Bengaluru,,"₹14,259.24 - ₹26,135.05 a month",14259,26135,per_month,full_time,Full-time,,pharmacists,hospital,True,Anatomy knowledge|Bachelor's degree|Patient care|In-person|Hospital experience,Health insurance|Paid time off|Flexible schedule|Paid sick time,,2026-07-07,"Freshers & \*Experience with valid registration are preferred*. \* Shift Timings: 7 AM 4 PM, 9 AM 6 PM, 10 AM 7 PM, 2 PM -11 PM.",https://www.simplyhired.co.in/job/nFJot6ZzOxFssWCIvE9xGKV8ZOgjhE40jqGEsKD5wzavowAiTw7h_g,2026-07-12T12:30:08Z
simplyhired,X4msd6y_QMjzgqqZqGFDfOWuGzVLNhiBeq1KUQmPCAAal_vB7PuIOA,TPA Executive,MedSure Claim Solutions,"Delhi, Delhi",Delhi,,"₹10,000 - ₹1,50,000 a month",10000,150000,per_month,full_time,Full-time|Call employer,,non_clinical,hospital,False,Microsoft Office|Analysis skills|Bachelor's degree|Organisational skills|Computer skills|In-person|Medical terminology|Communication skills,,,2026-07-11,Ayushman Card Verification & Patient Registration. Beneficiary Verification through BIS Portal. Discharge Entry & Final Claim Submission.,https://www.simplyhired.co.in/job/X4msd6y_QMjzgqqZqGFDfOWuGzVLNhiBeq1KUQmPCAAal_vB7PuIOA,2026-07-12T12:30:08Z
simplyhired,h1oTQF8EgfN8lY_onCiV3y4Wcd564sTrU7lM3tsEnvY6OKvAhENOSw,Staff Nurses OT Technician job,NT HEALTHACRE,"Delhi, Delhi",Delhi,,"₹8,086.00 - ₹44,644.67 a month",8086,44645,per_month,hybrid,Part-time|Weekend availability|Evening shift,Hybrid work,non_clinical,hospital,False,Nursing|Bachelor's degree|Patient care|Diploma|Communication skills|Nursing,Commuter assistance|Work from home|Flexible schedule,,2026-07-09,"Experience in OT assistance, plaster management, nursing care, or home healthcare services is an advantage. Maintain proper documentation and communication with…",https://www.simplyhired.co.in/job/h1oTQF8EgfN8lY_onCiV3y4Wcd564sTrU7lM3tsEnvY6OKvAhENOSw,2026-07-12T12:30:08Z
simplyhired,Gj4Ri_3a8YKrccrHw-Zfs5bg9fmi6IBWcMTuvwrKQ-DdzHFFJFm5vQ,Operations Manager _ Medical Coding,Annova Solutions Pvt Ltd,"Perungudi, Chennai, Tamil Nadu",Chennai,,"₹10,00,000 - ₹20,00,000 a year",1000000,2000000,per_annum,full_time,Full-time,,non_clinical,hospital,False,Nursing|Master's degree|Bachelor's degree|Business Administration|In-person|MBA,Health insurance,,2026-07-10,"Quality & Compliance Management o Ensure strict adherence to ICD-10-CM, CPT, HCPCS, payer-specific, and client defined coding guidelines.",https://www.simplyhired.co.in/job/Gj4Ri_3a8YKrccrHw-Zfs5bg9fmi6IBWcMTuvwrKQ-DdzHFFJFm5vQ,2026-07-12T12:30:08Z
simplyhired,TfdlgjO3tKZsaUsIl8R1Lpimj5UZIXtuATD6zlBui5jA7kMtqHIwNg,Nurses with BSc degree,Indus Group Inc,"Amaravati, Andhra Pradesh",Amaravati,,"₹20,000 - ₹30,000 a month",20000,30000,per_month,full_time,Full-time,,non_clinical,hospital,False,B.Sc|English|Bachelor's degree|Patient care|In-person|Nursing,Flexible schedule,,2026-07-10,Must have BSc degree with minimum 2 years experience in the Hospital care. Must be Progiscient in English both reading & writing.,https://www.simplyhired.co.in/job/TfdlgjO3tKZsaUsIl8R1Lpimj5UZIXtuATD6zlBui5jA7kMtqHIwNg,2026-07-12T12:30:08Z
simplyhired,4R7zmQAzSHSD2_YJGvwCezK_Y5VypQ_9arsR2PvmwqPtW1qbz-Vxrg,Regional Medical Advisor,Dr Reddy's Laboratories Limited,"Delhi, Delhi",Delhi,,Not Disclosed,,,,remote,Full-time,Remote,non_clinical,pharma,False,Medicine|B.Sc|Research|Master's degree|Analysis skills|Bachelor's degree|MBA|Communication skills,Health insurance,,2026-07-09,"You will be a therapeutic area scientific expert, responsible for discussing the scientific data pertaining to products on proactive and reactive basis,…",https://www.simplyhired.co.in/job/4R7zmQAzSHSD2_YJGvwCezK_Y5VypQ_9arsR2PvmwqPtW1qbz-Vxrg,2026-07-12T12:30:08Z
simplyhired,PSAnbkBH0JTmXk5ZfV4IepfDy2bpNN0wiyDnwytToc1xRnuzYXQnqQ,Assistant Quality Manager,SPES SUPER SPECIALITY HOSPITAL,"Greater Noida, Uttar Pradesh",Greater Noida,,"₹19,630.32 - ₹69,224.67 a month",19630,69225,per_month,full_time,Full-time,,non_clinical,hospital,False,Microsoft Powerpoint|Nursing|Microsoft Excel|B.Sc|Master's degree|Analysis skills|Bachelor's degree|In-person|MBA|Communication skills,Food provided,,2026-07-11,Minimum *3–5 years* of experience in Hospital Quality Management. SPES Super Speciality Hospital* is looking for an experienced and dynamic *Quality Manager* to…,https://www.simplyhired.co.in/job/PSAnbkBH0JTmXk5ZfV4IepfDy2bpNN0wiyDnwytToc1xRnuzYXQnqQ,2026-07-12T12:30:08Z
simplyhired,9PkQ2ygwt1-beKXlDb3vfBJwMo-jTmUt5bBvUY_R138LGZpMpDiPkw,Manager,Jeevan Jyoti super speciality hospital,"Bihar Sharif, Bihar",Bihar Sharif,,"From ₹22,000 a month",22000,22000,per_month,full_time,Weekend availability|Full-time,,non_clinical,hospital,False,Master's degree|Presentation skills|Bachelor's degree|Team management|In-person|Communication skills,,,2026-07-11,"Oversee nurse call bell operations including manpower planning, rosters, and staff training. Department: Administration Qualification: BHM / Aviation / Hospital…",https://www.simplyhired.co.in/job/9PkQ2ygwt1-beKXlDb3vfBJwMo-jTmUt5bBvUY_R138LGZpMpDiPkw,2026-07-12T12:30:08Z
simplyhired,IruOw1Fkd50jAazpLkTJ8qr_e6MDVLlYDuKPnzBKPdFJCMVo2sczQw,Medical Stenographer / Assistant,THRIVE CAREER TODAY,"Delhi, Delhi",Delhi,,"₹25,000 - ₹40,000 a month",25000,40000,per_month,full_time,Full-time,,non_clinical,hospital,False,English|Microsoft Office|12th Pass|Bachelor's degree|Organisational skills|Typing|In-person|Diploma|Medical terminology|Communication skills,,,2026-07-08,Strong listening and note-taking abilities. Experience:* Fresher to 3 Years. Opportunity to work directly with an experienced physician.,https://www.simplyhired.co.in/job/IruOw1Fkd50jAazpLkTJ8qr_e6MDVLlYDuKPnzBKPdFJCMVo2sczQw,2026-07-12T12:30:08Z
simplyhired,VQIzckaR0V39Vzljb0qW_w0OLl-3ZChhfEEfKT0k129F9acmpbHKIg,Patirent Relationship Executive,Karma ayurveda,"Janakpuri, Delhi, Delhi",Delhi,,"₹20,000 - ₹25,000 a month",20000,25000,per_month,full_time,Full-time,,non_clinical,hospital,False,Microsoft Word|Hospitality|Microsoft Excel|Customer service|Bachelor's degree|Computer skills|In-person|Communication skills,,,2026-07-09,"1–3 years of experience in a healthcare, hospital, clinic, wellness, or customer service role. Handle patient inquiries through phone calls, WhatsApp, emails,…",https://www.simplyhired.co.in/job/VQIzckaR0V39Vzljb0qW_w0OLl-3ZChhfEEfKT0k129F9acmpbHKIg,2026-07-12T12:30:08Z
simplyhired,w8zC8X5FoLjwAVv-NoNhhIno0Hu0Q8oFcaRnBzji0Ac2JDQuPDIhtg,Medical Receptionist,SunMed Clinical Support,Remote,Remote,,"From ₹20,000 a month",20000,20000,per_month,remote,Part-time|Full-time,Remote,non_clinical,hospital,False,Nursing|English|12th Pass|Communication skills|Office experience,Work from home,,2026-07-11,"The ideal candidate will have excellent communication skills, prior experience in US healthcare, and the ability to manage patient interactions efficiently in a…",https://www.simplyhired.co.in/job/w8zC8X5FoLjwAVv-NoNhhIno0Hu0Q8oFcaRnBzji0Ac2JDQuPDIhtg,2026-07-12T12:30:08Z
simplyhired,0kvHcbmPlwEIJ8ivszDXp5vrZh4i6_sOoFkhIM4NEh9rIZpQaYUedA,Associate Consultant - Radiology/Imaging,Kokilaben Dhirubhai Ambani Hospital,"Navi Mumbai, Maharashtra",Navi Mumbai,,"Up to ₹40,00,000 a year",4000000,4000000,per_annum,full_time,Part-time|Full-time,,doctors,hospital,False,Bachelor's degree|Patient care|In-person,,,2026-07-10,"A professional approach must be adapted with all patients, staff and visitors. Perform Ultrasonography and report CT scan, MRI and x ray under supervision and…",https://www.simplyhired.co.in/job/0kvHcbmPlwEIJ8ivszDXp5vrZh4i6_sOoFkhIM4NEh9rIZpQaYUedA,2026-07-12T12:30:08Z
simplyhired,9Zmb1sVpPzWrb0D40ctuBQeJAWKSCEXFTT-YSpr1z8DExS-WxToALQ,Branch Manager,Pinnacle Blooms Network,"Andra, Andhra Pradesh",Andra,,"₹25,000 - ₹35,000 a month",25000,35000,per_month,full_time,Full-time,,non_clinical,hospital,False,Hospitality|Sales|Customer service|English|Microsoft Office|Bachelor's degree|In-person,,,2026-07-10,"✅ Manage day-to-day branch operations and lead the branch team. 1–3 years experience in front office, customer service, healthcare administration, sales or…",https://www.simplyhired.co.in/job/9Zmb1sVpPzWrb0D40ctuBQeJAWKSCEXFTT-YSpr1z8DExS-WxToALQ,2026-07-12T12:30:08Z
simplyhired,UZSW9FZ2dKCou_sJQGZUO30-k3gSEy1jycNb25spALD-9WEmmSVPfQ,Patient Care Coordinator,Superb imaging health square,"Hauz Khas, Delhi, Delhi",Delhi,,"From ₹16,000 a month",16000,16000,per_month,full_time,Full-time,,non_clinical,hospital,False,Nursing|12th Pass|Bachelor's degree|In-person|Medical terminology|Office experience,Cell phone reimbursement,,2026-07-11,Candidate should have at least one year experience and have knowledge of medical field.,https://www.simplyhired.co.in/job/UZSW9FZ2dKCou_sJQGZUO30-k3gSEy1jycNb25spALD-9WEmmSVPfQ,2026-07-12T12:30:08Z
simplyhired,6NwVMgTLhfJSEoYVIuq3i97WT74ZOTUw2sM_Iccfah4vB-xnd_hTZg,AR Callers - Australian Billing,Synapse Medical Services India Pvt Ltd,"Chennai, Tamil Nadu",Chennai,,"₹15,000 - ₹25,000 a month",15000,25000,per_month,full_time,Full-time,,non_clinical,hospital,False,Analysis skills|Medical terminology|Communication skills,Health insurance|Work from home,,2026-07-10,"Reviewing patient bills for accuracy and completeness, and obtaining any missing information. Experience: 3+ Years in Medical Billing with experience in Calling…",https://www.simplyhired.co.in/job/6NwVMgTLhfJSEoYVIuq3i97WT74ZOTUw2sM_Iccfah4vB-xnd_hTZg,2026-07-12T12:30:08Z
simplyhired,Z_uxOFahrqwe9TMV3c8pWle02SdBgXUhnjoLno3BSq3wPk40Cu0KLg,Staff Nurse - IC/ OT/ ER/ Ward,BE WELL HOSPITALS,"Chennai, Tamil Nadu",Chennai,,"₹20,000 - ₹35,000 a month",20000,35000,per_month,full_time,Full-time|Rotational shift,,nurses,hospital,True,B.Sc|ICU experience|Bachelor's degree|In-person|Communication skills|Nursing,Health insurance,,2026-07-09,"Step beyond routine nursing and gain hands-on exposure across *OT, ICU, ER, and Ward*. Provide quality nursing care to inpatients and outpatients as per…",https://www.simplyhired.co.in/job/Z_uxOFahrqwe9TMV3c8pWle02SdBgXUhnjoLno3BSq3wPk40Cu0KLg,2026-07-12T12:30:10Z
simplyhired,5sELsvo265jzZc1aHu2RESy5P0MAjfmlBBgocdaaMNCnuw5rCd8Png,Assistant Manager - Quality Assurance,Lakeshore Hospital and Research Centre,"Kochi, Kerala",Kochi,,"₹30,000 - ₹40,000 a month",30000,40000,per_month,full_time,Full-time,,non_clinical,hospital,False,Microsoft Office|Master's degree|Analysis skills|Quality control|In-person|Manufacturing|MBA|Communication skills,,,2026-07-09,"Master's Degree in Hospital Administration (MHA), MBA (Hospital Management), MPH, Nursing, or a related healthcare qualification.",https://www.simplyhired.co.in/job/5sELsvo265jzZc1aHu2RESy5P0MAjfmlBBgocdaaMNCnuw5rCd8Png,2026-07-12T12:30:10Z
simplyhired,dfSO-nCbYFQa_NQQEhmfdnPE11gr0NPcxT2fgSdSxvp1kkxx2gwMQw,Assistant Manager - Profee Quality,Guidehouse,"Chennai, Tamil Nadu",Chennai,,Not Disclosed,,,,full_time,,,non_clinical,hospital,False,Microsoft Word|Anatomy knowledge|Microsoft Excel|Microsoft Outlook|Microsoft Office|Travel|Mentoring|Medical terminology,,,2026-07-08,"Guidehouse offers a comprehensive, total rewards package that includes competitive compensation and a flexible benefits package that reflects our commitment to…",https://www.simplyhired.co.in/job/dfSO-nCbYFQa_NQQEhmfdnPE11gr0NPcxT2fgSdSxvp1kkxx2gwMQw,2026-07-12T12:30:10Z
simplyhired,WnDUrzPnm-Mu8bTcl0ZWHcKSSYIzZbciyiIR1eHkNKXJ6eNq3_K_hQ,Ophthalmologist,Chowdhary Eye Centre,"Jammu, Jammu and Kashmir",Jammu,,"₹90,000 - ₹1,20,000 a month",90000,120000,per_month,full_time,Full-time,,doctors,hospital,False,Medicine|Bachelor's degree|In-person|Diploma|Communication skills,Paid time off|Flexible schedule|Paid sick time,,2026-07-10,Supportive environment for both experienced Ophthalmologists and freshers. The role offers comprehensive clinical and surgical exposure in a well-established…,https://www.simplyhired.co.in/job/WnDUrzPnm-Mu8bTcl0ZWHcKSSYIzZbciyiIR1eHkNKXJ6eNq3_K_hQ,2026-07-12T12:30:10Z
simplyhired,S3dR79zYh3TfaNmdBU49NLKKMpOS6vo194x3vr9CF5fUBpx-ts_-1Q,Registered Nurse for Home Visit,Care247,"Bhubaneswar, Odisha",Bhubaneswar,,"₹6,086.00 - ₹30,023.03 a month",6086,30023,per_month,part_time,Part-time|Online application|Email,,nurses,hospital,False,B.Sc|Bachelor's degree|In-person|AI,,,2026-07-10,"We’re inviting *on-demand (on-call) Registered Nurse* Care247 extended team in Chennai, Pune, Hyderbad, Bengaluru, Mumbai, NCR Delhi, Kolkata & Tier-1 cities.",https://www.simplyhired.co.in/job/S3dR79zYh3TfaNmdBU49NLKKMpOS6vo194x3vr9CF5fUBpx-ts_-1Q,2026-07-12T12:30:10Z
simplyhired,t7Lkxg8EJQQVtbyG8JzxxQcbXwlyh-jF_lMzmH0kdsz-B6B85e_qtg,"Hospital Operations Manager – Immediate Hiring | Kharadi, Pune",Walnut Child Development Clinic,"Kharadi, Pune, Maharashtra",Pune,,"₹30,000 - ₹55,000 a month",30000,55000,per_month,full_time,Full-time|Day shift,,non_clinical,hospital,False,Microsoft Excel|Master's degree|Analysis skills|Bachelor's degree|Continuous improvement|Business Administration|In-person|MBA|Leadership|Hospital experience|Negotiation|Time management,Paid time off|Flexible schedule|Paid sick time,,2026-07-11,3–7 years of experience in hospital operations or healthcare administration. We are looking for an experienced and proactive *Hospital Operations Manager* to…,https://www.simplyhired.co.in/job/t7Lkxg8EJQQVtbyG8JzxxQcbXwlyh-jF_lMzmH0kdsz-B6B85e_qtg,2026-07-12T12:30:10Z
simplyhired,CyyDZ2n-vSm3ttDlV2lnLM5OUYQXBCw9ZUDo2XxKl3tboYkqLkBjWQ,Customer Care Executive,Ovum Hospitals,"Kalyananagar, Bengaluru, Karnataka",Bengaluru,,"₹9,782.66 - ₹28,200.71 a month",9783,28201,per_month,full_time,Weekend availability|Full-time|Rotational shift,,non_clinical,hospital,False,Microsoft Word|Microsoft Outlook|Customer service|English|Microsoft Office|Bachelor's degree|In-person|Communication skills|Hospital experience,Health insurance,,2026-07-10,"Prepare daily call logs and customer service reports. Attend to patient inquiries through phone calls, walk-ins, emails, and WhatsApp.",https://www.simplyhired.co.in/job/CyyDZ2n-vSm3ttDlV2lnLM5OUYQXBCw9ZUDo2XxKl3tboYkqLkBjWQ,2026-07-12T12:30:10Z
simplyhired,KTvgm_RysoXSun_LepMfEDgzr2ubWPqL8TqrPrdPG2WttznuIyhN9Q,Hospital Receptionist,Placement Catalyst,"Patna, Bihar",Patna,,"₹15,000 - ₹18,000 a month",15000,18000,per_month,full_time,Full-time,,non_clinical,hospital,False,12th Pass|Bachelor's degree|Data entry|Front desk|Computer skills|In-person|Communication skills|Office experience,,,2026-07-10,"Basic knowledge of hospital front desk operations will be an advantage. Provide information regarding doctors’ availability, consultation timings, departments,…",https://www.simplyhired.co.in/job/KTvgm_RysoXSun_LepMfEDgzr2ubWPqL8TqrPrdPG2WttznuIyhN9Q,2026-07-12T12:30:10Z
simplyhired,l2uDLpGwUsIXd_1Oxy8XG_iahFOuR1t3_BoTYaikNrMfTefhfCdxjA,RMO MBBS BCMR,HALDER HOSPITAL,"Kishanganj, Bihar",Kishanganj,,"₹8,000 - ₹40,000 a month",8000,40000,per_month,hybrid,Part-time|Full-time,Hybrid work,doctors,hospital,False,Medicine|Bachelor's degree|Patient care,,,2026-07-09,"We need a RMO MBBS with BCMR Registration Pay: ₹8,000.00 - ₹40,000.00 per month Work Location: Hybrid remote in Kishanganj, Bihar (Kishanganj, Kishanganj…",https://www.simplyhired.co.in/job/l2uDLpGwUsIXd_1Oxy8XG_iahFOuR1t3_BoTYaikNrMfTefhfCdxjA,2026-07-12T12:30:10Z
simplyhired,OZ5t80ESshcYuHCNQKHAt6tYMVISu2J3KOB0H5bTf24-uez9ppkIpg,Radiologist Assistant,Teleradiology Solutions (TRS),"Bengaluru, Karnataka",Bengaluru,,Not Disclosed,,,,full_time,Full-time,,doctors,hospital,False,Anatomy knowledge|Word processing|English|Bachelor's degree|Computer skills|Typing|Medical terminology|Communication skills,,,2026-07-09,Demonstrates an understanding of the medico legal implications and responsibilities related to the transcription of patient records to protect the patient and…,https://www.simplyhired.co.in/job/OZ5t80ESshcYuHCNQKHAt6tYMVISu2J3KOB0H5bTf24-uez9ppkIpg,2026-07-12T12:30:10Z
simplyhired,g3Ke-Qgd3ToO7DBXPYqAeyJNllwUC0-A9v3JKbD4LXpTvtWFkbkdZw,Consultant Pathologist (Part-Time),Eden Hospital,Chandigarh,Chandigarh,,"₹40,000 - ₹50,000 a month",40000,50000,per_month,part_time,Part-time,,doctors,hospital,False,Medicine|Laboratory experience|Analysis skills|In-person|Communication skills,,,2026-07-09,Employment Type: Part-Time / Consultant*. Experience: Minimum 4 years of experience (preferred)*. The Part-Time Consultant Pathologist is responsible for…,https://www.simplyhired.co.in/job/g3Ke-Qgd3ToO7DBXPYqAeyJNllwUC0-A9v3JKbD4LXpTvtWFkbkdZw,2026-07-12T12:30:10Z
simplyhired,VJuG4L602xBJyzvq0Z_2xAUfBEjvvAANyadGKdnh74e10rj5beH2iw,Charge Entry Specialist,ACIDUS MANAGEMENT SOLUTIONS PRIVATE LIMITED,"Coimbatore, Tamil Nadu",Coimbatore,,"₹14,000 - ₹18,000 a month",14000,18000,per_month,full_time,Weekend availability|Full-time|Night shift|Day shift,,non_clinical,hospital,False,Analysis skills|Data entry|In-person|Medical terminology|Communication skills,,,2026-07-10,Ensure all charges are compliant with client-specific rules and industry standards. Familiarity with RCM processes and US healthcare billing standards.,https://www.simplyhired.co.in/job/VJuG4L602xBJyzvq0Z_2xAUfBEjvvAANyadGKdnh74e10rj5beH2iw,2026-07-12T12:30:10Z
simplyhired,8ffoSie5Ur9hT1VkKinP5xkd0-h0YW5cfM7BAj0DfeMU3rbYt6novw,FOR THE POST OF SCHOOL COUNSELLOR,"ST. TERESA SCHOOL, SADOPUR","Greater Noida, Uttar Pradesh",Greater Noida,,"₹14,610.64 - ₹42,234.17 a month",14611,42234,per_month,full_time,Full-time,,non_clinical,hospital,False,English|Master's degree|Psychology|Computer skills|In-person|Diploma|Leadership|Communication skills|Time management,,,2026-07-09,"Provide individual and group counselling sessions to students. Help students manage stress, anxiety, emotional concerns, behavioural issues, and peer…",https://www.simplyhired.co.in/job/8ffoSie5Ur9hT1VkKinP5xkd0-h0YW5cfM7BAj0DfeMU3rbYt6novw,2026-07-12T12:30:12Z
simplyhired,XswNPq--fMPh2MNnYqRmHe3Mcf25eyNHtLSxBNHw73d3PJWQwVfemw,Clinical Nurse- Nursing,Apollo Hospitals,"Guwahati, Assam",Guwahati,,Not Disclosed,,,,full_time,Full-time,,nurses,hospital,False,Nursing|Patient monitoring|Computer literacy|B.Sc|Master's degree|12th Pass|Bachelor's degree|Care plans|Nursing,,,2026-07-10,"3 months – 5 years of experience in field of Nursing assessing patient’s health problems, providing care to sick, disabled, recovering or injured patients,…",https://www.simplyhired.co.in/job/XswNPq--fMPh2MNnYqRmHe3Mcf25eyNHtLSxBNHw73d3PJWQwVfemw,2026-07-12T12:30:12Z
simplyhired,gTlGfVJAFH0SPvR-Eomo_B8w6Ylu0BmKkPNR_F8BJI6DozznySWw3A,Regional Sales Manager Head,Pachouli Wellness Clinic,Delhi,Delhi,,"₹50,000 - ₹70,000 a month",50000,70000,per_month,full_time,Full-time,,non_clinical,hospital,False,CRM software|Management|Microsoft Office|Bachelor's degree|In-person|Leadership,Flexible schedule,,2026-07-11,"The Clinic Head will oversee a team of doctors, therapists, counsellors, and front office executives to deliver high-quality client experiences, drive business…",https://www.simplyhired.co.in/job/gTlGfVJAFH0SPvR-Eomo_B8w6Ylu0BmKkPNR_F8BJI6DozznySWw3A,2026-07-12T12:30:12Z
simplyhired,ukPDGfI5MCpdXmVpF9D6kfK7XCUMizAdmya6PjYpfBp7cg7cqj2GzA,Admin Supervisor,Thatha Patti Elders Foundation,"Saravanampatti, Coimbatore, Tamil Nadu",Coimbatore,,"₹15,000 - ₹30,000 a month",15000,30000,per_month,full_time,Email|Full-time|Call employer,,non_clinical,hospital,False,Computer literacy|English|Microsoft Office|Supervising experience|Bachelor's degree|In-person|Communication skills,Health insurance|Life insurance|Food provided,,2026-07-11,"Responsible, disciplined, and proactive attitude — comfortable working in an elder care environment. We are hiring an admin supervisor to oversee daily…",https://www.simplyhired.co.in/job/ukPDGfI5MCpdXmVpF9D6kfK7XCUMizAdmya6PjYpfBp7cg7cqj2GzA,2026-07-12T12:30:12Z
simplyhired,OmDs_bDa_MtIQUHg2Duu7OyLp0InxUbjV-ZuOY4Egr_XgXU8xej3GQ,AR Caller,Abacos Health Private Limited,"Satellite, Ahmedabad, Gujarat",Ahmedabad,,Not Disclosed,,,,full_time,Full-time|Night shift,,non_clinical,hospital,False,Microsoft Excel|English|Analysis skills|Bachelor's degree|Data entry|In-person|Communication skills,Health insurance,,2026-07-11,Exposure to healthcare billing software or insurance processes. Ensure compliance with healthcare billing guidelines and company policies.,https://www.simplyhired.co.in/job/OmDs_bDa_MtIQUHg2Duu7OyLp0InxUbjV-ZuOY4Egr_XgXU8xej3GQ,2026-07-12T12:30:12Z
simplyhired,HVWOS0b3XDtwDJqik_v-UCE2peTjyXgRqelK6YELO3ELEG_vPbnblg,OT Technician,NT HEALTHACRE,"Delhi, Delhi",Delhi,,"₹10,630.83 - ₹50,056.00 a month",10631,50056,per_month,part_time,Part-time|Weekend availability|Evening shift,,non_clinical,hospital,False,Nursing|English|In-person|Diploma|Communication skills,Commuter assistance|Cell phone reimbursement|Work from home|Flexible schedule,,2026-07-10,"Experience in orthopedic procedures, plaster management, OT assistance, and home healthcare services is an advantage. Plaster application and plaster removal.",https://www.simplyhired.co.in/job/HVWOS0b3XDtwDJqik_v-UCE2peTjyXgRqelK6YELO3ELEG_vPbnblg,2026-07-12T12:30:12Z
simplyhired,PR0i0TMD0emBL4a1UcbkhshOlgFFBZUMtJrWghuhr7xIGUSBZbAQfg,Staff Nurse,Sparsh Dialysis Centre,Delhi,Delhi,,"₹17,000 - ₹20,000 a month",17000,20000,per_month,full_time,Full-time,,nurses,hospital,False,Bachelor's degree|Patient care|In-person|Nursing,Health insurance,,2026-07-10,"Manage A Pediatric Dialysis Centre in the premises of Batra hospital Mehrauli Badarpur Road Delhi Pay: ₹17,000.00 - ₹20,000.00 per month Benefits: * Health…",https://www.simplyhired.co.in/job/PR0i0TMD0emBL4a1UcbkhshOlgFFBZUMtJrWghuhr7xIGUSBZbAQfg,2026-07-12T12:30:12Z
simplyhired,o4-2wGkqimzhQRwkvXALOApcbDRK-4TKvrI2Z8LHxcaMmKzn4P4tMA,Hospital Administrator (Residential) Karjat,Calida Rehab,"Karjat, Maharashtra",Karjat,,"₹50,000 - ₹60,000 a month",50000,60000,per_month,full_time,Full-time|Rotational shift,,non_clinical,hospital,False,Microsoft Excel|Sales|Microsoft Office|Master's degree|Bachelor's degree|Team management|Computer skills|Business Administration|In-person|MBA|Leadership|Communication skills,Paid time off|Cell phone reimbursement|Flexible schedule|Food provided,,2026-07-11,"3–7 years of experience in hospital, rehabilitation centre, healthcare, or institutional administration. Maintain employee attendance, leave, and shift records.",https://www.simplyhired.co.in/job/o4-2wGkqimzhQRwkvXALOApcbDRK-4TKvrI2Z8LHxcaMmKzn4P4tMA,2026-07-12T12:30:12Z
simplyhired,FsbEYohka6QqdvCDE1du8aIglcZrlDPsDPvDTqLTaJ9tYl1iu0K1Sg,Public Relation Officer,DR.ARAVIND'S IVF FERTILITY CENTRE,"Tirupathur District, Tamil Nadu",Tirupathur District,,"₹15,000 - ₹25,000 a month",15000,25000,per_month,full_time,Full-time,,non_clinical,hospital,False,Customer service|Bachelor's degree|Business Administration|In-person|Medical terminology|Communication skills,Cell phone reimbursement|Flexible schedule,,2026-07-11,"Experience in customer service or healthcare is often preferred. Provide information about hospital services, departments, and procedures.",https://www.simplyhired.co.in/job/FsbEYohka6QqdvCDE1du8aIglcZrlDPsDPvDTqLTaJ9tYl1iu0K1Sg,2026-07-12T12:30:12Z
simplyhired,136BJWUITqBktt3K5LyFV5mjoRZr8HUIVDdncHpSfFrxexdH5Vw9Gg,Nutritionist,SoftPath Consulting,"Guwahati, Assam",Guwahati,,"Up to ₹35,000 a month",35000,35000,per_month,full_time,Full-time,,non_clinical,hospital,False,English|Bachelor's degree|Travel|In-person,Health insurance,,2026-07-10,*Able to address huge crowds & must be presentable.*. Resolving all queries related to healthcare products during training & through Whatsapp/email/Phone.,https://www.simplyhired.co.in/job/136BJWUITqBktt3K5LyFV5mjoRZr8HUIVDdncHpSfFrxexdH5Vw9Gg,2026-07-12T12:30:12Z
simplyhired,SyBCtk96L6n7wWNiCeaitoeiYGqxWO31Uhc2kj5ikDYHozP4kw1Q1w,Customer Support Executive (CSE) or Front office executive,Minus clinic,"Tenkasi, Tamil Nadu",Tenkasi,,"₹14,000 - ₹20,000 a month",14000,20000,per_month,full_time,Full-time|Monday to Friday,,non_clinical,hospital,False,CRM software|Customer service|Microsoft Office|Master's degree|Computer skills|In-person|Communication skills|Time management,,,2026-07-10,Good customer service and interpersonal skills. Saturday and Sunday are mandatory working days & You will be entitled to one weekly off between Monday and…,https://www.simplyhired.co.in/job/SyBCtk96L6n7wWNiCeaitoeiYGqxWO31Uhc2kj5ikDYHozP4kw1Q1w,2026-07-12T12:30:12Z
simplyhired,8sblQ6en7Sd_SP7V_lsSt1KVqldmY4eTFpWTs9YB-I_UbdWLnQ80aw,Receptionist/Administration,g1 hospital,"Visakhapatnam, Andhra Pradesh",Visakhapatnam,,"₹8,591.91 - ₹19,245.40 a month",8592,19245,per_month,full_time,Full-time|Call employer,,non_clinical,hospital,False,Microsoft Powerpoint|Microsoft Word|English|Master's degree|Bachelor's degree|In-person,,,2026-07-09,"Please forward your resume and contact 8639661791 to receive the hospital address and for any interview-related queries Pay: ₹8,591.91 - ₹19,245.40 per…",https://www.simplyhired.co.in/job/8sblQ6en7Sd_SP7V_lsSt1KVqldmY4eTFpWTs9YB-I_UbdWLnQ80aw,2026-07-12T12:30:12Z
simplyhired,AfBjDNhuzsXLNTk6W112WiyCc2lnqN_YQrHptnwR7GR-hTDk18kcgw,Health Counselor,Chandragiri Health Pvt. Ltd,"Davangere, Karnataka",Davangere,,"₹11,052.15 - ₹35,443.54 a month",11052,35444,per_month,full_time,Full-time,,non_clinical,hospital,False,English|Microsoft Office|Master's degree|In-person|Diploma|Care plans,,,2026-07-11,"We are seeking a compassionate and knowledgeable Health Counselor to provide counseling, health education, and wellness support to individuals and groups.",https://www.simplyhired.co.in/job/AfBjDNhuzsXLNTk6W112WiyCc2lnqN_YQrHptnwR7GR-hTDk18kcgw,2026-07-12T12:30:12Z
simplyhired,RQy8gfzVuhQKTPFzB1BslJgeOvAdJtDa8aqXEePMYZDhU7X8mc5xAA,Lab Technician and Phlebotomies,A&G Diagnostics Lab,"Palampur, Himachal Pradesh",Palampur,,"₹8,086.00 - ₹29,204.17 a month",8086,29204,per_month,full_time,Full-time|Call employer,,non_clinical,pharma,False,Blood sampling|Laboratory experience|Bachelor's degree|In-person|Diploma|Communication skills,,,2026-07-09,"Coordinate with doctors and healthcare staff regarding test results. The ideal candidate should be experienced in blood sample collection, laboratory procedures…",https://www.simplyhired.co.in/job/RQy8gfzVuhQKTPFzB1BslJgeOvAdJtDa8aqXEePMYZDhU7X8mc5xAA,2026-07-12T12:30:12Z
simplyhired,bFLYxk4dG7cT_BIF4y9hkE1xStxTFtE9G04iJuLohPlSw-9GLIjRvA,Medical Officer BHMS & BAMS,Indira IVF Hospital Pvt Ltd,"Jhansi, Uttar Pradesh",Jhansi,,"₹25,000 - ₹40,000 a month",25000,40000,per_month,full_time,,,doctors,hospital,True,Medicine|Bachelor's degree|In-person|Care plans,Health insurance,,2026-07-06,"Ensure compliance with healthcare regulations and safety standards, while maintaining the highest standards in patient care. Total work: 5 years (Preferred).",https://www.simplyhired.co.in/job/bFLYxk4dG7cT_BIF4y9hkE1xStxTFtE9G04iJuLohPlSw-9GLIjRvA,2026-07-12T12:30:15Z
simplyhired,Jv-yoYM_uoG93r-h5YcSpKOIj1hpfJKjoRZ1NZpdDtrfD1mYkHXeXA,Tele Caller Executive,Hair O Craft Hair and Skin Clinic,"K. R. Puram, Bengaluru, Karnataka",Bengaluru,,"₹18,000 - ₹35,000 a month",18000,35000,per_month,full_time,Full-time,,non_clinical,hospital,False,Customer service|English|Bachelor's degree|In-person|Communication skills|Marketing,Cell phone reimbursement,,2026-07-11,"1–2 years of experience in telecalling, customer service, or a healthcare/clinic setting is preferred. We are looking for a friendly and professional Tele…",https://www.simplyhired.co.in/job/Jv-yoYM_uoG93r-h5YcSpKOIj1hpfJKjoRZ1NZpdDtrfD1mYkHXeXA,2026-07-12T12:30:15Z
simplyhired,lYccHBQdgZYKHtviJkzPjBepdO9ghEP8ehbxP9Azlqvxw3nNC5D4qQ,Cath Lab Technician,Jeevan Jyoti super speciality hospital,"Bihar Sharif, Bihar",Bihar Sharif,,"Up to ₹40,000 a month",40000,40000,per_month,full_time,Full-time,,non_clinical,hospital,False,B.Sc|Laboratory experience|Bachelor's degree|In-person|Diploma,,,2026-07-11,"Prepare Cath Lab for procedures such as angiography and angioplasty. Prepare catheters, stents, guide wires, and other equipment.",https://www.simplyhired.co.in/job/lYccHBQdgZYKHtviJkzPjBepdO9ghEP8ehbxP9Azlqvxw3nNC5D4qQ,2026-07-12T12:30:15Z
simplyhired,hCovABi2Rlt9f9msHkP6ZNE084B8KTFwlN0fycAC5TCltUNng82upQ,Credentialing & Authorization Executive,Yogesher India Pvt Ltd,"Jhandewalan, Delhi, Delhi",Delhi,,"₹18,000 - ₹25,000 a month",18000,25000,per_month,full_time,Full-time,,non_clinical,hospital,False,Nursing|English|Microsoft Office|Bachelor's degree|Organisational skills|In-person|Communication skills,Health insurance|Paid time off,,2026-07-10,Basic understanding of US healthcare revenue cycle processes is an advantage *. This role requires excellent English communication skills and the ability to…,https://www.simplyhired.co.in/job/hCovABi2Rlt9f9msHkP6ZNE084B8KTFwlN0fycAC5TCltUNng82upQ,2026-07-12T12:30:15Z
simplyhired,MiaIatsXeqVuViUnIWQMAft3-beJaockV4rkUoPfYmloa7RbEe-E9g,PRO,ES Health Services Pvt. Ltd.,"Ambawadi, Ahmedabad, Gujarat",Ahmedabad,,"₹20,000 - ₹25,000 a month",20000,25000,per_month,full_time,Weekend availability|Full-time|Rotational shift,,non_clinical,hospital,False,Customer service|English|Microsoft Office|Bachelor's degree|In-person|Medical terminology|Communication skills|Office experience,Flexible schedule|Paid sick time,,2026-07-09,"The PRO is responsible for ensuring an excellent patient experience by managing OPD coordination, patient communication, appointment scheduling, grievance…",https://www.simplyhired.co.in/job/MiaIatsXeqVuViUnIWQMAft3-beJaockV4rkUoPfYmloa7RbEe-E9g,2026-07-12T12:30:15Z
simplyhired,2z2l08Sb4YYBvIs06PehMwjjkOvPn3nK4WmYe9G3rtq2Uz8LDyWs7g,Medical Billing Associate,Sajtech Services LLP,"Kolkata, West Bengal",Kolkata,,"₹15,000 - ₹18,000 a month",15000,18000,per_month,full_time,Full-time,,non_clinical,hospital,False,English|Bachelor's degree|In-person|Medical terminology|Communication skills,,,2026-07-09,"The requirement is for a voice process, prior experience of working in AR & Denial Management will be preferred.",https://www.simplyhired.co.in/job/2z2l08Sb4YYBvIs06PehMwjjkOvPn3nK4WmYe9G3rtq2Uz8LDyWs7g,2026-07-12T12:30:15Z
simplyhired,Tp_dn3oIFA_T3ggweKGs8qdmV_vijj6W24cAcUP4hj6PUELjK2PDbQ,Ayushman,Jeevan Jyoti super speciality hospital,"Bihar Sharif, Bihar",Bihar Sharif,,"₹12,000 a month",12000,12000,per_month,full_time,Full-time,,non_clinical,hospital,False,Microsoft Excel|Bachelor's degree|Data entry|Computer skills|In-person|Medical terminology|Communication skills,,,2026-07-11,"1–3 years experience in Ayushman / TPA / Hospital billing preferred. Responsible for handling patients under the Ayushman Bharat (PMJAY) scheme, including…",https://www.simplyhired.co.in/job/Tp_dn3oIFA_T3ggweKGs8qdmV_vijj6W24cAcUP4hj6PUELjK2PDbQ,2026-07-12T12:30:15Z
simplyhired,YrmTv8nwjoMYSXhCO6BOyUK3bosUqRTZobNcsc4YzF40c6ZDA7Cgfw,Administrative Supervisor,Diabaid Diabetes,"Ranga Reddy District, Telangana",Ranga Reddy District,,"Up to ₹30,000 a month",30000,30000,per_month,full_time,Full-time|Rotational shift,,non_clinical,hospital,False,English|Microsoft Office|Master's degree|Bachelor's degree|Travel|Business Administration|In-person|MBA|Communication skills,Paid time off|Paid sick time,,2026-07-10,"Office setting in a healthcare facility. Maintain records and facility resources. Optional Certifications: GST, Healthcare Operations, MS Office, Tally, First…",https://www.simplyhired.co.in/job/YrmTv8nwjoMYSXhCO6BOyUK3bosUqRTZobNcsc4YzF40c6ZDA7Cgfw,2026-07-12T12:30:15Z
simplyhired,rxYojFWcGRWACaHSskTMAlwheb3M5Vx-eH47QMIfSVpmM-a4XU0iPA,Hospital Patient Care Coordinator,Sukh Sagar Medical College,"Jabalpur, Madhya Pradesh",Jabalpur,,"Up to ₹1,50,000 a year",150000,150000,per_annum,full_time,Full-time,,non_clinical,hospital,False,MSW|Customer service|English|Microsoft Office|Master's degree|Administrative experience|12th Pass|Bachelor's degree|In-person|Care plans|Medical terminology|Communication skills,Health insurance,,2026-07-11,"This role requires excellent customer service, organizational, and communication skills to ensure seamless patient care. Salary*- Upto 12,000 Per Month.",https://www.simplyhired.co.in/job/rxYojFWcGRWACaHSskTMAlwheb3M5Vx-eH47QMIfSVpmM-a4XU0iPA,2026-07-12T12:30:15Z
simplyhired,bnEdr16z5A5TOk-IRQoa5skRm35QNjK2buc_DnOq7iSFT20q9Z44Eg,Billing Executive,kanishk surgical super speciality hospital,"Dehradun, Uttarakhand",Dehradun,,"₹15,000 - ₹18,000 a month",15000,18000,per_month,full_time,Full-time,Walk-in,non_clinical,hospital,False,Master's degree|Bachelor's degree|Data entry|Typing|In-person,,,2026-07-10,"Interested candidate can share their CV on - 8979811909. Job Types: Full-time, Permanent.",https://www.simplyhired.co.in/job/bnEdr16z5A5TOk-IRQoa5skRm35QNjK2buc_DnOq7iSFT20q9Z44Eg,2026-07-12T12:30:15Z
simplyhired,KvUBpiQLnmkUnCvkZVOQ_2tIgn43PstahYbuUur3fVamlfbZoMyGVA,DRG Reviewer-7,Zelis,Telangana,Telangana,,Not Disclosed,,,,hybrid,Full-time,Hybrid work,non_clinical,hospital,True,Communication skills|Negotiation,,,2026-07-10,"The Inpatient DRG Reviewer will be primarily responsible for conducting post-service, pre-payment and post pay comprehensive inpatient DRG reviews based on…",https://www.simplyhired.co.in/job/KvUBpiQLnmkUnCvkZVOQ_2tIgn43PstahYbuUur3fVamlfbZoMyGVA,2026-07-12T12:30:19Z
simplyhired,MeH3-ZXFY3vEsqUX5bnyrFDH66I7vYgxHjAGXBdIosdYNx3LlqkEEQ,Duty Medical Officer,BE WELL HOSPITALS,"Chennai, Tamil Nadu",Chennai,,"₹40,000 - ₹60,000 a month",40000,60000,per_month,full_time,Full-time,,doctors,hospital,True,Medicine|Bachelor's degree|In-person,,,2026-07-09,"Examine, diagnose, and treat patients in OPD, IPD, ER, and wards as assigned. Handle medical emergencies and critical cases promptly.",https://www.simplyhired.co.in/job/MeH3-ZXFY3vEsqUX5bnyrFDH66I7vYgxHjAGXBdIosdYNx3LlqkEEQ,2026-07-12T12:30:19Z
simplyhired,-ps7vfM5hccS__Joi8dRfnYO-ddj7dNRJ6kbQzDdsq3gaYoo7mdYdA,Receptionist/Administration,RJR HERBAL HOSPITALS,"Saidapet, Chennai, Tamil Nadu",Chennai,,"₹15,000 - ₹20,000 a month",15000,20000,per_month,full_time,Full-time,,non_clinical,hospital,True,Microsoft Word|English|Bachelor's degree|In-person,,,2026-07-08,"Pay: ₹15,000.00 - ₹20,000.00 per month. Greeting and directing patients, visitors, and vendors courteously. Registering new patients, , and managing doctor or…",https://www.simplyhired.co.in/job/-ps7vfM5hccS__Joi8dRfnYO-ddj7dNRJ6kbQzDdsq3gaYoo7mdYdA,2026-07-12T12:30:19Z
simplyhired,kJ9jL8JEViivfXoWgETX-v7Jh0QvFhd0tdN6ao9M2umGUfc8sPHgqA,Assistant Manager - Hospital Operations(Nagercoil/Tuticorin),BE WELL HOSPITALS,"Nagercoil, Tamil Nadu",Nagercoil,,"Up to ₹40,000 a month",40000,40000,per_month,full_time,Full-time,,non_clinical,hospital,True,Microsoft Word|Microsoft Excel|Microsoft Office|Bachelor's degree|In-person|Communication skills,,,2026-07-11,"Monitor patient flow, service delivery, and patient satisfaction across OPD, IPD, Emergency, Diagnostics, and Support Services.",https://www.simplyhired.co.in/job/kJ9jL8JEViivfXoWgETX-v7Jh0QvFhd0tdN6ao9M2umGUfc8sPHgqA,2026-07-12T12:30:19Z
simplyhired,TNfIG-pyC6IaTWBaYKA4jIgabZJVVSXzPa2T6x4b8hCn6onH_0ubYw,Dental RCM - AR - Team Lead,Smile Loft Dental,Remote,Remote,,"₹50,000 - ₹65,000 a month",50000,65000,per_month,remote,Full-time,Remote,non_clinical,hospital,False,Microsoft Excel|Management|English|Supervising experience|Communication skills|Time management,Work from home,,2026-07-09,Smile Loft is looking for an experienced and result-oriented *Team Lead – Accounts Receivable (AR)* to lead our Dental RCM team.,https://www.simplyhired.co.in/job/TNfIG-pyC6IaTWBaYKA4jIgabZJVVSXzPa2T6x4b8hCn6onH_0ubYw,2026-07-12T12:30:19Z
simplyhired,4lsmbgFicWlbxSWcKLwOw4lZ_AgU4sRHlIYZ2tsKTXIOiCv2LfCSxA,Laboratory Technician,Sun Diagnostic Centre,"Dhenkanal, Odisha",Dhenkanal,,"₹10,000 - ₹15,000 a month",10000,15000,per_month,full_time,Full-time,,non_clinical,pharma,False,Anatomy knowledge|Blood sampling|Laboratory experience|Computer skills|In-person|Communication skills,,,2026-07-11,"Be part of a trusted healthcare organization committed to quality diagnostics. Coordinate with doctors, pathologists, and other healthcare staff.",https://www.simplyhired.co.in/job/4lsmbgFicWlbxSWcKLwOw4lZ_AgU4sRHlIYZ2tsKTXIOiCv2LfCSxA,2026-07-12T12:30:19Z
simplyhired,nK6tFaetTLF0hqAmfEgK34qjeJQLy2Myyu6aJHqwXBKq8jA9yGdfzw,Executive Front Office,Parvathy Hospitals,"Chromepet, Chennai, Tamil Nadu",Chennai,,"Up to ₹25,000 a month",25000,25000,per_month,full_time,Full-time,,non_clinical,hospital,False,12th Pass|Bachelor's degree|Data entry|In-person|Medical terminology|Office experience,Food provided,,2026-07-11,Ensures that no patient is made to wait for a long time and in case of emergency if it is delayed patients should be informed of the same.,https://www.simplyhired.co.in/job/nK6tFaetTLF0hqAmfEgK34qjeJQLy2Myyu6aJHqwXBKq8jA9yGdfzw,2026-07-12T12:30:19Z
simplyhired,ZYT29ndWoCI2aJSyrcuJM3oHL_lThcUq6J7JWboBgYo98D3Lt9WHhQ,OP/IP PRE (PATIENT RELATIONS COORDINATOR) -Attapur,Ankura Hospital for Women & Children,"Hyderabad, Telangana",Hyderabad,,"₹18,000 - ₹26,000 a month",18000,26000,per_month,full_time,Full-time,,non_clinical,hospital,False,Bachelor's degree|Recruiting|In-person,,,2026-07-10,To interact with other stake holders and carryout proactive measures to achieve zero error in patient requirements if it is OP to IP conversionGuide patients…,https://www.simplyhired.co.in/job/ZYT29ndWoCI2aJSyrcuJM3oHL_lThcUq6J7JWboBgYo98D3Lt9WHhQ,2026-07-12T12:30:19Z
simplyhired,YBvzDueT_QxbnEt4uwpxdI9YIdMUQQVxGnXtPZGal24IGOurZwNsyw,Admin Manager,Hindustan Recruitment Services Pvt. Ltd.,"JP Nagar, Bengaluru, Karnataka",Bengaluru,,"Up to ₹40,000 a month",40000,40000,per_month,full_time,Full-time,,non_clinical,hospital,False,Microsoft Excel|Microsoft Office|Bachelor's degree|Business Administration|In-person|Leadership,,,2026-07-10,"Pay: Up to ₹40,000.00 per month. Stance Health is a fast-growing healthcare company transforming physiotherapy and performance care through technology-driven…",https://www.simplyhired.co.in/job/YBvzDueT_QxbnEt4uwpxdI9YIdMUQQVxGnXtPZGal24IGOurZwNsyw,2026-07-12T12:30:19Z
simplyhired,nMi_JlO1zoWMA6QoSFqg246eqM6n2MTOjj4cBRKFBxWz9Wbt27yo9A,IJP214_Quality Auditor_HIM_ED Denials Obs_NCR,CorroHealth Infotech Private Limited,"Noida, Uttar Pradesh",Noida,,Not Disclosed,,,,full_time,Full-time,,non_clinical,hospital,False,Microsoft Powerpoint|Anatomy knowledge|Bachelor's degree|Medical terminology,,,2026-07-10,"Across the reimbursement cycle, our scalable solutions and clinical expertise help solve programmatic needs. OVERALL EXPERIENCE - MINIMUM 3 YEARS.",https://www.simplyhired.co.in/job/nMi_JlO1zoWMA6QoSFqg246eqM6n2MTOjj4cBRKFBxWz9Wbt27yo9A,2026-07-12T12:30:19Z
simplyhired,_wyPTiWr6GGEavdz1Q0rkNVWkpkIKVWq5fc2uv8g6jKFF2kIk7F6IA,Consultant Nephrologist,HR Tech IND Consulting,"Mundra, Gujarat",Mundra,,"₹4,00,000 - ₹6,00,000 a month",400000,600000,per_month,full_time,Full-time,,doctors,hospital,False,Bachelor's degree|Patient care|In-person,,,2026-07-09,"Nephrologists must also coordinate care with physicians treating other conditions,such as high blood pressure,diabetes or anaemia that contribute to or result…",https://www.simplyhired.co.in/job/_wyPTiWr6GGEavdz1Q0rkNVWkpkIKVWq5fc2uv8g6jKFF2kIk7F6IA,2026-07-12T12:30:19Z
simplyhired,sOG5LQnq9ShARglZk7mlIAUWbAOrb0nPFqXw0Fg91peE0Gxamv_l2A,Front Desk Receptionist,Sun Diagnostic Centre,"Dhenkanal, Odisha",Dhenkanal,,"₹8,000 - ₹10,000 a month",8000,10000,per_month,full_time,Full-time,,non_clinical,pharma,False,English|Microsoft Office|Bachelor's degree|Computer skills|In-person|Training & development|Communication skills,,,2026-07-10,Freshers with excellent communication skills may also apply. Welcome and assist patients with a warm and professional attitude.,https://www.simplyhired.co.in/job/sOG5LQnq9ShARglZk7mlIAUWbAOrb0nPFqXw0Fg91peE0Gxamv_l2A,2026-07-12T12:30:19Z
simplyhired,jbIPTHR1nIOEmSb-xpYUVuIZARiFLNfu5M1z0u94RWJAnVYewS1Wog,Front Desk Manager (Physiotherapy Clinic),MEDLOC HEALTHCARE SERVICES,"Delhi, Delhi",Delhi,,"₹20,000 - ₹30,000 a month",20000,30000,per_month,full_time,Full-time|Call employer,,non_clinical,hospital,False,Microsoft Excel|English|Microsoft Office|Administrative experience|Data entry|Computer skills|In-person|Communication skills,,,2026-07-11,"Medloc Physiotherapy Clinic is looking for a *smart, confident & responsible Front Desk Executive* who can manage the clinic’s daily operations smoothly.",https://www.simplyhired.co.in/job/jbIPTHR1nIOEmSb-xpYUVuIZARiFLNfu5M1z0u94RWJAnVYewS1Wog,2026-07-12T12:30:19Z
simplyhired,W9KtsG57PL3yp3AmEq2gBLSVIr1rnGGznq2MCf3PO0vZEBmj2QaiJQ,Senior Associate AR,Guidehouse India Pvt Ltd,"Chennai, Tamil Nadu",Chennai,,Not Disclosed,,,,full_time,Full-time|Night shift,,non_clinical,hospital,False,English|Microsoft Office|Analysis skills|Bachelor's degree|Travel|Organisational skills|No travel|Communication skills,,,2026-07-09,"Contact insurance companies for further explanation of denials and underpayments. Guidehouse offers a comprehensive, total rewards package that includes…",https://www.simplyhired.co.in/job/W9KtsG57PL3yp3AmEq2gBLSVIr1rnGGznq2MCf3PO0vZEBmj2QaiJQ,2026-07-12T12:30:19Z
simplyhired,I3Mv8NpVTLiEOyFiY8rBDIS3l5gHcr_AaUbjzWtqc77QMeYtfBQJvg,Accident and Emergency Care Technician,Parvathy Hospital,"Chromepet, Chennai, Tamil Nadu",Chennai,,"Up to ₹22,000 a month",22000,22000,per_month,full_time,Full-time,,non_clinical,hospital,False,Bachelor's degree|In-person|Diploma,Health insurance|Food provided,,2026-07-11,"Participate in Quality Improvement activities including chart audits, peer reviews and focused studies. Serve as a company representative promoting positive…",https://www.simplyhired.co.in/job/I3Mv8NpVTLiEOyFiY8rBDIS3l5gHcr_AaUbjzWtqc77QMeYtfBQJvg,2026-07-12T12:30:19Z
simplyhired,sMb8B_37VR4id6kMll5ERvI0vu2ohUGTeHLHIWwaqY1uG0boCS8faw,"Specialist ICU doctor -MD/DNB Internal medicine, Anesthesia, Emergency Medicine",Medical Recruitment Agency,"Bangalore City, Bengaluru, Karnataka",Bengaluru,,"₹1,40,000 - ₹2,50,000 a month",140000,250000,per_month,full_time,Full-time,,doctors,hospital,True,Medicine|Bachelor's degree|Patient care|In-person|Medical terminology,,,2026-07-07,"Provide bedside care for ICU and high-dependency patients, including. Admissions, daily rounds, procedures, and emergencies.",https://www.simplyhired.co.in/job/sMb8B_37VR4id6kMll5ERvI0vu2ohUGTeHLHIWwaqY1uG0boCS8faw,2026-07-12T12:30:21Z
simplyhired,qvDDA05JAsBETAxULA-hIn_EXXHNyxBkIGelEhAZ5_U_kU-cpTluKQ,Staff Nurse - Nursing,Apollo Hospitals,"Guwahati, Assam",Guwahati,,Not Disclosed,,,,full_time,Full-time,,nurses,hospital,False,Nursing|Patient monitoring|Computer literacy|B.Sc|Master's degree|12th Pass|Bachelor's degree|Care plans|Nursing,,,2026-07-10,"3 months – 5 years of experience in field of Nursing assessing patient’s health problems, providing care to sick, disabled, recovering or injured patients,…",https://www.simplyhired.co.in/job/qvDDA05JAsBETAxULA-hIn_EXXHNyxBkIGelEhAZ5_U_kU-cpTluKQ,2026-07-12T12:30:21Z
simplyhired,Uog9EVGl3ShZ_mGxm8x7vZtOcX56nBf6a-JEKcDtERYqD0zPqqqjVQ,Medical Lab Technician,Human Diagnostics,"Bengaluru Rural District, Karnataka",Bengaluru Rural District,,"₹8,000 - ₹12,000 a month",8000,12000,per_month,full_time,Full-time,,non_clinical,pharma,False,Anatomy knowledge|Blood sampling|Laboratory experience|In-person,Commuter assistance|Paid time off|Flexible schedule|Paid sick time,,2026-07-10,Need lab technician who can travel to collect the samples and process in the laboratory.,https://www.simplyhired.co.in/job/Uog9EVGl3ShZ_mGxm8x7vZtOcX56nBf6a-JEKcDtERYqD0zPqqqjVQ,2026-07-12T12:30:21Z
simplyhired,gsKftG0KINOVmPiqTDuhL-katLBYkkzDhRNUJvyYqR4qxd3yUmVnxQ,Registration Executive,Orange Rehab and CDC,"Whitefield, Bengaluru, Karnataka",Bengaluru,,"₹9,000 - ₹16,000 a month",9000,16000,per_month,full_time,Full-time|Call employer,,non_clinical,hospital,False,Customer service|English|Microsoft Office|Bachelor's degree|Computer skills|In-person|Communication skills,Paid time off|Cell phone reimbursement,,2026-07-08,This role serves as the first point of contact for parents and plays a key role in providing an excellent customer experience.,https://www.simplyhired.co.in/job/gsKftG0KINOVmPiqTDuhL-katLBYkkzDhRNUJvyYqR4qxd3yUmVnxQ,2026-07-12T12:30:21Z
simplyhired,95pDU9b1Ki9QUaHPRA_YQyaFo3qBQ9Mqyx9dsPVhKMDkA9_UxXM_WA,Lab technician,Krish clinical laboratory,"Coimbatore, Tamil Nadu",Coimbatore,,"₹13,000.00 - ₹29,207.60 a month",13000,29208,per_month,full_time,Part-time|Full-time,,non_clinical,pharma,False,Laboratory experience|Analysis skills|Quality control|In-person|Diploma,Flexible schedule,,2026-07-10,"Lab technician/ Phleomatomist Sample processing and Handling Freshers and Experiences Candidate can apply Pay: ₹13,000.00 - ₹29,207.60 per month Benefits: …",https://www.simplyhired.co.in/job/95pDU9b1Ki9QUaHPRA_YQyaFo3qBQ9Mqyx9dsPVhKMDkA9_UxXM_WA,2026-07-12T12:30:21Z
simplyhired,MZdgWMcJ6JIEQ9Zi9SlgiRUT-h2Y2-Wo_hhTiUt0BUKVwUA0HIjeiA,Night Supervisor,KANAG ENT SUPER SPECIALITY HOSPITAL,"Meerut, Uttar Pradesh",Meerut,,"₹10,900 - ₹18,000 a month",10900,18000,per_month,full_time,Full-time|Night shift,,non_clinical,hospital,False,Microsoft Word|Microsoft Office|Supervising experience|Bachelor's degree|Computer skills|In-person|Communication skills,,,2026-07-11,"1–5 years of experience in hospital operations, supervision, or healthcare administration. Supervise and coordinate hospital operations during the night shift.",https://www.simplyhired.co.in/job/MZdgWMcJ6JIEQ9Zi9SlgiRUT-h2Y2-Wo_hhTiUt0BUKVwUA0HIjeiA,2026-07-12T12:30:21Z
simplyhired,rdYt7RRtoOXMdIGRHzRo55_z0q_MZzszA1fqYjtAX88B_LjDXioXbA,Clinical Psychologist (RCI Registered),Better Me Healthcare,"Delhi, Delhi",Delhi,,"₹30,000 - ₹1,00,000 a month",30000,100000,per_month,full_time,Part-time|Full-time,,doctors,hospital,False,English|Microsoft Office|Master's degree|Diploma,Work from home|Flexible schedule,,2026-07-10,*Education:* *M.Phil. in Clinical Psychology* (2-year regular course) from an *RCI-recognized* institution. We maintain a high standard for clinical excellence…,https://www.simplyhired.co.in/job/rdYt7RRtoOXMdIGRHzRo55_z0q_MZzszA1fqYjtAX88B_LjDXioXbA,2026-07-12T12:30:21Z
simplyhired,5eweP6t0E03_OUwkxxS3kpS9VTYkOGTmGeCNu6fz-KmGJVJkzYQGwA,Front Desk Receptionist/Office Assistant,RKP HOSPITALS Kovilambakkam,"Kovilambakkam, Chennai, Tamil Nadu",Chennai,,"₹20,000 - ₹25,000 a month",20000,25000,per_month,full_time,Full-time,,non_clinical,hospital,False,Microsoft Powerpoint|Microsoft Word|English|Master's degree|Administrative experience|Bachelor's degree|Front desk|Computer skills|In-person|Diploma|Communication skills,,,2026-07-09,Based on experience and interview performance. 2–3 Years Preferably in Hospital / Health care Industry. Answer phone calls and provide hospital information.,https://www.simplyhired.co.in/job/5eweP6t0E03_OUwkxxS3kpS9VTYkOGTmGeCNu6fz-KmGJVJkzYQGwA,2026-07-12T12:30:21Z
simplyhired,Q4wSyE2tbcDNoqOnuLspWE5IcXJFUEQKzckfG3ivOU7qLv-O3QZwHg,Hospitalist Medical Code,Sustainable Medical Billing,"Chennai, Tamil Nadu",Chennai,,"From ₹25,000 a month",25000,25000,per_month,full_time,Full-time,,doctors,hospital,False,Anatomy knowledge|Bachelor's degree|In-person|Epic|Medical terminology|Communication skills,Health insurance|Life insurance,,2026-07-09,"The coder applies current CPT, CMS, Official Coding Guidelines, and industry standard requirements to ensure complete and compliant coding that supports…",https://www.simplyhired.co.in/job/Q4wSyE2tbcDNoqOnuLspWE5IcXJFUEQKzckfG3ivOU7qLv-O3QZwHg,2026-07-12T12:30:21Z
simplyhired,fvSJJxZRKE77bb9xV-yKeHWcGLVvdCQ9Z1bvEARGY0B9Eih8GLm0nw,Pharmacy Assistant,MYMD Healthcare Pvt Ltd,"North 24 Parganas District, West Bengal",North 24 Parganas District,,"₹1,75,000 - ₹3,00,000 a year",175000,300000,per_annum,full_time,Full-time,,pharmacists,hospital,False,Medication administration|Inventory control|Inventory management|Customer service|12th Pass|Patient care|In-person,,,2026-07-08,*Roles & Responsibilities:* * Prescription Processing * Medicine Knowledge * Inventory Management * Customer Service *Experience : Minimum 1 year of…,https://www.simplyhired.co.in/job/fvSJJxZRKE77bb9xV-yKeHWcGLVvdCQ9Z1bvEARGY0B9Eih8GLm0nw,2026-07-12T12:30:21Z
simplyhired,ugQyLeB1J7PQsC8gBt1XKCvwZX5WBB1iDbypaRLM5zs1NbTABWyftw,ICU Nurse_Homecare,Apollo Hospitals,"Kolkata, West Bengal",Kolkata,,"₹10,086.00 - ₹45,020.82 a month",10086,45021,per_month,full_time,Full-time,,non_clinical,hospital,True,Nursing|B.Sc|Bachelor's degree|Travel|In-person|Care plans|Communication skills|Nursing,Paid sick time,,2026-07-09,1–3 years of clinical or homecare nursing experience (preferred). Provide nursing care to patients in their homes according to the prescribed care plan.,https://www.simplyhired.co.in/job/ugQyLeB1J7PQsC8gBt1XKCvwZX5WBB1iDbypaRLM5zs1NbTABWyftw,2026-07-12T12:30:23Z
simplyhired,OWSMVH_J4Kn9tt_3Txm32rz2oA6I7_UvCfORb33j1KwA98-S01KC0w,Operation Manager,Aitis Healthcare Pvt Ltd,"Bhubaneswar, Odisha",Bhubaneswar,,"₹10,000 - ₹15,000 a month",10000,15000,per_month,full_time,Full-time,,non_clinical,hospital,False,Microsoft Word|Microsoft Excel|Management|Customer service|Master's degree|Bachelor's degree|Team management|Travel|Business Administration|In-person|MBA|Leadership|Communication skills,Paid time off|Cell phone reimbursement,,2026-07-10,"3–7 years of experience in healthcare operations, hospitals, diagnostic centers, or healthcare administration. Pay: ₹10,000.00 - ₹15,000.00 per month.",https://www.simplyhired.co.in/job/OWSMVH_J4Kn9tt_3Txm32rz2oA6I7_UvCfORb33j1KwA98-S01KC0w,2026-07-12T12:30:23Z
simplyhired,YOX_B8KQYgGvBr6a_DNNft0AwgheFshlMyhaH3zBh71dowwN0QnBpw,Associate Dentist,Seva Dental,"Rangia, Guwahati, Assam",Guwahati,,"₹15,000 - ₹18,000 a month",15000,18000,per_month,full_time,Part-time|Full-time,,doctors,hospital,False,English|Bachelor's degree|In-person,Paid time off|Flexible schedule,,2026-07-10,Minimum 6 months of clinical experience preferred; fresh graduates with strong hands-on skills may also apply. Refer complex cases to specialists when required.,https://www.simplyhired.co.in/job/YOX_B8KQYgGvBr6a_DNNft0AwgheFshlMyhaH3zBh71dowwN0QnBpw,2026-07-12T12:30:23Z
simplyhired,kdHiaAzRQ8y2JTM1YkprtewAfWYvBbiHeW3W5AGS_pTOFIjwCbP1bQ,Career Opportunity for the post of Lab Incharge.,General Diagnostics international PVT LTD,"Ahmedabad, Gujarat",Ahmedabad,,"₹30,000 - ₹70,000 a month",30000,70000,per_month,full_time,Overnight shift|Full-time|Night shift|Rotational shift|Day shift,,non_clinical,pharma,False,Laboratory experience|Analysis skills|In-person,,,2026-07-11,Maintain quality checks and insure maintenance of the facilities according to NABL. Bills for services b completing requests for service monitoring billed units…,https://www.simplyhired.co.in/job/kdHiaAzRQ8y2JTM1YkprtewAfWYvBbiHeW3W5AGS_pTOFIjwCbP1bQ,2026-07-12T12:30:23Z
simplyhired,QhZFP1AaQpVnTDwSqkZcyFGg1UHiQ1acpw8S-P5IcfSJDJiqhzHjQQ,Multispecialty coder,Source to win Consultancy,"Chennai, Tamil Nadu",Chennai,,"₹20,000 - ₹80,000 a month",20000,80000,per_month,hybrid,Full-time,Hybrid work,non_clinical,hospital,False,Analysis skills|Medical terminology|Communication skills,Commuter assistance|Health insurance|Paid time off|Cell phone reimbursement|Work from home|Flexible schedule|Life insurance|Paid sick time,,2026-07-09,Stay updated with coding regulations and industry standards. ✔ 3–7 years of relevant medical coding experience. ✔ Excellent analytical and communication skills.,https://www.simplyhired.co.in/job/QhZFP1AaQpVnTDwSqkZcyFGg1UHiQ1acpw8S-P5IcfSJDJiqhzHjQQ,2026-07-12T12:30:23Z
simplyhired,x5xEnfSw6X7Nhxf2FvRp5nWbS2C4VBKOAyBWOU_SfypOXSwUryeiRA,Medical Records Manager,Progenesis IVF,"Thane, Maharashtra",Thane,,Not Disclosed,,,,full_time,Full-time,,non_clinical,hospital,False,Bachelor's degree|Team management|EMR systems|In-person|Medical terminology,Health insurance,,2026-07-10,"3–5 years of MRD experience in hospital or IVF setup. Experience in IVF centre, fertility clinic, or women’s healthcare hospital.",https://www.simplyhired.co.in/job/x5xEnfSw6X7Nhxf2FvRp5nWbS2C4VBKOAyBWOU_SfypOXSwUryeiRA,2026-07-12T12:30:23Z
simplyhired,hQbT8alwMDJ2iyvs-A7S1QE50QfJfLMyEIOyNocIl7BOtGgNqpuTmQ,MBBS Medical Officer- (Consultant Mode),Aastral Global,"Aurangabad, Maharashtra",Aurangabad,,"₹50,000 - ₹60,000 a month",50000,60000,per_month,part_time,Part-time|Morning shift|Evening shift,,doctors,hospital,False,Medicine|Bachelor's degree|In-person|Communication skills,,,2026-07-10,"Counsel patients on preventive healthcare and lifestyle modifications. Provide primary healthcare services and emergency medical care, if required.",https://www.simplyhired.co.in/job/hQbT8alwMDJ2iyvs-A7S1QE50QfJfLMyEIOyNocIl7BOtGgNqpuTmQ,2026-07-12T12:30:23Z
simplyhired,A4cBHhjrtoKDb_tu1J4IAssZ0q47tzyoGmBFEg1NZt0xJHShhFzDVQ,"Receptionist (Lajpat Nagar, Delhi)",Crown Veterinary Services Pvt. Ltd,"Lajpat Nagar, Delhi, Delhi",Delhi,,"₹30,000 - ₹45,000 a month",30000,45000,per_month,full_time,Weekend availability|Full-time|Call employer|Rotational shift|Monday to Friday,,non_clinical,hospital,False,Customer service|English|Microsoft Office|Bachelor's degree|Computer skills|In-person|Communication skills,,,2026-07-10,· 5+ years of experience in customer service/reception (Hospital / Clinic / Pet industry preferred).*. Candidate should be comfortable to work in Rotational…,https://www.simplyhired.co.in/job/A4cBHhjrtoKDb_tu1J4IAssZ0q47tzyoGmBFEg1NZt0xJHShhFzDVQ,2026-07-12T12:30:23Z
simplyhired,s3CS-zWiY4WevVPx5K-5B2AQh-5pF-cKn_Sm9ofSnaSBvw-myPhk8Q,Clinical Documentation Specialist (MBBS),Medi Bill LLP,"Ahmedabad, Gujarat",Ahmedabad,,"₹40,000 - ₹65,000 a month",40000,65000,per_month,full_time,Full-time|Night shift,,doctors,hospital,False,Medicine|Anatomy knowledge|English|Bachelor's degree|EMR systems|In-person|Medical terminology,,,2026-07-08,"Prior experience as a Medical Scribe or Clinical Documentation Specialist is an advantage. Ensure documentation is accurate, complete, and compliant with US…",https://www.simplyhired.co.in/job/s3CS-zWiY4WevVPx5K-5B2AQh-5pF-cKn_Sm9ofSnaSBvw-myPhk8Q,2026-07-12T12:30:23Z
simplyhired,cm_W8QjFZmUlCAQWNGYlB_k8lvw0cSHlQQg10BOOg3F7WipJFZ8z2w,Medical Coordinator,Art Of Healing cancer,"Gurugram, Haryana",Gurugram,,"₹43,000 - ₹66,000 a month",43000,66000,per_month,full_time,Full-time,,non_clinical,hospital,False,Master's degree|Bachelor's degree|Business Administration|In-person|MBA|Communication skills|Hospital experience,,,2026-07-11,"\* Prior experience in oncology, multispecialty hospitals, or international patient services will be an advantage. \* Verify billing accuracy before discharge.",https://www.simplyhired.co.in/job/cm_W8QjFZmUlCAQWNGYlB_k8lvw0cSHlQQg10BOOg3F7WipJFZ8z2w,2026-07-12T12:30:23Z
simplyhired,g_mDsdTSJIM9c_1O7tqtQRexTA2OG8t5ps7bQ7O_sPuaKZE4Zq9J9w,Registration Assistant,Orange Rehab and CDC,"HSR Layout, Bengaluru, Karnataka",Bengaluru,,"₹10,000 - ₹17,000 a month",10000,17000,per_month,full_time,Full-time,,non_clinical,hospital,False,Customer service|English|Microsoft Office|Bachelor's degree|Computer skills|In-person|Communication skills,Paid time off|Cell phone reimbursement,,2026-07-08,This role serves as the first point of contact for parents and plays a key role in providing an excellent customer experience.,https://www.simplyhired.co.in/job/g_mDsdTSJIM9c_1O7tqtQRexTA2OG8t5ps7bQ7O_sPuaKZE4Zq9J9w,2026-07-12T12:30:23Z
simplyhired,MjNPXRh4pj_nQbNwJd9qmgDM7aMmglcRCAdLBx9YLinD1bd9WRYahw,Billing Executive,Deemsters Consultancy Services,"Kanpur, Uttar Pradesh",Kanpur,,"₹15,000 - ₹25,000 a month",15000,25000,per_month,full_time,Full-time,,non_clinical,hospital,False,Bachelor's degree|Computer skills|In-person|Medical terminology|Communication skills,,,2026-07-11,"\* Minimum 1 year of experience in hospital/corporate billing. \* Knowledge of TPA, insurance, and corporate billing processes.",https://www.simplyhired.co.in/job/MjNPXRh4pj_nQbNwJd9qmgDM7aMmglcRCAdLBx9YLinD1bd9WRYahw,2026-07-12T12:30:23Z
simplyhired,Gfj_z80nvXzAchEe-TVYghIEPIqIP659s_fHrzV6sCyCMz8dH__7zQ,Patient Care Manager,Dr Batra's Positive Health Clinic Pvt. Ltd,"Anna Nagar, Chennai, Tamil Nadu",Chennai,,"₹20,000 - ₹30,000 a month",20000,30000,per_month,full_time,Full-time|Monday to Friday,,non_clinical,hospital,False,Nursing|12th Pass|Bachelor's degree|In-person|Medical terminology|Office experience,,,2026-07-09,"Manage every aspect related to Patients right from the patients' entry into the clinic, to their exit. Handle Patients' grievances/complaints/issues and…",https://www.simplyhired.co.in/job/Gfj_z80nvXzAchEe-TVYghIEPIqIP659s_fHrzV6sCyCMz8dH__7zQ,2026-07-12T12:30:23Z
simplyhired,OY5_-IxIENROlgDa1P205m4A4pwWqKKDjwujOPxECtOWXjwuhkKGwA,Front Office Executive,Sahaj Hospital,"Indore, Madhya Pradesh",Indore,,"₹15,000 - ₹25,000 a month",15000,25000,per_month,full_time,Weekend availability|Full-time|Rotational shift,,non_clinical,hospital,False,Microsoft Powerpoint|Microsoft Word|Customer service|English|Bachelor's degree|Computer skills|In-person|Communication skills,,,2026-07-11,1–3 years experience in hospital front office or healthcare coordination. Handle walk-in patients and emergency coordination.,https://www.simplyhired.co.in/job/OY5_-IxIENROlgDa1P205m4A4pwWqKKDjwujOPxECtOWXjwuhkKGwA,2026-07-12T12:30:26Z
simplyhired,8gBaD9DJT5Igk2Ib81zcgoIZj3pl4cyIZMzWSTh010BtYHyGfWxLeA,Medical Typist,AVR SCAN CENTRE,"Sholinganallur, Chennai, Tamil Nadu",Chennai,,"₹15,000 - ₹35,000 a month",15000,35000,per_month,full_time,Full-time,,non_clinical,hospital,False,Microsoft Office|Bachelor's degree|Typing|In-person|Medical terminology|Editing,Paid time off|Flexible schedule,,2026-07-11,"The primary responsibility of the Medical Scan Typist is to accurately transcribe and document medical reports related to diagnostic imaging procedures,…",https://www.simplyhired.co.in/job/8gBaD9DJT5Igk2Ib81zcgoIZj3pl4cyIZMzWSTh010BtYHyGfWxLeA,2026-07-12T12:30:26Z
simplyhired,NSUivdD5dqke-8Smo_C-phw3hjZU_ISrH9GS9C49CIcEmuOSLKMkeA,Staff Nurse,Vcare,Chandigarh,Chandigarh,,"₹18,086.00 - ₹44,664.30 a month",18086,44664,per_month,full_time,Full-time,,nurses,hospital,False,Bachelor's degree|Patient care|In-person|Nursing,Commuter assistance|Health insurance|Paid time off|Cell phone reimbursement|Flexible schedule|Life insurance|Food provided|Paid sick time,,2026-07-11,"_*We’re hiring Staff Nurses, Assistant Nurses, and GDA/HHA (freshers) in Chandigarh, Mohali, and Zirakpur! *_ *Benefits:* * Referral bonus * Travel…",https://www.simplyhired.co.in/job/NSUivdD5dqke-8Smo_C-phw3hjZU_ISrH9GS9C49CIcEmuOSLKMkeA,2026-07-12T12:30:26Z
simplyhired,zUoUSTJ8unF6uaKdQVryXx4dxSFJHCHYU40K9woV7k-dY7fDEHj6xw,Rural Health Clinic (RHC) Medical Coder,Sustainable Medical Billing,"Chennai, Tamil Nadu",Chennai,,"₹30,000.00 - ₹42,768.73 a month",30000,42769,per_month,full_time,Full-time,,non_clinical,hospital,False,Anatomy knowledge|In-person|Medical terminology,Health insurance|Life insurance,,2026-07-09,"And industry standard requirements to ensure complete and compliant coding that supports. The coder applies current CPT, CMS Rural Health Clinic regulations,…",https://www.simplyhired.co.in/job/zUoUSTJ8unF6uaKdQVryXx4dxSFJHCHYU40K9woV7k-dY7fDEHj6xw,2026-07-12T12:30:26Z
simplyhired,NgYfeDjsjj9D850znLPESYa5wcXDPV6yIryav85GNzYjQ-5GPvy4SA,Receptionist,AKASH HOSPITAL & DIAGNOSTIC CENTRE,"Indore, Madhya Pradesh",Indore,,"₹8,597.52 - ₹20,000.00 a month",8598,20000,per_month,full_time,Full-time,,non_clinical,pharma,False,Microsoft Excel|Customer service|English|Microsoft Office|Bachelor's degree|Computer skills|In-person|Internship|Communication skills|Hospital experience,Cell phone reimbursement,,2026-07-10,"Prior experience in reception, customer service, telecalling, or healthcare will be preferred but is not mandatory. One-month paid trial opportunity.",https://www.simplyhired.co.in/job/NgYfeDjsjj9D850znLPESYa5wcXDPV6yIryav85GNzYjQ-5GPvy4SA,2026-07-12T12:30:26Z
simplyhired,dD2gtlAiaCJQOKLi3SKiYueuchT4p4a5xfcyKG1M3KPN9nXMvjEOyw,Receptionist,Arro Healthcare Pvt. Ltd.,"Noida, Uttar Pradesh",Noida,,"₹15,000 - ₹20,000 a month",15000,20000,per_month,full_time,Full-time,,non_clinical,hospital,False,Microsoft Word|CRM software|Microsoft Excel|Customer service|English|Bachelor's degree|Computer skills|Typing|In-person|Medical terminology|Communication skills|Time management,Paid sick time,,2026-07-10,"1–3 years of experience in reception, front office, healthcare, hospital, clinic, or customer service. Strong interpersonal and customer service skills.",https://www.simplyhired.co.in/job/dD2gtlAiaCJQOKLi3SKiYueuchT4p4a5xfcyKG1M3KPN9nXMvjEOyw,2026-07-12T12:30:26Z
simplyhired,8lhZmfcbGLM4it3JM1DGdZUzg8cj7UGDOLlCJQwSTywP_hB1J08MfA,Billing Executive,ARUNA BLUE METALS,"Tambaram, Chennai, Tamil Nadu",Chennai,,"₹15,000 - ₹22,000 a month",15000,22000,per_month,full_time,Full-time|Call employer|Rotational shift,,non_clinical,hospital,False,Bachelor's degree|Computer skills|In-person|Medical terminology|Communication skills,,,2026-07-12,Shift:* 10-hour rotational shift. Ensure accuracy and confidentiality of billing information. Handle patient billing and invoice generation.,https://www.simplyhired.co.in/job/8lhZmfcbGLM4it3JM1DGdZUzg8cj7UGDOLlCJQwSTywP_hB1J08MfA,2026-07-12T12:30:26Z
simplyhired,bqr-3j7dBH53yNHxLoQSc8RAF42hRuw1Wed2BChPXGYegEZLuz3udQ,Seniro Resident ICU,Gleneagles BGS Hospital-Kengeri,"Kengeri, Bengaluru, Karnataka",Bengaluru,,"₹1,20,000 - ₹1,30,000 a month",120000,130000,per_month,full_time,Rotational shift,,non_clinical,hospital,False,Bachelor's degree|Patient care|EMR systems|In-person,,,2026-07-10,"Pay: ₹120,000.00 - ₹130,000.00 per month. *Patient Management:* Conduct daily rounds, assess vitals, diagnose complex conditions, and adjust treatments for…",https://www.simplyhired.co.in/job/bqr-3j7dBH53yNHxLoQSc8RAF42hRuw1Wed2BChPXGYegEZLuz3udQ,2026-07-12T12:30:26Z
simplyhired,wHEd1THjSmvQZL9zm002gDzCJVIFIVaMxC66HT9g1YaLVuilqXalVg,Administrator (Dental College & Hospital),Dr. N. Y. Tasgaonkar Institute of Medical Science,"Karjat, Maharashtra",Karjat,,"₹3,00,000 - ₹4,00,000 a year",300000,400000,per_annum,full_time,Full-time,,non_clinical,hospital,False,Microsoft Office|Master's degree|Administrative experience|In-person|MBA,,,2026-07-10,"Responsible for the overall administrative management of the Dental College & Hospital, ensuring smooth day-to-day operations, regulatory compliance,…",https://www.simplyhired.co.in/job/wHEd1THjSmvQZL9zm002gDzCJVIFIVaMxC66HT9g1YaLVuilqXalVg,2026-07-12T12:30:26Z
simplyhired,JSdR6hbKH6EA7x90TLduGhkCQ6e-_UIPc8DHMkNfHPIJLF9nNmUXKQ,Branch Manager - Malappuram & Manjeri,Moveaze Physiotherapy and Rehabilitation Center,"Calicut, Kerala",Calicut,,"Up to ₹40,000 a month",40000,40000,per_month,full_time,Full-time,,non_clinical,hospital,False,Master's degree|Bachelor's degree|Team management|In-person|MBA|Leadership|Banking,Health insurance|Cell phone reimbursement,,2026-07-11,"Lead a dynamic team, drive branch performance, and ensure an exceptional patient experience. Minimum 3 years of experience in a similar managerial role.",https://www.simplyhired.co.in/job/JSdR6hbKH6EA7x90TLduGhkCQ6e-_UIPc8DHMkNfHPIJLF9nNmUXKQ,2026-07-12T12:30:26Z
simplyhired,mAVCzlxzzEf0JbTNhIO0eI5_mn5G6U3yBufFGr0YBaKoKlg7dnatZQ,Clinical Care Coordinator,Microgenomics India Pvt Ltd,"Chennai, Tamil Nadu",Chennai,,Not Disclosed,,,,full_time,Overnight shift|Full-time|Call employer|Night shift|Day shift,,non_clinical,hospital,False,B.Sc|Bachelor's degree|In-person|Communication skills|Nursing,,,2026-07-11,Problem solving skills and working under pressure. The clinical care coordinator plays a vital role in making this happen by coordinating between the…,https://www.simplyhired.co.in/job/mAVCzlxzzEf0JbTNhIO0eI5_mn5G6U3yBufFGr0YBaKoKlg7dnatZQ,2026-07-12T12:30:26Z
simplyhired,19CDQBciEXLSs98N5VdfutPMrALbQgAFNV-hG5Fit6GZaxlafJ_zqg,Consultant Anaesthesiologist,AMUDHAM HOSPITALS,"Tiruvannamalai, Tamil Nadu",Tiruvannamalai,,Not Disclosed,,,,full_time,Full-time,,doctors,hospital,False,Patient monitoring|Bachelor's degree|Patient care|In-person,Flexible schedule,,2026-07-10,"Record patient health information and maintain detailed reports. Maintaining up-to-date knowledge of anesthetic methods, guidelines, and procedures.",https://www.simplyhired.co.in/job/19CDQBciEXLSs98N5VdfutPMrALbQgAFNV-hG5Fit6GZaxlafJ_zqg,2026-07-12T12:30:29Z
simplyhired,VTbIr48y_0OiH6q3ck7ENIz3laTvhLPWSvGN9nLzyXzVBCzf1eoAVg,Medical Coding Fresher Graduates,PCRTI,"Pune, Maharashtra",Pune,,"₹17,000 - ₹23,000 a month",17000,23000,per_month,hybrid,Full-time,Hybrid work,non_clinical,hospital,False,Medicine|B.Sc|Master's degree|Bachelor's degree,,,2026-07-08,This is an excellent opportunity for candidates who have interest in medical coding and want to start their career in the healthcare revenue cycle management (…,https://www.simplyhired.co.in/job/VTbIr48y_0OiH6q3ck7ENIz3laTvhLPWSvGN9nLzyXzVBCzf1eoAVg,2026-07-12T12:30:29Z
simplyhired,e355UsnQQjLhzvGOkSZV-OhwgPqAEb1WHRmrfF-XwVZkgV9DGwZQ8A,Front Desk Receptionist,Omniphysiocare,"Varthur, Bengaluru, Karnataka",Bengaluru,,"₹15,000.00 - ₹25,304.48 a month",15000,25304,per_month,full_time,Full-time,,non_clinical,hospital,False,Microsoft Word|Microsoft Excel|Microsoft Outlook|English|Microsoft Office|In-person|Communication skills,Flexible schedule|Paid sick time,,2026-07-09,"Pleasant personality with a customer-service mindset. Notice Period:* Immediate Joining or up to 15 Days. Manage patient appointments, registrations, and follow…",https://www.simplyhired.co.in/job/e355UsnQQjLhzvGOkSZV-OhwgPqAEb1WHRmrfF-XwVZkgV9DGwZQ8A,2026-07-12T12:30:29Z
simplyhired,O5LwEG78MeguQyKVlsoOi5BHA1JEKUIs-7dJG1RQEXtv4TRvMOryJg,Experienced Clinic Front Desk Manager,ZIVA AESTHETHICS,"Cannanore, Kerala",Cannanore,,"₹11,000 - ₹17,000 a month",11000,17000,per_month,full_time,Full-time,,non_clinical,hospital,False,Nursing|English|Microsoft Office|12th Pass|Bachelor's degree|Front desk|In-person|Internship|Medical terminology|Communication skills|Office experience,,,2026-07-08,"If you treat the clinic as your own workplace, you will have the autonomy to implement new processes and grow with us. Front Office Leadership & Management*.",https://www.simplyhired.co.in/job/O5LwEG78MeguQyKVlsoOi5BHA1JEKUIs-7dJG1RQEXtv4TRvMOryJg,2026-07-12T12:30:29Z
simplyhired,dEIAN6qeVKBt4IEhYE47u-1Ihh7oClNj4mDbI29Bn0QEDnK04Z2OcA,Emergency Department Medical Coding,MedCode Services private limited,"Chennai, Tamil Nadu",Chennai,,"₹14,645.03 - ₹44,925.07 a month",14645,44925,per_month,full_time,Full-time,,non_clinical,hospital,False,Bachelor's degree|In-person|Medical terminology,,,2026-07-09,"It requires expertise in E/M (Evaluation and Management) levels, acute procedures, and facility acuity guidelines to secure accurate reimbursement and maintain…",https://www.simplyhired.co.in/job/dEIAN6qeVKBt4IEhYE47u-1Ihh7oClNj4mDbI29Bn0QEDnK04Z2OcA,2026-07-12T12:30:29Z
simplyhired,4XWcG29a48kuD_MRmnVJNSt3cRzQJh-J2V3i8BIAn3OpnHhOYm2zxQ,TPA Executive,JEEVAN REKHA HOSPITAL,"Raiganj, West Bengal",Raiganj,,"₹10,000 - ₹30,000 a month",10000,30000,per_month,full_time,Full-time,,non_clinical,hospital,False,Microsoft Office|Bachelor's degree|In-person|Communication skills,,,2026-07-09,Experience Required:* 2–5 Years. Jeevan Rekha Hospital Pvt. Ltd. is seeking a detail-oriented and experienced *TPA Executive* to manage cashless hospitalization…,https://www.simplyhired.co.in/job/4XWcG29a48kuD_MRmnVJNSt3cRzQJh-J2V3i8BIAn3OpnHhOYm2zxQ,2026-07-12T12:30:29Z
simplyhired,7XfIIMNPP8npungs_s1wrvWErG63ApiOpwUAsyJfpVdTbKX1jUsz1A,"MBBS, MD/MS Doctors for Home Visit",Care247,"Pune, Maharashtra",Pune,,"₹16,166.13 - ₹67,799.52 a month",16166,67800,per_month,full_time,Online application|Email,,doctors,hospital,False,Medicine|Bachelor's degree|Patient care|In-person,Commuter assistance|Flexible schedule|Paid sick time,,2026-07-08,Refer families to our 24/7 care platform and help them access reliable support. Share our Story across your networks →*.,https://www.simplyhired.co.in/job/7XfIIMNPP8npungs_s1wrvWErG63ApiOpwUAsyJfpVdTbKX1jUsz1A,2026-07-12T12:30:29Z
simplyhired,Xz_0mv8gBVkUm3QZyxa3Bah_ufKqOTyDffxq_7omoy-s_1PR400yAw,Patient Relationship Executive | Telecaller | Fresher & Experienced,Rootland hair transplantat clinic,"L. B. Nagar, Hyderabad, Telangana",Hyderabad,,"₹15,000 - ₹55,000 a month",15000,55000,per_month,full_time,Full-time,Walk-in,non_clinical,hospital,False,English|Bachelor's degree|Computer skills|Business Administration|In-person|Communication skills,,,2026-07-10,"As the organization expands into new markets, you'll have the opportunity to grow alongside a rapidly evolving healthcare brand and contribute to delivering…",https://www.simplyhired.co.in/job/Xz_0mv8gBVkUm3QZyxa3Bah_ufKqOTyDffxq_7omoy-s_1PR400yAw,2026-07-12T12:30:29Z
simplyhired,p5PxxYMVdZWMJh-diXtBB5ZOyHDDfXSqMeC1I9KywRZ1ClGHG1Ok1w,IPDRG CODER,Source to win Consultancy,"Kancheepuram District, Tamil Nadu",Kancheepuram District,,"₹40,000 - ₹80,000 a month",40000,80000,per_month,full_time,Full-time,,non_clinical,hospital,False,Analysis skills|In-person|Medical terminology|Communication skills,Health insurance|Paid time off|Cell phone reimbursement|Flexible schedule|Food provided|Paid sick time,,2026-07-10,Work closely with QA teams and healthcare providers to resolve coding queries. Ensure coding accuracy in compliance with coding guidelines and client…,https://www.simplyhired.co.in/job/p5PxxYMVdZWMJh-diXtBB5ZOyHDDfXSqMeC1I9KywRZ1ClGHG1Ok1w,2026-07-12T12:30:29Z
simplyhired,BTMT9Rv7Fu574Cj-fpLuaE7TodJZS7f6Ub7BtFrs-y6NRzEAw17U-A,Staff Nurse (ICU),Little stars and she,"Rajahmundry, Andhra Pradesh",Rajahmundry,,"From ₹15,000 a month",15000,15000,per_month,full_time,Weekend availability|Full-time|Night shift|Rotational shift,,nurses,hospital,False,Nursing|Patient monitoring|B.Sc|ICU experience|Bachelor's degree|EMR systems|Pediatrics|In-person|Care plans|Communication skills|Time management,,,2026-07-10,"The nurse is responsible for continuous patient assessment, monitoring, medication administration, emergency response, infection prevention, documentation, and…",https://www.simplyhired.co.in/job/BTMT9Rv7Fu574Cj-fpLuaE7TodJZS7f6Ub7BtFrs-y6NRzEAw17U-A,2026-07-12T12:30:29Z
simplyhired,mWRek9ni7khjxzkVWTM1mdRwOcQq5rQA4Ntqz0cb5sBOMPALWadf8Q,Dietician Counselor,B16 clinic,"Saravanampatti, Coimbatore, Tamil Nadu",Coimbatore,,"₹15,000 - ₹18,000 a month",15000,18000,per_month,full_time,Full-time,,non_clinical,hospital,False,Master's degree|Bachelor's degree|Computer skills|In-person|Communication skills|Time management,,,2026-07-10,"1–3 years of experience in clinical nutrition, wellness, dermatology, or aesthetic practice is preferred. Freshers with excellent communication skills may also…",https://www.simplyhired.co.in/job/mWRek9ni7khjxzkVWTM1mdRwOcQq5rQA4Ntqz0cb5sBOMPALWadf8Q,2026-07-12T12:30:29Z
simplyhired,YjL6tCqtlW-CsQmU0QV1M81jfyiQGeXUpgnG-N5R-BwveBEZinapsA,Medical Secretary,Meitra Hospital,"Calicut, Kerala",Calicut,,"₹15,000 - ₹25,000 a month",15000,25000,per_month,full_time,Full-time,,non_clinical,hospital,False,Nursing|12th Pass|Bachelor's degree|In-person|Medical terminology|Office experience,Paid sick time,,2026-07-09,"Produces information by transcribing dictation, preparing medical reports and summaries, patient histories, operative notes, manuscripts and correspondence.",https://www.simplyhired.co.in/job/YjL6tCqtlW-CsQmU0QV1M81jfyiQGeXUpgnG-N5R-BwveBEZinapsA,2026-07-12T12:30:29Z
simplyhired,yp7TaWB_MDsobEq5RDhPDDEO2DZJIqGMipqhCdNb8Q-UC9o0TOJP8w,Front Desk Executive,sakra world hospital,"Bengaluru, Karnataka",Bengaluru,,"₹15,000 - ₹35,000 a month",15000,35000,per_month,full_time,Full-time,,non_clinical,hospital,False,Nursing|12th Pass|Bachelor's degree|In-person|Medical terminology|Office experience,,,2026-07-11,"Pay: ₹15,000.00 - ₹35,000.00 per month. Front desk/ manager/ receptionist who can handle the patient which include billing, schedule the appointment, post…",https://www.simplyhired.co.in/job/yp7TaWB_MDsobEq5RDhPDDEO2DZJIqGMipqhCdNb8Q-UC9o0TOJP8w,2026-07-12T12:30:31Z
simplyhired,tgvU5XN5Q2heNx7OEfBJeD7X5eXZMp4vVSyNhvudq6Z5pTolum3jOw,Laboratory Technician,"Auro Care Pvt Ltd.,","Puducherry, Puducherry",Puducherry,,"From ₹13,000 a month",13000,13000,per_month,full_time,Full-time,,non_clinical,hospital,False,Anatomy knowledge|Blood sampling|Laboratory experience|In-person,Health insurance,,2026-07-10,"Reporting To:* Laboratory In-Charge / Pathologist. The Laboratory Technician is responsible for collecting, processing, and analyzing patient samples,…",https://www.simplyhired.co.in/job/tgvU5XN5Q2heNx7OEfBJeD7X5eXZMp4vVSyNhvudq6Z5pTolum3jOw,2026-07-12T12:30:31Z
simplyhired,nsyI6-bVtbDc1LmyhPaq-tqoGjh8lGxWqdT1WHE9RVuH6HN7_6nVAA,Customer Support Associate,Cosmetic dermatology clinic,"Egmore, Chennai, Tamil Nadu",Chennai,,"₹10,000 - ₹30,000 a month",10000,30000,per_month,full_time,Full-time,,non_clinical,hospital,False,Hospitality|English|Master's degree|Bachelor's degree|Computer skills|In-person|Communication skills,,,2026-07-10,"Ensure excellent customer service and patient satisfaction. Handle patient inquiries via phone, WhatsApp, and walk-ins.",https://www.simplyhired.co.in/job/nsyI6-bVtbDc1LmyhPaq-tqoGjh8lGxWqdT1WHE9RVuH6HN7_6nVAA,2026-07-12T12:30:31Z
simplyhired,naa_MiqAnF4De-CC0zw31zMkmbbCRNDIHS5KlkngyEDeW4o_SbHQLw,AR Caller - Medical Billing (RCM),3DS Global Pvt. Ltd,"Mohali, Punjab",Mohali,,"₹22,000 - ₹30,000 a month",22000,30000,per_month,full_time,Full-time,,non_clinical,hospital,False,English|In-person|Medical terminology|Communication skills,,,2026-07-09,Must be comfortable with US voice process. Must achieve daily targets of 70-75 resolutions per day. Must have at least 0.6 months to 2 years experience in…,https://www.simplyhired.co.in/job/naa_MiqAnF4De-CC0zw31zMkmbbCRNDIHS5KlkngyEDeW4o_SbHQLw,2026-07-12T12:30:31Z
simplyhired,1MFbcdVwCaiVjpo5_tsqa7tut078lolD5hTjMhX8wtLtR9Pc4JEslA,Prior Authorization,Nath Outsourcing Solutions Pvt Ltd.,"Mohali, Punjab",Mohali,,"₹30,000 - ₹55,000 a month",30000,55000,per_month,full_time,Full-time,,non_clinical,hospital,False,Anatomy knowledge|Microsoft Office|In-person|Medical terminology|Communication skills,Commuter assistance|Health insurance|Paid time off|Food provided|Paid sick time,,2026-07-08,"This role requires a deep understanding of the medical insurance process, excellent communication skills, and the ability to analyze patient medical records in…",https://www.simplyhired.co.in/job/1MFbcdVwCaiVjpo5_tsqa7tut078lolD5hTjMhX8wtLtR9Pc4JEslA,2026-07-12T12:30:31Z
simplyhired,L-FsEOKljKMgT7Qc21B7UmW7oRLdpavqhhmFDkyWN13GXl7S41LuGw,Assistant Manager,Credence Global Solutions,"Pune, Maharashtra",Pune,,Not Disclosed,,,,full_time,Full-time|Night shift,,non_clinical,hospital,False,Microsoft Powerpoint|Microsoft Excel|Management|Microsoft Office|Presentation skills|Bachelor's degree|Human resources|Leadership|Communication skills,,,2026-07-11,Either presently working as Assistant Manager / Deputy Manager or minimum 3 years as Team Leader. Ensure that the portfolio meets client and internal company…,https://www.simplyhired.co.in/job/L-FsEOKljKMgT7Qc21B7UmW7oRLdpavqhhmFDkyWN13GXl7S41LuGw,2026-07-12T12:30:31Z
simplyhired,UUciZNkK7wt1c5VA9uiwjBL4Z4PHdYPuK13A6ku23zWKPAN0yiL2Ug,Fitness Coach/ Nutritionist,Trainedbykartik,Remote,Remote,,"₹25,000 - ₹35,000 a month",25000,35000,per_month,remote,Full-time,Remote,non_clinical,hospital,False,Bachelor's degree|Communication skills|Teaching experience,,,2026-07-09,Monitor client progress and make plan adjustments. Respond to client queries on WhatsApp. Maintain client records and progress reports.,https://www.simplyhired.co.in/job/UUciZNkK7wt1c5VA9uiwjBL4Z4PHdYPuK13A6ku23zWKPAN0yiL2Ug,2026-07-12T12:30:31Z
simplyhired,dFXAyVE8rSKYFkhxxxtmyoshf_BTsp7l086X64-lgSG1QdJg495KHw,Customer Care Executive,Kerala Heritage Hospital,"Tambaram, Chennai, Tamil Nadu",Chennai,,"₹15,000 - ₹25,000 a month",15000,25000,per_month,full_time,Full-time|Rotational shift,,non_clinical,hospital,False,Customer service|English|Data entry|Computer skills|In-person|Diploma|Communication skills,,,2026-07-09,Update call and appointment records. Candidates should be willing to work in either shift based on operational requirements. Good communication skills in Tamil.,https://www.simplyhired.co.in/job/dFXAyVE8rSKYFkhxxxtmyoshf_BTsp7l086X64-lgSG1QdJg495KHw,2026-07-12T12:30:31Z
simplyhired,Qit8TnEA9zUEyp6MaKbJBZ0deLokQWC7N4Fi1AFyGFKFZrXojVXebA,Receptionist,chate's homeopathy clinic,"Jalgaon, Maharashtra",Jalgaon,,"₹10,000 - ₹15,000 a month",10000,15000,per_month,full_time,Full-time,,non_clinical,hospital,False,Microsoft Word|Microsoft Excel|Customer service|Bachelor's degree|Data entry|Computer skills|Typing|In-person|Communication skills,,,2026-07-11,"Opportunity to work with an experienced healthcare team. Prior experience in a clinic, hospital, reception, or customer service role will be an advantage.",https://www.simplyhired.co.in/job/Qit8TnEA9zUEyp6MaKbJBZ0deLokQWC7N4Fi1AFyGFKFZrXojVXebA,2026-07-12T12:30:31Z
simplyhired,hm44ij0sdVULJs4Qo6jbV9OuTxze3ARV6Ve68gn1tA2Z_0DHiZnyWQ,Typist,Terna hospital,"Navi Mumbai, Maharashtra",Navi Mumbai,,"₹25,000 - ₹35,000 a month",25000,35000,per_month,full_time,Full-time,,non_clinical,hospital,False,Data entry|Typing|In-person|Medical terminology|Office experience,Flexible schedule|Paid sick time,,2026-07-10,*We're Hiring: Hospital Typist* *Position:* Typist *Location:* Hospital (Navi Mumbai) *Requirements:* * 2–5 years of relevant experience * Typing speed of …,https://www.simplyhired.co.in/job/hm44ij0sdVULJs4Qo6jbV9OuTxze3ARV6Ve68gn1tA2Z_0DHiZnyWQ,2026-07-12T12:30:31Z
simplyhired,xlvC_xxd_7irMdTlwyL9myIhbKxdWG_hkGmArYIWfGoVVqNgZxWrZw,Receptionist (Hospital),Ortho One Orthopaedic Speciality Centre,"Ondipudur, Coimbatore, Tamil Nadu",Coimbatore,,Not Disclosed,,,,full_time,Full-time,,non_clinical,hospital,False,Customer service|English|Bachelor's degree|Computer skills|Typing|In-person,,,2026-07-11,"Handle patient inquiries and provide information. The candidate should speak *Malayalam*, *Tamil*, and *English*, and have basic computer skills.",https://www.simplyhired.co.in/job/xlvC_xxd_7irMdTlwyL9myIhbKxdWG_hkGmArYIWfGoVVqNgZxWrZw,2026-07-12T12:30:31Z
simplyhired,emnUI-KI3C0V4PlrIlpXcVvVqd841LSLmizIQzYPI3cmJYAKqKoPRw,Resident Medical Officer (RMO),SPES SUPER SPECIALITY HOSPITAL,"Greater Noida, Uttar Pradesh",Greater Noida,,"₹20,700.10 - ₹78,483.44 a month",20700,78483,per_month,full_time,Full-time|Rotational shift,,doctors,hospital,False,Medicine|Bachelor's degree|In-person|Communication skills,Flexible schedule,,2026-07-11,Knowledge of NABH standards will be an added advantage. SPES Super Speciality Hospital* is hiring *Resident Medical Officers (RMO)* to provide quality patient…,https://www.simplyhired.co.in/job/emnUI-KI3C0V4PlrIlpXcVvVqd841LSLmizIQzYPI3cmJYAKqKoPRw,2026-07-12T12:30:34Z
simplyhired,jFjdPFXFUhBodIX7FYna59tz9bb8yy0QtSNMj7pHLeHU8dC4s4_LMg,Front Office Executive,max hair clinic Pvt Ltd,"Tirunelveli, Tamil Nadu",Tirunelveli,,"₹15,000 - ₹30,000 a month",15000,30000,per_month,full_time,Weekend availability|Full-time,,non_clinical,hospital,False,Customer service|English|12th Pass|Bachelor's degree|In-person|Communication skills,Flexible schedule,,2026-07-10,"Previous experience in a receptionist or customer service role, preferably in a healthcare or aesthetic setting. Pay: ₹15,000.00 - ₹30,000.00 per month.",https://www.simplyhired.co.in/job/jFjdPFXFUhBodIX7FYna59tz9bb8yy0QtSNMj7pHLeHU8dC4s4_LMg,2026-07-12T12:30:34Z
simplyhired,EV1ty_x7eMNryECrfOj_pJxYnplo2z5SNLuAjzf5JjL9IU3Q02zdHQ,Admin Executive,Dr. Aravind's IVF Fertility & Pregnancy Centre,"Bengaluru, Karnataka",Bengaluru,,"₹10,000 - ₹15,000 a month",10000,15000,per_month,full_time,Full-time|Call employer,,non_clinical,hospital,False,Microsoft Office|Bachelor's degree|Data entry|In-person|Communication skills|Office experience,,,2026-07-11,"Experience in IVF or healthcare will be an added advantage. Minimum 1–3 years of experience in Administration, Front Office, Hospital, or Healthcare is…",https://www.simplyhired.co.in/job/EV1ty_x7eMNryECrfOj_pJxYnplo2z5SNLuAjzf5JjL9IU3Q02zdHQ,2026-07-12T12:30:34Z
simplyhired,KoaJWt2GyvzLfj7N3b_6NEobKI3UXLfDUaPI0lp4pAg93lRx0nzC3g,"Team Lead, Correspondence",Nimble Solutions,"Hyderabad, Telangana",Hyderabad,,Not Disclosed,,,,full_time,,,non_clinical,hospital,False,Management|Microsoft Office|Analysis skills|Bachelor's degree|Accounting|EMR systems|Leadership|Communication skills|Time management,,,2026-07-08,"Oversee the review, categorization, and processing of daily work plans for all the 3 departments. 1–3 years of experience in Correspondence.",https://www.simplyhired.co.in/job/KoaJWt2GyvzLfj7N3b_6NEobKI3UXLfDUaPI0lp4pAg93lRx0nzC3g,2026-07-12T12:30:34Z
simplyhired,xuy-YK8Xq_7D-zNYXmF0-GTp9sxVBbAnhwiq_Pkz6q9zVSbXn-sk1A,Physician Assistant cum CRC,Training academy for cardiovascular prevention,"Hyderabad, Telangana",Hyderabad,,"₹10,271.49 - ₹35,408.99 a month",10271,35409,per_month,full_time,Part-time|Full-time,,doctors,hospital,False,Vital signs|In-person|Internship|Care plans|Hospital experience,,,2026-07-11,"We are seeking a dedicated, patient-centric professional to manage outpatient care, coordinate clinical trials, and assist with digital patient engagement.",https://www.simplyhired.co.in/job/xuy-YK8Xq_7D-zNYXmF0-GTp9sxVBbAnhwiq_Pkz6q9zVSbXn-sk1A,2026-07-12T12:30:34Z
simplyhired,EKXjdQao8BbcLtBoDfGrMdfFVbh22vDCE-3Kg-XSvmBOQyrItKmqfQ,AR Caller - Medical Billing (RCM),3DS Global Private Limited,"Mohali, Punjab",Mohali,,"₹23,000 - ₹32,000 a month",23000,32000,per_month,full_time,Full-time|Call employer,,non_clinical,hospital,False,English|In-person|Medical terminology|Communication skills,Food provided,,2026-07-09,Must be comfortable with US voice process. Must achieve daily targets of 70-75 resolutions per day. Understand how to analyze and resolve unpaid claims.,https://www.simplyhired.co.in/job/EKXjdQao8BbcLtBoDfGrMdfFVbh22vDCE-3Kg-XSvmBOQyrItKmqfQ,2026-07-12T12:30:34Z
simplyhired,7VYlOcT9gNPpzeBEAI5jlxNg9z_zmeILacjXiHK_xBAyuWBhbxP3eA,Clinic manager/telecaller,SNC HEALTH MEDICO,"Kakori, Uttar Pradesh",Kakori,,"₹6,000 a month",6000,6000,per_month,full_time,Full-time,,non_clinical,hospital,False,Microsoft Word|Microsoft Excel|Microsoft Office|Bachelor's degree|In-person|Communication skills,,,2026-07-11,"Experience in healthcare, IVF, or clinic management preferred. Ensure excellent patient experience and regular follow-ups. Manage day-to-day clinic operations.",https://www.simplyhired.co.in/job/7VYlOcT9gNPpzeBEAI5jlxNg9z_zmeILacjXiHK_xBAyuWBhbxP3eA,2026-07-12T12:30:34Z
simplyhired,FPhhASsg7JH8LOAxOBsQonjI2hDj7OdQh5Si5z6xlKmch8nKjWeveA,Resident Medical Officer (RMO)( ER),srs Hospital,"Noida, Uttar Pradesh",Noida,,"₹70,000 - ₹1,00,000 a month",70000,100000,per_month,full_time,Full-time|Night shift|Day shift,,doctors,hospital,False,Bachelor's degree|Patient care|In-person,,,2026-07-09,"The Emergency Room Resident Medical Officer (ER RMO) is responsible for the assessment, stabilization, diagnosis, and management of patients presenting with…",https://www.simplyhired.co.in/job/FPhhASsg7JH8LOAxOBsQonjI2hDj7OdQh5Si5z6xlKmch8nKjWeveA,2026-07-12T12:30:34Z
simplyhired,XdOR1OPMhqfzj_t2gdPu4lQwQ88IByVyWAcvwt_lZcu8wHEkqoE3Cw,Patient Care Assistant,Nayan Tarit health services private limited,Remote,Remote,,"From ₹21,000 a month",21000,21000,per_month,remote,Part-time|Full-time,Remote,non_clinical,hospital,False,Bachelor's degree|Patient care|Communication skills|Nursing,Commuter assistance|Flexible schedule|Food provided,,2026-07-09,"Salary up to ₹21,000/month. 12-hour and 24-hour shift options. We are hiring *GDA, Nursing Attendants, and Caregivers* for home healthcare services in Delhi.",https://www.simplyhired.co.in/job/XdOR1OPMhqfzj_t2gdPu4lQwQ88IByVyWAcvwt_lZcu8wHEkqoE3Cw,2026-07-12T12:30:34Z
simplyhired,cMG9iu8DQqudSjKZ-15L0G205DZa5aL0-M6f_0dEGh2FASR-hDdRYw,Sample Collection person,Sukhmani Diagnocare,"Bathinda, Punjab",Bathinda,,"₹8,000 - ₹12,000 a month",8000,12000,per_month,full_time,Full-time,,non_clinical,hospital,False,Nursing|12th Pass|Bachelor's degree|Data entry|Computer skills|In-person|Diploma|Communication skills,,,2026-07-11,Provide courteous and professional service to patients and clients. The Sample Collection Executive is responsible for collecting biological samples from…,https://www.simplyhired.co.in/job/cMG9iu8DQqudSjKZ-15L0G205DZa5aL0-M6f_0dEGh2FASR-hDdRYw,2026-07-12T12:30:34Z
simplyhired,ZHodOewPJSdUtnySmF2sK_OaZYUW12IDfegAaYK4FnMKN2wjryAvRQ,Manager - Health,Smile Foundation,"Bengaluru, Karnataka",Bengaluru,,Not Disclosed,,,,full_time,Weekend availability,,non_clinical,hospital,False,Microsoft Powerpoint|Microsoft Word|Microsoft Excel|Microsoft Office|Master's degree|Presentation skills|Travel,,,2026-07-09,"As the Manager for the Health vertical, you will be responsible for overseeing the healthcare operations, managing the ground (medical and paramedical teams,…",https://www.simplyhired.co.in/job/ZHodOewPJSdUtnySmF2sK_OaZYUW12IDfegAaYK4FnMKN2wjryAvRQ,2026-07-12T12:30:34Z
simplyhired,aSBUODxJgg-SwDMiI3M18nEmthRtN1XM-pVhtSnUC4OhMKLnU-yKfg,Icu technician,Cuttack Hospital,"Cuttack, Odisha",Cuttack,,Not Disclosed,,,,full_time,Full-time,,non_clinical,hospital,False,Patient monitoring|ACLS Certification|ICU experience|Diploma|Medical terminology|Communication skills,,,2026-07-09,"Your responsibilities will include monitoring patient vital signs, operating and maintaining ICU equipment, assisting nurses and doctors with procedures, and…",https://www.simplyhired.co.in/job/aSBUODxJgg-SwDMiI3M18nEmthRtN1XM-pVhtSnUC4OhMKLnU-yKfg,2026-07-12T12:30:34Z
simplyhired,saiml9Mp7yBKoxtbgFZk28XUQf6XJL5xcKiJfBjLgfFzJwtkdptLkA,Duty Medical Officer,NANGALIYA HOSPITAL,"Gorakhpur, Uttar Pradesh",Gorakhpur,,"₹18,000 - ₹20,000 a month",18000,20000,per_month,full_time,Full-time,,doctors,hospital,False,Master's degree|Bachelor's degree|In-person|Communication skills,,,2026-07-11,Provide consultation and develop treatment plans. Ensure patient satisfaction and follow-up care. Collaborate with other medical staff for integrated care.,https://www.simplyhired.co.in/job/saiml9Mp7yBKoxtbgFZk28XUQf6XJL5xcKiJfBjLgfFzJwtkdptLkA,2026-07-12T12:30:34Z
simplyhired,jCve74RJQWAcGWk64S0JcchCYLU5F5E6REIPk2RBKCJo5S8cyehkoA,Operational Manager,AIVEER LIFESCIENCE PVT LTD,"Bhubaneswar, Odisha",Bhubaneswar,,"₹15,000 - ₹30,000 a month",15000,30000,per_month,full_time,Full-time,,non_clinical,pharma,False,Microsoft Word|Microsoft Excel|Microsoft Office|Administrative experience|In-person|Hospital experience,,,2026-07-10,Minimum 3–5 years of experience in healthcare operations or hospital administration. Knowledge of healthcare operations and administration.,https://www.simplyhired.co.in/job/jCve74RJQWAcGWk64S0JcchCYLU5F5E6REIPk2RBKCJo5S8cyehkoA,2026-07-12T12:30:34Z
simplyhired,f3u-PaHvJs9B8dpRtML6GCd_MHif7NUNjfCy3Q03LHBgmrA4uF9Fvw,Front Office Receptionist,Sethu Healthcare LLP,"Alwarpet, Chennai, Tamil Nadu",Chennai,,"₹21,000 - ₹23,000 a month",21000,23000,per_month,full_time,Full-time,,non_clinical,hospital,False,Microsoft Word|English|Microsoft Office|12th Pass|Bachelor's degree|In-person|Medical terminology|Office experience,,,2026-07-10,"Take responsibility as the sole administrator of the branch, ensuring smooth coordination of front office and administrative activities.",https://www.simplyhired.co.in/job/f3u-PaHvJs9B8dpRtML6GCd_MHif7NUNjfCy3Q03LHBgmrA4uF9Fvw,2026-07-12T12:30:36Z
simplyhired,hksWdZtP5wOV1tqyBMbIdGbsD7N-AkHEJ_LRE_slO_hleabpL3GeVw,Senior Billing Executive,"Devadoss hospital, Madurai","Surveyor Colony, Madurai, Tamil Nadu",Madurai,,Not Disclosed,,,,full_time,Full-time,,non_clinical,hospital,False,Master's degree|Analysis skills|Bachelor's degree|In-person|Leadership|Communication skills,,,2026-07-09,Monitor and improve revenue cycle processes to ensure maximum collection and minimal revenue leakage. Patient Billing & Customer Service*.,https://www.simplyhired.co.in/job/hksWdZtP5wOV1tqyBMbIdGbsD7N-AkHEJ_LRE_slO_hleabpL3GeVw,2026-07-12T12:30:36Z
simplyhired,xkguaxRFFoyYugnGOyKGx2zNEXMc89ojOzMoFIIB6UFRRccrgWLTzw,Senior Nurse / Shift incharge,JEEVAN REKHA HOSPITAL,"Raiganj, West Bengal",Raiganj,,"₹15,000 - ₹30,000 a month",15000,30000,per_month,full_time,Full-time|Call employer,,nurses,hospital,False,Nursing|B.Sc|ICU experience|Bachelor's degree|Team management|Conflict management|In-person|Communication skills|Nursing|Time management,,,2026-07-09,Jeevan Rekha Hospital Pvt. Ltd. is seeking an experienced and dynamic *Senior Staff Nurse / Shift In-Charge* to lead nursing operations during assigned shifts.,https://www.simplyhired.co.in/job/xkguaxRFFoyYugnGOyKGx2zNEXMc89ojOzMoFIIB6UFRRccrgWLTzw,2026-07-12T12:30:36Z
simplyhired,RN7XBEny5zuGex6xXhPhPfgIh_m6tuNKfGHsXQLHlkcvnkyDqQ0eyg,Resident Medical Officer (RMO),Nova IVF Fertility a Unit of Rhea Healthcare Pvt Ltd,"Surat, Gujarat",Surat,,"₹20,700.10 - ₹30,000.00 a month",20700,30000,per_month,full_time,Full-time,,doctors,hospital,False,Bachelor's degree|Patient care|In-person,Paid sick time,,2026-07-10,Assess and manage patients undergoing fertility treatment. Take detailed medical histories and perform clinical examinations.,https://www.simplyhired.co.in/job/RN7XBEny5zuGex6xXhPhPfgIh_m6tuNKfGHsXQLHlkcvnkyDqQ0eyg,2026-07-12T12:30:36Z
simplyhired,5XtohJRqlZbfCcW-sgmk9L3J9RZmhq7HwTWd0UjeE0GO0F6X43qQrA,OT Assistant,Vasan Eye care Hospitals,"Suriapet, Telangana",Suriapet,,"₹15,000 - ₹30,000 a month",15000,30000,per_month,full_time,Full-time,,non_clinical,hospital,False,B.Sc|Bachelor's degree|Computer skills|In-person|Diploma|Communication skills,Health insurance,,2026-07-10,"1–3 years of experience in an Ophthalmology Operation Theatre preferred. Assist ophthalmologists during cataract, retina, glaucoma, cornea, oculoplasty, and…",https://www.simplyhired.co.in/job/5XtohJRqlZbfCcW-sgmk9L3J9RZmhq7HwTWd0UjeE0GO0F6X43qQrA,2026-07-12T12:30:36Z
simplyhired,iH15HlFm6Lz7jPUh2yr5Ds5pVpT3j7B6sBuVy4XCQj5EbREC23XIxQ,Paramedic / Emergency Medical Technician,World Campus Lead (Maldives),"Kottayam, Kerala",Kottayam,,"₹75,000 - ₹85,000 a month",75000,85000,per_month,full_time,Full-time,,non_clinical,hospital,False,Nursing|English|Bachelor's degree|In-person|Diploma,Flexible schedule|Paid sick time,,2026-07-12,Bachelors degree in related field. 02 years of work experience in 50 or above bedded hospital within last 2 years.,https://www.simplyhired.co.in/job/iH15HlFm6Lz7jPUh2yr5Ds5pVpT3j7B6sBuVy4XCQj5EbREC23XIxQ,2026-07-12T12:30:36Z
simplyhired,hR3sRh2vt5ntYVvWi2G_3Sm25HcevZd1r48nieZqPkSpMZ3ubPajRg,Counselling Psychologist,JAGRUTI REHABILITATION CENTRE,"Chennai, Tamil Nadu",Chennai,,"₹22,000 - ₹25,000 a month",22000,25000,per_month,full_time,Full-time,,doctors,hospital,False,English|Microsoft Office|Master's degree|Psychology|In-person|Communication skills,Paid time off,,2026-07-10,Commitment to ethical and client-centered practices. Exposure to diverse client concerns ranging from emotional to behavioral issues.,https://www.simplyhired.co.in/job/hR3sRh2vt5ntYVvWi2G_3Sm25HcevZd1r48nieZqPkSpMZ3ubPajRg,2026-07-12T12:30:36Z
simplyhired,vZLoe94fSEdPyw_p6UMwdPSYuHXmhC-DvkSgrlUePk0b01DYS_4KeQ,Tele Consultant (Gujarati),DoctorC,Remote,Remote,,"₹55,000 a month",55000,55000,per_month,remote,Full-time,Remote,non_clinical,hospital,False,Medicine|English|Bachelor's degree|Computer skills,Work from home,,2026-07-10,Location: Anywhere (valid medical license required). See patients online via audio. Prescribe medicine (where legally allowed).,https://www.simplyhired.co.in/job/vZLoe94fSEdPyw_p6UMwdPSYuHXmhC-DvkSgrlUePk0b01DYS_4KeQ,2026-07-12T12:30:36Z
simplyhired,dJon6Yk6ilKeIWag9MvoROCNgmKXgpOEdfEPSrun2R2kJxEhgH1TtA,Staff Nurse,Apollo Hospitals,"Noida, Uttar Pradesh",Noida,,Not Disclosed,,,,full_time,Full-time,,nurses,hospital,False,Nursing|Patient monitoring|Computer literacy|B.Sc|Master's degree|12th Pass|Bachelor's degree|Care plans|Nursing,,,2026-07-09,"3 months – 5 years of experience in field of Nursing assessing patient’s health problems, providing care to sick, disabled, recovering or injured patients,…",https://www.simplyhired.co.in/job/dJon6Yk6ilKeIWag9MvoROCNgmKXgpOEdfEPSrun2R2kJxEhgH1TtA,2026-07-12T12:30:36Z
simplyhired,WSr1cDvxAS__SGmRVVn5Iurf_HeKNpAJjEQ-KHsE6uXrhIyQLI-sZw,Couple Coordinator,Dr. Aravind's IVF Fertility & Pregnancy Centre,"Kanchipuram, Tamil Nadu",Kanchipuram,,"₹15,000 - ₹18,000 a month",15000,18000,per_month,full_time,Full-time|Call employer,,non_clinical,hospital,False,MSW|Medicine|Master's degree|In-person|Communication skills,,,2026-07-11,*Ensure compliance with healthcare regulations and standards.*. *Collaborating with other mental health professionals to develop effective treatment plans for…,https://www.simplyhired.co.in/job/WSr1cDvxAS__SGmRVVn5Iurf_HeKNpAJjEQ-KHsE6uXrhIyQLI-sZw,2026-07-12T12:30:36Z
simplyhired,2Dp4uqvN9-_3rnnWWkXrEDeymbV8Nd8-vVTcF4rsRTArKczrsA70_w,Trachea Home care Nurse,Nursing Station Health Care Pvt Ltd,"Tiruchirappalli, Tamil Nadu",Tiruchirappalli,,"₹35,000 - ₹58,000 a month",35000,58000,per_month,full_time,Full-time,,nurses,hospital,False,English|Bachelor's degree|Patient care|In-person|Nursing,Cell phone reimbursement,,2026-07-09,"Maintain accurate nursing documentation, monitor patient progress, and communicate regularly with the treating physician and healthcare team.",https://www.simplyhired.co.in/job/2Dp4uqvN9-_3rnnWWkXrEDeymbV8Nd8-vVTcF4rsRTArKczrsA70_w,2026-07-12T12:30:36Z
simplyhired,pCHp1nEL7gKvrm4O_Oi5QSQvulIen_UYUQpSrt-ypaU6hn-vWMWVYg,AR Caller - Medical Billing (RCM),3D Solutions LLC,"Mohali, Punjab",Mohali,,"₹23,000 - ₹30,000 a month",23000,30000,per_month,full_time,Full-time|Call employer,,non_clinical,hospital,False,English|In-person|Medical terminology|Communication skills,,,2026-07-09,Must be comfortable with US voice process. Must achieve daily targets of 70-75 resolutions per day. Understand how to analyze and resolve unpaid claims.,https://www.simplyhired.co.in/job/pCHp1nEL7gKvrm4O_Oi5QSQvulIen_UYUQpSrt-ypaU6hn-vWMWVYg,2026-07-12T12:30:39Z
simplyhired,B5rr9fjI2H3uBPAYu7Lza8WmIcDWGQFlE8Q9kzUXO_ha-NwOd7icdg,BILLING EXECUTIVE,A G PADMAVATI HOSPITAL,"Puducherry, Puducherry",Puducherry,,"₹13,000 - ₹14,000 a month",13000,14000,per_month,full_time,Full-time,,non_clinical,hospital,False,Finance|Bachelor's degree|In-person|Medical terminology|Communication skills,,,2026-07-11,"Experience: 1–3 years in hospital billing or healthcare finance. Pay: ₹13,000.00 - ₹14,000.00 per month. The Billing Executive is responsible for accurate and…",https://www.simplyhired.co.in/job/B5rr9fjI2H3uBPAYu7Lza8WmIcDWGQFlE8Q9kzUXO_ha-NwOd7icdg,2026-07-12T12:30:39Z
simplyhired,h9wxkg4dlE6ycURbQl5X5qNYtNikjzJTt8ttjJVGe5B6z1xtbOs1UQ,Patient Care Coordinator,Allo health,"Indore, Madhya Pradesh",Indore,,"₹18,000 - ₹20,000 a month",18000,20000,per_month,full_time,Weekend availability|Full-time,,non_clinical,hospital,False,English|12th Pass|Computer skills|In-person|Communication skills|Office experience,,,2026-07-11,"If you’re someone who takes ownership and ensures a smooth patient experience, this role is for you. Working Hours:* *11:00 am - 8:00 pm*.",https://www.simplyhired.co.in/job/h9wxkg4dlE6ycURbQl5X5qNYtNikjzJTt8ttjJVGe5B6z1xtbOs1UQ,2026-07-12T12:30:39Z
simplyhired,IMtZ8Lqkz5IHFsKwiToH04vjgEVHDxAfgOAWROew385oU31KRGegdg,Medical Imaging Technologist,Teleradiology Solutions (TRS),"Bengaluru, Karnataka",Bengaluru,,Not Disclosed,,,,full_time,Full-time|Rotational shift,,doctors,hospital,False,Anatomy knowledge|B.Sc|Master's degree|Bachelor's degree|Communication skills,,,2026-07-09,"Assist in tele-reporting workflows for X-ray, CT, and MRI studies. Prior exposure to radiology reporting workflows will be an added advantage.",https://www.simplyhired.co.in/job/IMtZ8Lqkz5IHFsKwiToH04vjgEVHDxAfgOAWROew385oU31KRGegdg,2026-07-12T12:30:39Z
simplyhired,L72d30vChBhA1c0ioWbqsohXTYKK75OW66jgbMJ9WRt4gehAVN0Iuw,Lab Technician,General Diagnostics international PVT LTD,"Moradabad, Uttar Pradesh",Moradabad,,"₹8,086.00 - ₹29,207.60 a month",8086,29208,per_month,full_time,Full-time,,non_clinical,pharma,False,Laboratory experience|Analysis skills|Quality control|In-person|Diploma,,,2026-07-10,Report generation &amp; its first checking for its correctness. Validation / Verification of test assay as per the guidance of seniors.,https://www.simplyhired.co.in/job/L72d30vChBhA1c0ioWbqsohXTYKK75OW66jgbMJ9WRt4gehAVN0Iuw,2026-07-12T12:30:39Z
simplyhired,0vhtb8ZYZTMSMhbDYs1hLdgWNym7EMgeorbXlVqJ0nAi9Ey2OuuZHw,Casualty & ICU - Duty Medical Officer,Saraswathi Hospital,"Ennore, Chennai, Tamil Nadu",Chennai,,"₹50,000.10 - ₹1,00,000.00 a month",50000,100000,per_month,full_time,Full-time,,doctors,hospital,False,Medicine|Bachelor's degree|Patient care|In-person,,,2026-07-11,Free accommodation will be provided for those coming from out of town. *Triage Patients*: Categorize incoming patients based on clinical urgency.,https://www.simplyhired.co.in/job/0vhtb8ZYZTMSMhbDYs1hLdgWNym7EMgeorbXlVqJ0nAi9Ey2OuuZHw,2026-07-12T12:30:39Z
simplyhired,ENsAR8WRjQizU-hJy2Crpql9sWI3jjJ7GWJBBJXWXgZA7F4DRZsSzQ,Patient Relation Executive,SEVEN SIGMA HEALTHCARE SOLUTIONS PVT LTD,"Kottayam, Kerala",Kottayam,,"₹15,000 - ₹22,000 a month",15000,22000,per_month,full_time,Full-time,,non_clinical,hospital,False,Microsoft Office|Bachelor's degree|In-person|Medical terminology|Communication skills,Flexible schedule|Paid sick time,,2026-07-09,"1–3 years of experience in medical insurance coordination or RCM (\*Freshers with excellent communication skills may also apply, if applicable).\*.",https://www.simplyhired.co.in/job/ENsAR8WRjQizU-hJy2Crpql9sWI3jjJ7GWJBBJXWXgZA7F4DRZsSzQ,2026-07-12T12:30:39Z
simplyhired,nvCnBIdvvPJ5YB28C5Kkr6yfA34TpOksR_q0FZ7-AcoFiMKLxxqWMw,X-Ray Technician,Micro Care Diagnostic & Health Centre,"Ulwe, Navi Mumbai, Maharashtra",Navi Mumbai,,"₹18,000 - ₹20,000 a month",18000,20000,per_month,full_time,Full-time,,non_clinical,pharma,False,English|Bachelor's degree|Computer skills|In-person|Diploma|Communication skills,Flexible schedule,,2026-07-08,Ability to work under pressure and in a shift-based environment. Maintain confidentiality and professionalism while handling security-related information.,https://www.simplyhired.co.in/job/nvCnBIdvvPJ5YB28C5Kkr6yfA34TpOksR_q0FZ7-AcoFiMKLxxqWMw,2026-07-12T12:30:39Z
simplyhired,2cCQs3Zp_jsXP_epb5qPK1e5a-5PHXOLx94QhARKTGtKxBAV4Ruuyw,Physician Assistant,JEEVAN REKHA HOSPITAL,"Raiganj, West Bengal",Raiganj,,"₹10,000 - ₹20,000 a month",10000,20000,per_month,full_time,Full-time|Call employer,,doctors,hospital,False,B.Sc|ACLS Certification|ICU experience|Bachelor's degree|EMR systems|In-person|Communication skills,,,2026-07-09,Minimum *2–3 years of clinical experience* in a multi-specialty hospital. Bachelor's Degree in Physician Assistant / B.Sc. Physician Assistant or an equivalent…,https://www.simplyhired.co.in/job/2cCQs3Zp_jsXP_epb5qPK1e5a-5PHXOLx94QhARKTGtKxBAV4Ruuyw,2026-07-12T12:30:39Z
simplyhired,Ym52AOBvD-mdYGYOrQdlLLoeN49PN3j99D7hAbmfjAxq1dngXcsKhQ,Clinic Receptionist,BetterPlace Health,"East of Kailash, Delhi, Delhi",Delhi,,"₹28,000 - ₹30,000 a month",28000,30000,per_month,full_time,Full-time,,non_clinical,hospital,False,English|Bachelor's degree|Computer skills|In-person|Communication skills,,,2026-07-09,Are you comfortable handling both inbound and outbound calls on a daily basis? Handle basic client queries and provide accurate information.,https://www.simplyhired.co.in/job/Ym52AOBvD-mdYGYOrQdlLLoeN49PN3j99D7hAbmfjAxq1dngXcsKhQ,2026-07-12T12:30:39Z
simplyhired,A5zdX-F2uXPKsWa2Cqh4Wc-TkDfKrrUFbKcvpaZcCN5ZBLwOyRXjXg,Operations Manager,Aarav Eye Care,"Mumbai, Maharashtra",Mumbai,,"₹25,161.02 - ₹35,388.27 a month",25161,35388,per_month,full_time,Full-time,,non_clinical,hospital,False,Microsoft Word|English|Microsoft Office|Bachelor's degree|In-person,Paid time off,,2026-07-09,\* Maintain compliance with clinic policies and healthcare standards. \* Improve operational efficiency and support business growth.,https://www.simplyhired.co.in/job/A5zdX-F2uXPKsWa2Cqh4Wc-TkDfKrrUFbKcvpaZcCN5ZBLwOyRXjXg,2026-07-12T12:30:39Z
simplyhired,ERcEiKRNqQUC1WNdBIqSRjNsI5fh3AXlaaQ4jEbNyQ0jA3jA9pYBXw,Founding Speech-Language Pathologist (BASLP / MASLP),VALARA,"Madambakkam, Chennai, Tamil Nadu",Chennai,,"₹17,568.77 - ₹35,000.00 a month",17569,35000,per_month,full_time,Full-time,,non_clinical,hospital,False,Anatomy knowledge|Bachelor's degree|In-person|Medical terminology|Communication skills,,,2026-07-11,Collaborate with schools and healthcare professionals as needed. Conduct speech and language assessments. Deliver evidence-based therapy sessions.,https://www.simplyhired.co.in/job/ERcEiKRNqQUC1WNdBIqSRjNsI5fh3AXlaaQ4jEbNyQ0jA3jA9pYBXw,2026-07-12T12:30:39Z
simplyhired,wioN7xeuYHRDJi-_mqLBpIt9_FIDWRzXpOf2GXxNH-eJvYvcY4tTmw,QA - HIM Services,CorroHealth Infotech Private Limited,"Noida, Uttar Pradesh",Noida,,Not Disclosed,,,,full_time,Full-time,,non_clinical,hospital,False,Anatomy knowledge|Organisational skills|Computer skills|Epic|Medical terminology|Communication skills,,,2026-07-10,"Life Science graduation or any equivalent graduation with Anatomy/Physiology as. Experience: Usually 3–5+ years of active E/M coding experience, with at least 1…",https://www.simplyhired.co.in/job/wioN7xeuYHRDJi-_mqLBpIt9_FIDWRzXpOf2GXxNH-eJvYvcY4tTmw,2026-07-12T12:30:42Z
simplyhired,XyDx08gtLBewyGMlu-o_I0U-IeRj27kk0yKWvPBJR3rgliNzh9qUwQ,General Physician,Spes Super Speciality Hospital,"Greater Noida, Uttar Pradesh",Greater Noida,,"₹1,00,000 - ₹25,00,000 a month",100000,2500000,per_month,full_time,Part-time|Full-time,,doctors,hospital,False,Medicine|Bachelor's degree|Patient care|In-person|Communication skills,Flexible schedule|Food provided,,2026-07-11,Valid NMC/State Medical Council Registration. 1–5 years of experience in a reputed hospital (Fresh MDs may also apply).,https://www.simplyhired.co.in/job/XyDx08gtLBewyGMlu-o_I0U-IeRj27kk0yKWvPBJR3rgliNzh9qUwQ,2026-07-12T12:30:42Z
simplyhired,zfVTQNefpvx5t1jJ1tzJuXrEEJfTAyusbjPSHesdeMSi0-cLXTPTZg,Junior Psychologist,Zariyaa Happy wellbeing Pvt Ltd,"Pune, Maharashtra",Pune,,"₹1,000 - ₹2,000 a day",,,,full_time,,,doctors,hospital,False,Master's degree|Psychology|In-person|Training & development|Internship,Food provided,,2026-07-10,"Educate participants on simple, practical strategies for mental wellness that they can integrate into their daily lives. A Master's degree in Psychology.",https://www.simplyhired.co.in/job/zfVTQNefpvx5t1jJ1tzJuXrEEJfTAyusbjPSHesdeMSi0-cLXTPTZg,2026-07-12T12:30:42Z
simplyhired,3cyRcXZg8yolHR72Z2e5-5quDqCansVY-a9u4MDl3T6yxqylM7J8ZQ,"Clinical Assistant - ICU , Ward (BAMS Doctor Only)",WMF's Villoo Poonawalla Memorial Hospital,"Hadapsar, Pune, Maharashtra",Pune,,"₹25,000 - ₹35,000 a month",25000,35000,per_month,full_time,Full-time,,doctors,hospital,False,Patient care|In-person|Medical terminology,Health insurance|Life insurance,,2026-07-09,"Prepare properly filled admission form for the patients advised for admission. Access, analyze, stabilize, shift to ICU/ Wards if they warrant admission.",https://www.simplyhired.co.in/job/3cyRcXZg8yolHR72Z2e5-5quDqCansVY-a9u4MDl3T6yxqylM7J8ZQ,2026-07-12T12:30:42Z
simplyhired,_1ECqI_IUXywsvBnjtMDuZMPUtR_AF12_SiSawX3MU-x9OOkK6GAfQ,Quality Manager,Amcare Medical & Research Pvt.Ltd,"Sahibzada Ajit Singh Nagar, Mohali, Punjab",Mohali,,"₹40,000 - ₹50,000 a month",40000,50000,per_month,full_time,Full-time,,non_clinical,hospital,False,Microsoft Word|Microsoft Office|Bachelor's degree|In-person,,,2026-07-11,"NABH 6th Edition standards implementation & compliance. Internal audits, documentation & gap analysis. Quality indicators monitoring and improvement projects.",https://www.simplyhired.co.in/job/_1ECqI_IUXywsvBnjtMDuZMPUtR_AF12_SiSawX3MU-x9OOkK6GAfQ,2026-07-12T12:30:42Z
simplyhired,r3OHdDSozxhH0A_EfFdGNftesBQ4t9XnH8PX-VlHkhWkJv2pqs0APg,Front Desk Manager,Dr. Pearl's Dental Studio,"Gurugram, Haryana",Gurugram,,"₹10,000 - ₹30,000 a month",10000,30000,per_month,full_time,Full-time,,non_clinical,hospital,False,Hospitality|English|Microsoft Office|Presentation skills|Computer skills|In-person|Communication skills,,,2026-07-11,"Previous experience in a dental clinic, hospital, healthcare, or hospitality industry is preferred but not mandatory. Excellent spoken Hindi and English.",https://www.simplyhired.co.in/job/r3OHdDSozxhH0A_EfFdGNftesBQ4t9XnH8PX-VlHkhWkJv2pqs0APg,2026-07-12T12:30:42Z
simplyhired,SMF-eNIOey_D6U-SrQibTUI6GYSe9oiGEGLtAwadPjcJrX6avQQZSg,Aesthetic Centre Manager,Plus 352 Aesthetic clinic,"Mumbai, Maharashtra",Mumbai,,"₹50,000 - ₹80,000 a month",50000,80000,per_month,full_time,Full-time,,non_clinical,hospital,False,Microsoft Word|English|Microsoft Office|Bachelor's degree|In-person,Health insurance|Paid time off|Paid sick time,,2026-07-10,"Looking for Manager and therapist for Dar Es Salam Tanzania Pay: ₹50,000.00 - ₹80,000.00 per month Benefits: * Health insurance * Paid sick time * Paid time…",https://www.simplyhired.co.in/job/SMF-eNIOey_D6U-SrQibTUI6GYSe9oiGEGLtAwadPjcJrX6avQQZSg,2026-07-12T12:30:42Z
simplyhired,wV-4wWcOSotg4JHO15LWfa5UrZQ9dRzqj65zhfZB2us0a75eyQrRRg,Resident Medical Officer,Arogya Hospital,"Majiwada, Thane, Maharashtra",Thane,,"₹25,000 - ₹45,000 a month",25000,45000,per_month,part_time,Part-time,,doctors,hospital,False,Medicine|Patient monitoring|Bachelor's degree|In-person|Communication skills|Hospital experience,Health insurance,,2026-07-09,"Initial patient assessment, examination, documentation, and clinical management. Management of OPD and IPD patients under consultant supervision.",https://www.simplyhired.co.in/job/wV-4wWcOSotg4JHO15LWfa5UrZQ9dRzqj65zhfZB2us0a75eyQrRRg,2026-07-12T12:30:42Z
simplyhired,-kNdct8o79J2-XSVhrhsYvsAzt6V9wxlwJs-BeKD4qtn62EmCjGCtg,Resident Medical Officer,Medburg Hospital LLP,"Punawale, Pune, Maharashtra",Pune,,"₹20,000 - ₹30,000 a month",20000,30000,per_month,full_time,Weekend availability|Full-time|Morning shift|Night shift|Rotational shift|Evening shift,,doctors,hospital,False,Medicine|ACLS Certification|ICU experience|Bachelor's degree|In-person|Communication skills|Time management,,,2026-07-12,"Pay: ₹20,000.00 - ₹30,000.00 per month. Ensure continuity of care during shift handovers. Perform comprehensive history taking and physical examination.",https://www.simplyhired.co.in/job/-kNdct8o79J2-XSVhrhsYvsAzt6V9wxlwJs-BeKD4qtn62EmCjGCtg,2026-07-12T12:30:42Z
simplyhired,JZjj2d1kDLYQ-dlq0mVWduXRZLu_2bCXkKV-CwNS1vzqJavdbZyf7A,Guest Relation & Operations Executive,Samedha Ayurvedics,"Malayattoor, Kochi, Kerala",Kochi,,"₹12,000 - ₹18,000 a month",12000,18000,per_month,full_time,Full-time,,non_clinical,hospital,False,Microsoft Powerpoint|Microsoft Word|English|Master's degree|Bachelor's degree|In-person|Communication skills,Food provided,,2026-07-11,*Job Description:* Samedha Ayurvedics is a leading Ayurvedic healthcare organization dedicated to providing authentic Ayurvedic treatments and holistic…,https://www.simplyhired.co.in/job/JZjj2d1kDLYQ-dlq0mVWduXRZLu_2bCXkKV-CwNS1vzqJavdbZyf7A,2026-07-12T12:30:42Z
simplyhired,UAC0bkp01uaRr7ZtAe7QqHJ-0AOwk0LQtLmurzq_AVk0RQa3Cxm79w,Operations Manager,AARAV EYE CARE (A UNIT OF AARAV OPHTHALMICS PVT LTD),"Mumbai, Maharashtra",Mumbai,,"₹25,161.02 - ₹34,388.27 a month",25161,34388,per_month,full_time,Full-time,,non_clinical,hospital,False,Microsoft Word|English|Microsoft Office|Bachelor's degree|In-person,Paid time off|Flexible schedule|Paid sick time,,2026-07-09,\* Maintain compliance with clinic policies and healthcare standards. \* Improve operational efficiency and support business growth.,https://www.simplyhired.co.in/job/UAC0bkp01uaRr7ZtAe7QqHJ-0AOwk0LQtLmurzq_AVk0RQa3Cxm79w,2026-07-12T12:30:42Z
simplyhired,sHeDznkrYM2YcZjUUyMlDLaJVne_ySzJnqJV_EsPxrTuHYPHLsbhww,Phlebotomist,Sun Diagnostic Centre,"Dhenkanal, Odisha",Dhenkanal,,"₹9,000 - ₹15,000 a month",9000,15000,per_month,full_time,Full-time,,non_clinical,pharma,False,Blood sampling|Laboratory experience|Computer skills|In-person|Communication skills,,,2026-07-11,"If you have excellent sample collection skills and are committed to providing a comfortable experience for patients, we'd love to hear from you.",https://www.simplyhired.co.in/job/sHeDznkrYM2YcZjUUyMlDLaJVne_ySzJnqJV_EsPxrTuHYPHLsbhww,2026-07-12T12:30:42Z
simplyhired,TMk2SEWtgD6Q-UB37lA6bhZRp5auR8vgC-qHC9Pszc3BEKPnSXaJJA,Patient Service Executive,SEVEN SIGMA HEALTHCARE SOLUTIONS PVT LTD,"Kottayam, Kerala",Kottayam,,"₹15,000 - ₹22,000 a month",15000,22000,per_month,full_time,Full-time,,non_clinical,hospital,False,Microsoft Office|Bachelor's degree|In-person|Medical terminology|Communication skills,Flexible schedule|Paid sick time,,2026-07-09,"1–3 years of experience in medical insurance coordination or RCM (\*Freshers with excellent communication skills may also apply, if applicable).\*.",https://www.simplyhired.co.in/job/TMk2SEWtgD6Q-UB37lA6bhZRp5auR8vgC-qHC9Pszc3BEKPnSXaJJA,2026-07-12T12:30:42Z
simplyhired,fwjOPkIeVWlM0NuFwmtLZRLvfN-qcC7ub5yeaPJvz3S179_CytUFsA,Psychologist,BrainSpark Cognify LLP,"Pune, Maharashtra",Pune,,"₹10,897.45 - ₹33,350.53 a month",10897,33351,per_month,full_time,Full-time,,doctors,hospital,False,English|Microsoft Office|Master's degree|Psychology|In-person|Diploma|Internship,Commuter assistance|Paid time off|Cell phone reimbursement|Flexible schedule|Paid sick time,,2026-07-10,"Pay: ₹10,897.45 - ₹33,350.53 per month. We want psychologist for child development center. Freshers with some experience are welcome.",https://www.simplyhired.co.in/job/fwjOPkIeVWlM0NuFwmtLZRLvfN-qcC7ub5yeaPJvz3S179_CytUFsA,2026-07-12T12:30:42Z
simplyhired,9zgv6hXUS-JF3AYoommGPuUeIq0e3oVzUoWmZOOOaeto7kxZnEI2kw,Front Office Executive,Mardamed Healthcare,"Malleswaram, Bengaluru, Karnataka",Bengaluru,,"₹20,000 - ₹30,000 a month",20000,30000,per_month,full_time,Full-time,,non_clinical,hospital,False,Sales|Customer service|Microsoft Office|Bachelor's degree|In-person|Communication skills|Marketing,,,2026-07-11,"1–3 years of experience in a hospital, clinic, diagnostic centre, or healthcare facility. Provide information about healthcare services, health packages,…",https://www.simplyhired.co.in/job/9zgv6hXUS-JF3AYoommGPuUeIq0e3oVzUoWmZOOOaeto7kxZnEI2kw,2026-07-12T12:30:42Z
simplyhired,M-ps_6au24YNFMdlZUKPv-AzsMvLtJuhLEQYBYse3tnwyaQX6cNLYw,Pharmacist Trainee,Apollo Hospitals,"Bengaluru, Karnataka",Bengaluru,,"₹12,000.24 - ₹20,135.05 a month",12000,20135,per_month,full_time,Full-time,,pharmacists,hospital,True,Anatomy knowledge|Bachelor's degree|Patient care|In-person|Communication skills|Hospital experience,Health insurance|Paid time off|Flexible schedule|Paid sick time,,2026-07-07,Ø Building customer relationship for effective service towards total patient care. Ø Taking the stock of short-expiry medicines once a month.,https://www.simplyhired.co.in/job/M-ps_6au24YNFMdlZUKPv-AzsMvLtJuhLEQYBYse3tnwyaQX6cNLYw,2026-07-12T12:30:44Z
simplyhired,ltyKimFGCxugKjzL3oe2p2IDVnto9aWdI87yWnco2aRzVbfPzBQrnw,Floor Manager,"Park Hospital, Patiala","Patiala, Punjab",Patiala,,"₹18,000.00 - ₹38,573.23 a month",18000,38573,per_month,full_time,Full-time,,non_clinical,hospital,False,Microsoft Word|English|Microsoft Office|Bachelor's degree|In-person,,,2026-07-10,"There is opening for 2 Floor Managers in Park Hospital Patiala (Opposite New Bus Stand, Patiala) Job Type: Full-time Pay: ₹18,000.00 - ₹38,573.23 per month…",https://www.simplyhired.co.in/job/ltyKimFGCxugKjzL3oe2p2IDVnto9aWdI87yWnco2aRzVbfPzBQrnw,2026-07-12T12:30:44Z
simplyhired,uN3cgAgjGgLOPkQ6vQrvUMcCnt7-L4G7NlYxcJFPfm6QjxNTaOPtPw,ayurveda doctor,ABC,"Delhi, Delhi",Delhi,,"From ₹25,000 a month",25000,25000,per_month,full_time,Full-time,,doctors,hospital,False,Bachelor's degree|In-person|Medical terminology,Health insurance,,2026-07-10,"Pay: From ₹25,000.00 per month. Job Type: Full-Time, Permanent. Benefits: Provident Fund, Performance Bonus,Insurance.",https://www.simplyhired.co.in/job/uN3cgAgjGgLOPkQ6vQrvUMcCnt7-L4G7NlYxcJFPfm6QjxNTaOPtPw,2026-07-12T12:30:44Z
simplyhired,SFUy_2p7wWrErl0RgPrbTtmZv9Vd4JQTDhITvRmmJiyk4vCBXrS19Q,Centre Manager,ACCESS LIFE ASSISTANCE FOUNDATION,"Thiruvananthapuram, Kerala",Thiruvananthapuram,,"₹40,000 - ₹45,000 a month",40000,45000,per_month,full_time,Full-time,,non_clinical,hospital,False,Microsoft Word|English|Microsoft Office|Bachelor's degree|In-person,Flexible schedule,,2026-07-09,"Collect data and pictures of each family from the center co-ordinator & prepare case studies at the time of admission, monthly updates & discharge.",https://www.simplyhired.co.in/job/SFUy_2p7wWrErl0RgPrbTtmZv9Vd4JQTDhITvRmmJiyk4vCBXrS19Q,2026-07-12T12:30:44Z
simplyhired,MHl31luavQdnYAMjID_axQKBR95QEWAgSun378_oBW5XojR_cdpH-Q,LSHC - Outpatient Coder,Deloitte,"Hyderabad, Telangana",Hyderabad,,Not Disclosed,,,,full_time,,,non_clinical,hospital,False,Medicine|EMR systems|Leadership|Analytics,,,2026-07-10,"As an Analyst or equivalent on the Regulatory Healthcare Practice team, you will be responsible for supporting coding and billing compliance reviews,…",https://www.simplyhired.co.in/job/MHl31luavQdnYAMjID_axQKBR95QEWAgSun378_oBW5XojR_cdpH-Q,2026-07-12T12:30:44Z
simplyhired,SMvjPc32Lj5R2UWW9d3CyRQAV-WTtIUBPuwmo5Tqz20099fDYy28cg,Radiology Technician (CT Scan & X-Ray),Sun Diagnostic Centre,"Dhenkanal, Odisha",Dhenkanal,,"₹13,000 - ₹15,000 a month",13000,15000,per_month,full_time,Full-time,,doctors,pharma,False,Bachelor's degree|Computer skills|In-person|Diploma|Communication skills,,,2026-07-10,Sun Diagnostic Dhenkanal is looking for a skilled and dedicated *Radiology Technician* with experience in *CT Scan and Digital X-Ray* to join our growing…,https://www.simplyhired.co.in/job/SMvjPc32Lj5R2UWW9d3CyRQAV-WTtIUBPuwmo5Tqz20099fDYy28cg,2026-07-12T12:30:44Z
simplyhired,cPhhm36CDmrqubI0GEoHnJRYumOD5SEsQGH5NIwuKhCKvW6IfLWchw,OPD Coordinator,kanishk surgical super speciality hospital,"Dehradun, Uttarakhand",Dehradun,,"₹16,000 - ₹20,000 a month",16000,20000,per_month,full_time,Full-time|Call employer,,non_clinical,hospital,False,Nursing|12th Pass|Bachelor's degree|In-person|Medical terminology|Office experience,,,2026-07-10,"Hiring *OPD Coordinator* for Kanishk Surgical & Super Speicalty Hospital, Dehradun. *Qualification: D Pharma* *Experience: 0-1 year* *Location: Dehradun*…",https://www.simplyhired.co.in/job/cPhhm36CDmrqubI0GEoHnJRYumOD5SEsQGH5NIwuKhCKvW6IfLWchw,2026-07-12T12:30:44Z
simplyhired,qzqWSyI_P4gl9vf5wmDZE0age1S_J5ROc2t1LaPqQm9a9xek3HVDBA,Resident Medical Officer (RMO),Agrawal hospital,"Raipur, Chhattisgarh",Raipur,,"₹25,000 - ₹35,000 a month",25000,35000,per_month,full_time,Full-time|Rotational shift,,doctors,hospital,False,ICU experience|Bachelor's degree|In-person|Communication skills,,,2026-07-10,Ensure proper handover during shift changes. Provide round-the-clock medical care to admitted patients under the guidance of consultants.,https://www.simplyhired.co.in/job/qzqWSyI_P4gl9vf5wmDZE0age1S_J5ROc2t1LaPqQm9a9xek3HVDBA,2026-07-12T12:30:44Z
simplyhired,7X8Bzc88pPIF3G3ayMZhT6jmjprc6bGhgTs1kHbuAQfAD_iMmv6fAA,Senior Manager - Operations,Meridian Hospital,"Chennai, Tamil Nadu",Chennai,,"₹60,000 - ₹75,000 a month",60000,75000,per_month,full_time,Full-time|Call employer,,non_clinical,hospital,False,Master's degree|Business Administration|In-person|MBA|Hospital experience,,,2026-07-09,"Looking for a *Senior Manager - Operation* Candidate for Meridian Hospital, Chennai. Qualification : Any Degree / MBA Experience : 8 to 10 Years of Hospital…",https://www.simplyhired.co.in/job/7X8Bzc88pPIF3G3ayMZhT6jmjprc6bGhgTs1kHbuAQfAD_iMmv6fAA,2026-07-12T12:30:44Z
simplyhired,QgXy0k9k_kuARw23F6r_u9nuQBiWU2Cz7yMvwQRU1p_tk4aJ710CpQ,Senior Resident – Microbiology,SRI MUTHUKUMARAN MEDICAL COLLEGE HOSPITAL AND RESEARCH INSTITUTE,"Mangadu, Chennai, Tamil Nadu",Chennai,,"From ₹1,00,000 a month",100000,100000,per_month,full_time,Full-time,,doctors,hospital,False,Medicine|Doctoral degree|Bachelor's degree|In-person|Communication skills|Teaching experience,,,2026-07-10,Sri Muthukumaran Medical College & Research Institute invites applications from qualified and dedicated medical professionals for the position of *Senior…,https://www.simplyhired.co.in/job/QgXy0k9k_kuARw23F6r_u9nuQBiWU2Cz7yMvwQRU1p_tk4aJ710CpQ,2026-07-12T12:30:44Z
simplyhired,noyH4mh4YGwtVxNJUJZZQ2Lwl5FHeQiulqOb9RzYfNMG4h-x7GRRWQ,Medical Receptionist,AVR SCAN CENTRE,"Padur Road, Chennai, Tamil Nadu",Chennai,,"₹15,000 - ₹30,000 a month",15000,30000,per_month,full_time,Full-time,,non_clinical,hospital,False,Microsoft Powerpoint|Microsoft Word|English|Master's degree|Bachelor's degree|In-person,Paid time off,,2026-07-11,"Greets patients, manages appointments, handles patient registration and records, answers phones, performs billing and payment collection, and maintains a…",https://www.simplyhired.co.in/job/noyH4mh4YGwtVxNJUJZZQ2Lwl5FHeQiulqOb9RzYfNMG4h-x7GRRWQ,2026-07-12T12:30:44Z
simplyhired,oLA3LYfQlSeC3TQQr1f-z_D_Q-RFLjnTxYkx6Lv-TUAP_rLNasiBAA,PGT Educational Psychologist,SKD Academy,"Lucknow, Uttar Pradesh",Lucknow,,Not Disclosed,,,,full_time,Full-time,,doctors,hospital,False,English|Master's degree|Bachelor's degree|Psychology|In-person|Teaching experience,,,2026-07-10,PGT PSYCHOLOGIST: 3 years (Required). Develop and apply programs and actions that will help boost the well-being of children.,https://www.simplyhired.co.in/job/oLA3LYfQlSeC3TQQr1f-z_D_Q-RFLjnTxYkx6Lv-TUAP_rLNasiBAA,2026-07-12T12:30:47Z
simplyhired,ZW385QPUHaWuIfrM9bz99fkjNfW2CXSmfaEDMNqHmARRSxWWZc0ESg,Medical Transcriptionist,Amba Health Centre and Hospital,"Gandhinagar, Gujarat",Gandhinagar,,"₹10,000 - ₹20,000 a month",10000,20000,per_month,full_time,Full-time,,non_clinical,hospital,False,English|Microsoft Office|Computer skills|Typing|In-person|Diploma|Medical terminology|Communication skills,,,2026-07-08,Prior experience in radiology typing or medical scribing will be an added advantage. Ensure complete confidentiality and security of patient information and…,https://www.simplyhired.co.in/job/ZW385QPUHaWuIfrM9bz99fkjNfW2CXSmfaEDMNqHmARRSxWWZc0ESg,2026-07-12T12:30:47Z
simplyhired,Py46WXBnzU9a1Qn0cWhR7V2Qob4kUcefjWWIz5R4Sr5hGMdoP7cTUw,Clinic Coordinator – VALARA Child Development Center,VALARA,"Madambakkam, Chennai, Tamil Nadu",Chennai,,"₹8,845.92 - ₹20,000.00 a month",8846,20000,per_month,full_time,Full-time,,non_clinical,hospital,False,Hospitality|Customer service|English|Microsoft Office|Bachelor's degree|Organisational skills|Computer skills|In-person,,,2026-07-11,"Experience in healthcare, education, therapy, or hospitality. Experience handling appointments and customer service. Prepare invoices and collect payments.",https://www.simplyhired.co.in/job/Py46WXBnzU9a1Qn0cWhR7V2Qob4kUcefjWWIz5R4Sr5hGMdoP7cTUw,2026-07-12T12:30:47Z
simplyhired,JUzhsG3UC-ovPskmfuyzbrxN2mr5RX8zcivoO5CcCqJAA1M70nvpEg,Consultant Psychiatrist,1RX,Remote,Remote,,"₹40,000 - ₹50,000 a month",40000,50000,per_month,remote,Part-time,Remote,doctors,hospital,False,Medicine|Master's degree|Bachelor's degree|Communication skills,Work from home|Flexible schedule,,2026-07-09,Comfortable working with digital healthcare platforms. Review and validate psychiatric prescriptions generated through the platform.,https://www.simplyhired.co.in/job/JUzhsG3UC-ovPskmfuyzbrxN2mr5RX8zcivoO5CcCqJAA1M70nvpEg,2026-07-12T12:30:47Z
simplyhired,s0sCwzJJA2Cx_vlDrLXmb1DDxT9GJhyUj86kL8briBhjmvuHTk-Rsw,Staff Nurse,Naya Savera Hospital,"Ajnala, Punjab",Ajnala,,"₹10,000 - ₹12,000 a month",10000,12000,per_month,full_time,Full-time,,nurses,hospital,False,Bachelor's degree|Patient care|In-person|Care plans|Communication skills|Nursing,Health insurance|Life insurance|Food provided,,2026-07-10,"Provide direct patient Care,Helps Patient to recover.*. They also work closely with doctors to create Patient care plans and Support families.*.",https://www.simplyhired.co.in/job/s0sCwzJJA2Cx_vlDrLXmb1DDxT9GJhyUj86kL8briBhjmvuHTk-Rsw,2026-07-12T12:30:47Z
simplyhired,M_duD3YpgJHop0s3N03dJrUGiYQgoWpG85W-wN1dkZfwe8_ZMuGvJA,Patient care Counselor,L V Prasad Eye Institute,"Banjara Hills, Hyderabad, Telangana",Hyderabad,,"From ₹17,000 a month",17000,17000,per_month,full_time,Full-time,,non_clinical,hospital,False,Nursing|12th Pass|Bachelor's degree|In-person|Medical terminology|Office experience,Flexible schedule|Paid sick time,,2026-07-09,"Giving information on patient eye disease, diagnosis and treatment. Greeting the patients and receive with smile. Guide the patient for medical check up.",https://www.simplyhired.co.in/job/M_duD3YpgJHop0s3N03dJrUGiYQgoWpG85W-wN1dkZfwe8_ZMuGvJA,2026-07-12T12:30:47Z
simplyhired,lHfrWhj4g-dJFqMtaM14yMcBgpMzoaBNy7lr4BH9XXQiWAvakUjP3Q,Patient Care Executive cum Dental Assistant & Content Coordinator (Full-Time),Electrify Services LLP,"Satellite, Ahmedabad, Gujarat",Ahmedabad,,"₹8,086 - ₹15,000 a month",8086,15000,per_month,full_time,Full-time,,non_clinical,hospital,False,Customer service|English|Bachelor's degree|In-person|Communication skills|Editing,Paid time off|Paid sick time,,2026-07-11,"Strong interpersonal and customer service skills. Opal Smiles Dental Studio is looking for an enthusiastic, friendly, and organized individual who enjoys…",https://www.simplyhired.co.in/job/lHfrWhj4g-dJFqMtaM14yMcBgpMzoaBNy7lr4BH9XXQiWAvakUjP3Q,2026-07-12T12:30:47Z
simplyhired,55p400yzAUHvlbJkUobU-WyuuTpHN0c4jEs5hwc1J8OLuOvmbCqJPw,Hospital Receptionist,RNK VETERINARY CLINIC,"Sulur, Tamil Nadu",Sulur,,"₹18,000 - ₹20,000 a month",18000,20000,per_month,full_time,Full-time,,non_clinical,hospital,False,Customer service|English|12th Pass|Bachelor's degree|Computer skills|In-person|Communication skills|Office experience,Paid time off,,2026-07-11,Maintain patient records and client information accurately. Previous experience in reception or customer service is preferred but not mandatory.,https://www.simplyhired.co.in/job/55p400yzAUHvlbJkUobU-WyuuTpHN0c4jEs5hwc1J8OLuOvmbCqJPw,2026-07-12T12:30:47Z
simplyhired,ZQgj-G-TsX_qwMMh6hmISG6VOTkaF-OwDTuhoFxo4kJdmvorY4sj3g,Pharmacy Assistant,Medplus Pharmacy,"Mayiladuthurai District, Tamil Nadu",Mayiladuthurai District,,"₹16,000.00 - ₹20,853.25 a month",16000,20853,per_month,full_time,Full-time,,pharmacists,pharma,False,Medication administration|Patient care|In-person|Medical terminology|Hospital experience,,,2026-07-10,Answer phone calls and queries from patients and healthcare professionals. Assist with patient counseling and education on medication use.,https://www.simplyhired.co.in/job/ZQgj-G-TsX_qwMMh6hmISG6VOTkaF-OwDTuhoFxo4kJdmvorY4sj3g,2026-07-12T12:30:47Z
simplyhired,-fV7LnbttryI-27wG7s2HejMstpzsy2EkXeZYv4NatodHXhh-n5-qw,Lab Technician,Gulshan Medicare,"Lucknow, Uttar Pradesh",Lucknow,,"₹15,000 - ₹18,000 a month",15000,18000,per_month,full_time,Full-time,,non_clinical,hospital,False,Anatomy knowledge|Blood sampling|Laboratory experience|In-person,,,2026-07-10,"ERGENT REQUIRED LAB TECHNICIAN FOR MEDICAL CENTER Pay: ₹15,000.00 - ₹18,000.00 per month Work Location: In…",https://www.simplyhired.co.in/job/-fV7LnbttryI-27wG7s2HejMstpzsy2EkXeZYv4NatodHXhh-n5-qw,2026-07-12T12:30:47Z
simplyhired,69uY5-2V3z6d3nu5hjbGjrUc7wgTda4i4rUqpQQ_KgLG3wZpMmaCfw,Paediatric Oncology Nutritionist (Belgaum),Cuddles Foundation,"Belgaum, Karnataka",Belgaum,,"₹25,000 - ₹35,000 a month",25000,35000,per_month,full_time,Full-time,,doctors,hospital,False,Microsoft Excel|English|Master's degree|Bachelor's degree|In-person|Diploma|Care plans|Communication skills|Hospital experience,Health insurance|Paid time off,,2026-07-11,"And evaluation, and publishing case studies. Data doesn’t scare you. → At least a 6-month internship at a multispecialty hospital and 1.5 years work experience.",https://www.simplyhired.co.in/job/69uY5-2V3z6d3nu5hjbGjrUc7wgTda4i4rUqpQQ_KgLG3wZpMmaCfw,2026-07-12T12:30:47Z
simplyhired,a62UexFt1gAomqdmleElCxIiVb6ypklwNBEMIo6IkZezbPFJylZkdA,Receptionist,PMK Scans & Pvt Ltd,"Hosur, Tamil Nadu",Hosur,,"₹12,000 - ₹22,000 a month",12000,22000,per_month,full_time,Full-time|Rotational shift,,non_clinical,hospital,False,Customer service|English|Bachelor's degree|Organisational skills|Computer skills|Typing|In-person|Diploma|Communication skills,,,2026-07-09,"Flexible to work in rotational shifts and at any PMK Scans & Labs branch as required. Candidates with 1–3 years of experience in hospitals, diagnostic centres,…",https://www.simplyhired.co.in/job/a62UexFt1gAomqdmleElCxIiVb6ypklwNBEMIo6IkZezbPFJylZkdA,2026-07-12T12:30:47Z
simplyhired,_6UcebISUDkVu67aNeIHHoZXVKB9M64r-q31JZC4BfmsC5N50uhQIw,Patient Relationship Manager,Indira IVF Hospital Pvt Ltd,"Bareilly, Bareilly, Uttar Pradesh",Bareilly,,"₹25,000 - ₹40,000 a month",25000,40000,per_month,full_time,Full-time,,non_clinical,hospital,True,CRM software|Bachelor's degree|In-person|Medical terminology,,,2026-06-30,"Familiarity with patient management systems and CRM tools is an advantage*. Prior experience in healthcare, IVF, or patient counselling roles is preferred*.",https://www.simplyhired.co.in/job/_6UcebISUDkVu67aNeIHHoZXVKB9M64r-q31JZC4BfmsC5N50uhQIw,2026-07-12T12:30:49Z
simplyhired,2COgi0iTf3Jy3MUwKnUW7zXG1MyE7iJH--O7aMlT8pdXLLQpS1Ad9w,Hospital Operations Manager,BE WELL HOSPITALS,"Chennai, Tamil Nadu",Chennai,,"₹75,000 - ₹1,00,000 a month",75000,100000,per_month,full_time,Full-time,,non_clinical,hospital,True,Microsoft Office|Bachelor's degree|Team management|In-person|Leadership,,,2026-07-03,"Drive business performance by improving OP, IP, surgeries, diagnostics, pharmacy, and allied healthcare services.",https://www.simplyhired.co.in/job/2COgi0iTf3Jy3MUwKnUW7zXG1MyE7iJH--O7aMlT8pdXLLQpS1Ad9w,2026-07-12T12:30:49Z
simplyhired,_0dOQ9Qd8ju5fy5PCr_RHql7QZVMoQZTlmorZEwPZpLmibFj0Yovuw,General Practitioner,General Hospital,"Palanpur, Gujarat",Palanpur,,"₹60,000 - ₹80,000 a month",60000,80000,per_month,full_time,Full-time|Call employer,,doctors,hospital,False,Medicine|Bachelor's degree|Patient care|In-person,,,2026-07-10,"Looking for Mbbs doctor for 10 bed hospital,who can handle Opd, emergency and ipd. Contact 9601987393 Pay: ₹60,000.00 - ₹80,000.00 per month Work Location:…",https://www.simplyhired.co.in/job/_0dOQ9Qd8ju5fy5PCr_RHql7QZVMoQZTlmorZEwPZpLmibFj0Yovuw,2026-07-12T12:30:49Z
simplyhired,hgxbjQUMqrBIkU3oHBnVXcyFiYydRMnhYXzPYwCJ0E2FPHWdz14hzw,Staff Nurse (ANM/GNM),Sun Diagnostic Centre,"Dhenkanal, Odisha",Dhenkanal,,"₹8,000 - ₹12,000 a month",8000,12000,per_month,full_time,Full-time,,nurses,pharma,False,English|Computer skills|In-person|Communication skills|Nursing,,,2026-07-10,Assist doctors and healthcare professionals in patient care. Work in a modern and patient-centric healthcare environment. Freshers are also encouraged to apply.,https://www.simplyhired.co.in/job/hgxbjQUMqrBIkU3oHBnVXcyFiYydRMnhYXzPYwCJ0E2FPHWdz14hzw,2026-07-12T12:30:49Z
simplyhired,xSa2JdHExJj_SgNh04X3JM1-8cokb6C1KGyH7lgab1RQ8jOZJXXipA,Histopathology technician,"Velmed hospital ,dehradun","Dehradun, Uttarakhand",Dehradun,,"₹28,000 - ₹42,000 a month",28000,42000,per_month,full_time,Full-time,,doctors,hospital,False,B.Sc|Laboratory experience|Bachelor's degree|In-person|Diploma,,,2026-07-09,"The Histopathology Technician is responsible for processing tissue specimens for microscopic examination. The role includes specimen handling, tissue processing…",https://www.simplyhired.co.in/job/xSa2JdHExJj_SgNh04X3JM1-8cokb6C1KGyH7lgab1RQ8jOZJXXipA,2026-07-12T12:30:49Z
simplyhired,cOQWQ_piHnmz4t8_MTqJfhpxT12NVLqufOZmw7xPtnRLYf4OHVahPw,Team Leader – Payment Posting,Credence Global Solutions,"Pune, Maharashtra",Pune,,Not Disclosed,,,,full_time,Full-time|Night shift,,non_clinical,hospital,False,Microsoft Powerpoint|Microsoft Office|Bachelor's degree|Human resources|Leadership,,,2026-07-11,Supervise and manage the payment posting team. Allocate daily tasks and monitor workflow to meet SLAs. Conduct regular team meetings and performance reviews.,https://www.simplyhired.co.in/job/cOQWQ_piHnmz4t8_MTqJfhpxT12NVLqufOZmw7xPtnRLYf4OHVahPw,2026-07-12T12:30:49Z
simplyhired,w38h_f8heFRywZbfxL5ygHb-5yEChzAfVclO4X3YNPTsKSmLPzc0vQ,Cluster Lab Manager,Hindustan Wellness Pvt Ltd,"Gurugram, Haryana",Gurugram,,"₹30,000 - ₹57,000 a month",30000,57000,per_month,full_time,Full-time,,non_clinical,hospital,False,Microsoft Word|Laboratory experience|Microsoft Office|Bachelor's degree|In-person,,,2026-07-11,"Experienced Sr. Lab Manager in diagnostics with expertise in multicenter operations, business development, doctor engagement,teamleadership, revenue growth and…",https://www.simplyhired.co.in/job/w38h_f8heFRywZbfxL5ygHb-5yEChzAfVclO4X3YNPTsKSmLPzc0vQ,2026-07-12T12:30:49Z
simplyhired,7vKkB9kfUQXv0G56PBnYAOGdZewKSNpRikaeMI7LGglG_I62N4B6Zg,Front Desk Manager,Utkarsh Global Foundation,"Bhandup West, Mumbai, Maharashtra",Mumbai,,"₹40,000 - ₹50,000 a month",40000,50000,per_month,full_time,Full-time|Call employer|Rotational shift,,non_clinical,hospital,False,Customer service|English|Microsoft Office|Bachelor's degree|Team management|Front desk|In-person|Communication skills,,,2026-07-09,Utkarsh Animal Hospital is looking for an experienced and customer-focused Front Desk Team Leader to manage and supervise our front office operations.,https://www.simplyhired.co.in/job/7vKkB9kfUQXv0G56PBnYAOGdZewKSNpRikaeMI7LGglG_I62N4B6Zg,2026-07-12T12:30:49Z
simplyhired,mqnhx40WrjG5aI_rTyzb4OGw54jItSlAA8hHDZfuMgbm3etQngz_jQ,Operations Manager,"R1 RCM, Inc.","Gurugram, Haryana",Gurugram,,Not Disclosed,,,,full_time,Full-time|Night shift,,non_clinical,hospital,False,Microsoft Powerpoint|Microsoft Word|Microsoft Excel|Analysis skills|Bachelor's degree|Communication skills,,,2026-07-08,Candidate should have good healthcare knowledge. We believe in giving back to the community and offer a competitive benefits package.,https://www.simplyhired.co.in/job/mqnhx40WrjG5aI_rTyzb4OGw54jItSlAA8hHDZfuMgbm3etQngz_jQ,2026-07-12T12:30:49Z
simplyhired,TaaV_8TiRxj94ZYNPeCN1iHXU04I3emYh8iuaTOa2f9wLpvnf_aXbw,Senior Medical Billing Executive,Alpha Rites,"Mohali, Punjab",Mohali,,"₹45,000 - ₹60,000 a month",45000,60000,per_month,full_time,Full-time|Call employer|Night shift,,non_clinical,hospital,False,Analysis skills|In-person|Medical terminology,,,2026-07-10,We are looking for an experienced Senior Medical Billing Executive with 4–5+ years of hands-on experience across the complete US Revenue Cycle Management (RCM)…,https://www.simplyhired.co.in/job/TaaV_8TiRxj94ZYNPeCN1iHXU04I3emYh8iuaTOa2f9wLpvnf_aXbw,2026-07-12T12:30:49Z
simplyhired,gR7kqcWkN21icDA9-AeV3l8CkGrehXKjC2pA7yixIFF9G3UNsKETRA,Psychological Counselor,Nova IVF Fertility a Unit of Rhea Healthcare Pvt Ltd,"Kharadi, Pune, Maharashtra",Pune,,"₹25,000 - ₹30,000 a month",25000,30000,per_month,full_time,Full-time,,non_clinical,hospital,False,English|Microsoft Office|Master's degree|Psychology|In-person|Communication skills,Health insurance|Paid time off|Flexible schedule|Paid sick time,,2026-07-09,"Experience in IVF/Fertility healthcare will be an added advantage. Participate in patient education programs, workshops, and awareness initiatives.",https://www.simplyhired.co.in/job/gR7kqcWkN21icDA9-AeV3l8CkGrehXKjC2pA7yixIFF9G3UNsKETRA,2026-07-12T12:30:49Z
simplyhired,7BgS8VIpL6jD49eGxDVwm4pwCH8UqtW4-FbYZz7-xI3p99b61vni8g,Home Care Nurse,Apollo Hospitals,"Hyderabad, Telangana",Hyderabad,,"₹15,000 - ₹45,000 a month",15000,45000,per_month,full_time,Full-time|Call employer,,nurses,hospital,True,ICU experience|In-person|Nursing,,,2026-07-09,"Bulk hiring *Homecare *Nurses For: _Hyderabad, Chennai, Bangalore, Kolkata, Mumbai, Indore, Delhi, Mysore, Madurai, Guwahati_ Interested can Call/WhatsApp:- …",https://www.simplyhired.co.in/job/7BgS8VIpL6jD49eGxDVwm4pwCH8UqtW4-FbYZz7-xI3p99b61vni8g,2026-07-12T12:30:51Z
simplyhired,jQzjcSwYKCkn5Nrd1Gw6QUNve_yJdnfpQOR9KCiCtrqsRPJPpIYRGQ,nursing staff,Janta Piles Clinic,"Saharanpur, Uttar Pradesh",Saharanpur,,"₹15,000 - ₹20,000 a month",15000,20000,per_month,full_time,Full-time,,nurses,hospital,False,English|Bachelor's degree|Patient care|In-person|Nursing,,,2026-07-09,"Fresher and experienced both can apply Job Type: Full-time Pay: ₹15,000.00 - ₹20,000.00 per month Application Question(s): * Should have known Kannada…",https://www.simplyhired.co.in/job/jQzjcSwYKCkn5Nrd1Gw6QUNve_yJdnfpQOR9KCiCtrqsRPJPpIYRGQ,2026-07-12T12:30:51Z
simplyhired,Lqg09l5fDUcyXAp5eWJRqC6Fay1kUbW5e5t7QYcxClLPaDiQ-jDrhA,Dental Assistant,GIA CLINICS,"Vijayawada, Andhra Pradesh",Vijayawada,,"₹13,000 - ₹15,000 a month",13000,15000,per_month,full_time,Full-time,,non_clinical,hospital,False,Anatomy knowledge|In-person|Diploma|Medical terminology|Communication skills,,,2026-07-10,"The ideal candidate should be patient-friendly, organized, and willing to support doctors in delivering high-quality dental care.",https://www.simplyhired.co.in/job/Lqg09l5fDUcyXAp5eWJRqC6Fay1kUbW5e5t7QYcxClLPaDiQ-jDrhA,2026-07-12T12:30:51Z
simplyhired,xkSNSUBO67Ok9e7EBRlwJT4E5V9xq_2rQYDeQNvlgxADL60n8v9Taw,Nursing Coordinator,Book My Nurse,"Chennai, Tamil Nadu",Chennai,,"₹28,000 - ₹35,000 a month",28000,35000,per_month,full_time,Full-time|Day shift,,nurses,hospital,False,English|Supervising experience|Bachelor's degree|Team management|Travel|In-person|Care plans|Medical terminology|Nursing,Cell phone reimbursement,,2026-07-10,"Monitor the quality of home healthcare services and ensure patient satisfaction. Train, supervise, and support home healthcare staff to improve performance.",https://www.simplyhired.co.in/job/xkSNSUBO67Ok9e7EBRlwJT4E5V9xq_2rQYDeQNvlgxADL60n8v9Taw,2026-07-12T12:30:51Z
simplyhired,zQLtsBzkMrxwQy1ir5EerSCNL8Ad9K3HAcYA9Mg9-DPcxWgDhpSytA,Lab Technician,USHA HOSPITAL,"Tambaram, Chennai, Tamil Nadu",Chennai,,"₹10,000 - ₹17,000 a month",10000,17000,per_month,full_time,Full-time,,non_clinical,hospital,False,Anatomy knowledge|Blood sampling|Laboratory experience|In-person,Flexible schedule|Food provided,,2026-07-10,"FULL TIME EXPERIENCED DMLT/ BSC BIOCHEMISTRY... MNIMUM 2 YEARS EXPERINCE. Job Type: Full-time Pay: ₹10,000.00 - ₹17,000.00 per month Benefits: * Flexible…",https://www.simplyhired.co.in/job/zQLtsBzkMrxwQy1ir5EerSCNL8Ad9K3HAcYA9Mg9-DPcxWgDhpSytA,2026-07-12T12:30:51Z
simplyhired,pbolJVqemCr2A-g-a1gx-8MfJb8L1bjHtBnRhyuY3bEl3dqqyRbZhQ,Hearing Aid Audiologist,ElSela Speech & Hearing Clinic,"Angamali, Kerala",Angamali,,"₹35,000 - ₹60,000 a month",35000,60000,per_month,full_time,Full-time,,non_clinical,hospital,False,B.Sc|Master's degree|Bachelor's degree|In-person|Communication skills,Paid sick time,,2026-07-10,Coordinate with the branch and management team to ensure smooth patient care and clinic operations. The ideal candidate should have strong clinical audiology…,https://www.simplyhired.co.in/job/pbolJVqemCr2A-g-a1gx-8MfJb8L1bjHtBnRhyuY3bEl3dqqyRbZhQ,2026-07-12T12:30:51Z
simplyhired,gVkqlQXGs_iXCuCWJsEH_0LuZwaJtCj2c8dXb7RE4oM2Cqh6641xiw,Hospital Pharmacist,Saroj Super Speciality Hospital,"Rohini, Delhi, Delhi",Delhi,,"₹24,356 - ₹30,000 a month",24356,30000,per_month,full_time,Full-time|Rotational shift,,pharmacists,hospital,False,Microsoft Powerpoint|Microsoft Word|Microsoft Excel|Microsoft Office|Bachelor's degree|In-person,,,2026-07-09,Unit Name*- Saroj Super Speciality Hospital (Crecer Healthcare LLP). Qualification -* B. Pharma / D. Pharma With Delhi Pharmacy Registration Certificate.,https://www.simplyhired.co.in/job/gVkqlQXGs_iXCuCWJsEH_0LuZwaJtCj2c8dXb7RE4oM2Cqh6641xiw,2026-07-12T12:30:51Z
simplyhired,TqJlDG-V8ktEAwbq_5D5EKQM6N-BNIlZpIod09GMkyAvHON9mqKamA,Pharmacy Assistant,MedPlus Pharmacy India,"Madurai, Tamil Nadu",Madurai,,"₹14,000 - ₹20,000 a month",14000,20000,per_month,full_time,Full-time,,pharmacists,pharma,False,Medication administration|12th Pass|Patient care|In-person|Medical terminology|Communication skills,Health insurance|Life insurance,,2026-07-09,"Provide excellent customer service and resolve customer queries professionally. Assist customers in purchasing medicines, OTC products, and healthcare items.",https://www.simplyhired.co.in/job/TqJlDG-V8ktEAwbq_5D5EKQM6N-BNIlZpIod09GMkyAvHON9mqKamA,2026-07-12T12:30:51Z
simplyhired,cOc1OgyDr-3UiZcyiLIcmcZmZPxDgMD5zfUAHiudW7PHp_oLYMreXw,Back Office Executive,MAITYS,"Salt Lake, Kolkata, West Bengal",Kolkata,,"₹18,000 - ₹20,000 a month",18000,20000,per_month,full_time,Full-time,,non_clinical,hospital,False,English|Master's degree|Bachelor's degree|Organisational skills|In-person,Flexible schedule,,2026-07-10,Maintain client and caregiver database with complete documentation. The Back Office & MIS Executive cum Coordinator will be responsible for managing backend…,https://www.simplyhired.co.in/job/cOc1OgyDr-3UiZcyiLIcmcZmZPxDgMD5zfUAHiudW7PHp_oLYMreXw,2026-07-12T12:30:51Z
simplyhired,UvlRlK2eT-QTR5P6yiVdUO2Bwm0KoBZMEXQf6hJB_vsjaBSJnwbxnQ,OPD Attendant,LAXMI EYE INSTITUTE,"Panvel, Maharashtra",Panvel,,"From ₹18,000 a month",18000,18000,per_month,full_time,Full-time,,non_clinical,hospital,False,Computer literacy|Patient care|In-person|Medical terminology|Hospital experience,Health insurance|Paid sick time,,2026-07-10,"Ensuring smooth movement of patients and ensuring patients are comfortable at all times. Helping the consultants in patient examination, wherever required like…",https://www.simplyhired.co.in/job/UvlRlK2eT-QTR5P6yiVdUO2Bwm0KoBZMEXQf6hJB_vsjaBSJnwbxnQ,2026-07-12T12:30:51Z
simplyhired,5A4FYRMJAvUhq4T4jOg-tUDW4FKw4wshaGPoHONLuWdkoi87tLTGaQ,Operation theater technician,NANGALIYA HOSPITAL,"Gorakhpur, Uttar Pradesh",Gorakhpur,,"₹12,000 - ₹15,000 a month",12000,15000,per_month,full_time,Full-time,,non_clinical,hospital,False,Nursing|English|In-person|Diploma|Communication skills,,,2026-07-11,Experience:* 1–3 years preferred (Experience in NABH-accredited hospital is an advantage). We are seeking a skilled and detail-oriented *OT Technician* to…,https://www.simplyhired.co.in/job/5A4FYRMJAvUhq4T4jOg-tUDW4FKw4wshaGPoHONLuWdkoi87tLTGaQ,2026-07-12T12:30:51Z
simplyhired,h_xz-VveTN4tAwnYUXsemSS6PUpe3OyI8MSigrWZlld9sv2lb1Xw_A,LSHC - RADV/HCC Coder,Deloitte,"Hyderabad, Telangana",Hyderabad,,Not Disclosed,,,,full_time,,,non_clinical,hospital,False,Microsoft Powerpoint|Medicine|Microsoft Excel|EMR systems|Leadership,,,2026-07-09,Develops mechanisms to identify specific coding issues related to Medicare and ACA Risk Adjustable coding to allow for follow-up reviews to identify improvement…,https://www.simplyhired.co.in/job/h_xz-VveTN4tAwnYUXsemSS6PUpe3OyI8MSigrWZlld9sv2lb1Xw_A,2026-07-12T12:30:51Z
simplyhired,BDanLXr-7q3YDkzeIC8nWGHpPtDMCvFwZDxFV9Lkhukw9wKxLYueLg,Urgent Hiring USG Mammo Technician,Mandke Hospital Support Services Ltd,"Mumbai, Maharashtra",Mumbai,,"₹2,50,000 - ₹3,60,000 a year",250000,360000,per_annum,full_time,Urgently hiring|Full-time,,non_clinical,hospital,False,In-person|Medical terminology,Health insurance,,2026-07-10,Conduct USG and Mammography scans as per protocols. Proper patient positioning and care. Assist radiologist during breast procedures when required.,https://www.simplyhired.co.in/job/BDanLXr-7q3YDkzeIC8nWGHpPtDMCvFwZDxFV9Lkhukw9wKxLYueLg,2026-07-12T12:30:51Z
simplyhired,7uW7TLlOGu67-1vnLDnpAEzHbb7H-pucj0MoymKjELjm4W2C-dLQ4A,Sr. Billing Executive @ SRV Rajebhadur Hospital,SRV Rajebahadur Hospital LLP,"Nashik, Maharashtra",Nashik,,"₹25,000 - ₹35,000 a month",25000,35000,per_month,full_time,Full-time,,non_clinical,hospital,False,Bachelor's degree|In-person|Medical terminology,,,2026-07-10,Supervise and guide the billing team in day-to-day operations. Prepare and verify inpatient and outpatient bills for accuracy.,https://www.simplyhired.co.in/job/7uW7TLlOGu67-1vnLDnpAEzHbb7H-pucj0MoymKjELjm4W2C-dLQ4A,2026-07-12T12:30:54Z
simplyhired,wBGA86fK7zRh0ZWw1TsyLLnBRbrfYxWc7HSAe6nnh71S6iwaasknPA,Quality Executive,"Devadoss hospital, Madurai","Surveyor Colony, Madurai, Tamil Nadu",Madurai,,Not Disclosed,,,,full_time,Full-time,,non_clinical,hospital,False,Microsoft Word|Microsoft Office|Master's degree|Bachelor's degree|In-person,,,2026-07-09,"Quality Management System (QMS) Implementation*. Implement and maintain hospital quality standards (e.g., NABH, JCI). Patient Safety & Risk Management*.",https://www.simplyhired.co.in/job/wBGA86fK7zRh0ZWw1TsyLLnBRbrfYxWc7HSAe6nnh71S6iwaasknPA,2026-07-12T12:30:54Z
simplyhired,INoqbI6JXBySXlHF5jMPbjur6oxHLxteKpVOkJlP3YA9GubnmTZgQg,Front Desk Receptionist,Pachouli Wellness Clinic,"Model Town, Delhi, Delhi",Delhi,,"₹22,000 - ₹26,000 a month",22000,26000,per_month,full_time,Full-time|Rotational shift,,non_clinical,hospital,False,Hospitality|Customer service|Bachelor's degree|Conflict management|In-person|Communication skills|Time management,Flexible schedule,,2026-07-11,"Maintain accurate client information in CRM systems. The role involves managing front office operations, appointment scheduling, billing coordination, client…",https://www.simplyhired.co.in/job/INoqbI6JXBySXlHF5jMPbjur6oxHLxteKpVOkJlP3YA9GubnmTZgQg,2026-07-12T12:30:54Z
simplyhired,CZQGk62YAeghI509XBWzJH1ABozCiOlxc0V54HfUhaz28I15grZngA,Radiologist,Sangi Hospital,"Raya, Uttar Pradesh",Raya,,"₹25,000 - ₹35,000 a month",25000,35000,per_month,full_time,Full-time,,doctors,hospital,False,Medicine|Master's degree|Bachelor's degree|Patient care|In-person,,,2026-07-11,"Experience in reporting CT, MRI, Ultrasound, Doppler, and X-Ray studies preferred. Experience in NABH-accredited hospitals will be an added advantage.",https://www.simplyhired.co.in/job/CZQGk62YAeghI509XBWzJH1ABozCiOlxc0V54HfUhaz28I15grZngA,2026-07-12T12:30:54Z
simplyhired,XTvvzncikOTh8AjEp7p-FlfF4LGp3DGLMVvwK_7Nz8lizmSZJz6hrw,Typist,ESS ELL Diagnsotics,"Patiala, Punjab",Patiala,,"₹10,000 - ₹20,000 a month",10000,20000,per_month,full_time,Full-time,,non_clinical,hospital,False,Anatomy knowledge|Microsoft Office|12th Pass|Bachelor's degree|Typing|In-person|Medical terminology,,,2026-07-11,"Pay: ₹10,000.00 - ₹20,000.00 per month. *Transcribe:* Listen to doctor audio recordings and type them into formal reports.",https://www.simplyhired.co.in/job/XTvvzncikOTh8AjEp7p-FlfF4LGp3DGLMVvwK_7Nz8lizmSZJz6hrw,2026-07-12T12:30:54Z
simplyhired,CjM3WI-PeABgxr5jGt-OgKXYSwThPjYF8azgefnW3F7CJh7cS-TWgw,Nutritionist,Baynine Ventures - Kyoren Labs,"Navi Mumbai, Maharashtra",Navi Mumbai,,"₹15,000 - ₹20,000 a month",15000,20000,per_month,full_time,,,non_clinical,pharma,False,B.Sc|Research|Master's degree|Databases|Bachelor's degree|In-person|Internship,Paid sick time,,2026-07-09,"Pay: ₹15,000.00 - ₹20,000.00 per month. Nutritonist Internship Opportunity at Kyoren Labs*. Location*: Navi Mumbai, Maharashtra 400703.",https://www.simplyhired.co.in/job/CjM3WI-PeABgxr5jGt-OgKXYSwThPjYF8azgefnW3F7CJh7cS-TWgw,2026-07-12T12:30:54Z
simplyhired,tDhk0c8ciJn0CqzNroiySIXzZ9YfIpFR5panV3wC2PHXiXyn9elStw,Urgent Requirement – Registered Pharmacist (Part-Time),Veritas Surgitech,"Pune, Maharashtra",Pune,,"₹5,000 - ₹7,000 a month",5000,7000,per_month,hybrid,Part-time|Call employer,Hybrid work,pharmacists,hospital,False,Anatomy knowledge|Bachelor's degree|Diploma|Hospital experience,Commuter assistance|Work from home|Flexible schedule,,2026-07-11,"Interested candidates may apply through Indeed or contact us directly. Salary: ₹5,000 per month _(Negotiable)_. ₹5,000 per month (Negotiable).",https://www.simplyhired.co.in/job/tDhk0c8ciJn0CqzNroiySIXzZ9YfIpFR5panV3wC2PHXiXyn9elStw,2026-07-12T12:30:54Z
simplyhired,AlgE1YJtkg8Iu8DtGRDXQHCjSH2ueNiyX4B0rnvvc16Rm8dH1Lvt0Q,Home Care Nurse,Aarush consultant & services,"Ranchi, Jharkhand",Ranchi,,"₹25,000 - ₹30,000 a month",25000,30000,per_month,full_time,Full-time,,nurses,hospital,False,B.Sc|Bachelor's degree|In-person|Nursing,Health insurance,,2026-07-10,"Pay: ₹25,000.00 - ₹30,000.00 per month. Hiring – Medanta Home Care, Ranchi , Jharkhand. Male/Female Both Can Apply. Salary: ₹25,000 – ₹30,000.",https://www.simplyhired.co.in/job/AlgE1YJtkg8Iu8DtGRDXQHCjSH2ueNiyX4B0rnvvc16Rm8dH1Lvt0Q,2026-07-12T12:30:54Z
simplyhired,zV9ZSr9TJd_oYRoT7-GybSYPviIHSNV5ZrH88STKxrTxNpmGuBHMyA,Hospital Operations Manager,"Al Arif Hospital, Ambalathara, Thiruvananthapuram","Thiruvananthapuram, Kerala",Thiruvananthapuram,,"Up to ₹75,000 a month",75000,75000,per_month,full_time,Full-time,,non_clinical,hospital,False,Master's degree|Bachelor's degree|Business Administration|In-person|MBA|Communication skills,,,2026-07-10,"Experience in NABH-accredited hospitals will be an added advantage. Pay: Up to ₹75,000.00 per month. Support strategic planning and business growth initiatives.",https://www.simplyhired.co.in/job/zV9ZSr9TJd_oYRoT7-GybSYPviIHSNV5ZrH88STKxrTxNpmGuBHMyA,2026-07-12T12:30:54Z
simplyhired,BqkLfGUkGC3RLK7Qdcq-CEHvBXlIojNvMykG0DThOd_TiIFU3cg_jg,Senior Director,Credence Global Solutions,"Pune, Maharashtra",Pune,,Not Disclosed,,,,full_time,Full-time,,non_clinical,hospital,False,Microsoft Powerpoint|Microsoft Excel|Microsoft Office|Analysis skills|Bachelor's degree|Human resources|Leadership|Communication skills,,,2026-07-11,"If you are approached by anyone requesting payment or offering you a position at Credence in exchange for money, do not engage with them.",https://www.simplyhired.co.in/job/BqkLfGUkGC3RLK7Qdcq-CEHvBXlIojNvMykG0DThOd_TiIFU3cg_jg,2026-07-12T12:30:54Z
simplyhired,220aXrNPV75CHNiQ0qHzAtJK8fFz_WQPiV-dWuoZFXgbb1tvYZQ15g,Senior Cath Lab Technician,ujala cygnus brightstar hospital,"Moradabad, Uttar Pradesh",Moradabad,,"₹12,825.60 - ₹50,000.00 a month",12826,50000,per_month,full_time,Full-time,,non_clinical,hospital,False,Patient monitoring|Bachelor's degree|In-person|Diploma,,,2026-07-11,"Prepare and maintain the cardiac catheterization laboratory before, during, and after procedures. Assist cardiologists during diagnostic and interventional…",https://www.simplyhired.co.in/job/220aXrNPV75CHNiQ0qHzAtJK8fFz_WQPiV-dWuoZFXgbb1tvYZQ15g,2026-07-12T12:30:54Z
simplyhired,lsZ710vvKzwgpwHiVMcgJa3sxyaj7VrXgSUZezzwv-CA6trTs9vViw,Receptionist,ESS ELL Diagnsotics,"Patiala, Punjab",Patiala,,"₹9,000 - ₹22,000 a month",9000,22000,per_month,full_time,Full-time,,non_clinical,hospital,False,Microsoft Powerpoint|Microsoft Word|Microsoft Office|Master's degree|Bachelor's degree|In-person|Medical terminology|Communication skills,,,2026-07-11,"*Communication & Support:* Handle multi-line phone systems, answer inquiries, and provide information on services, preparation, and costs.",https://www.simplyhired.co.in/job/lsZ710vvKzwgpwHiVMcgJa3sxyaj7VrXgSUZezzwv-CA6trTs9vViw,2026-07-12T12:30:54Z
simplyhired,ZNPQ6DhTZLOxPL7ZYgN_0vwWM5-DLMQxNkd2uRX0Dbv8uVdEmYBzBA,Clinic Coordinator,Cubic HR,"Taltala, Kolkata, West Bengal",Kolkata,,"₹20,000 - ₹40,000 a month",20000,40000,per_month,full_time,Weekend availability|Full-time|Rotational shift,,non_clinical,hospital,False,Customer service|Administrative experience|Team management|EMR systems|In-person|Communication skills|Time management,,,2026-07-09,Are you comfortable working rotational shifts and weekends? Ensure excellent patient experience through effective customer service.,https://www.simplyhired.co.in/job/ZNPQ6DhTZLOxPL7ZYgN_0vwWM5-DLMQxNkd2uRX0Dbv8uVdEmYBzBA,2026-07-12T12:30:54Z
simplyhired,vjJGbcxCpTd1EwlR_kLFFF5wYHlIW0wARN1gB7dp9JGeE9J1DtQzqw,Receptionist,Krishna Child Clinic,"Swargate Chowk, Pune, Maharashtra",Pune,,"₹4,000 - ₹5,000 a month",4000,5000,per_month,part_time,Part-time,,non_clinical,hospital,False,Nursing|English|12th Pass|Bachelor's degree|In-person|Medical terminology|Office experience,,,2026-07-10,"Preferred if you know multiple languages - Hindi, Marathi. Will require helping out with patients too along with the table reception work, taking appointments…",https://www.simplyhired.co.in/job/vjJGbcxCpTd1EwlR_kLFFF5wYHlIW0wARN1gB7dp9JGeE9J1DtQzqw,2026-07-12T12:30:58Z
simplyhired,67GvqunbGFKMZHnpRyXGFLR3K7zx6WyULyHPu3BC8lj4ETNxrHL7nQ,Ayurveda Physician (MD) – Panchakarma & Kayachikitsa,NBHEALTHCARE,"Mohali, Punjab",Mohali,,"From ₹75,000 a month",75000,75000,per_month,full_time,Full-time,,doctors,hospital,False,Medicine|Anatomy knowledge|Bachelor's degree|In-person|Medical terminology|Communication skills,Cell phone reimbursement,,2026-07-10,Location:* [City] | *Job Type:* Full-time | *Salary:* ₹[range]/month. About the Role* We are seeking a qualified MD Ayurveda physician specializing in…,https://www.simplyhired.co.in/job/67GvqunbGFKMZHnpRyXGFLR3K7zx6WyULyHPu3BC8lj4ETNxrHL7nQ,2026-07-12T12:30:58Z
simplyhired,QCOtkZM0ILOCX682Xvq6CULWTzYTN007n-Eb0yjzmfH7nFIalgoIQA,Dermatologist,Pristine Clinic,"Kurali, Punjab",Kurali,,"₹2,500 - ₹3,000 a day",,,,part_time,Part-time,,doctors,hospital,False,Bachelor's degree|Patient care|In-person,,,2026-07-10,"Need a dermatologist for aesthetic clinic in kurali. Should visit once a week. Pay: ₹2,500.00 - ₹3,000.00 per day Work Location: In…",https://www.simplyhired.co.in/job/QCOtkZM0ILOCX682Xvq6CULWTzYTN007n-Eb0yjzmfH7nFIalgoIQA,2026-07-12T12:30:58Z
simplyhired,cUCEvC3XFpMKD0F3s3ecU9BaT2tWJAh35s7n2R2yDIODgxKbRCy4zA,Senior Coder - Profee E&M,Guidehouse India Pvt Ltd,"Chennai, Tamil Nadu",Chennai,,Not Disclosed,,,,full_time,Full-time,,non_clinical,hospital,False,Microsoft Excel|Microsoft Office|Travel|Organisational skills|No travel,,,2026-07-09,"Understands in detail the workflow, procedures and specific criteria for the assigned client. Guidehouse offers a comprehensive, total rewards package that…",https://www.simplyhired.co.in/job/cUCEvC3XFpMKD0F3s3ecU9BaT2tWJAh35s7n2R2yDIODgxKbRCy4zA,2026-07-12T12:30:58Z
simplyhired,4YiHIaQEo9SLbNs8T5-kkm8jgArnrG5V5oWjp-vrlMce4L175-zjnw,Sample collection,TATVAM DIAGNOSTIC,"Lucknow, Uttar Pradesh",Lucknow,,"₹9,000 - ₹12,000 a month",9000,12000,per_month,full_time,Full-time,,non_clinical,pharma,False,Laboratory experience|In-person|Medical terminology|Hospital experience,Paid time off|Flexible schedule,,2026-07-11,We’re Hiring! Open Positions: * Phlebotomist – Home Collection * Lab Marketing Executive * Blood Collector / Phlebotomist Company: tatvam diagnostic…,https://www.simplyhired.co.in/job/4YiHIaQEo9SLbNs8T5-kkm8jgArnrG5V5oWjp-vrlMce4L175-zjnw,2026-07-12T12:30:58Z
simplyhired,Gl-vGxWJTyJrBuWJ_rqnpdmThq94ABfzxivBI7YOWibih19IxdScHg,Physician Assistant,Ortho One Orthopaedic Speciality Centre,"Singanallur, Coimbatore, Tamil Nadu",Coimbatore,,Not Disclosed,,,,full_time,Full-time,,doctors,hospital,False,B.Sc|Bachelor's degree|In-person|Communication skills|Time management,,,2026-07-11,"Follow up with discharged patients, collect feedback, address concerns, and communicate updates to the respective consultant and Operations Department.",https://www.simplyhired.co.in/job/Gl-vGxWJTyJrBuWJ_rqnpdmThq94ABfzxivBI7YOWibih19IxdScHg,2026-07-12T12:30:58Z
simplyhired,hCglUpkMKTPTis8zD8mOM0M9rV4n98nIxw_IAv5dRYeV6nG7ywGb8g,Front Office Executive/ Receptionist_ Vismaya,Aanvii Hearing Solutions Pvt Ltd,"Bengaluru, Karnataka",Bengaluru,,"₹9,346.80 - ₹25,394.57 a month",9347,25395,per_month,full_time,Full-time,,non_clinical,hospital,False,Microsoft Powerpoint|Microsoft Word|English|Master's degree|Bachelor's degree|In-person,Health insurance,,2026-07-09,"Efficiently manage petty cash, overseeing cash flow, maintaining cash vouchers, and ensuring timely deposits to the nearest bank for amounts exceeding 3k in…",https://www.simplyhired.co.in/job/hCglUpkMKTPTis8zD8mOM0M9rV4n98nIxw_IAv5dRYeV6nG7ywGb8g,2026-07-12T12:30:58Z
simplyhired,Nvp3QAIuqG6SUtKuVCSjYnOKl8X9vMznoPkPZobV19swn5C3Y0JGsA,Regeneration specialist,Research ayu,"Malviya Nagar, Delhi, Delhi",Delhi,,"₹30,000 - ₹60,000 a month",30000,60000,per_month,full_time,Full-time,,non_clinical,hospital,False,Medicine|Bachelor's degree|In-person,Health insurance,,2026-07-09,"Prescribe Ayurvedic medicines, herbal formulations, dietary recommendations, and lifestyle modifications to promote overall wellness and address specific health…",https://www.simplyhired.co.in/job/Nvp3QAIuqG6SUtKuVCSjYnOKl8X9vMznoPkPZobV19swn5C3Y0JGsA,2026-07-12T12:30:58Z
simplyhired,Ye8Yt4vKxS4pXLDz-OfMJphBVZO-OOJmnIKZR5RaY4BKkG8NNRjcmA,Assistant Manager- Billing,Sree Gokulam Medical College & Research Foundation,"Venjaramudu, Kerala",Venjaramudu,,"₹30,000 - ₹35,000 a month",30000,35000,per_month,full_time,Full-time,,non_clinical,hospital,False,Bachelor's degree|In-person|Medical terminology,,,2026-07-09,"Experience: *4+ years (healthcare mandatory)*. Manage day-to-day hospital billing operations, including OP, IP, ER, and insurance billing.",https://www.simplyhired.co.in/job/Ye8Yt4vKxS4pXLDz-OfMJphBVZO-OOJmnIKZR5RaY4BKkG8NNRjcmA,2026-07-12T12:30:58Z
simplyhired,BgLcfxOJHAVN68XH9tqaiDJB1Nv6yAZKfVeeOhLsdr4DdzROMMHHiA,Enquiry Executive,Unittas Multispeciality Hospital,"Tambaram West, Chennai, Tamil Nadu",Chennai,,"₹15,000.56 - ₹22,000.17 a month",15001,22000,per_month,full_time,Full-time,,non_clinical,hospital,False,Customer service|English|Master's degree|Bachelor's degree|In-person,,,2026-07-11,"Handle patient enquiries via phone, front desk, WhatsApp, and walk-ins. Provide accurate information about doctors, departments, treatments, and facilities.",https://www.simplyhired.co.in/job/BgLcfxOJHAVN68XH9tqaiDJB1Nv6yAZKfVeeOhLsdr4DdzROMMHHiA,2026-07-12T12:30:58Z
simplyhired,6F-OJJ4HuWsYzg2k6_6sD5kmIXRzuUZ3uMbewcXypNPJyJ5Um8aeMg,Coder - Profee HCC,Guidehouse India Pvt Ltd,"Chennai, Tamil Nadu",Chennai,,Not Disclosed,,,,full_time,Full-time,,non_clinical,hospital,False,Microsoft Excel|Microsoft Office|Travel|Organisational skills|No travel,,,2026-07-08,"Understands in detail the workflow, procedures and specific criteria for the assigned client. Guidehouse offers a comprehensive, total rewards package that…",https://www.simplyhired.co.in/job/6F-OJJ4HuWsYzg2k6_6sD5kmIXRzuUZ3uMbewcXypNPJyJ5Um8aeMg,2026-07-12T12:30:58Z
simplyhired,rBnFPNbRm5j-Pbi2dHRo5bLWf2lWkOKQ-4Wn-dp_HuiezTx4-xi5Gg,ENT Specialist,Jotsna ENT Hospital,"Visakhapatnam, Andhra Pradesh",Visakhapatnam,,"₹1,00,000 a month",100000,100000,per_month,full_time,Full-time|Call employer,,non_clinical,hospital,False,Bachelor's degree|Patient care|In-person,Paid time off,,2026-07-12,"*ENT Surgeon Required @ Seethammadhara, Visakapatnam* *₹1 Lakh/month (No deductions)* *Contact: 9121078578* Job Type: Full-time Pay: ₹100,000.00 per…",https://www.simplyhired.co.in/job/rBnFPNbRm5j-Pbi2dHRo5bLWf2lWkOKQ-4Wn-dp_HuiezTx4-xi5Gg,2026-07-12T12:30:58Z
simplyhired,DsW3unIGFBMo_Ejy42VT8BDYeXD833VpOWnw2JNf5cDN246CLfSRGQ,Receptionist,Physiotattva,"Bengaluru, Karnataka",Bengaluru,,"From ₹18,000 a month",18000,18000,per_month,full_time,Full-time,,non_clinical,hospital,False,Microsoft Powerpoint|Microsoft Word|English|12th Pass|In-person,Paid sick time,,2026-07-09,Greet walk-in patients and guests and make them comfortable. Answer telephone calls to take messages from clients or to provide information.,https://www.simplyhired.co.in/job/DsW3unIGFBMo_Ejy42VT8BDYeXD833VpOWnw2JNf5cDN246CLfSRGQ,2026-07-12T12:30:58Z
simplyhired,hWgaCQhUFo18uLbp7FXTUvmQiTkKJS8I05AmkLwbsmBuMLuirycTCQ,Associate Consultant,SG PUBLIC SCHOOL,"Ghaziabad, Uttar Pradesh",Ghaziabad,,"₹2,50,000 - ₹3,00,000 a month",250000,300000,per_month,full_time,Full-time|Call employer,,non_clinical,hospital,False,Medicine|Master's degree|Bachelor's degree|Patient care|In-person|Communication skills,,,2026-07-11,"The candidate will manage OPD, IPD, and emergency cases, and work closely with other specialties for comprehensive patient care.",https://www.simplyhired.co.in/job/hWgaCQhUFo18uLbp7FXTUvmQiTkKJS8I05AmkLwbsmBuMLuirycTCQ,2026-07-12T12:30:58Z
simplyhired,0GPmvTByHGAKz_0tB5-CzYoK4EywnGUXW96MISr7N6kTEuMAEvUjzQ,Nursing coordinator,Madurai Home Nursing,"Tiruchirappalli, Tamil Nadu",Tiruchirappalli,,"₹18,000 - ₹35,000 a month",18000,35000,per_month,full_time,Part-time|Full-time,,nurses,hospital,False,English|Bachelor's degree|Travel|Patient care|In-person|Nursing,Health insurance|Paid time off|Flexible schedule|Life insurance,,2026-07-09,"Home care: 3 years (Preferred). They ensure hospital policies and healthcare protocols are followed correctly. Job Types: Full-time, Part-time, Permanent.",https://www.simplyhired.co.in/job/0GPmvTByHGAKz_0tB5-CzYoK4EywnGUXW96MISr7N6kTEuMAEvUjzQ,2026-07-12T12:31:04Z
simplyhired,fwAc_uvNd-ozKIeZzYSvK0BVBhNALS0WNZRyWBVwNzoHOtNEJJ5pjg,Cath Lab Nurse,SRV Hospital,"Wilson Garden, Bengaluru, Karnataka",Bengaluru,,"₹13,202.25 - ₹35,439.67 a month",13202,35440,per_month,full_time,Full-time,,nurses,hospital,False,Nursing|B.Sc|Laboratory experience|English|ACLS Certification|Bachelor's degree|In-person|Communication skills|Nursing,,,2026-07-11,"Assist cardiologists during coronary angiography, angioplasty, pacemaker implantation, EP studies, and other cardiac interventions.",https://www.simplyhired.co.in/job/fwAc_uvNd-ozKIeZzYSvK0BVBhNALS0WNZRyWBVwNzoHOtNEJJ5pjg,2026-07-12T12:31:04Z
simplyhired,_8IYADPKtn2rsDxmJrtyOS7UAWuYXFZ0KvxmjnTsadWFym8B9_ABMQ,ECG Analyst - Freshers,Healthwatch Telediagnostics,"Chennai, Tamil Nadu",Chennai,,"₹15,000 - ₹19,000 a month",15000,19000,per_month,full_time,Full-time|Rotational shift,,non_clinical,pharma,False,B.Sc|Bachelor's degree|In-person,Paid time off|Paid sick time,,2026-07-11,"We seek freshers with a passion for the healthcare sector, particularly the cardiac rhythm domain, with a hunger to learn and excel.",https://www.simplyhired.co.in/job/_8IYADPKtn2rsDxmJrtyOS7UAWuYXFZ0KvxmjnTsadWFym8B9_ABMQ,2026-07-12T12:31:04Z
simplyhired,v0JktQy4pwb1If-o2gabOuNSxAZuBe4nizyQ-r7HoySXY-9wwA_tqw,Pharmacy Incharge/Manager (Hospital),Ortho One Orthopaedic Speciality Centre,"Singanallur, Coimbatore, Tamil Nadu",Coimbatore,,Not Disclosed,,,,full_time,Full-time,,pharmacists,hospital,False,Bachelor's degree|Patient care|In-person|Leadership|Communication skills|Hospital experience,,,2026-07-11,"Excellent communication skills, both with patients and healthcare professionals. The ideal candidate will be responsible for overseeing the operations of the OP…",https://www.simplyhired.co.in/job/v0JktQy4pwb1If-o2gabOuNSxAZuBe4nizyQ-r7HoySXY-9wwA_tqw,2026-07-12T12:31:04Z
simplyhired,dsJPdtd3m0O-qVo2QHohCA_-51U-PX2YGEH-vCAMc3Db9L4QkMPB-A,BHMS Homeopathy doctor Need,Arogya Homoeo Clinic,"Saravanampatti, Coimbatore, Tamil Nadu",Coimbatore,,"₹8,000 - ₹15,000 a month",8000,15000,per_month,full_time,Part-time|Full-time,,doctors,hospital,False,Anatomy knowledge|Bachelor's degree|In-person|Medical terminology|Communication skills,,,2026-07-10,BHMS degree from a recognized institution. Valid registration with the appropriate medical council. Strong communication and patient consultation skills.,https://www.simplyhired.co.in/job/dsJPdtd3m0O-qVo2QHohCA_-51U-PX2YGEH-vCAMc3Db9L4QkMPB-A,2026-07-12T12:31:04Z
simplyhired,kahPT5YpltkK_uBCwYD6i7NfGUCukNXJQVwpsT3cm6VMnIZXlsfjcA,Urgent - Clinical Nutirtionist@ Delhi location,Watchyourhealth.com India Private Limited,Remote,Remote,,"₹20,000 - ₹25,000 a month",20000,25000,per_month,remote,Full-time,Remote,non_clinical,hospital,False,Bachelor's degree|Computer skills,,,2026-07-09,Motivate clients consistently to ensure maximum compliance with diet guidelines. Collaborate with healthcare professionals to ensure comprehensive and holistic…,https://www.simplyhired.co.in/job/kahPT5YpltkK_uBCwYD6i7NfGUCukNXJQVwpsT3cm6VMnIZXlsfjcA,2026-07-12T12:31:04Z
simplyhired,AW9wWhwee6GK2wOgpPw7xaC4cqM_i0pl7nsmQ0Hck_fRP8LdVc26yw,Hospital Billing and TPA Insurance Executive,Prolife Cancer Centre & Research Institute,"Market Yard, Pune, Maharashtra",Pune,,"₹18,000 - ₹22,000 a month",18000,22000,per_month,full_time,Full-time,,non_clinical,hospital,False,Microsoft Excel|Bachelor's degree|In-person|Medical terminology|Communication skills,,,2026-07-11,Graduate in any discipline (Mandatory). Minimum *1 year of experience* in Hospital Billing & TPA Insurance (Mandatory). Handle TPA and insurance documentation.,https://www.simplyhired.co.in/job/AW9wWhwee6GK2wOgpPw7xaC4cqM_i0pl7nsmQ0Hck_fRP8LdVc26yw,2026-07-12T12:31:04Z
simplyhired,eQnLc-xm_78dDp-JZNSczowEWvcgZigGBF-136aVK1FWszZY1GvtTQ,Receptionist,Hindustan HR,"Kolapakkam, Tamil Nadu",Kolapakkam,,"₹15,000 - ₹20,000 a month",15000,20000,per_month,full_time,Full-time,,non_clinical,hospital,False,English|Microsoft Office|Bachelor's degree|Data entry|Front desk|Computer skills|In-person|Communication skills,,,2026-07-10,"Working:10 am to 7 pm*. The ideal candidate should have excellent communication skills, a welcoming attitude, and the ability to manage front desk operations…",https://www.simplyhired.co.in/job/eQnLc-xm_78dDp-JZNSczowEWvcgZigGBF-136aVK1FWszZY1GvtTQ,2026-07-12T12:31:04Z
simplyhired,_J20IClhcZAJwsb2Jy2Z7fi89zKnNwI-F90zsLVuElfr1lW2ZeqdlA,Corporate Billing Head,HRDR,"Mumbai, Maharashtra",Mumbai,,Not Disclosed,,,,full_time,Full-time,,non_clinical,hospital,False,Master's degree|Bachelor's degree|In-person|MBA|Leadership,Paid time off|Paid sick time,,2026-07-11,8–15 years in hospital billing/revenue cycle management with at least 3 years in a leadership role. The Corporate Billing Head is responsible for managing…,https://www.simplyhired.co.in/job/_J20IClhcZAJwsb2Jy2Z7fi89zKnNwI-F90zsLVuElfr1lW2ZeqdlA,2026-07-12T12:31:04Z
simplyhired,n3VvTnchedaU1p19w2x9rIIBIWC_XBvgGtVZlk5WBEBjXhtvEH0txQ,Senior Associate AR,Guidehouse,"Chennai, Tamil Nadu",Chennai,,Not Disclosed,,,,full_time,Night shift,,non_clinical,hospital,False,English|Microsoft Office|Analysis skills|Bachelor's degree|Travel|Organisational skills|No travel|Communication skills,,,2026-07-09,"Contact insurance companies for further explanation of denials and underpayments. Guidehouse offers a comprehensive, total rewards package that includes…",https://www.simplyhired.co.in/job/n3VvTnchedaU1p19w2x9rIIBIWC_XBvgGtVZlk5WBEBjXhtvEH0txQ,2026-07-12T12:31:04Z
simplyhired,lYDLPXc24mPnlq8qPAVLRTKMHyg3V2tjNkUceySsZinartKYpN9p2Q,Front Office Executive (Receptionist),Praba's VCARE health clinic Pvt ltd,"Indira Nagar, Bengaluru, Karnataka",Bengaluru,,"₹15,000 - ₹20,000 a month",15000,20000,per_month,full_time,Full-time,,non_clinical,hospital,False,Sales|Customer service|Bachelor's degree|In-person|Marketing,,,2026-07-09,Roatational weekoffs 4 -WO per month and one additional CL. Sat and sun compulsory working days. Treatment Billing and Product Billing.,https://www.simplyhired.co.in/job/lYDLPXc24mPnlq8qPAVLRTKMHyg3V2tjNkUceySsZinartKYpN9p2Q,2026-07-12T12:31:04Z
simplyhired,QGTsIWfU7jCSeH69TO_-aggsdL9pQYMYYMSDxlN1DebDIIeNO-BWBg,Staff Nurse,Thatha Patti Elders Foundation,"Saravanampatti, Coimbatore, Tamil Nadu",Coimbatore,,"₹15,000 - ₹25,000 a month",15000,25000,per_month,full_time,Part-time|Email|Full-time|Call employer,,nurses,hospital,False,Nursing|B.Sc|English|Bachelor's degree|In-person|Diploma|Internship|Communication skills,Health insurance|Life insurance|Food provided,,2026-07-11,"Experience: 1-2 years preferred; freshers and interns are also welcome to apply. ₹15,000 – ₹25,000 per month (based on experience).",https://www.simplyhired.co.in/job/QGTsIWfU7jCSeH69TO_-aggsdL9pQYMYYMSDxlN1DebDIIeNO-BWBg,2026-07-12T12:31:04Z
simplyhired,ZIEUdDck9RResWqMIaDwtZz4wHfJqxcdwvXPiSPf2ncYWFTpmWEABA,MBBS DMRD/ MD,Rank Skill Academy,"Basti, Uttar Pradesh",Basti,,Not Disclosed,,,,full_time,Full-time,,doctors,hospital,False,Medicine|Analysis skills|Bachelor's degree|In-person|Diploma|Communication skills,,,2026-07-11,*Experience:* 0–5+ years (Open to both freshers and experienced consultants). *Employment Type:* Full-time / Part-time / Consultant (Visiting).,https://www.simplyhired.co.in/job/ZIEUdDck9RResWqMIaDwtZz4wHfJqxcdwvXPiSPf2ncYWFTpmWEABA,2026-07-12T12:31:04Z
simplyhired,aHdWL88cFq9Y6clJip6u1ZHMyhqNovzzPLIXlDmN9Y4ZCdhjeF2i-w,Student Counsellor,Global Edge School,"Madhapur, Hyderabad, Telangana",Hyderabad,,Not Disclosed,,,,full_time,Full-time,,non_clinical,hospital,False,English|Microsoft Office|Master's degree|Psychology|Communication skills|School,Food provided,,2026-07-11,"The Student Counsellor (Psychologist) is responsible for supporting students’ emotional, behavioural, and psychological well-being.",https://www.simplyhired.co.in/job/aHdWL88cFq9Y6clJip6u1ZHMyhqNovzzPLIXlDmN9Y4ZCdhjeF2i-w,2026-07-12T12:31:04Z
simplyhired,L5P8UGGzYiPcd6fNnVtjYi-SstlswX-ZA_tN2HQ4_b4kDI8YpYDeSg,Echo / TMT Technician & ECG Technician,B M Hospital,"Perumbavoor, Kerala",Perumbavoor,,"₹20,000 - ₹25,000 a month",20000,25000,per_month,full_time,Full-time|Rotational shift,,non_clinical,hospital,False,Anatomy knowledge|In-person|Diploma|Medical terminology|Communication skills,Flexible schedule,,2026-07-09,"Perform Echocardiography (2D Echo), TMT (Treadmill Test), and ECG procedures as per hospital protocols. Prepare patients and explain the procedures before…",https://www.simplyhired.co.in/job/L5P8UGGzYiPcd6fNnVtjYi-SstlswX-ZA_tN2HQ4_b4kDI8YpYDeSg,2026-07-12T12:31:07Z
simplyhired,CmFSVA8_fRzWYZs8iVfJ-rcuEFHcVfrq5oXMvOTPbGyKuTyf7Koa2Q,Physiotherapist,F-95 Advance Physiotherapy & Research Centre,"Kharsia, Chhattisgarh",Kharsia,,"₹20,000 - ₹22,000 a month",20000,22000,per_month,full_time,Full-time,,non_clinical,hospital,False,Nursing|Anatomy knowledge|Bachelor's degree|In-person|Medical terminology|Communication skills,,,2026-07-10,"The ideal candidate should have strong clinical knowledge, excellent communication skills, and a patient-centric approach.",https://www.simplyhired.co.in/job/CmFSVA8_fRzWYZs8iVfJ-rcuEFHcVfrq5oXMvOTPbGyKuTyf7Koa2Q,2026-07-12T12:31:07Z
simplyhired,-5f94jg8n_lZiugz3eVaElRoMwWVQ8VlMffIHsfkc6D2orRSW99E6Q,Manager – Medical Advisor,NewLife Medicals,"Thaltej, Ahmedabad, Gujarat",Ahmedabad,,Not Disclosed,,,,full_time,,,non_clinical,hospital,False,Medicine|Doctoral degree|Bachelor's degree|Communication skills,,,2026-07-10,"Identify research opportunities and support company-sponsored and investigator-initiated studies. This role acts as the medical-scientific expert, ensuring…",https://www.simplyhired.co.in/job/-5f94jg8n_lZiugz3eVaElRoMwWVQ8VlMffIHsfkc6D2orRSW99E6Q,2026-07-12T12:31:07Z
simplyhired,LB646gOUl3FiMouBiveO6S4ArazwvOn2J-7lLV4rjCps_6tc-ZZ_LQ,Phlebotomist( Home collection),DoctorC,"Koramangala I Block, Bengaluru, Karnataka",Bengaluru,,"₹25,000 - ₹30,000 a month",25000,30000,per_month,hybrid,Full-time,Hybrid work,non_clinical,hospital,False,Laboratory experience|Smartphone|Medical terminology|Hospital experience,Health insurance,,2026-07-10,Work list will be provided for the day have to go to customer house at time of appointment. Should have 2 wheeler and smartphone.,https://www.simplyhired.co.in/job/LB646gOUl3FiMouBiveO6S4ArazwvOn2J-7lLV4rjCps_6tc-ZZ_LQ,2026-07-12T12:31:07Z
simplyhired,cCF7xinT5OYO1LtiMrr4D0DzsdUWm4ZmLBeQT93WrHbBV7rBfR19Hw,Financial Counsellor-Attapur,Ankura Hospital for Women & Children -Attapur,"Hyderabad, Telangana",Hyderabad,,"₹25,000 - ₹35,000 a month",25000,35000,per_month,full_time,Email|Full-time,,non_clinical,hospital,False,English|Bachelor's degree|Computer skills|In-person,Health insurance|Paid sick time,,2026-07-09,"Tracking of leads - call center, walk in, scan leads, marketing leads, in house consultant leads. Minimum - 3 to 6 years experience in Hospital as Financial…",https://www.simplyhired.co.in/job/cCF7xinT5OYO1LtiMrr4D0DzsdUWm4ZmLBeQT93WrHbBV7rBfR19Hw,2026-07-12T12:31:07Z
simplyhired,f1M6g2QAcfnJJ4hLgyz2avHYox8UsDhCisixLrlFku6AEoEKUOjfYw,Clinic Receptionist,Janta Piles Clinic,"Saharanpur, Uttar Pradesh",Saharanpur,,"₹8,000 - ₹17,000 a month",8000,17000,per_month,full_time,Full-time,,non_clinical,hospital,False,Customer service|Administrative experience|Typing|In-person|Phone etiquette|Communication skills|Office experience,,,2026-07-09,"Should have well knowledge of hospital and good dressing sense with good communication skills Job Type: Full-time Pay: ₹8,000.00 - ₹17,000.00 per month…",https://www.simplyhired.co.in/job/f1M6g2QAcfnJJ4hLgyz2avHYox8UsDhCisixLrlFku6AEoEKUOjfYw,2026-07-12T12:31:07Z
simplyhired,QeJ1OtVz5NQuy62vGCwdnNnQBx2_tf3e81crOOQsMKOJAb5bCub6iw,Lab Technician,SRM DIAGNOSTICS,"Pallavaram, Chennai, Tamil Nadu",Chennai,,"₹10,000 - ₹22,000 a month",10000,22000,per_month,full_time,Full-time,,non_clinical,pharma,False,Laboratory experience|In-person|Medical terminology|Hospital experience,Health insurance|Paid time off|Flexible schedule,,2026-07-08,"Pay: ₹10,000.00 - ₹22,000.00 per month. SRM Diagnostics Patient caring and blood collection.",https://www.simplyhired.co.in/job/QeJ1OtVz5NQuy62vGCwdnNnQBx2_tf3e81crOOQsMKOJAb5bCub6iw,2026-07-12T12:31:07Z
simplyhired,YiBn_qFI-vrhTHdHtGsCjjBKgIeXpg_jBLz9YODDzsub7wLsRwVGzg,Co-ordinator fresher,Mahathma eye hospital private limited,"Tiruchirappalli, Tamil Nadu",Tiruchirappalli,,"₹10,000 - ₹15,000 a month",10000,15000,per_month,full_time,Full-time,,non_clinical,hospital,False,English|Microsoft Office|Bachelor's degree|Computer skills|In-person|Diploma|Communication skills,,,2026-07-10,"Query Handling: Provide information regarding services, surgery procedures, and follow-up visits. Patient Welcoming: Greet patients warmly and manage the front…",https://www.simplyhired.co.in/job/YiBn_qFI-vrhTHdHtGsCjjBKgIeXpg_jBLz9YODDzsub7wLsRwVGzg,2026-07-12T12:31:07Z
simplyhired,1wrscsfVQbyPWzC4SrKZsm6rf9Ry_cuoyS7ych1JopwQ-rnsaUkV8g,Radiology Operations Coordinator,EZEWOK Healthcare LLP,"Noida, Uttar Pradesh",Noida,,"₹20,000 - ₹25,000 a month",20000,25000,per_month,full_time,Full-time,,doctors,hospital,False,Nursing|Microsoft Excel|English|Microsoft Office|Bachelor's degree|In-person,,,2026-07-10,Problem Solving & Decision Making*. Apply working knowledge of radiology procedures and imaging protocols. We’re pleased to announce that we’ve appointed a *…,https://www.simplyhired.co.in/job/1wrscsfVQbyPWzC4SrKZsm6rf9Ry_cuoyS7ych1JopwQ-rnsaUkV8g,2026-07-12T12:31:07Z
simplyhired,6C-ylpOPCSxa-AQ-thyCdXfoYle71IlOT1UmkwguLYSLHfeAsMyoTg,Dietitian,DMH Muthu's Hospital,"Coimbatore, Tamil Nadu",Coimbatore,,"From ₹16,000 a month",16000,16000,per_month,full_time,Full-time|Call employer,,non_clinical,hospital,False,B.Sc|Microsoft Office|Master's degree|Bachelor's degree|Computer skills|In-person|Communication skills|Hospital experience,,,2026-07-10,Stay updated with current clinical nutrition guidelines and best practices. Ability to work effectively in a multidisciplinary healthcare team.,https://www.simplyhired.co.in/job/6C-ylpOPCSxa-AQ-thyCdXfoYle71IlOT1UmkwguLYSLHfeAsMyoTg,2026-07-12T12:31:07Z
simplyhired,yz74ynhEIb3E2aLkRIeTe761bCJCof8l_BEl1qpP_yv_vEmnSiskWg,Sr. Medical Coder,D&S Solutions,"Chengalpattu, Chennai, Tamil Nadu",Chennai,,"₹40,000 - ₹90,000 a month",40000,90000,per_month,full_time,Full-time,,non_clinical,hospital,False,English|In-person|Medical terminology,,,2026-07-11,"Speciality- Pathology, ED profee and facility coder. Certified coder, good English communication, immediate joiner.",https://www.simplyhired.co.in/job/yz74ynhEIb3E2aLkRIeTe761bCJCof8l_BEl1qpP_yv_vEmnSiskWg,2026-07-12T12:31:07Z
simplyhired,76k8ohppTs8Yvv7BOB5XvsgoOf0YST-A9WWex0sVhMqUlVj8isr1Ew,Hospital Receptionist,Tathatsu Hospital,"Lucknow, Uttar Pradesh",Lucknow,,"₹15,000 - ₹25,000 a month",15000,25000,per_month,full_time,Full-time,,non_clinical,hospital,False,Medicine|Project management|Human resources|Data entry|In-person|Training & development|Leadership|Hospital experience,Health insurance,,2026-07-10,"The type of medical facility where you work, the amount of experience you have, and your geographic location may affect how much you can earn in this role.",https://www.simplyhired.co.in/job/76k8ohppTs8Yvv7BOB5XvsgoOf0YST-A9WWex0sVhMqUlVj8isr1Ew,2026-07-12T12:31:07Z
simplyhired,7LjnCsWiQbuhNRrGxqL9UTWXo9jvwJ086r8UC_COYgwfbht80HYj8g,Customer Service Representative,SwastyaPhysio Clinic,"Hebbal Kempapura, Bengaluru, Karnataka",Bengaluru,,"₹20,000 - ₹25,000 a month",20000,25000,per_month,full_time,Full-time,,non_clinical,hospital,False,Sales|Customer service|Administrative experience|In-person|Communication skills|Marketing,,,2026-07-10,"Front-Desk & Relationship Management: Greet patients and visitors with warmth and professionalism, manage the front-desk area, and handle all incoming inquiries…",https://www.simplyhired.co.in/job/7LjnCsWiQbuhNRrGxqL9UTWXo9jvwJ086r8UC_COYgwfbht80HYj8g,2026-07-12T12:31:07Z
simplyhired,UKY3hgZ5Di5k1np2xzPRG9HCUEwN6gLel0W4hQym91kqy0Sn9uc79A,Computer Operator cum Office Assistant,NANGALIYA HOSPITAL,"Gorakhpur, Uttar Pradesh",Gorakhpur,,"₹8,000 - ₹10,000 a month",8000,10000,per_month,full_time,Full-time,,non_clinical,hospital,False,Microsoft Excel|Microsoft Office|Bachelor's degree|Data entry|Organisational skills|Computer skills|Typing|In-person|Communication skills,,,2026-07-11,"Familiarity with hospital management software will be an added advantage. Basic knowledge of computer applications (MS Office, Excel, email, internet).",https://www.simplyhired.co.in/job/UKY3hgZ5Di5k1np2xzPRG9HCUEwN6gLel0W4hQym91kqy0Sn9uc79A,2026-07-12T12:31:07Z
simplyhired,CbnlSN5V1FP8KBu8Zi041EEPwmYRjIAzBiFhzGZMdmsxLfWgSxbZlA,Front Desk Executive,Arihant Hospitals,"Dehradun, Uttarakhand",Dehradun,,"₹10,000.00 - ₹27,600.02 a month",10000,27600,per_month,full_time,Full-time,,non_clinical,hospital,False,12th Pass|Bachelor's degree|In-person|Medical terminology|Office experience,,,2026-07-09,Have experiecne in medical Billing. Note- candidate can share their resume on hr@arihanthospitals.com and can whatsapp on +91-9760671754.,https://www.simplyhired.co.in/job/CbnlSN5V1FP8KBu8Zi041EEPwmYRjIAzBiFhzGZMdmsxLfWgSxbZlA,2026-07-12T12:31:09Z
simplyhired,Cxu-B6yYFbWMZ6zdmiNJ58ciX5EnCET7EXM4PATMws1HgsgW7Zsb3A,Staff for dental and esthetic clinic,Shivaji dental care,"Jaitpur, Delhi, Delhi",Delhi,,"₹8,000 - ₹15,000 a month",8000,15000,per_month,full_time,Full-time,,non_clinical,hospital,False,Anatomy knowledge|In-person|Medical terminology,Paid time off,,2026-07-12,FReceptionist cum dental assistant required for dental and esthetic clinic in Jaitpur badarpur New Delhi. Both fresher and experienced will be entertained.,https://www.simplyhired.co.in/job/Cxu-B6yYFbWMZ6zdmiNJ58ciX5EnCET7EXM4PATMws1HgsgW7Zsb3A,2026-07-12T12:31:09Z
simplyhired,azr_IDVgNy0FckGeusPQqKe0BXQEH9-81lzl-G14S2DlrxYkPjdi9g,Radiologist - Clinical Professional,Siemens Healthineers,"Bengaluru, Karnataka",Bengaluru,,Not Disclosed,,,,full_time,Urgently hiring|Full-time,,doctors,hospital,False,Medicine|Doctoral degree|Machine learning|AI|Communication skills,,,2026-07-10,"Assist in integrating AI solutions into radiology workflows, ensuring tools are user-friendly, efficient, and improve clinical outcomes.",https://www.simplyhired.co.in/job/azr_IDVgNy0FckGeusPQqKe0BXQEH9-81lzl-G14S2DlrxYkPjdi9g,2026-07-12T12:31:09Z
simplyhired,1HG5EvWWoWzmJdPVY30VIrQS_Bp4CxUWEELx7C8B9gzfq-a0NgQPdQ,Dialysis Technician,RAHI Care Private Limited,"Malkangiri, Odisha",Malkangiri,,"₹18,000 - ₹26,000 a month",18000,26000,per_month,full_time,Full-time,,non_clinical,hospital,False,ICU experience|In-person|Diploma,Paid time off|Paid sick time,,2026-07-11,"R. O. Plant working & maintenance. Qualification: Diploma in Dialysis Technology (From Recognized Institute) - Mandatory. Job Types: Full-time, Permanent.",https://www.simplyhired.co.in/job/1HG5EvWWoWzmJdPVY30VIrQS_Bp4CxUWEELx7C8B9gzfq-a0NgQPdQ,2026-07-12T12:31:09Z
simplyhired,ZUs7XshuWlKdRN5WKV7ngoLxOhPJXQ6hc5vqQqosCp-kY6AjIkWMKg,Infection Control Nurse (ICN),DMH Muthu's Hospital,"Coimbatore, Tamil Nadu",Coimbatore,,"From ₹19,000 a month",19000,19000,per_month,full_time,Full-time|Call employer,,nurses,hospital,False,Nursing|B.Sc|Microsoft Office|Bachelor's degree|In-person|Communication skills|Hospital experience,,,2026-07-10,"Minimum 2–3 years of hospital experience, with at least 1 year in Infection Control preferred. Certification or training in Infection Prevention and Control is…",https://www.simplyhired.co.in/job/ZUs7XshuWlKdRN5WKV7ngoLxOhPJXQ6hc5vqQqosCp-kY6AjIkWMKg,2026-07-12T12:31:09Z
simplyhired,WzRzFFs7Ne8CuXp4NvVzOBo57t6708-l7ncDSbw0TgsnK6XQmbxLuA,Counselor,Singla Slimming Clinic,"Kharar, Punjab",Kharar,,"₹30,000 - ₹50,000 a month",30000,50000,per_month,full_time,Full-time,,non_clinical,hospital,False,Sales|Microsoft Office|Master's degree|Bachelor's degree|Business Administration|In-person|MBA,,,2026-07-10,"To promote the clinic & ensure proper handling of walk-ins, counselling prospective patients and Converting enquiries to registrations.",https://www.simplyhired.co.in/job/WzRzFFs7Ne8CuXp4NvVzOBo57t6708-l7ncDSbw0TgsnK6XQmbxLuA,2026-07-12T12:31:09Z
simplyhired,033l-DDfENXKiN6LFUdZiSDq0XaNTBkGjAVzRcy-U3nF4tqO9xcmTQ,nursing staff,Yogiraj Swami Sitaramdasji Maharaj Hospital and Research Centre,"Bilaspur, Chhattisgarh",Bilaspur,,"₹5,000.86 - ₹19,446.45 a month",5001,19446,per_month,full_time,Full-time|Rotational shift,,nurses,hospital,False,B.Sc|Bachelor's degree|In-person|Communication skills|Nursing,Paid time off|Flexible schedule|Paid sick time,,2026-07-08,"Pratham Hospital is seeking dedicated and qualified *Staff Nurses* to deliver high-quality patient care in our wards, ICU, and emergency departments.",https://www.simplyhired.co.in/job/033l-DDfENXKiN6LFUdZiSDq0XaNTBkGjAVzRcy-U3nF4tqO9xcmTQ,2026-07-12T12:31:09Z
simplyhired,f9nAFRAtL-TgHkZjkPXFwjhRWPuX6PYv-5InKJc4iovY_Nh1pfa_dA,Critical Care Anesthesiologist,SUDHA HOSPITAL AND MRC PVT. LTD.,"Kota, Rajasthan",Kota,,"From ₹1,50,000 a month",150000,150000,per_month,full_time,Full-time,,doctors,hospital,False,Bachelor's degree|Patient care|In-person,,,2026-07-10,Manage critically ill patients in the ICU. Perform advanced airway and ventilator management. Handle emergency resuscitation and critical care procedures.,https://www.simplyhired.co.in/job/f9nAFRAtL-TgHkZjkPXFwjhRWPuX6PYv-5InKJc4iovY_Nh1pfa_dA,2026-07-12T12:31:09Z
simplyhired,dIdHw3Eevk0ynFu9DOlwAW6rCK6lsCttRBfJDciMQCI8NTDdbCRSKQ,OHC DOCTOR MBBS,HR Tech IND Consulting,"Begusarai, Bihar",Begusarai,,"₹1,00,000 - ₹1,20,000 a month",100000,120000,per_month,full_time,Full-time,,doctors,hospital,False,Medicine|ACLS Certification|Bachelor's degree|In-person,,,2026-07-10,"Accommodation in campus available for rs.5000. MBBS with BLS and ACLS certification, 3+ years in critical care and emergency medicine.",https://www.simplyhired.co.in/job/dIdHw3Eevk0ynFu9DOlwAW6rCK6lsCttRBfJDciMQCI8NTDdbCRSKQ,2026-07-12T12:31:09Z
simplyhired,v8hDSM_TkOXMUIIEdiEBe4-V9IGKCxiGYWOntjDvgA2EQp2QoYeJiQ,Front Desk Receptionist,AARAV EYE CARE (A UNIT OF AARAV OPHTHALMICS PVT LTD),"D.N. Nagar, Mumbai, Maharashtra",Mumbai,,"₹11,560 - ₹16,365 a month",11560,16365,per_month,full_time,Full-time,,non_clinical,hospital,False,Nursing|12th Pass|Bachelor's degree|In-person|Medical terminology|Office experience,Paid time off|Paid sick time,,2026-07-10,*Responsibilities:* *1. Patient Interaction & Reception* *2. Appointment Management* *3. Patient Registration* *4. Billing & Payments* *5. Insurance & TPA…,https://www.simplyhired.co.in/job/v8hDSM_TkOXMUIIEdiEBe4-V9IGKCxiGYWOntjDvgA2EQp2QoYeJiQ,2026-07-12T12:31:09Z
simplyhired,8NtOiXF58GuJ4Osqy7p_3qJSVSlf18kKNrIZmvlE2f-1RkXDHdj0Ag,Paediatric Oncology Nutritionist (Bangalore),Cuddles Foundation,"Bangalore City, Bengaluru, Karnataka",Bengaluru,,"₹25,000 - ₹35,000 a month",25000,35000,per_month,full_time,Full-time,,doctors,hospital,False,Microsoft Excel|English|Master's degree|In-person|Diploma|Communication skills,Health insurance|Paid sick time,,2026-07-11,"→ You’ll maintain detailed records of your counsel for mapping success, monitoring and evaluation, and publishing case studies. Data doesn’t scare you.",https://www.simplyhired.co.in/job/8NtOiXF58GuJ4Osqy7p_3qJSVSlf18kKNrIZmvlE2f-1RkXDHdj0Ag,2026-07-12T12:31:09Z
simplyhired,8ZadG1G0McTrHYqo-lcDTX12df-YbJURWTTUbZoUD19igfCdTvGuFw,Radiologist,Karpagam Hospital,"Coimbatore, Tamil Nadu",Coimbatore,,"From ₹2,00,000 a month",200000,200000,per_month,full_time,Full-time,,doctors,hospital,False,Medicine|Bachelor's degree|In-person,Commuter assistance|Paid time off|Flexible schedule,,2026-07-10,The candidate will play a key role in diagnosing and supporting clinical decisions through high-quality imaging interpretation. MBBS with MD/DNB in Radiology.,https://www.simplyhired.co.in/job/8ZadG1G0McTrHYqo-lcDTX12df-YbJURWTTUbZoUD19igfCdTvGuFw,2026-07-12T12:31:09Z
simplyhired,sto5F5jvvMkya0YA2wq7fcejIuGp_DfitCLe8SXJ3IKCn0AZkVSbrA,Medical Laboratory Technologist,SRL Diagnostics,"Kalyan-Dombivli, Maharashtra",Kalyan-Dombivli,,"₹12,256.56 - ₹20,877.93 a month",12257,20878,per_month,full_time,Part-time|Full-time,,doctors,pharma,False,Analysis skills|Bachelor's degree|Organisational skills|Computer skills|In-person|Diploma|Communication skills,Paid time off|Cell phone reimbursement|Flexible schedule,,2026-07-11,"We are seeking a detail-oriented and responsible Lab Technician to join our team. The ideal candidate will assist in performing laboratory tests, maintaining…",https://www.simplyhired.co.in/job/sto5F5jvvMkya0YA2wq7fcejIuGp_DfitCLe8SXJ3IKCn0AZkVSbrA,2026-07-12T12:31:11Z
simplyhired,NguI0OFJdyin3csWMnPOTeRcY5jY_N_KEwCOGWVdz3R_Fh0pyTcFig,ICU Staff Nurse,Prabhu Hospital,"Pollachi, Tamil Nadu",Pollachi,,"₹8,086.00 - ₹45,020.82 a month",8086,45021,per_month,full_time,Weekend availability|Full-time|Night shift|Rotational shift,,nurses,hospital,False,Nursing|B.Sc|ACLS Certification|ICU experience|Bachelor's degree|In-person|Communication skills|Nursing|Time management,Food provided,,2026-07-09,"Participate in clinical audits, quality improvement initiatives, nursing education programs, and mandatory hospital training sessions.",https://www.simplyhired.co.in/job/NguI0OFJdyin3csWMnPOTeRcY5jY_N_KEwCOGWVdz3R_Fh0pyTcFig,2026-07-12T12:31:11Z
simplyhired,mzbsjLbqMGLGU-hfUbPCqS16pHPHUiWqh4nLuDtXgUqoVi450yoKfQ,Billing Executive,Billroth Hospitals,"Shenoy Nagar, Chennai, Tamil Nadu",Chennai,,"₹10,091.56 - ₹20,483.02 a month",10092,20483,per_month,full_time,Full-time,,non_clinical,hospital,False,Bachelor's degree|Computer skills|In-person|Medical terminology|Communication skills,,,2026-07-09,"Prepare and process patient bills accurately for OPD, IPD, and insurance cases. Verify patient details, treatment charges, and billing records.",https://www.simplyhired.co.in/job/mzbsjLbqMGLGU-hfUbPCqS16pHPHUiWqh4nLuDtXgUqoVi450yoKfQ,2026-07-12T12:31:11Z
simplyhired,8jpsNUfifFa-1EEas8ye8UHev-NWQc4bd36gk_GJ8exWjRKz7Nubjw,Front Office Manager,PS COLLABORATIONS,"Hyderabad, Telangana",Hyderabad,,"₹35,000 - ₹40,000 a month",35000,40000,per_month,full_time,Full-time|Call employer,,non_clinical,hospital,False,Microsoft Office|Bachelor's degree|In-person|Communication skills,,,2026-07-09,We are looking for an experienced Front Office Manager to oversee hospital front office operations and ensure exceptional patient service.,https://www.simplyhired.co.in/job/8jpsNUfifFa-1EEas8ye8UHev-NWQc4bd36gk_GJ8exWjRKz7Nubjw,2026-07-12T12:31:11Z
simplyhired,INm7niwIDuADOcvcMnvoB8T8dgzTJbK5rE2F8uglp1sFthEjyYpxHQ,Experienced Lab Technician,Doctor G Path Labs,"Baddi, Himachal Pradesh",Baddi,,"₹20,000 - ₹25,000 a month",20000,25000,per_month,full_time,Full-time,,non_clinical,pharma,False,Laboratory experience|In-person|Medical terminology,Flexible schedule,,2026-07-08,"Experienced Lab Technician with atleast 5 to 10 years of experience, in running automated machines of Immunology, Haematology etc. required in Pathology Lab.",https://www.simplyhired.co.in/job/INm7niwIDuADOcvcMnvoB8T8dgzTJbK5rE2F8uglp1sFthEjyYpxHQ,2026-07-12T12:31:11Z
simplyhired,vBMkXovDwlyDkwiYUXXXwa1Nn6Au_fQlXHpxjZNT42CpgQZkZw3AXA,Centre Manager,Dr.Mohan'S Diabetes Specialities Centre,"Chennai, Tamil Nadu",Chennai,,"₹30,000 - ₹45,000 a month",30000,45000,per_month,full_time,Full-time|Call employer,,non_clinical,hospital,False,Microsoft Word|Management|English|Microsoft Office|Bachelor's degree|In-person,Health insurance,,2026-07-10,"Deliver excellent patient service across all touchpoints. Monitor patient flow, service delivery, and resource utilization. Monitor and reduce revenue leakage.",https://www.simplyhired.co.in/job/vBMkXovDwlyDkwiYUXXXwa1Nn6Au_fQlXHpxjZNT42CpgQZkZw3AXA,2026-07-12T12:31:11Z
simplyhired,hWYrn9ipWqE1TZi63n0M1SAL-iZuSwD82bOeCC2hsf2NdX5r6AhkhA,L4 – Team Leader – Medical Records Specialist (THE KEEPER),Wonderworth Solutions,"Vellore, Tamil Nadu",Vellore,,Not Disclosed,,,,full_time,Online application,,non_clinical,hospital,False,Analysis skills|Bachelor's degree|Time management,,,2026-07-09,You build systems that scale — You create workflows that maintain accuracy under volume. Full training in medical records management and healthcare data…,https://www.simplyhired.co.in/job/hWYrn9ipWqE1TZi63n0M1SAL-iZuSwD82bOeCC2hsf2NdX5r6AhkhA,2026-07-12T12:31:11Z
simplyhired,Ilyl_jjNJN1xhs27HxyRwrYcu3oJ-W0iNiIctumcDu95ihGUEyRoNQ,Clinic receptionist,Dr Mosam maroo's allergy and asthma centre,"Thane District, Maharashtra",Thane District,,"₹16,000 - ₹18,000 a month",16000,18000,per_month,full_time,Call employer,,non_clinical,hospital,False,Nursing|12th Pass|Bachelor's degree|In-person|Medical terminology|Office experience,,,2026-07-10,"Immediate Joining: Position : Clinic Receptionist Salary : ₹ 16,000 - ₹ 18,000 Per Month (depending on experience) Location : Hiranandani Meadows, Thane West.…",https://www.simplyhired.co.in/job/Ilyl_jjNJN1xhs27HxyRwrYcu3oJ-W0iNiIctumcDu95ihGUEyRoNQ,2026-07-12T12:31:11Z
simplyhired,7QC-b1ThWT_vqAyB2CRhSZO7hP3B3Wzx4aCZ2hzGjiy8P-x0agtG2A,Clinical Dietician,"Apollo Clinic , koramangala","Bengaluru, Karnataka",Bengaluru,,"₹25,000 a month",25000,25000,per_month,full_time,,,non_clinical,hospital,False,Bachelor's degree|In-person,,,2026-07-10,Analysis of current lifestyle and device a lifestyle management program. Understanding disease state & preparation of customized diet charts for Diabetic…,https://www.simplyhired.co.in/job/7QC-b1ThWT_vqAyB2CRhSZO7hP3B3Wzx4aCZ2hzGjiy8P-x0agtG2A,2026-07-12T12:31:11Z
simplyhired,V9jjhuQ4IashhOIpNkaVXbELxjryW7j4yvevPoLZlv_ih3SnaZ-GdQ,Resident Medical Officer (RMO) – Ayurveda,jeevaniyam ayurveda hospital and research centre,"Edapalli, Kerala",Edapalli,,"₹18,700.10 - ₹25,000.00 a month",18700,25000,per_month,full_time,Full-time|Call employer|Rotational shift,,doctors,hospital,False,Bachelor's degree|In-person|Communication skills,,,2026-07-10,"Ability to work in rotational shifts and a multidisciplinary healthcare environment. Examine, diagnose, and manage OPD/IPD patients using Ayurvedic principles.",https://www.simplyhired.co.in/job/V9jjhuQ4IashhOIpNkaVXbELxjryW7j4yvevPoLZlv_ih3SnaZ-GdQ,2026-07-12T12:31:11Z
simplyhired,VTyo7K17UldfBLoM31Ln7XRfX7yVpMEm_eSmEkhcOlbEE31YkUu9aw,Technician CSSD_Central Sterile dept,Symbiosis International University,"Pune, Maharashtra",Pune,,"₹20,000 - ₹35,000 a month",20000,35000,per_month,full_time,Full-time,,non_clinical,hospital,False,B.Sc|Bachelor's degree|In-person|Diploma,Health insurance|Paid sick time,,2026-07-11,Required to work in shift duties on rotations. BSc Graduate with Diploma in CSSD techniques. Experience 2-5 years in NABH accredited hospital +.,https://www.simplyhired.co.in/job/VTyo7K17UldfBLoM31Ln7XRfX7yVpMEm_eSmEkhcOlbEE31YkUu9aw,2026-07-12T12:31:11Z
simplyhired,tH7urJ8p2qkDp8CBVdzKh7nrO-5Xzv_mlNzcEQViyfSZHh8zJtJJaQ,Ayurveda Doctor/Medical Advisor,Mavens Radiant,"Kochi, Kerala",Kochi,,"₹25,000 - ₹50,000 a month",25000,50000,per_month,full_time,Full-time,,doctors,hospital,False,Medicine|Bachelor's degree|In-person|Communication skills,,,2026-07-12,Bachelor's degree in Ayurveda (BAMS) or a recognized medical qualification (higher qualifications such as MD Ayurveda are preferred).,https://www.simplyhired.co.in/job/tH7urJ8p2qkDp8CBVdzKh7nrO-5Xzv_mlNzcEQViyfSZHh8zJtJJaQ,2026-07-12T12:31:11Z
simplyhired,OPrHc7-jmFsgOt6ugVoKWjhOx1ol8cq9GTDr4O8bwigU6aHYNw6qbg,Duty Doctor,Sahaj Hospital,"Indore, Madhya Pradesh",Indore,,"Up to ₹25,000 a month",25000,25000,per_month,full_time,Full-time|Night shift|Evening shift,,doctors,hospital,False,Medicine|Bachelor's degree|EMR systems|Computer skills|In-person|Communication skills,,,2026-07-11,Prepare daily clinical reports and handover notes for the next shift. Sahaj Hospital is looking for a dedicated and compassionate *Duty Doctor* to provide…,https://www.simplyhired.co.in/job/OPrHc7-jmFsgOt6ugVoKWjhOx1ol8cq9GTDr4O8bwigU6aHYNw6qbg,2026-07-12T12:31:11Z
simplyhired,79-bnvRJQKqoSgYsr7lTVXTYfWZBD3aKnhawlkTeDcxLYE_me7zxYQ,Senior Lab Technician,Reliable Diagnostics,"Chetla, Kolkata, West Bengal",Kolkata,,"₹18,000 - ₹25,000 a month",18000,25000,per_month,full_time,Full-time,,non_clinical,pharma,False,Laboratory experience|Bachelor's degree|In-person|Diploma,Health insurance|Paid sick time,,2026-07-09,Responsible for sample storage as per given criteria after completion of the test. Responsible for planning training schedule for staff on their assigned duties…,https://www.simplyhired.co.in/job/79-bnvRJQKqoSgYsr7lTVXTYfWZBD3aKnhawlkTeDcxLYE_me7zxYQ,2026-07-12T12:31:11Z
simplyhired,4sIYArLvt6Yf5VWBvOi_nsPTiLhGcyUuk1DZHu65w_iLKIhTVv3O7Q,Speech Therapist,Riya Child Development Center,"Manikonda, Hyderabad, Telangana",Hyderabad,,"₹35,000 - ₹60,000 a month",35000,60000,per_month,full_time,Full-time,,non_clinical,hospital,False,Master's degree|Bachelor's degree|In-person|Communication skills|School,Paid sick time,,2026-07-10,"Salary:* Commensurate with interview performance and experience. The candidate will assess and address difficulties in speech, language, articulation, fluency,…",https://www.simplyhired.co.in/job/4sIYArLvt6Yf5VWBvOi_nsPTiLhGcyUuk1DZHu65w_iLKIhTVv3O7Q,2026-07-12T12:31:11Z
simplyhired,cKSxCEAqqarQz8bwRbLyAPAcODVSgoJGryuWqB1JjSgyvdFd_JGs1g,Front Office Executive Part Time,imperial Diagnostics,"Avadi, Chennai, Tamil Nadu",Chennai,,"₹4,000 - ₹6,000 a month",4000,6000,per_month,full_time,Full-time|Evening shift,,non_clinical,pharma,False,Nursing|12th Pass|Bachelor's degree|In-person|Medical terminology|Communication skills|Office experience,,,2026-07-10,We Require a Part time Front Office Executive Job Description : Good Communication Skills Having Experience in Healthcare Immediate Joiner Preferred…,https://www.simplyhired.co.in/job/cKSxCEAqqarQz8bwRbLyAPAcODVSgoJGryuWqB1JjSgyvdFd_JGs1g,2026-07-12T12:31:13Z
simplyhired,c6LdCpZTs-6vWBfDKtM-hBK1D8pzFFzL-uZKO9-Xvgfgk5wOp2OfsA,"Part time clinic receptionist ( Thakur complex, Kandivali East Mumbai)",DiaBEAT,"Mumbai, Maharashtra",Mumbai,,"From ₹7,000 a month",7000,7000,per_month,full_time,Full-time,,non_clinical,hospital,False,Microsoft Word|Nursing|English|Microsoft Office|12th Pass|Bachelor's degree|In-person|Medical terminology|Office experience,,,2026-07-10,"9:00 AM to 1:30 PM. Candidates staying close by, candidates with experience, willing to learn and continue long term will be preferred.",https://www.simplyhired.co.in/job/c6LdCpZTs-6vWBfDKtM-hBK1D8pzFFzL-uZKO9-Xvgfgk5wOp2OfsA,2026-07-12T12:31:13Z
simplyhired,Ci9aJ1JNt_LrcaI29wzyfFbqLSWzkSAXBlydM1Em6o6EwNQ95lxgZg,Care Attendants (GDA certified),etalenthire,"Gurugram, Haryana",Gurugram,,"₹10,123.41 - ₹20,587.29 a month",10123,20587,per_month,full_time,Full-time|Rotational shift,,non_clinical,hospital,False,12th Pass|Bachelor's degree|Patient care|In-person|Communication skills|Nursing,,,2026-07-10,"*₹20,500 per month (CTC)*. Willing to work in hospitals, healthcare facilities, or homecare settings. GDA (General Duty Assistant) Certification – Mandatory.",https://www.simplyhired.co.in/job/Ci9aJ1JNt_LrcaI29wzyfFbqLSWzkSAXBlydM1Em6o6EwNQ95lxgZg,2026-07-12T12:31:13Z
simplyhired,9RUAfT5ToVRTeb8puTOdqGTpzS4mn9Aaujz0q4hOZi3C8dPndr1Ovg,Anesthesia Technician,Karunya Guest House,"Coimbatore, Tamil Nadu",Coimbatore,,"₹8,086.00 - ₹38,639.90 a month",8086,38640,per_month,full_time,Full-time,,non_clinical,hospital,False,Nursing|English|Master's degree|In-person|Diploma,Health insurance|Flexible schedule,,2026-07-09,Prior experience as an anesthesia technician or in an operating room environment is preferred. Candidates should possess an understanding of surgical workflows…,https://www.simplyhired.co.in/job/9RUAfT5ToVRTeb8puTOdqGTpzS4mn9Aaujz0q4hOZi3C8dPndr1Ovg,2026-07-12T12:31:13Z
simplyhired,IshIZd5smQSbmx6cgDxhK80bfu4To0x9JV2mI-VqjP-FXI42P3sgvA,ayurvedic doctor,Punarjan Ayurveda Pvt Ltd,"Saket, Delhi",Saket,,"₹50,000 - ₹65,000 a month",50000,65000,per_month,full_time,Full-time,,doctors,hospital,False,English|Bachelor's degree|In-person|Communication skills,Paid sick time,,2026-07-10,Counsel the patients on call or else physically for various treatments and therapies for cancer. Depth knowledge in refer test reports identification as per our…,https://www.simplyhired.co.in/job/IshIZd5smQSbmx6cgDxhK80bfu4To0x9JV2mI-VqjP-FXI42P3sgvA,2026-07-12T12:31:13Z
simplyhired,RPQKj4dnOjkqW3yuJaly8Mc8SqwxgUjCgwMMTN9Huc3CtppTHvUNhw,Dental Assistant/Receptionist,UTSAV DENTAL CLINIC,"JP Nagar, Bengaluru, Karnataka",Bengaluru,,"₹8,211.16 - ₹12,414.58 a month",8211,12415,per_month,full_time,Full-time,,non_clinical,hospital,False,English|12th Pass|In-person|Communication skills,,,2026-07-10,"Knowledge of English, Hindi, Telugu, or Tamil is an advantage. Receive continuous mentoring from an experienced dentist. JP Nagar, Bengaluru | Full-Time*.",https://www.simplyhired.co.in/job/RPQKj4dnOjkqW3yuJaly8Mc8SqwxgUjCgwMMTN9Huc3CtppTHvUNhw,2026-07-12T12:31:13Z
simplyhired,v7ILv0uQfdO8zViuDIZcBHOD50-l64ZPk4g1eMXtdD8S8oLX7oDSPw,Staff Nurse,Metro International Cardiac Centre (P) Ltd.,"Calicut, Kerala",Calicut,,"₹20,000 - ₹35,000 a month",20000,35000,per_month,full_time,Urgently hiring|Full-time,,nurses,hospital,False,Nursing|B.Sc|Bachelor's degree|In-person|Diploma|Nursing,Paid time off|Flexible schedule|Paid sick time,,2026-07-10,We have urgent vacancy for Staff Nurse Qualification: GNM/BSc. Nursing Experience: 1 to 4 years Salary: As per the industry standards Interested…,https://www.simplyhired.co.in/job/v7ILv0uQfdO8zViuDIZcBHOD50-l64ZPk4g1eMXtdD8S8oLX7oDSPw,2026-07-12T12:31:13Z
simplyhired,GBePU40k2j3D65VkjL97EzsLarAdMVcDiv5gUd0506tb3pQRFIM4jQ,Medical Record Reviewer,DemandPay,"Wadala, Mumbai, Maharashtra",Mumbai,,"₹10,608.65 - ₹40,012.83 a month",10609,40013,per_month,full_time,Full-time,,non_clinical,hospital,False,Bachelor's degree|In-person|Epic|Medical terminology,Health insurance|Flexible schedule|Paid sick time,,2026-07-10,Match each report accurately with the associated client (hospital or diagnostic centre) using our in-house application.,https://www.simplyhired.co.in/job/GBePU40k2j3D65VkjL97EzsLarAdMVcDiv5gUd0506tb3pQRFIM4jQ,2026-07-12T12:31:13Z
simplyhired,2oOzFUbIRvov7nYgjBvlkG4sqlJiV_yvruD7IYOOR1AL_5hk2hU2DQ,Lab Technician,Janta Piles Clinic,"Saharanpur, Uttar Pradesh",Saharanpur,,"₹12,000 - ₹18,000 a month",12000,18000,per_month,full_time,Full-time,,non_clinical,hospital,False,Laboratory experience|In-person|Medical terminology|Hospital experience,,,2026-07-09,"Experienced need only should have idea for proper cannula and blood extraction Job Type: Full-time Pay: ₹12,000.00 - ₹18,000.00 per month Work Location: In…",https://www.simplyhired.co.in/job/2oOzFUbIRvov7nYgjBvlkG4sqlJiV_yvruD7IYOOR1AL_5hk2hU2DQ,2026-07-12T12:31:13Z
simplyhired,l4vtUEVG9sW2Pky-Zj2D2pQw_jfk5EumYabtuRH1wKKd5HNnQmTVHg,Sr. Staff Nurse,BabyJoy Fertility and IVF Centre (P) LTD,"Rajouri Garden, Delhi, Delhi",Delhi,,"₹20,000 - ₹25,000 a month",20000,25000,per_month,full_time,Full-time|Day shift,,nurses,hospital,False,Nursing|Bachelor's degree|Patient care|Computer skills|In-person|Nursing,,,2026-07-11,Min Experience:3-4yr as staff nurse. Only Day shift (10am-6.30pm)*. Candidate with ANM/GNM/Bsc Nursing can apply*.,https://www.simplyhired.co.in/job/l4vtUEVG9sW2Pky-Zj2D2pQw_jfk5EumYabtuRH1wKKd5HNnQmTVHg,2026-07-12T12:31:13Z
simplyhired,UM2i3ORlT7V77ow3_2EqV-ZwTtytTd_F6LzrQUVY2dcRGatLMnPCJg,Junior Ophthalmologist,AK Institute of Ophthalmology,"Safdarjung Enclave, Delhi, Delhi",Delhi,,"₹1,00,000 - ₹2,00,000 a month",100000,200000,per_month,full_time,Full-time|Call employer,,doctors,hospital,False,Bachelor's degree|Patient care|In-person|Communication skills,,,2026-07-09,"Diagnose and manage common ophthalmic disorders. Evaluate patients with cataract, retinal diseases, glaucoma, corneal disorders, refractive errors, and ocular…",https://www.simplyhired.co.in/job/UM2i3ORlT7V77ow3_2EqV-ZwTtytTd_F6LzrQUVY2dcRGatLMnPCJg,2026-07-12T12:31:13Z
simplyhired,CO-J0Q36MWW771OtILVD-eqonP82KD6eoUcQm0AcutNolGSBZ7l6DQ,Staff Nurse,ASHRAM FOUNDATION,"Porur, Chennai, Tamil Nadu",Chennai,,"₹15,000 - ₹22,000 a month",15000,22000,per_month,full_time,Full-time,,nurses,hospital,False,Bachelor's degree|Patient care|In-person|Diploma|Nursing,Food provided,,2026-07-11,"Assisted Living Homes also known as Elderly Living Homes, traditionally Known as Old Age Homes Provides Housing and Care for Seniors who require day to day…",https://www.simplyhired.co.in/job/CO-J0Q36MWW771OtILVD-eqonP82KD6eoUcQm0AcutNolGSBZ7l6DQ,2026-07-12T12:31:13Z
simplyhired,9WiYG3s2K--g-9C9sYvkNDJifSQkYAVWDiy7y6g02KAlTNgxaSSScg,Admin Assistant,The Radiance Clinic,"Panampilly Nagar, Kochi, Kerala",Kochi,,"₹10,000 - ₹15,000 a month",10000,15000,per_month,full_time,Full-time,,non_clinical,hospital,False,Nursing|Microsoft Office|12th Pass|Bachelor's degree|Computer skills|In-person|Medical terminology|Communication skills|Office experience,,,2026-07-10,"Willingness to multitask and handle physical tasks and outside work (bank, pharmacy, vendor visits). Basic computer knowledge (MS Office, email).",https://www.simplyhired.co.in/job/9WiYG3s2K--g-9C9sYvkNDJifSQkYAVWDiy7y6g02KAlTNgxaSSScg,2026-07-12T12:31:13Z
simplyhired,iEDhYizaAjP7a0EPmKEeIjp8D0JfapaDdTnWkkoksiK3KF_4RsJXaA,Naturopathy Doctor,Naad Wellness,"Sonipat, Haryana",Sonipat,,"₹10,404.81 - ₹39,243.48 a month",10405,39243,per_month,full_time,Full-time|Rotational shift,,doctors,hospital,False,Medicine|Bachelor's degree|EMR systems|In-person|Communication skills,Paid time off|Flexible schedule|Food provided|Paid sick time,,2026-07-09,Knowledge of Yoga therapy and preventive healthcare. Experience in wellness retreats or integrative healthcare settings. 6 days a week (Rotational week off).,https://www.simplyhired.co.in/job/iEDhYizaAjP7a0EPmKEeIjp8D0JfapaDdTnWkkoksiK3KF_4RsJXaA,2026-07-12T12:31:20Z
simplyhired,mBnZzjFhwc1ciFtWCNkmGZF_rX3GVlSFnudBfREtCbwqTJWLZrgQBA,Speech Therapist ( RCI certified),I Support Foundation,"Basaveshwaranagar, Bengaluru, Karnataka",Bengaluru,,"₹45,000 - ₹55,000 a month",45000,55000,per_month,full_time,Full-time,,non_clinical,hospital,False,Anatomy knowledge|Master's degree|Bachelor's degree|Pediatrics|In-person|Medical terminology|Communication skills,,,2026-07-11,Conduct detailed speech and language assessments for children with autism and developmental delays. Plan and implement *individualized speech therapy programs (…,https://www.simplyhired.co.in/job/mBnZzjFhwc1ciFtWCNkmGZF_rX3GVlSFnudBfREtCbwqTJWLZrgQBA,2026-07-12T12:31:20Z
simplyhired,eowXts4kvYCYfj_vgVMs6BLZj4pn_qbCRWSj53CX1v-xfA-KtMSl9A,Staff Nurse,Sree health care centre,"Tirupati, Andhra Pradesh",Tirupati,,"₹8,086 - ₹16,000 a month",8086,16000,per_month,full_time,Full-time,,nurses,hospital,False,Bachelor's degree|Patient care|In-person|Nursing,,,2026-07-09,"Nurse for OPD in Sree health care Centre Tirupati. Andhra Pradesh Pay: ₹8,086.00 - ₹16,000.00 per month Work Location: In…",https://www.simplyhired.co.in/job/eowXts4kvYCYfj_vgVMs6BLZj4pn_qbCRWSj53CX1v-xfA-KtMSl9A,2026-07-12T12:31:20Z
simplyhired,vVcQic1nL_bd9Zaom3VXTpWj1b_CXm2S87kcDCWVkxxVeSUKHrlWaQ,OT Supervisor,ARC International Fertility & Research Centre,"Chennai, Tamil Nadu",Chennai,,"₹30,000 - ₹40,000 a month",30000,40000,per_month,full_time,Full-time,,non_clinical,hospital,False,Supervising experience|Bachelor's degree|Team management|In-person|Medical terminology,,,2026-07-11,"Coordinate with fertility consultants, embryologists, anesthetists, and other healthcare professionals. The role ensures smooth coordination of IVF procedures,…",https://www.simplyhired.co.in/job/vVcQic1nL_bd9Zaom3VXTpWj1b_CXm2S87kcDCWVkxxVeSUKHrlWaQ,2026-07-12T12:31:20Z
simplyhired,2Ci-1S6ze9hGnVnlK20UyhJi3fBzNX3B8HjlshMwzQX4S8XlZmAwuw,Nursing staff,SG PUBLIC SCHOOL,"Ghaziabad, Uttar Pradesh",Ghaziabad,,"₹20,000 - ₹50,000 a month",20000,50000,per_month,full_time,Full-time,Walk-in,nurses,hospital,False,B.Sc|Bachelor's degree|Patient care|In-person|Nursing,,,2026-07-10,"Sc Nursing with valid UP Nursing Council registration. Required for ICU, NICU, Labour Room & other departments.",https://www.simplyhired.co.in/job/2Ci-1S6ze9hGnVnlK20UyhJi3fBzNX3B8HjlshMwzQX4S8XlZmAwuw,2026-07-12T12:31:20Z
simplyhired,cJU4_bKIO2-9ekvc5jpSDwdwvlwj9LJDzYudbA5rjaLMpcpqbezXkw,Patient Care Specialist,Marbles Health,"Bengaluru, Karnataka",Bengaluru,,"From ₹20,000 a month",20000,20000,per_month,full_time,Full-time,,non_clinical,hospital,False,Public speaking|Travel|Patient care|Medical terminology|Hospital experience,,,2026-07-10,Your role is to ensure every patient feels comfortable and well taken care of throughout the process. We visit patients at their homes and clinics and help them…,https://www.simplyhired.co.in/job/cJU4_bKIO2-9ekvc5jpSDwdwvlwj9LJDzYudbA5rjaLMpcpqbezXkw,2026-07-12T12:31:20Z
simplyhired,Nvg8I9iGyyXH9Hc4ZLN2PSFLo7H5AKTZ_70w5ROwqWG5R0o_kyhSBQ,Student Counselor,Isha Vidhya,"Villupuram, Tamil Nadu",Villupuram,,"₹25,000 - ₹35,000 a month",25000,35000,per_month,full_time,Full-time|Call employer,,non_clinical,hospital,False,Master's degree|Bachelor's degree|Travel|Psychology|In-person|Communication skills,Health insurance,,2026-07-10,Work Location:* Travel Across Schools (Coimbatore location or Salem/Erode Location candidate preferred). ✔ Provide counselling and emotional support to students…,https://www.simplyhired.co.in/job/Nvg8I9iGyyXH9Hc4ZLN2PSFLo7H5AKTZ_70w5ROwqWG5R0o_kyhSBQ,2026-07-12T12:31:20Z
simplyhired,weaGtPPjeOQucEPgfk5wHVOPZ6Xo_5MZP9f0iW9yOZXdVchLcFi82Q,Phlebotomist,Narayana One Health,"Bengaluru, Karnataka",Bengaluru,,"₹15,000 - ₹35,000 a month",15000,35000,per_month,full_time,Full-time,,non_clinical,hospital,False,B.Sc|English|Bachelor's degree|In-person|Diploma|Communication skills|Time management,,,2026-07-10,Record tests that were performed and blood samples taken into databases. Determining the best method for collecting blood. Experience – 01 year to 2 years.,https://www.simplyhired.co.in/job/weaGtPPjeOQucEPgfk5wHVOPZ6Xo_5MZP9f0iW9yOZXdVchLcFi82Q,2026-07-12T12:31:20Z
simplyhired,ryEmLsjdHi6OnQLDfMn0KMbuBhSJJFbtyQKWR6aiZ_IeDcdaOd0Tcg,Staff Nurse for homecare,Athulya Senior Homecare,"Bangalore City, Bengaluru, Karnataka",Bengaluru,,"₹25,000 - ₹38,000 a month",25000,38000,per_month,full_time,Night shift|Day shift,,nurses,hospital,False,Nursing|Vital signs|Medication administration|Up to 50% travel|Travel|Patient care|In-person|Diploma,,,2026-07-10,Profile - Staff nurse ( Any Department )*. Experience- 1 Years and above *. Please share this message who are interested for job.,https://www.simplyhired.co.in/job/ryEmLsjdHi6OnQLDfMn0KMbuBhSJJFbtyQKWR6aiZ_IeDcdaOd0Tcg,2026-07-12T12:31:20Z
simplyhired,5WUdbYgpdlcBLli4utMQbBLsE_TVDdVGdJ5D48pis3IyQZ0eqkCWXQ,Pharmacy Assistant,Healing Earth Multispecialty Ayurveda Hospital,"H .S .R Layout B .D .A Complex, Karnataka",H .S .R Layout B .D .A Complex,,"₹15,000 - ₹20,000 a month",15000,20000,per_month,full_time,Full-time,,pharmacists,hospital,False,Medication administration|Patient care|In-person|Medical terminology|Hospital experience,,,2026-07-09,"Assisting in dispense medications as prescribed by doctors Pay: ₹15,000.00 - ₹20,000.00 per month Work Location: In…",https://www.simplyhired.co.in/job/5WUdbYgpdlcBLli4utMQbBLsE_TVDdVGdJ5D48pis3IyQZ0eqkCWXQ,2026-07-12T12:31:20Z
simplyhired,y8RDJe1Q7Noq31zUY8j57hmvEdYqqCzLkdofvuu8bxvbaIOO25PwDQ,Staff Nurse,Dr. N. Y. Tasgaonkar Institute of Medical Science,"Karjat, Maharashtra",Karjat,,"₹12,000 - ₹20,000 a month",12000,20000,per_month,full_time,Full-time,,nurses,hospital,False,B.Sc|Bachelor's degree|Patient care|In-person|Nursing,Flexible schedule|Food provided,,2026-07-11,Qualification : BSc./GNM/ANMTotal Years of experience: 2-3 yearsSalary Ranges For BSc./GNM: 15 K to 20 K Per Month.,https://www.simplyhired.co.in/job/y8RDJe1Q7Noq31zUY8j57hmvEdYqqCzLkdofvuu8bxvbaIOO25PwDQ,2026-07-12T12:31:20Z
simplyhired,dRx4LFpLTYMOo48DjpYfYaIGsxgZvpBszmvHKZZ0oa9KONqp-u3r1A,Cath Lab Technician @ SRV rajebahdur hospital,SRV Rajebahadur Hospital LLP,"Nashik, Maharashtra",Nashik,,"₹30,000 - ₹40,000 a month",30000,40000,per_month,full_time,Full-time,,non_clinical,hospital,False,Anatomy knowledge|In-person|Diploma|Medical terminology,,,2026-07-10,Participate in emergency call duties and continuous professional development activities. Provide pre- and post-procedure patient care and education as required.,https://www.simplyhired.co.in/job/dRx4LFpLTYMOo48DjpYfYaIGsxgZvpBszmvHKZZ0oa9KONqp-u3r1A,2026-07-12T12:31:20Z
simplyhired,65Rtb7dXCEK6cc6OYYVf2ACE6nuJM0DTgN5Vv_gKvXmI1IEAVNN0QQ,Staff Nurse,Iswarya Health Pvt Ltd,"Navalur, Tamil Nadu",Navalur,,"From ₹20,000 a month",20000,20000,per_month,full_time,Full-time,,nurses,hospital,False,Nursing|Bachelor's degree|Patient care|In-person|Diploma|Nursing,,,2026-07-10,"Here are some key roles and responsibilities of a staff nurse. Job Types: Full-time, Permanent, Fresher.",https://www.simplyhired.co.in/job/65Rtb7dXCEK6cc6OYYVf2ACE6nuJM0DTgN5Vv_gKvXmI1IEAVNN0QQ,2026-07-12T12:31:20Z
simplyhired,cPDiKLs9lgGTLOGzerdtYPaRLi_gNHxoNVzfyL3xAHBztbZkhxRWlQ,Ayurvedic Doctor,VIKARTA HERBALS,"Pollachi, Tamil Nadu",Pollachi,,"₹20,000 - ₹25,000 a month",20000,25000,per_month,full_time,Full-time|Call employer,,doctors,hospital,False,Medicine|Research|Bachelor's degree|In-person|Training & development|Communication skills,,,2026-07-11,"Support stability studies, product validation, and process standardization. Improve existing products to enhance efficacy, stability, quality, and customer…",https://www.simplyhired.co.in/job/cPDiKLs9lgGTLOGzerdtYPaRLi_gNHxoNVzfyL3xAHBztbZkhxRWlQ,2026-07-12T12:31:20Z
simplyhired,NFTUw3MwrWccXZEsw9oR0qWynWV92Z68gLEEHD7MYeEhnj0gAIFxvQ,Speech Therapist,Navjeevani Speech Therapy Centre,"Chandigarh, Chandigarh",Chandigarh,,"Up to ₹25,000 a month",25000,25000,per_month,full_time,Full-time,,non_clinical,hospital,False,Anatomy knowledge|Bachelor's degree|In-person|Medical terminology|Communication skills,,,2026-07-10,Passion for working with children and families. Conduct speech and language assessments. Provide one-on-one and group therapy sessions.,https://www.simplyhired.co.in/job/NFTUw3MwrWccXZEsw9oR0qWynWV92Z68gLEEHD7MYeEhnj0gAIFxvQ,2026-07-12T12:31:20Z
simplyhired,nZNmNh3Z_hRZ0gaZ7-eE-iu4LGqXbY3jLqpM9kcNNDWn2Z0x4IE_iw,Staff Nurse for homecare,Apollo Home Healthcare Limitted,"Delhi, Delhi",Delhi,,"₹19,000 - ₹38,000 a month",19000,38000,per_month,full_time,Night shift|Day shift,,nurses,hospital,False,Nursing|Vital signs|Medication administration|Up to 50% travel|Travel|Patient care|In-person|Diploma,,,2026-07-10,Profile - Staff nurse ( Any Department )*. Experience- 1 Years and above *. Please share this message who are interested for job.,https://www.simplyhired.co.in/job/nZNmNh3Z_hRZ0gaZ7-eE-iu4LGqXbY3jLqpM9kcNNDWn2Z0x4IE_iw,2026-07-12T12:31:24Z
simplyhired,w1kHtELZkZwGfJFWGzzAmiJpdL8u50AC0ZL3NoKtiQyuMBUD9qjE-A,Residential Nurse,Book My Nurse,"Chennai, Tamil Nadu",Chennai,,"₹18,000 - ₹30,000 a month",18000,30000,per_month,full_time,Full-time,,nurses,hospital,False,Nursing|Bachelor's degree|Patient care|In-person|Diploma|Nursing,Cell phone reimbursement,,2026-07-10,"Ensure infection prevention, safety, and compliance with healthcare standards. Provide comprehensive nursing care to residents in the residential home.",https://www.simplyhired.co.in/job/w1kHtELZkZwGfJFWGzzAmiJpdL8u50AC0ZL3NoKtiQyuMBUD9qjE-A,2026-07-12T12:31:24Z
simplyhired,RrSZLRmfwnza1m8Ss_21uhqpkyeRE6D7246t5uQvZbp-xeieoF1ObQ,Dietitian,Manipal Hospitals Goa,"Panaji, Goa",Panaji,,"From ₹2,80,000 a year",280000,280000,per_annum,full_time,Full-time,,non_clinical,hospital,False,Bachelor's degree|In-person|Care plans|Communication skills,Health insurance|Life insurance|Food provided,,2026-07-11,"They primarily work with patients, other healthcare professionals, and food service staff. Advising food service staff on how to prepare meals that meet…",https://www.simplyhired.co.in/job/RrSZLRmfwnza1m8Ss_21uhqpkyeRE6D7246t5uQvZbp-xeieoF1ObQ,2026-07-12T12:31:24Z
simplyhired,jkYl-vEx1nF89yLtZQ43ypAzUge_D45GnDx1SMnJUA5N7qNzDMSizw,Staff Nurse,SKS Hospital & Post Graduation Medical Institute,"Salem, Tamil Nadu",Salem,,"₹18,000 - ₹20,000 a month",18000,20000,per_month,full_time,Full-time,,nurses,hospital,False,Nursing|Bachelor's degree|Patient care|In-person|Communication skills|Nursing,Paid time off|Flexible schedule,,2026-07-11,"Ultimately, a top-notch staff nurse should possess an exceptional track record and display a high standard of patient care. Provide high-quality patient care.",https://www.simplyhired.co.in/job/jkYl-vEx1nF89yLtZQ43ypAzUge_D45GnDx1SMnJUA5N7qNzDMSizw,2026-07-12T12:31:24Z
simplyhired,Vs7BVse5u5fwAIqqEmq8_HVRM4fGjdCgJ71pRjEDSr8XQOI0JgIZwA,Duty doctor,Dr.Durais diabetes and foot care centre,"Tiruchirappalli, Tamil Nadu",Tiruchirappalli,,"₹50,000 - ₹55,000 a month",50000,55000,per_month,full_time,Full-time,,doctors,hospital,False,Doctoral degree|Bachelor's degree|Patient care|In-person|Care plans,Health insurance,,2026-07-10,"*Patient Assessment:* Conducting thorough clinical examinations, taking medical histories, and interpreting lab results (e.g., HbA1c, fasting glucose).",https://www.simplyhired.co.in/job/Vs7BVse5u5fwAIqqEmq8_HVRM4fGjdCgJ71pRjEDSr8XQOI0JgIZwA,2026-07-12T12:31:24Z
simplyhired,jn7VuV-z_J5-CPhPahFzzvu_iQ27pVgGiO2OaqM85ZvrLDD-fx-jUA,Medical Billing Executive,Unique Healthcare & Medical Services Pvt Ltd,"Kolkata, West Bengal",Kolkata,,"₹10,500 - ₹18,000 a month",10500,18000,per_month,full_time,Full-time,,non_clinical,hospital,False,Microsoft Word|Microsoft Excel|Bachelor's degree|Computer skills|In-person|Medical terminology|Communication skills,,,2026-07-09,Handling insurance/Mediclaim billing and documentation. Basic understanding and processing of insurance claims. Good communication and coordination skills.,https://www.simplyhired.co.in/job/jn7VuV-z_J5-CPhPahFzzvu_iQ27pVgGiO2OaqM85ZvrLDD-fx-jUA,2026-07-12T12:31:24Z
simplyhired,D4nou9FgdZgYg3SWM-lxoHhHfLRnCe-tC50cjyEQdjbZyEXSKaRT_w,eye Hospital Front office,SAIJYOTHI EYE HOSPITALS,"Jubilee Hills, Hyderabad, Telangana",Hyderabad,,"₹15,000 - ₹25,000 a month",15000,25000,per_month,full_time,Full-time|Rotational shift,,non_clinical,hospital,False,Customer service|English|Microsoft Office|Bachelor's degree|Computer skills|In-person|Communication skills|Hospital experience,Flexible schedule,,2026-07-11,*Experience:* *1–3 years of experience in an Eye Hospital or Multi-Specialty Hospital is preferred.*. Strong customer service and patient-handling skills.,https://www.simplyhired.co.in/job/D4nou9FgdZgYg3SWM-lxoHhHfLRnCe-tC50cjyEQdjbZyEXSKaRT_w,2026-07-12T12:31:24Z
simplyhired,QSOGh-lKNKKHH12a7SxYqTU8j6zr7Y4FR_lmFnmCXIlPGFk22fJDXw,Staff Nurse (B.Sc. Nursing),Shadithya Hospital (Pallavaram),"Pallavaram, Chennai, Tamil Nadu",Chennai,,"₹17,000 - ₹25,000 a month",17000,25000,per_month,full_time,Email|Full-time|Rotational shift,,nurses,hospital,False,Nursing|B.Sc|Bachelor's degree|In-person|Communication skills,,,2026-07-11,"Communicate effectively with patients, families, and the healthcare team. Provide high-quality nursing care to patients.",https://www.simplyhired.co.in/job/QSOGh-lKNKKHH12a7SxYqTU8j6zr7Y4FR_lmFnmCXIlPGFk22fJDXw,2026-07-12T12:31:24Z
simplyhired,NPS8-YkgR3khNChYQrH3S26zoxGuh4ebcpQbWPvvRQJeyEpe49ADzw,Dermatologist,TRUE Hospitals South Delhi,"Lajpat Nagar, Delhi, Delhi",Delhi,,"₹70,000 - ₹1,50,000 a month",70000,150000,per_month,full_time,Full-time,,doctors,hospital,False,Medicine|Bachelor's degree|In-person|Diploma|Communication skills,Health insurance,,2026-07-10,"Expertise in clinical and cosmetic dermatology (min 3 years). Diagnose and treat diseases and conditions affecting the skin, hair, and nails.",https://www.simplyhired.co.in/job/NPS8-YkgR3khNChYQrH3S26zoxGuh4ebcpQbWPvvRQJeyEpe49ADzw,2026-07-12T12:31:24Z
simplyhired,3vyOcENWJHSdQVz9iFd8twHQjkIngJlD3lEERpAb6WRbIMNNNliHHQ,Coding Team Lead (Orthopedics),"Ventra Health, Inc.","Perungudi, Chennai, Tamil Nadu",Chennai,,Not Disclosed,,,,full_time,Full-time,,doctors,hospital,False,Microsoft Excel|Microsoft Outlook|Computer skills|Medical terminology,,,2026-07-11,"Maintain internal orthopedic coding guidelines, ensuring alignment with current industry standards and updates. Knowledge of health information documentation.",https://www.simplyhired.co.in/job/3vyOcENWJHSdQVz9iFd8twHQjkIngJlD3lEERpAb6WRbIMNNNliHHQ,2026-07-12T12:31:24Z
simplyhired,mrjO7JFplcQdM1jY5KdH3GrRAW4Y8hYRpt5F69lFfQP-0loqOJzSNw,Associate Dentist,Perfect smile implant & orthodontic clinic,"Delhi, Delhi",Delhi,,"From ₹20,000 a month",20000,20000,per_month,full_time,Full-time,,doctors,hospital,False,Bachelor's degree|In-person|Medical terminology|Communication skills,,,2026-07-11,"The ideal candidate should be confident in diagnosing and treating patients independently, preparing comprehensive treatment plans, and delivering high-quality…",https://www.simplyhired.co.in/job/mrjO7JFplcQdM1jY5KdH3GrRAW4Y8hYRpt5F69lFfQP-0loqOJzSNw,2026-07-12T12:31:24Z
simplyhired,Kc_JKnB9u_CNo0iCy4zVJG3_7V4IGOx7fdOd1KqT7zTdyVvq0p3tBA,Assistant in Nursing,Nirmals Eye Hospital,"Tambaram, Chennai, Tamil Nadu",Chennai,,"₹18,086.00 - ₹40,606.10 a month",18086,40606,per_month,full_time,Weekend availability|Full-time|Rotational shift,,nurses,hospital,False,Nursing|ACLS Certification|Bachelor's degree|Patient care|Organisational skills|In-person|Diploma|Care plans|Communication skills|Nursing,Flexible schedule,,2026-07-09,"The successful candidate will assess patients' health needs, administer medications and treatments, monitor patient progress, and collaborate with healthcare…",https://www.simplyhired.co.in/job/Kc_JKnB9u_CNo0iCy4zVJG3_7V4IGOx7fdOd1KqT7zTdyVvq0p3tBA,2026-07-12T12:31:24Z
simplyhired,59FAXRnqj2P2mPXEgwL9Cd4t5FQNGrxnCvbv8jhqr3Ej6_Wz1VpN1g,Cardiac Technician,DMH Muthu's Hospital,"Kalapatti, Coimbatore, Tamil Nadu",Coimbatore,,"From ₹16,000 a month",16000,16000,per_month,full_time,Full-time|Call employer,,non_clinical,hospital,False,B.Sc|Laboratory experience|ACLS Certification|Bachelor's degree|In-person|Diploma|Communication skills,,,2026-07-10,Freshers or candidates with 1–3 years of Cath Lab experience in a hospital may apply. Ability to work in emergency and on-call situations.,https://www.simplyhired.co.in/job/59FAXRnqj2P2mPXEgwL9Cd4t5FQNGrxnCvbv8jhqr3Ej6_Wz1VpN1g,2026-07-12T12:31:24Z
simplyhired,s7kbVEti0obvECmXas7Ctfar4gqf_SPQ9ZyeH1JbY37IkpQhwbnOyg,Dietitian Intern,Bay Nine Ventures,"Jui, Navi Mumbai, Maharashtra",Navi Mumbai,,"₹15,000 - ₹20,000 a month",15000,20000,per_month,full_time,Full-time,,non_clinical,hospital,False,B.Sc|Research|Microsoft Office|Master's degree|Databases|Bachelor's degree|In-person|Internship|Communication skills,,,2026-07-10,Nutrition research and product support. Meal planning and health content assistance. Market research and trend analysis.,https://www.simplyhired.co.in/job/s7kbVEti0obvECmXas7Ctfar4gqf_SPQ9ZyeH1JbY37IkpQhwbnOyg,2026-07-12T12:31:26Z
simplyhired,BPADnib42Ifq-mqDKMw7k9_iFgmsATnI-yYhU7YQvz248QVqWQnkCA,NURSING HEAD,HAYATH MEDICARE L.L.P HOSPITAL& DIAGNOSTIC CENTRE,"Malappuram District, Kerala",Malappuram District,,Not Disclosed,,,,full_time,Full-time,,nurses,pharma,False,Nursing|B.Sc|Bachelor's degree|Team management|Computer skills|In-person|Communication skills|Nursing,,,2026-07-11,Ensure compliance with hospital policies and healthcare regulations. Oversee and manage all nursing operations within the hospital.,https://www.simplyhired.co.in/job/BPADnib42Ifq-mqDKMw7k9_iFgmsATnI-yYhU7YQvz248QVqWQnkCA,2026-07-12T12:31:26Z
simplyhired,f4eM_PU1B0xu_9v8biADSKOfECcBTJUlEuIIws2jWF4bXopE6Lkz4g,Quality Executive,Credence Global Solutions,"Pune, Maharashtra",Pune,,Not Disclosed,,,,full_time,Full-time,,non_clinical,hospital,False,Laboratory experience|Microsoft Office|Communication skills,,,2026-07-11,"Ensure full compliance with all company, departmental, legal and regulatory requirements with regards to Accounts Receivable procedures and practices.",https://www.simplyhired.co.in/job/f4eM_PU1B0xu_9v8biADSKOfECcBTJUlEuIIws2jWF4bXopE6Lkz4g,2026-07-12T12:31:26Z
simplyhired,SkSZdOU3CewNTfu3vL-tj3LV-TcUa1_NaOhWaCGz27wcKZ_v99M-yQ,Pharmacist,Dasari Keshava Healthcare Private Limited,"Hyderabad, Telangana",Hyderabad,,"₹16,000 - ₹20,000 a month",16000,20000,per_month,full_time,Full-time,,pharmacists,hospital,False,Microsoft Office|12th Pass|Analysis skills|Bachelor's degree|Travel|In-person|Diploma|Communication skills|Hospital experience,Paid time off|Paid sick time,,2026-07-10,Deliver an exceptional customer experience by providing professional guidance on healthcare and OTC products. Your primary responsibility is to support the sale…,https://www.simplyhired.co.in/job/SkSZdOU3CewNTfu3vL-tj3LV-TcUa1_NaOhWaCGz27wcKZ_v99M-yQ,2026-07-12T12:31:26Z
simplyhired,jGRHXznnmPVcmvuiHMP2SXKyIVIfl90NEBsmQUjjUxd7sSbz7kecqw,Senior Executive Credentialing,Harmony United Psychiatric Care,"Hyderabad, Telangana",Hyderabad,,Not Disclosed,,,,full_time,Full-time,,non_clinical,hospital,False,Bachelor's degree|Communication skills|Time management,Commuter assistance|Health insurance|Food provided,,2026-07-09,"Minimum of 4-5 years of experience in healthcare credentialing or provider relations, preferably in US healthcare sector.",https://www.simplyhired.co.in/job/jGRHXznnmPVcmvuiHMP2SXKyIVIfl90NEBsmQUjjUxd7sSbz7kecqw,2026-07-12T12:31:26Z
simplyhired,RD-1PuIvcrI88DLkd9XHAqctEO4ZOjzGH_Yjf1RfJIfI1C0ujoaMKQ,Respiratory Therapist,Symbiosis International University,"Pune, Maharashtra",Pune,,"₹25,000 - ₹35,000 a month",25000,35000,per_month,full_time,Full-time|Rotational shift,,non_clinical,hospital,False,B.Sc|Master's degree|ICU experience|Bachelor's degree|In-person,Health insurance|Paid sick time,,2026-07-11,To be available for on call as and when required. Should have experience of working with multi specialty hospitals. Working in rotational shift is mandatory.,https://www.simplyhired.co.in/job/RD-1PuIvcrI88DLkd9XHAqctEO4ZOjzGH_Yjf1RfJIfI1C0ujoaMKQ,2026-07-12T12:31:26Z
simplyhired,3C9w0Wub3hw5ULXVrPU1gepHl2Q-A4ypoKktgJ4wrRlSZCwGeH_mXA,Manager on Duty MoD,PROM Services,"Palwal, Haryana",Palwal,,"₹40,000 - ₹60,000 a month",40000,60000,per_month,full_time,Full-time|Call employer,,non_clinical,hospital,False,Master's degree|Bachelor's degree|In-person,,,2026-07-11,Experience - 4 to 8 years in Hospital Operations. Note- Online / virtual interviews not preferred. For details kindly contact 9023 7848 66 on WhatsApp.,https://www.simplyhired.co.in/job/3C9w0Wub3hw5ULXVrPU1gepHl2Q-A4ypoKktgJ4wrRlSZCwGeH_mXA,2026-07-12T12:31:26Z
simplyhired,6hw7Qu0QuJgk9gk9OV2rGK6TV7kN3cUSGSQK6WzvnuP5E997J13GXQ,Medical Transcriptionist,Vaarahi Healthcare,"Patancheru, Hyderabad, Telangana",Hyderabad,,Not Disclosed,,,,full_time,Full-time,,non_clinical,hospital,False,Anatomy knowledge|Microsoft Office|Typing|In-person|Medical terminology|Communication skills|Editing,,,2026-07-11,Collaborate with healthcare staff to clarify unclear information or dictation. Familiarity with healthcare documentation standards and practices.,https://www.simplyhired.co.in/job/6hw7Qu0QuJgk9gk9OV2rGK6TV7kN3cUSGSQK6WzvnuP5E997J13GXQ,2026-07-12T12:31:26Z
simplyhired,-Bkl-O9Bspy1zrvNsiYz9diQn1akT7NqtPfCFfcNiYjVbadjers-Jw,Dispensing Assistant,WINGS BIOTECH LLP,"Baddi, Himachal Pradesh",Baddi,,"₹14,000 - ₹16,000 a month",14000,16000,per_month,full_time,Full-time,,non_clinical,pharma,False,Bachelor's degree|Quality control|Travel|In-person|Manufacturing,,,2026-07-09,"Wings Biotech LLP provides a platform for candidates to prove themselves. Qualification- Minimum Graduate BA. Job Types: Full-time, Permanent.",https://www.simplyhired.co.in/job/-Bkl-O9Bspy1zrvNsiYz9diQn1akT7NqtPfCFfcNiYjVbadjers-Jw,2026-07-12T12:31:26Z
simplyhired,rIdYC-XEgn6Xjni4CAFPHcsUzgs1PUHhu7kBwmqg8OrJNPvtgtpczA,Doctor for Clinic,Shree Ganesh medical and General Store,"Sahakaranagar P.O, Bengaluru, Karnataka",Bengaluru,,"From ₹15,992.63 a month",15993,15993,per_month,full_time,Part-time|Full-time|Call employer,,doctors,hospital,False,Bachelor's degree|Patient care|In-person|Communication skills,Flexible schedule,,2026-07-11,Good patient communication skills Experience preferred Interested candidates can contact us for further details.,https://www.simplyhired.co.in/job/rIdYC-XEgn6Xjni4CAFPHcsUzgs1PUHhu7kBwmqg8OrJNPvtgtpczA,2026-07-12T12:31:26Z
simplyhired,uiCIGNQN9X0oaF813TV3Y5C15upMsnMFtky1uxSB1jU7A11AQwhc0A,Sample collection,Sugar20 Clinics,"Miyapur, Hyderabad, Telangana",Hyderabad,,"₹8,086.00 - ₹36,617.72 a month",8086,36618,per_month,full_time,Full-time,,non_clinical,hospital,False,Patient care|In-person|Hospital experience|Nursing,,,2026-07-10,Patient Counselling Front Desk Management Assist Doctors Inbound & Outbound Calls Blood sample collections IV/IM Injections Wounds Dressings Job Types:…,https://www.simplyhired.co.in/job/uiCIGNQN9X0oaF813TV3Y5C15upMsnMFtky1uxSB1jU7A11AQwhc0A,2026-07-12T12:31:26Z
simplyhired,mVHscijIFHGNqYrSyI8B83zCvC2Z-fDMf9Nzlo6IPCiG1ZPqdQyFZg,Phlebotomist - Home Collection,Apollo Hospitals,"Lucknow, Uttar Pradesh",Lucknow,,"₹20,000 - ₹25,000 a month",20000,25000,per_month,full_time,Full-time,,non_clinical,hospital,False,Laboratory experience|Driving|Travel|In-person|Communication skills,Health insurance|Cell phone reimbursement,,2026-07-10,"_and also deliver excellent patient service, answer patient questions, act as a resource for_. _ Sample collection of customer/patients and rapid testing of…",https://www.simplyhired.co.in/job/mVHscijIFHGNqYrSyI8B83zCvC2Z-fDMf9Nzlo6IPCiG1ZPqdQyFZg,2026-07-12T12:31:29Z
simplyhired,mlO1GI_j07OkLwXu08SNvGGbUKdCpx4QN6lQ4KJkzPqynj_MWwkpZw,urologist,Vikram Hospital,"Madurai, Tamil Nadu",Madurai,,"₹3,00,000 - ₹5,00,000 a month",300000,500000,per_month,full_time,Full-time,,doctors,hospital,False,Medicine|Bachelor's degree|Patient care|In-person,,,2026-07-11,"*Designation: Urologist* *Location: *Vikram Multispeciality Hospital, Madurai (near pandi kovil) *Qualification: *MBBS, MS/MD/DNB General surgery, Mch / DNB …",https://www.simplyhired.co.in/job/mlO1GI_j07OkLwXu08SNvGGbUKdCpx4QN6lQ4KJkzPqynj_MWwkpZw,2026-07-12T12:31:29Z
simplyhired,tim8Oa2fAaVm9eyaD8Y03rLyVYDKD_0CyKmH9hNgMQ4wJOCy6fVC7g,Customer Relationship Manager,Pankajakasthuri Herbals India (P) Ltd.,"Thiruvananthapuram, Kerala",Thiruvananthapuram,,"₹30,000 - ₹35,000 a month",30000,35000,per_month,full_time,Full-time,,non_clinical,hospital,False,Microsoft Word|Microsoft Office|Bachelor's degree|In-person,,,2026-07-11,"The role involves addressing customer inquiries and complaints, coordinating with internal departments to ensure timely resolution of issues, identifying…",https://www.simplyhired.co.in/job/tim8Oa2fAaVm9eyaD8Y03rLyVYDKD_0CyKmH9hNgMQ4wJOCy6fVC7g,2026-07-12T12:31:29Z
simplyhired,UFu3euO5jGsVTczqTWkEYk-1md1ts4iii54F9X6EQ37eMvHYFhAbpw,Senior Staff Nurse,Saraswati Education Society,"Karjat, Maharashtra",Karjat,,"₹2,50,000 - ₹3,50,000 a year",250000,350000,per_annum,full_time,Full-time,,nurses,hospital,False,Nursing|B.Sc|Bachelor's degree|In-person,,,2026-07-10,Coordinate with doctors and other healthcare departments. Minimum *3–5 years* of clinical experience in a multispecialty hospital.,https://www.simplyhired.co.in/job/UFu3euO5jGsVTczqTWkEYk-1md1ts4iii54F9X6EQ37eMvHYFhAbpw,2026-07-12T12:31:29Z
simplyhired,8TWYUWn9fF42CUwD38V0Re6ZVgMcFrJdezrElvXhKj_ixmNFhYORow,"Phlebotomist (Nellore , Trichy , Mangalore)",Watchyourhealth.com,"Mangalore, Karnataka",Mangalore,,"₹16,086.00 - ₹18,375.94 a month",16086,18376,per_month,full_time,Full-time,,non_clinical,hospital,False,Laboratory experience|In-person|Medical terminology|Hospital experience,Commuter assistance|Paid time off,,2026-07-10,Explain procedures to patients and address concerns to ensure a comfortable experience. Ensure compliance with applicable healthcare regulations and quality…,https://www.simplyhired.co.in/job/8TWYUWn9fF42CUwD38V0Re6ZVgMcFrJdezrElvXhKj_ixmNFhYORow,2026-07-12T12:31:29Z
simplyhired,Ez_LI2iv3HHYpD2yx4XcWqB8UvozBds9KKq1N3xtMMMuN31RVeNFPw,Assistant for clinic,CURODENT DENTAL CARE,"Danapur, Patna, Bihar",Patna,,"From ₹9,000 a month",9000,9000,per_month,full_time,Full-time,,non_clinical,hospital,False,Patient care|In-person|Medical terminology|Hospital experience,,,2026-07-11,"Want a skilled assistant for clinic Chair side assistance with the doctor Pay: From ₹9,000.00 per month Work Location: In…",https://www.simplyhired.co.in/job/Ez_LI2iv3HHYpD2yx4XcWqB8UvozBds9KKq1N3xtMMMuN31RVeNFPw,2026-07-12T12:31:29Z
simplyhired,sIhjMeEWDTHquLMqB-d4mRIm0yK2_e2FLjHxMXRpF4loWW90kqwYjQ,Wellness Center Manager,Regibloom Wellness Center,"Mumbai, Maharashtra",Mumbai,,"₹30,000 - ₹50,000 a month",30000,50000,per_month,full_time,Full-time,,non_clinical,hospital,False,Master's degree|Team management|Business Administration|In-person|MBA|Leadership,,,2026-07-09,Develop and implement marketing initiatives and business development strategies to increase memberships and client engagement.,https://www.simplyhired.co.in/job/sIhjMeEWDTHquLMqB-d4mRIm0yK2_e2FLjHxMXRpF4loWW90kqwYjQ,2026-07-12T12:31:29Z
simplyhired,8T9-lylU705RpQ3FUSFgQqJP89xGMVn6i12vrotVArgc8KggzVCzaw,Clinical Auditor (MBBS),Dynamed Healthcare Solutions Pvt. Ltd,"Kochi, Kerala",Kochi,,"₹22,000 - ₹30,000 a month",22000,30000,per_month,full_time,Full-time,,doctors,hospital,False,Medicine|Bachelor's degree|In-person|Medical terminology,,,2026-07-11,"Draft comprehensive audit reports highlighting findings, recommendations, and follow-up steps. Conduct routine clinical audits to assess adherence with internal…",https://www.simplyhired.co.in/job/8T9-lylU705RpQ3FUSFgQqJP89xGMVn6i12vrotVArgc8KggzVCzaw,2026-07-12T12:31:29Z
simplyhired,aKzq_68FLNc9QA9y_G6ULcX7EFI_eKxV2XxmkFlbwFcW6oduqIRcbQ,Front Office Assistant,health square hauz khas,"Hauz Khas, Delhi, Delhi",Delhi,,"₹8,381.48 - ₹15,000.00 a month",8381,15000,per_month,full_time,Full-time|Call employer,,non_clinical,hospital,False,Microsoft Powerpoint|Microsoft Word|English|Master's degree|Bachelor's degree|In-person,,,2026-07-11,For afternoon hours 11 am to 9 pm. Responsibilties to coordinate and assist patients.,https://www.simplyhired.co.in/job/aKzq_68FLNc9QA9y_G6ULcX7EFI_eKxV2XxmkFlbwFcW6oduqIRcbQ,2026-07-12T12:31:29Z
simplyhired,vyoDeiXUo_xtZYEJCPUl1rWQNiSuPgRSbrA0Xorc7PznbF9rSumLWQ,Assistant Physiotherapist,Tap Physio & Recovery,"Mira Road, Thane, Maharashtra",Thane,,"₹15,000 - ₹18,000 a month",15000,18000,per_month,full_time,Part-time|Full-time,,non_clinical,hospital,False,Anatomy knowledge|Bachelor's degree|In-person|Medical terminology|Communication skills,,,2026-07-11,Deliver excellent patient care and build strong patient relationships. We combine evidence-based physiotherapy with modern recovery technologies and fitness-…,https://www.simplyhired.co.in/job/vyoDeiXUo_xtZYEJCPUl1rWQNiSuPgRSbrA0Xorc7PznbF9rSumLWQ,2026-07-12T12:31:29Z
simplyhired,uvQ-2A2fcbX5nYRcKb1MziH4oRfOE1wIToBY8StgdzbEFkKyD7hOtQ,Front Desk Receptionist,Healing Hands Clinic Pvt Ltd,"Pune, Maharashtra",Pune,,"₹18,000 - ₹23,000 a month",18000,23000,per_month,full_time,Full-time|Day shift,,non_clinical,hospital,False,Customer service|English|Microsoft Office|Bachelor's degree|Front desk|In-person|Communication skills|Office experience,,,2026-07-10,"1–3 years of experience in Front Desk, Reception, Customer Service, or Healthcare Administration. Pleasant personality with a customer-centric approach.",https://www.simplyhired.co.in/job/uvQ-2A2fcbX5nYRcKb1MziH4oRfOE1wIToBY8StgdzbEFkKyD7hOtQ,2026-07-12T12:31:34Z
simplyhired,0UntJA4uGQSI_pemoAaQzfiarxCA_SsO77oM-p05YlMvKJobx6LUyQ,Front Office Executive,Vecura Wellness clinic,"Tirunelveli, Tamil Nadu",Tirunelveli,,"₹15,000 - ₹20,000 a month",15000,20000,per_month,full_time,Full-time,,non_clinical,hospital,False,Microsoft Powerpoint|Microsoft Word|Master's degree|Administrative experience|Front desk|In-person,Health insurance,,2026-07-10,"This role involves managing front desk operations, ensuring a smooth client experience, handling appointments, and supporting administrative tasks to maintain…",https://www.simplyhired.co.in/job/0UntJA4uGQSI_pemoAaQzfiarxCA_SsO77oM-p05YlMvKJobx6LUyQ,2026-07-12T12:31:34Z
simplyhired,m8VPLYXPAyCezNNex2ytY16zhbISBR23VthHU3OfJjiYIi55JjhiVQ,Dental Receptionist,dental seva,"Vaishali Nagar, Jaipur, Rajasthan",Jaipur,,"₹10,000 - ₹15,000 a month",10000,15000,per_month,full_time,Full-time,,non_clinical,hospital,False,Hospitality|Customer service|English|In-person|Communication skills,,,2026-07-12,"If you enjoy interacting with people and have the confidence to build trust and convert enquiries into happy patients, we'd love to hear from you.",https://www.simplyhired.co.in/job/m8VPLYXPAyCezNNex2ytY16zhbISBR23VthHU3OfJjiYIi55JjhiVQ,2026-07-12T12:31:34Z
simplyhired,iaSRPIkM1K70K38bLH-DyysGdp-ttytQekk2BEIZ2w7GgB4wBI20eA,Senior Staff Nurse,Mardamed Healthcare,"Malleswaram, Bengaluru, Karnataka",Bengaluru,,"₹18,000 - ₹50,000 a month",18000,50000,per_month,full_time,Full-time,,nurses,hospital,False,Nursing|B.Sc|ACLS Certification|Microsoft Office|Bachelor's degree|Team management|EMR systems|In-person|Leadership|Communication skills|Nursing,Flexible schedule,,2026-07-11,"Maintain patient safety standards and report clinical incidents or near misses. Pay: ₹18,000.00 - ₹50,000.00 per month. Senior Staff Nurse-Job Description*.",https://www.simplyhired.co.in/job/iaSRPIkM1K70K38bLH-DyysGdp-ttytQekk2BEIZ2w7GgB4wBI20eA,2026-07-12T12:31:34Z
simplyhired,UBElqCGJLoawAEFMAijC7HRRib66L2tYrPbBFR-a1ljApQodlr6crg,Nursing staff,Ashoka superspeciality women hospital &Research Pvt.Ltd.,"Pandri, Raipur, Chhattisgarh",Raipur,,"From ₹15,000 a month",15000,15000,per_month,full_time,Full-time,,nurses,hospital,False,Nursing|B.Sc|Bachelor's degree|Patient care|Computer skills|In-person|Communication skills|Nursing,Health insurance,,2026-07-10,"Pay: From ₹15,000.00 per month. Educate and counsel patients and their families regarding treatment plans, post-discharge care, and health education.",https://www.simplyhired.co.in/job/UBElqCGJLoawAEFMAijC7HRRib66L2tYrPbBFR-a1ljApQodlr6crg,2026-07-12T12:31:34Z
simplyhired,w51eWSwpHa_HgYZUZeLReZ8zGwQoZ7_hs0t2W2ZSr7rrs8L0klhICw,Staff Nurse,Care at Home Services,"Jalandhar, Punjab",Jalandhar,,"₹18,086.00 - ₹44,664.30 a month",18086,44664,per_month,full_time,Full-time,,nurses,hospital,False,Bachelor's degree|Patient care|In-person|Nursing,Commuter assistance|Health insurance|Paid time off|Cell phone reimbursement|Flexible schedule|Life insurance|Food provided|Paid sick time,,2026-07-10,"Staff Nurse, Assistant Nurse & GDA/HHA Jobs in Chandigarh, Mohali & Zirakpur | Freshers Welcome Looking for nursing jobs in Chandigarh, Mohali, or Zirakpur?…",https://www.simplyhired.co.in/job/w51eWSwpHa_HgYZUZeLReZ8zGwQoZ7_hs0t2W2ZSr7rrs8L0klhICw,2026-07-12T12:31:34Z
simplyhired,I5f5FtB3vxpsvoHfxpYk5ALPbNCYImljsxSe_6gb68u-la6_swG3Dw,Staff Nurse,Dr prasanth skin and hair clinic,"Porur, Chennai, Tamil Nadu",Chennai,,"₹8,000 - ₹10,000 a month",8000,10000,per_month,part_time,Part-time,,nurses,hospital,False,Anatomy knowledge|Bachelor's degree|In-person|Medical terminology|Hospital experience,,,2026-07-10,"Provide pre- and post-procedure care and education to patients. The ideal candidate will assist in patient care, manage daily clinic operations, and support…",https://www.simplyhired.co.in/job/I5f5FtB3vxpsvoHfxpYk5ALPbNCYImljsxSe_6gb68u-la6_swG3Dw,2026-07-12T12:31:34Z
simplyhired,fBBfWqBwA292dTGNGys0VNnIgRjthyQjbPWN8re9qXoVxozdaqxu4Q,"STAFF NURSE- ICU,NICU",Highland super specialty hospital,"Thane, Maharashtra",Thane,,"₹15,000 - ₹25,000 a month",15000,25000,per_month,full_time,Full-time,,nurses,hospital,False,Anatomy knowledge|Bachelor's degree|Patient care|In-person|Medical terminology|Nursing,,,2026-07-10,"[1, 2, 3, 4, 5]NICU Nurse ResponsibilitiesA Neonatal Intensive Care Unit (NICU) nurse focuses specifically on premature, low-birth-weight, or critically ill…",https://www.simplyhired.co.in/job/fBBfWqBwA292dTGNGys0VNnIgRjthyQjbPWN8re9qXoVxozdaqxu4Q,2026-07-12T12:31:34Z
simplyhired,ZiKcHCV6is1W42wnGpYAp45aPJOEx5RL6U2JORWXugvaNplColDfeQ,Clinical Psychologist,Gupta's speech and hearing Centre,"Yelahanka New Town, Bengaluru, Karnataka",Bengaluru,,"₹25,000 - ₹35,000 a month",25000,35000,per_month,full_time,Email|Full-time|Call employer,,doctors,hospital,False,Sales|Master's degree|In-person|Training & development|Communication skills,,,2026-07-12,"Master's degree in Clinical Psychology (M.Phil./RCI Registered preferred, as applicable). Proficient in *IQ assessment and psychological evaluations*.",https://www.simplyhired.co.in/job/ZiKcHCV6is1W42wnGpYAp45aPJOEx5RL6U2JORWXugvaNplColDfeQ,2026-07-12T12:31:34Z
simplyhired,a3XsAnenf3yDQfGNrGU4W7614LPb_Er3hnQmbAM6x16C59iYtpuenA,University Medical officer ( MBBS),Ember hire Networks,"Ranchi, Jharkhand",Ranchi,,"₹45,000 - ₹65,000 a month",45000,65000,per_month,full_time,Full-time,,doctors,hospital,False,Medicine|Bachelor's degree|Patient care|In-person,,,2026-07-10,Hiring | University Medical Officer (UMO) | MBBS Doctors Location: Ranchi Eligibility: * MBBS + Valid Medical Registration * 1–2 Years of Experience *…,https://www.simplyhired.co.in/job/a3XsAnenf3yDQfGNrGU4W7614LPb_Er3hnQmbAM6x16C59iYtpuenA,2026-07-12T12:31:34Z
simplyhired,6X0p84EUr3CzOgkxr-fDaMk9OOROOwJW0zB2ViQrjsvURMF1zIoZXg,Medical Billing Executive,Overit Pvt Ltd,"Jalandhar, Punjab",Jalandhar,,"₹14,000 - ₹23,000 a month",14000,23000,per_month,full_time,Full-time|Night shift,,non_clinical,hospital,False,Bachelor's degree|In-person|Medical terminology|Communication skills,Paid sick time,,2026-07-10,Coordinate with healthcare providers and internal departments to resolve billing issues. 5 days working (Sat-Sun Off). Night shift (9:00PM to 6:00AM).,https://www.simplyhired.co.in/job/6X0p84EUr3CzOgkxr-fDaMk9OOROOwJW0zB2ViQrjsvURMF1zIoZXg,2026-07-12T12:31:34Z
simplyhired,2_aWBmlir7JHe0JjJIkWMfRanv9IEAhbcF3cDF6YbXRAY2WzEHS1Dg,Occupational Therapist,Kare Therapy Centre,"Kolkata, West Bengal",Kolkata,,"₹20,000 - ₹25,000 a month",20000,25000,per_month,full_time,Full-time,,non_clinical,hospital,False,Anatomy knowledge|Bachelor's degree|Pediatrics|In-person|Medical terminology,,,2026-07-10,We are looking for qualified Occupational Therapists for our New Town and Howrah campuses. Qualifications - BOT (fresher or 1 to 2 years experienced)…,https://www.simplyhired.co.in/job/2_aWBmlir7JHe0JjJIkWMfRanv9IEAhbcF3cDF6YbXRAY2WzEHS1Dg,2026-07-12T12:31:34Z
simplyhired,i8qMh4y7zOezTRoGC8FavzIDLH4qt9jr2536TOR3Snn0FWUyHP6zPg,Resident Medical Officer,SG PUBLIC SCHOOL,"Ghaziabad, Uttar Pradesh",Ghaziabad,,"₹75,000 - ₹1,20,000 a month",75000,120000,per_month,full_time,Full-time,,doctors,hospital,False,Medicine|Bachelor's degree|In-person,Flexible schedule,,2026-07-11,"Required full-time RMO for Wards, Emergency, Labour Room & ICU. Responsibilities include patient assessment, emergency management, ward rounds, and coordination…",https://www.simplyhired.co.in/job/i8qMh4y7zOezTRoGC8FavzIDLH4qt9jr2536TOR3Snn0FWUyHP6zPg,2026-07-12T12:31:34Z
simplyhired,pIOY7plMMSezcfab7mEH3ieHnTxdJeMuc7Fx5kxySp6tqwzOAhG2yA,WARD STAFF NURSE,Ovum Hospitals,"HSR Layout, Bengaluru, Karnataka",Bengaluru,,"₹25,000 - ₹30,000 a month",25000,30000,per_month,full_time,Full-time|Call employer,,nurses,hospital,False,Nursing|Bachelor's degree|Patient care|Pediatrics|In-person|Nursing,Health insurance,,2026-07-10,"Participation in staff education and staff meetings. Assistance, to medical staff in examination of patients and treatment. Job Type: Ward Staff Nurse.",https://www.simplyhired.co.in/job/pIOY7plMMSezcfab7mEH3ieHnTxdJeMuc7Fx5kxySp6tqwzOAhG2yA,2026-07-12T12:31:34Z
simplyhired,DhvAMJS-Z0fUuLYfrtmYg-MDPgN-9QIOQppfH392MhPxBwv3qg1hYg,OPD RECEPTIONIST,Subison Neuro Centre,"Nagercoil, Tamil Nadu",Nagercoil,,"₹11,000 - ₹13,000 a month",11000,13000,per_month,full_time,Email|Full-time|Evening shift,,non_clinical,hospital,False,Customer service|English|Microsoft Office|12th Pass|Bachelor's degree|Front desk|Computer skills|In-person|Communication skills,,,2026-07-11,"*Experience:* Prior experience as a medical receptionist, front desk executive, or in customer service is preferred but not mandatory (freshers with good skills…",https://www.simplyhired.co.in/job/DhvAMJS-Z0fUuLYfrtmYg-MDPgN-9QIOQppfH392MhPxBwv3qg1hYg,2026-07-12T12:31:34Z
simplyhired,QwvOaEhRV-D80FkgdS7kgRa1NGPukgMZDG9LnHPo94qaWq5D55ZSuw,Medical Transcriptionist,"Motherhood Hospital, Gaur city 2","Greater Noida, Uttar Pradesh",Greater Noida,,"From ₹30,000 a month",30000,30000,per_month,full_time,Full-time,,non_clinical,hospital,False,Nursing|Bachelor's degree|In-person|Epic|Medical terminology,,,2026-07-10,Ensures is up to date with latest protocols and practices. Coordinates with support departments to ensure customers are comfortable and services are as per…,https://www.simplyhired.co.in/job/QwvOaEhRV-D80FkgdS7kgRa1NGPukgMZDG9LnHPo94qaWq5D55ZSuw,2026-07-12T12:31:34Z
simplyhired,y6dZyr3qwyED9BSioPxH0bwq-VXJP8X20cCGAyZ29AhmNGtXzEZrMw,"Receptionist, telecaller",VRR DIAGNOSTICS SERVICES PVT LD,"Chennai, Tamil Nadu",Chennai,,"₹15,000 - ₹20,000 a month",15000,20000,per_month,full_time,Full-time|Call employer|Morning shift|Evening shift,,non_clinical,pharma,False,English|12th Pass|In-person|Office experience,,,2026-07-10,"Job description: Receptionist & Telle Caller customer support. Using a computer, medical office software, and other technology to keep information organized and…",https://www.simplyhired.co.in/job/y6dZyr3qwyED9BSioPxH0bwq-VXJP8X20cCGAyZ29AhmNGtXzEZrMw,2026-07-12T12:31:36Z
simplyhired,dpk9TJQ2qzZdpV7CMwb1-ZIMSmtP7YP77Jhf5CTtrJwwow-8EdtQ1A,Insurance Executive,SEVEN SIGMA HEALTHCARE SOLUTIONS PVT LTD,"Angamali, Kerala",Angamali,,"₹15,000 - ₹30,000 a month",15000,30000,per_month,full_time,Full-time,,non_clinical,hospital,False,Microsoft Excel|Microsoft Office|Bachelor's degree|In-person|Communication skills,Health insurance|Flexible schedule,,2026-07-09,"Coordinate with patients, healthcare providers, and insurance companies. Previous experience in insurance coordination, medical billing, or healthcare…",https://www.simplyhired.co.in/job/dpk9TJQ2qzZdpV7CMwb1-ZIMSmtP7YP77Jhf5CTtrJwwow-8EdtQ1A,2026-07-12T12:31:36Z
simplyhired,13PDkxOJ7ZNLSpMhyfmlslL_ic7eDvve5rUZx4C-0mjqjBfjIJBExg,Nursing staff,Hridya Cancer hospital,"Kolhapur, Maharashtra",Kolhapur,,"₹15,000 - ₹20,000 a month",15000,20000,per_month,full_time,Full-time,,nurses,hospital,False,Bachelor's degree|Patient care|In-person|Nursing,,,2026-07-10,"Nursing Staff- GNM/ANM (Exp 1 to 2 years) Pay: ₹15,000.00 - ₹20,000.00 per month Work Location: In…",https://www.simplyhired.co.in/job/13PDkxOJ7ZNLSpMhyfmlslL_ic7eDvve5rUZx4C-0mjqjBfjIJBExg,2026-07-12T12:31:36Z
simplyhired,gvYDrXNVAJSOQIn45jk1QH8U4-GmxF5FC0h_6bSA8u4C2oE1FUdzkQ,Lab Technician,C3 Multispeciality Hospital,"Indore, Madhya Pradesh",Indore,,"₹8,000 - ₹20,000 a month",8000,20000,per_month,full_time,Full-time,,non_clinical,hospital,False,Laboratory experience|Analysis skills|Quality control|In-person|Diploma,Flexible schedule,,2026-07-11,"*Testing and Analysis:* Analyzing body fluids, tissues, or chemical substances using microscopes and automated analyzers to detect abnormalities.",https://www.simplyhired.co.in/job/gvYDrXNVAJSOQIn45jk1QH8U4-GmxF5FC0h_6bSA8u4C2oE1FUdzkQ,2026-07-12T12:31:36Z
simplyhired,el0Aw4ScA7biSSmfoUgYXKe0jyplXYy2HsgfRtXcXXdayKaNzaxHkw,IP Billing Executive,Crissfinancial,"Kompally, Hyderabad, Telangana",Hyderabad,,Not Disclosed,,,,full_time,Full-time|Call employer,,non_clinical,hospital,False,Master's degree|Bachelor's degree|In-person|Medical terminology,,,2026-07-10,Responsible for the imparting/organizing for functional training for the department staff Display the standard protocol of service as per KIMS culture while…,https://www.simplyhired.co.in/job/el0Aw4ScA7biSSmfoUgYXKe0jyplXYy2HsgfRtXcXXdayKaNzaxHkw,2026-07-12T12:31:36Z
simplyhired,4oXEIKZTFTJd-H520R_0qPwC09T34rZD8EG9C92Eu1tAPH8Xii9pfw,nursing staff,Dr sk jain family clinic,"Nehru Nagar, Ghaziabad, Uttar Pradesh",Ghaziabad,,"₹10,000 - ₹20,000 a month",10000,20000,per_month,full_time,Part-time|Full-time,,nurses,hospital,False,Patient monitoring|Bachelor's degree|Patient care|In-person|Care plans|Nursing,,,2026-07-10,Nursing staff are trained healthcare professionals who provide direct patient care in various settings like hospitals and clinics.,https://www.simplyhired.co.in/job/4oXEIKZTFTJd-H520R_0qPwC09T34rZD8EG9C92Eu1tAPH8Xii9pfw,2026-07-12T12:31:36Z
simplyhired,Cdu7Ur_XA6rYjwOv10Ho3vzt5DmZVx0phpT9YMaEX3NA8GEXmUM4OQ,Medical Coder,Paramount Healthcare Management Pvt Ltd,"Mumbai, Maharashtra",Mumbai,,"₹35,000 - ₹40,000 a month",35000,40000,per_month,full_time,Full-time,,non_clinical,hospital,False,Bachelor's degree|In-person|Medical terminology,,,2026-07-10," Collaborate with physicians and healthcare providers to clarify documentation when required.  Stay updated on changes to coding guidelines, payer…",https://www.simplyhired.co.in/job/Cdu7Ur_XA6rYjwOv10Ho3vzt5DmZVx0phpT9YMaEX3NA8GEXmUM4OQ,2026-07-12T12:31:36Z
simplyhired,iB5y2FhpvTnAxximzz4PG5-fTHLUU6hCsZhGplXsvfiQzGh22l86qQ,Staff Nurse (ICU),Chandigarh Hospital,"Rupnagar, Punjab",Rupnagar,,"₹15,000.00 - ₹44,664.30 a month",15000,44664,per_month,full_time,Full-time|Call employer,,nurses,hospital,False,Patient monitoring|Bachelor's degree|Patient care|In-person|Nursing,,,2026-07-11,"The candidate must hold some basic qualities :- able to take care of patients , provide patients timely medicines(as required) ,monitoring vital signs and…",https://www.simplyhired.co.in/job/iB5y2FhpvTnAxximzz4PG5-fTHLUU6hCsZhGplXsvfiQzGh22l86qQ,2026-07-12T12:31:36Z
simplyhired,M_lZ-_BPUgcnsPh609uN4GUljb7cYd6p50Zxy8XHPjjEOx_S24dFzQ,SPE-Medical Coding HC,Cognizant,"Hyderabad, Telangana",Hyderabad,,Not Disclosed,,,,hybrid,Full-time|Day shift,Hybrid work,non_clinical,hospital,False,Analytics,,,2026-07-10,Collaborate with product teams to translate clinical documentation into structured codes that strengthen the reliability and usability of healthcare solutions.,https://www.simplyhired.co.in/job/M_lZ-_BPUgcnsPh609uN4GUljb7cYd6p50Zxy8XHPjjEOx_S24dFzQ,2026-07-12T12:31:36Z
simplyhired,fTcNmxeSXQ-S8BZYN3CJ5PNCEf8-UHzkGBEA4POOLapeih6Qe2AsoQ,Receptionist,Modern Homeopathy Pvt Ltd,"Aurangabad, Maharashtra",Aurangabad,,"₹9,000 - ₹14,000 a month",9000,14000,per_month,full_time,Full-time,,non_clinical,hospital,False,Microsoft Powerpoint|Microsoft Word|Master's degree|Data entry|Front desk|In-person,Cell phone reimbursement,,2026-07-10,Maintain patient records and ensure all information is accurate and up to date. The Receptionist at our homeopathy clinic serves as the first point of contact…,https://www.simplyhired.co.in/job/fTcNmxeSXQ-S8BZYN3CJ5PNCEf8-UHzkGBEA4POOLapeih6Qe2AsoQ,2026-07-12T12:31:36Z
simplyhired,r5nLvRmyR_rYug431OaExGjP7tpD7my576ixnUYDgb8DHYXCcN8UsA,Required OT Technician for Borivali - Mumbai - Indira IVF,Indira IVF Hospital Pvt Ltd,"Borivali, Mumbai, Maharashtra",Mumbai,,"₹18,000 - ₹30,000 a month",18000,30000,per_month,full_time,Full-time,,non_clinical,hospital,True,Nursing|Patient monitoring|English|Master's degree|In-person|Diploma,,,2026-07-07,*Job Timing - 9 am to 6 pm*. *To ensure that all the necessary consent & payment are done for the procedure.*. *Experience - 1 to 6 Years*.,https://www.simplyhired.co.in/job/r5nLvRmyR_rYug431OaExGjP7tpD7my576ixnUYDgb8DHYXCcN8UsA,2026-07-12T12:31:41Z
simplyhired,bUIBcncAV6F-NBtjuUss1csnPdKjThKOis693vPbKs-oyvRPN00y0Q,Receptionist,Multispeciality Hospital,"Panvel, Maharashtra",Panvel,,"From ₹15,000 a month",15000,15000,per_month,full_time,Full-time,,non_clinical,hospital,False,English|Microsoft Office|Bachelor's degree|Computer skills|In-person|Communication skills,,,2026-07-11,We are looking for a professional and customer-focused Receptionist to join our team in Panvel. The ideal candidate will be responsible for managing front desk…,https://www.simplyhired.co.in/job/bUIBcncAV6F-NBtjuUss1csnPdKjThKOis693vPbKs-oyvRPN00y0Q,2026-07-12T12:31:41Z
simplyhired,KDqUw2MYl8pJtUD1ibVZm54ypHOFitMMma5Cwr0cYWLT2ybARGBSYw,Staff Nurse,Aashvi Infotech,"Bommasandra, Bengaluru, Karnataka",Bengaluru,,"Up to ₹10,000 a month",10000,10000,per_month,full_time,Full-time|Morning shift,,nurses,hospital,False,B.Sc|Bachelor's degree|In-person|Nursing,Flexible schedule,,2026-07-10,"*We are hiring for Staff Nurse at Chandapura, Bangalore* *Job Title: Staff Nurse* *Pediatric Clinic Departmen*t Part time also apply. *Location: Chandapura…",https://www.simplyhired.co.in/job/KDqUw2MYl8pJtUD1ibVZm54ypHOFitMMma5Cwr0cYWLT2ybARGBSYw,2026-07-12T12:31:41Z
simplyhired,AIghBva0lI5sEirOrzLcX7V4rLfdgBiRE4vUIvXU26uYeDlBrmFhnQ,Health Care Professional,Heavens Dove,"Coimbatore, Tamil Nadu",Coimbatore,,"₹18,000 - ₹35,000 a month",18000,35000,per_month,full_time,Full-time,,non_clinical,hospital,False,Bachelor's degree|Patient care|In-person|Diploma|Medical terminology,,,2026-07-11,"We are looking for passionate, skilled and dedicated healthcare professionals to join our growing organization. If you are committed to delivering excellent…",https://www.simplyhired.co.in/job/AIghBva0lI5sEirOrzLcX7V4rLfdgBiRE4vUIvXU26uYeDlBrmFhnQ,2026-07-12T12:31:41Z
simplyhired,6WV0pBjQ18rNNakhYxj4fIGGz3rMpmukL1gfDJQY_U-vZsFDEiJoWQ,Senior Laboratory Technician,Micro genomics India Pvt Ltd,"Chennai, Tamil Nadu",Chennai,,Not Disclosed,,,,full_time,Email|Full-time|Night shift|Rotational shift,,non_clinical,hospital,False,Laboratory experience|English|Master's degree|Analysis skills|Presentation skills|Computer skills|In-person|Communication skills,,,2026-07-10,. *At Least 2 experience required in handling infectious samples in a molecular diagnostic laboratory is an advantage and Next Generation Sequencing (NGS)…,https://www.simplyhired.co.in/job/6WV0pBjQ18rNNakhYxj4fIGGz3rMpmukL1gfDJQY_U-vZsFDEiJoWQ,2026-07-12T12:31:41Z
simplyhired,jg4IUvDCqFoAQS0VlLiWjE5BFCdFY-ql6o8KxeIdZRCIwwNnvxtagg,Occupational Therapist,Riya Child Development Center,"Manikonda, Hyderabad, Telangana",Hyderabad,,"₹40,000 - ₹60,000 a month",40000,60000,per_month,full_time,Full-time,,non_clinical,hospital,False,Master's degree|Bachelor's degree|In-person|Medical terminology|Communication skills,Paid sick time,,2026-07-10,"Valid license/registration to practice as an Occupational Therapist. Experience working with children with special needs (autism, cerebral palsy, developmental…",https://www.simplyhired.co.in/job/jg4IUvDCqFoAQS0VlLiWjE5BFCdFY-ql6o8KxeIdZRCIwwNnvxtagg,2026-07-12T12:31:41Z
simplyhired,OVam9ozLmlS0FBZL2P6rtJt6cLBHlggjWtcylAYqVwae11xkN6irMQ,PART TIME PHYSIO (SHIFT BASED 9-1 & 5-9),Shalom Physicare,"Thiruvallur District, Tamil Nadu",Thiruvallur District,,Not Disclosed,,,,part_time,Part-time,,non_clinical,hospital,False,Nursing|Anatomy knowledge|Bachelor's degree|Medical terminology,,,2026-07-09,"Provide exercise therapy and electrotherapy. Educate patients on home exercise programs. Deliver ethical, patient-centered physiotherapy care.",https://www.simplyhired.co.in/job/OVam9ozLmlS0FBZL2P6rtJt6cLBHlggjWtcylAYqVwae11xkN6irMQ,2026-07-12T12:31:41Z
simplyhired,otMGGkwwscXEJOgUx_nq51yTSNVzBONjBAeAZ7Dqkj3VElyZDeWMiA,Occupational Therapist,Navjeevani Speech Therapy Centre,"Chandigarh, Chandigarh",Chandigarh,,"Up to ₹20,000 a month",20000,20000,per_month,full_time,Full-time,,non_clinical,hospital,False,Anatomy knowledge|Bachelor's degree|Pediatrics|In-person|Medical terminology|Communication skills,,,2026-07-10,Passion for working with children and families. Navjeevani Therapy Centre is looking for a compassionate and skilled Occupational Therapist to support children…,https://www.simplyhired.co.in/job/otMGGkwwscXEJOgUx_nq51yTSNVzBONjBAeAZ7Dqkj3VElyZDeWMiA,2026-07-12T12:31:41Z
simplyhired,B-DHi2XTvOX1hjpsyWMPDcabBhS5adbZ4rCAX8vJtBkTg3Go9UFjlw,Dietician,Clinic Dermatech,Delhi,Delhi,,"₹30,000 - ₹40,000 a month",30000,40000,per_month,full_time,Full-time,,non_clinical,hospital,False,Master's degree|Bachelor's degree|In-person,,,2026-07-09,"1–3 years of experience as a Dietitian, preferably in an aesthetic, wellness, dermatology, slimming, or healthcare clinic.",https://www.simplyhired.co.in/job/B-DHi2XTvOX1hjpsyWMPDcabBhS5adbZ4rCAX8vJtBkTg3Go9UFjlw,2026-07-12T12:31:41Z
simplyhired,DF6VTripW5r0ACkkpYq7yI8t93AZLcsdsl1Pu56CubV7htYPr3xt0Q,Pedodontist,Tarasha Dental Clinic,"Lajpat Nagar, Delhi, Delhi",Delhi,,"₹50,000 a month",50000,50000,per_month,full_time,Full-time,,non_clinical,hospital,False,Master's degree|Bachelor's degree|In-person|Medical terminology,,,2026-07-12,"Treat children with special healthcare needs using individualized treatment approaches. Participate in clinical meetings, case discussions, quality audits, and…",https://www.simplyhired.co.in/job/DF6VTripW5r0ACkkpYq7yI8t93AZLcsdsl1Pu56CubV7htYPr3xt0Q,2026-07-12T12:31:41Z
simplyhired,3m10KbZa79zR6ahwOWIh_1CJkZlQ2VBEXWDJ9EuA9XE1z3GJLYiR_w,Nurse,Nova IVF Fertility,"Hisar, Haryana",Hisar,,"₹16,000 - ₹19,000 a month",16000,19000,per_month,full_time,Full-time,,nurses,hospital,False,Bachelor's degree|Patient care|In-person|Nursing,Health insurance|Paid sick time,,2026-07-11,"Pay: ₹16,000.00 - ₹19,000.00 per month. You will act as the vital link between patients, their families, and the medical team, ensuring that every individual…",https://www.simplyhired.co.in/job/3m10KbZa79zR6ahwOWIh_1CJkZlQ2VBEXWDJ9EuA9XE1z3GJLYiR_w,2026-07-12T12:31:41Z
simplyhired,2JDN86IrKVb4GaYPYLkbwVCJ-GFyXrMd4XJUDLZl57EUPj04491eiQ,Office Assistant,FAYTH CLINIC,"Mumbai, Maharashtra",Mumbai,,"₹15,000 - ₹18,000 a month",15000,18000,per_month,full_time,Full-time,,non_clinical,hospital,False,Bachelor's degree|Data entry|Organisational skills|Computer skills|In-person|Communication skills,,,2026-07-10,We are looking for a reliable and hardworking Office Assistant to support the day-to-day operations of our clinic and diagnostic centre.,https://www.simplyhired.co.in/job/2JDN86IrKVb4GaYPYLkbwVCJ-GFyXrMd4XJUDLZl57EUPj04491eiQ,2026-07-12T12:31:41Z
simplyhired,oyaUVbZFMJpnsDEDal8YhUKQGySjzGIDtxB9e_3rD-Qwnzjs0ZXn1w,MBBS Doctors,Sri Manakula Vinayagar super speciality hospital,"Puducherry, Puducherry",Puducherry,,"From ₹40,000 a month",40000,40000,per_month,full_time,Weekend availability|Full-time,,doctors,hospital,False,Medicine|Bachelor's degree|In-person|Communication skills,,,2026-07-11,"1–3 years of clinical experience preferred (may vary depending on the employer). They will work closely with consultants, nurses, and other healthcare staff to…",https://www.simplyhired.co.in/job/oyaUVbZFMJpnsDEDal8YhUKQGySjzGIDtxB9e_3rD-Qwnzjs0ZXn1w,2026-07-12T12:31:41Z
simplyhired,rxpw_qIjblV4pWX0_2e35e-eB2sSr9lSLmWTxnqW4FdyRXgUUbsbbA,Nursing Assistant,KG H2h,"Coimbatore, Tamil Nadu",Coimbatore,,"₹16,086.00 - ₹20,766.18 a month",16086,20766,per_month,full_time,Full-time|Call employer,,nurses,hospital,False,Bachelor's degree|Patient care|In-person|Nursing,,,2026-07-11,"16,000 per month for freshers for ANM and Rs.18000 per month for freshers for GNM, Rs. These benefits and structured support will help students transition…",https://www.simplyhired.co.in/job/rxpw_qIjblV4pWX0_2e35e-eB2sSr9lSLmWTxnqW4FdyRXgUUbsbbA,2026-07-12T12:31:41Z
simplyhired,kv2qjCrky4facc4gDOpysyq_AUxQ4z8zX0siMjh-hAWHeS8IJIeGKQ,Physiotherapist- lead,Spectrum Physio Private Limited,"Bengaluru, Karnataka",Bengaluru,,"₹3,60,000 - ₹6,00,000 a year",360000,600000,per_annum,full_time,Full-time,,non_clinical,hospital,False,Bachelor's degree|In-person|Communication skills,Commuter assistance|Flexible schedule|Paid sick time,,2026-07-10,"Coordinate with doctors and other healthcare professionals for comprehensive patient care. The ideal candidate should have strong clinical knowledge, excellent…",https://www.simplyhired.co.in/job/kv2qjCrky4facc4gDOpysyq_AUxQ4z8zX0siMjh-hAWHeS8IJIeGKQ,2026-07-12T12:31:41Z
simplyhired,DWy0X3XeezzriiyMy8vUFBiQu8N8YHZbVcX_F20BmQcAUhBlxNDxxQ,Executive Insurance,Dr.Mohan'S Diabetes Specialities Centre,"Gopalapuram, Chennai, Tamil Nadu",Chennai,,"₹18,000 - ₹25,000 a month",18000,25000,per_month,full_time,Full-time|Call employer|Morning shift|Day shift,,non_clinical,hospital,False,Bachelor's degree|In-person|Medical terminology,Health insurance|Life insurance,,2026-07-10,Ø Providing information regarding cashless process and eligibility to the Insurance/ TPA & Corporate patients. Ø Reimbursement Form Data Process.,https://www.simplyhired.co.in/job/DWy0X3XeezzriiyMy8vUFBiQu8N8YHZbVcX_F20BmQcAUhBlxNDxxQ,2026-07-12T12:31:41Z
simplyhired,NrjD_S8aB_0Dlshx7pIAvsyTN_wy93OxNp0GGzWNKGKundQ_3ggpgA,Home Care Nurse,Rajalakshmi Eduverse,"Chennai, Tamil Nadu",Chennai,,"₹15,000 - ₹35,000 a month",15000,35000,per_month,full_time,Full-time,,nurses,hospital,False,Nursing|B.Sc|Bachelor's degree|Travel|Organisational skills|In-person|Care plans|Communication skills,Flexible schedule|Food provided,,2026-07-11,Knowledge of home healthcare standards and infection control practices. Minimum 1–2 years of clinical or home healthcare experience preferred.,https://www.simplyhired.co.in/job/NrjD_S8aB_0Dlshx7pIAvsyTN_wy93OxNp0GGzWNKGKundQ_3ggpgA,2026-07-12T12:31:43Z
simplyhired,8yAAkHeqeyTf13ToQDKeLjwsg3Vu7KnX3CvM4gmHI7_1AshbyBJLZw,Patient care,Dr.Agarwal's Eye Hospital Ltd,"Adyar, Chennai, Tamil Nadu",Chennai,,"₹18,000 - ₹22,000 a month",18000,22000,per_month,full_time,Full-time|Rotational shift|Day shift,,non_clinical,hospital,False,Hospitality|Customer service|B.Sc|English|12th Pass|Bachelor's degree|EMR systems|Computer skills|In-person|Diploma|Communication skills,,,2026-07-09,"*Experience:* 1–3 years of experience in patient care, hospitality, front-desk operations, or customer service.",https://www.simplyhired.co.in/job/8yAAkHeqeyTf13ToQDKeLjwsg3Vu7KnX3CvM4gmHI7_1AshbyBJLZw,2026-07-12T12:31:43Z
simplyhired,CoWfw6OkZAUUiNbNLuzxVFpRrCyfZjq-X3KC3xCc-HVuWwNQzPePig,Emergency Doctor,Sri Manakula Vinayagar super speciality hospital,"Puducherry, Puducherry",Puducherry,,"From ₹1,10,000 a month",110000,110000,per_month,full_time,Full-time,,doctors,hospital,False,Bachelor's degree|Patient care|In-person,,,2026-07-10,Stabilize critically ill or injured patients before further treatment or admission. Consult with specialists and refer patients for further treatment when…,https://www.simplyhired.co.in/job/CoWfw6OkZAUUiNbNLuzxVFpRrCyfZjq-X3KC3xCc-HVuWwNQzPePig,2026-07-12T12:31:43Z
simplyhired,6KhzhvBMwjN_CKhZW_84F63LkfuN236MuCFGI5MUaBJ0XCKtM5qt8g,"Pharmacist (Whitefield, Ulsoor Metro station)",Rajarajeswari Medical college and hospital,"Bangalore City, Bengaluru, Karnataka",Bengaluru,,"₹16,000 - ₹19,000 a month",16000,19000,per_month,full_time,Full-time,,pharmacists,hospital,False,Bachelor's degree|In-person|Diploma|Hospital experience,Flexible schedule,,2026-07-10,"Collaborate with healthcare professionals to optimize patient care. The ideal candidate will be responsible for dispensing medications, providing patient…",https://www.simplyhired.co.in/job/6KhzhvBMwjN_CKhZW_84F63LkfuN236MuCFGI5MUaBJ0XCKtM5qt8g,2026-07-12T12:31:43Z
simplyhired,HDKA1EQ9ups2pbqCfsHwbbeGJ2XEYTZ2I5YbHRsjVQdbEtG_sXdPbA,Prosthetist and Orthotist,YATIKA HEALTHCARE PRIVATE LIMITED,"Loni, Ghaziabad, Uttar Pradesh",Ghaziabad,,"₹25,000 - ₹30,000 a month",25000,30000,per_month,full_time,Full-time,,non_clinical,hospital,False,Bachelor's degree|Patient care|In-person,,,2026-07-10,Develop and maintain the records and documentation system of the rehabilitation services as per the format of the organization and update the same.,https://www.simplyhired.co.in/job/HDKA1EQ9ups2pbqCfsHwbbeGJ2XEYTZ2I5YbHRsjVQdbEtG_sXdPbA,2026-07-12T12:31:43Z
simplyhired,amL5EHAMWrRYCoNWvG5uy08Bk3gmG_FfmEdPrGAQs3qgoxRP6HuCzw,"Sr. Spclst, Medical Affairs ONC",MSD,"Mumbai, Maharashtra",Mumbai,,Not Disclosed,,,,full_time,Full-time,,non_clinical,hospital,False,Medicine|Doctoral degree|Microsoft Office|Bachelor's degree|Driving|Travel|Communication skills|Teaching experience,,,2026-07-10,No fee will be paid in the event a candidate is hired by our company as a result of an agency referral where no pre-existing agreement is in place.,https://www.simplyhired.co.in/job/amL5EHAMWrRYCoNWvG5uy08Bk3gmG_FfmEdPrGAQs3qgoxRP6HuCzw,2026-07-12T12:31:43Z
simplyhired,6T3FpBhUpMJtsNdcxM4uxp79xqg4yD0bejgXsS3vtj1Tv-FWgXhCmA,Gastro Enterologist,Vikram Hospital,"Madurai, Tamil Nadu",Madurai,,"₹3,00,000 - ₹5,00,000 a month",300000,500000,per_month,full_time,Full-time,,doctors,hospital,False,Medicine|Bachelor's degree|Patient care|In-person|Communication skills,,,2026-07-11,DM / DNB in Gastroenterology will be an added advantage. *MBBS* with *MD (General Medicine) / MS*. Freshers and experienced candidates can apply.,https://www.simplyhired.co.in/job/6T3FpBhUpMJtsNdcxM4uxp79xqg4yD0bejgXsS3vtj1Tv-FWgXhCmA,2026-07-12T12:31:43Z
simplyhired,xhf1t-Pk6DEJDvjH5XdseEV8niZF0qs0kQZrzngCPO-gi2lLRaoi8A,X-ray Technician,Star Kids Children's Hospital,"Dindigul, Tamil Nadu",Dindigul,,"₹8,086 - ₹15,000 a month",8086,15000,per_month,full_time,Full-time,,non_clinical,hospital,False,In-person|Medical terminology,Health insurance|Paid time off|Food provided,,2026-07-10,Working closely with the resident Radiologist to determine whether further tests are required. Ensuring that the x-ray equipment is regularly serviced and in…,https://www.simplyhired.co.in/job/xhf1t-Pk6DEJDvjH5XdseEV8niZF0qs0kQZrzngCPO-gi2lLRaoi8A,2026-07-12T12:31:43Z
simplyhired,wKDlHcYb_QPYThCfGXrwvRBnbWyWu1_wMm3_jzQMLyJzDEPozCEIcQ,Staff Nurse,Leap Year Fincorp,"Chromepet, Chennai, Tamil Nadu",Chennai,,Not Disclosed,,,,full_time,Part-time|Urgently hiring|Full-time|Call employer|Night shift|Day shift,,nurses,hospital,False,Nursing|Bachelor's degree|Patient care|In-person|Diploma|Nursing,,,2026-07-11,"Job Types: Full-time, Part-time. Job Types: Full-time, Part-time. Total work: 1 year (Preferred).",https://www.simplyhired.co.in/job/wKDlHcYb_QPYThCfGXrwvRBnbWyWu1_wMm3_jzQMLyJzDEPozCEIcQ,2026-07-12T12:31:43Z
simplyhired,S2AdkLGpsjxjMO0uPfF3PaIiE5rIy2Gr1jgzCXyJ2Da4K0LKwskJAw,Forensic Medicine,Medical College and Hospital,"Bengaluru Rural District, Karnataka",Bengaluru Rural District,,Not Disclosed,,,,full_time,Part-time|Full-time,,non_clinical,hospital,False,Medicine|In-person|Medical terminology|Teaching experience,,,2026-07-10,Urgent Requirement of MD Forensic Medicine Positions- Senior resident/ Assistant Professor/ Associate Professor/ Professor Qualification- MD Forensic…,https://www.simplyhired.co.in/job/S2AdkLGpsjxjMO0uPfF3PaIiE5rIy2Gr1jgzCXyJ2Da4K0LKwskJAw,2026-07-12T12:31:43Z
simplyhired,x3tSVIYoPjIoYGrmkc6u4D4ojubaBBBn_EE26pyFH7KfSdfhUpEPzg,Staff Nurse,Siddhi Vinayak Hospital,"Maninagar, Ahmedabad, Gujarat",Ahmedabad,,"₹8,086.00 - ₹44,644.67 a month",8086,44645,per_month,full_time,Part-time|Weekend availability|Full-time|Rotational shift,,nurses,hospital,False,Nursing|Patient monitoring|B.Sc|ACLS Certification|ICU experience|Bachelor's degree|In-person|Care plans|Communication skills|Hospital experience,Flexible schedule,,2026-07-09,"Freshers or candidates with 0–3 years of hospital experience. Experience in ICU, OT, Emergency, NICU, or General Ward is an added advantage.",https://www.simplyhired.co.in/job/x3tSVIYoPjIoYGrmkc6u4D4ojubaBBBn_EE26pyFH7KfSdfhUpEPzg,2026-07-12T12:31:43Z
simplyhired,_IlzY91_PZjRjvkn7QEZE_5-mFzytaLi7j2OiRi1eu54hys8qiO3eA,Nutritionist,LONGEFIT HEALTH PVT LTD,"Panampilly Nagar, Kochi, Kerala",Kochi,,"₹18,000 - ₹20,000 a month",18000,20000,per_month,full_time,Full-time,,non_clinical,hospital,False,English|Master's degree|In-person|Communication skills,,,2026-07-10,"Conduct client education sessions on nutrition, supplements, and healthy habits. Sports Nutrition certification is an advantage.",https://www.simplyhired.co.in/job/_IlzY91_PZjRjvkn7QEZE_5-mFzytaLi7j2OiRi1eu54hys8qiO3eA,2026-07-12T12:31:45Z
simplyhired,9g3DdsyyVQbpZrN27iZJvddaJdPhzJwViix4MLvgt3h-b3qNfs4RXA,Senior Resident-OBG,Dayanand Sagar Hospital,"Kanakapura Road, Karnataka",Kanakapura Road,,"₹90,000 - ₹1,00,000 a month",90000,100000,per_month,full_time,Full-time,,non_clinical,hospital,False,Bachelor's degree|Patient care|In-person,,,2026-07-10,"*Emergencies:* Act as the first in-house clinical responder to obstetric and gynecological emergencies (e.g., eclampsia, post-partum hemorrhage) in the triage…",https://www.simplyhired.co.in/job/9g3DdsyyVQbpZrN27iZJvddaJdPhzJwViix4MLvgt3h-b3qNfs4RXA,2026-07-12T12:31:45Z
simplyhired,8_0wgp7fAvtNQWRBz1UHlW41N70-83Juu5yQcqNRMWi1zqRwwGoEsA,Doctor,Duru Cooperation,"Raigad District, Maharashtra",Raigad District,,"₹85,000 - ₹90,000 a month",85000,90000,per_month,full_time,Full-time,,doctors,hospital,False,Medicine|English|Bachelor's degree|EMR systems|In-person|Communication skills,,,2026-07-09,"Minimum 3 years of experience in a hospital or clinical setting. Pay: ₹85,000.00 - ₹90,000.00 per month. We are seeking a qualified and compassionate *Medical…",https://www.simplyhired.co.in/job/8_0wgp7fAvtNQWRBz1UHlW41N70-83Juu5yQcqNRMWi1zqRwwGoEsA,2026-07-12T12:31:45Z
simplyhired,yqGyEhlf5FuH8y4ZCYdQYGk57pb8gs5SqdLXWhocsYXLVn55UzqgLw,Basal Implantologist,Tathastu Dental Clinic,"Bhopal, Madhya Pradesh",Bhopal,,"₹80,000 - ₹1,00,000 a month",80000,100000,per_month,full_time,Full-time,,doctors,hospital,False,Anatomy knowledge|Bachelor's degree|In-person|Diploma|Communication skills,,,2026-07-11,"We are seeking a highly skilled Basal Implantologist to diagnose, plan, and perform advanced basal implant procedures for patients with compromised bone…",https://www.simplyhired.co.in/job/yqGyEhlf5FuH8y4ZCYdQYGk57pb8gs5SqdLXWhocsYXLVn55UzqgLw,2026-07-12T12:31:45Z
simplyhired,MGZB6m2IYgCZCEqZSN75ZlUbHQYEODS3ThGacOhg8NWuSSWuiZU-Vw,Staff Nurse,Aarush consultant & services,"Ranchi, Jharkhand",Ranchi,,"₹25,000 - ₹30,000 a month",25000,30000,per_month,full_time,Full-time,,nurses,hospital,False,B.Sc|Bachelor's degree|In-person|Nursing,Health insurance,,2026-07-10,Hostel Available PF | Insurance | Gratuity | Medical Benefits | Travel Allowance.,https://www.simplyhired.co.in/job/MGZB6m2IYgCZCEqZSN75ZlUbHQYEODS3ThGacOhg8NWuSSWuiZU-Vw,2026-07-12T12:31:45Z
simplyhired,CI2LoxnHQcGrUYNnwsHCUw00IAmP3Ae8vVvHysyMXLbm1GrIZH7h6A,Dialysis Technician,Randhawa Hospital,"Pathankot, Punjab",Pathankot,,"₹12,000 - ₹25,000 a month",12000,25000,per_month,full_time,Full-time,,non_clinical,hospital,False,Anatomy knowledge|In-person|Diploma|Medical terminology,,,2026-07-10,"Pay: ₹12,000.00 - ₹25,000.00 per month. *Patient Care:* Set up, calibrate, and operate dialysis machines; initiate and terminate treatments using strict aseptic…",https://www.simplyhired.co.in/job/CI2LoxnHQcGrUYNnwsHCUw00IAmP3Ae8vVvHysyMXLbm1GrIZH7h6A,2026-07-12T12:31:45Z
simplyhired,4oT-jGSJq3xz2Aa9IA_6vlGE5A41b5W0-brbvrwbqoXZ53VnUSxMNw,Behaviour Therapist,Riya Child Development Center,"Manikonda, Hyderabad, Telangana",Hyderabad,,"₹15,000 - ₹30,000 a month",15000,30000,per_month,full_time,Full-time,,non_clinical,hospital,False,Master's degree|Education|Bachelor's degree|Psychology|In-person|Communication skills,Paid sick time,,2026-07-10,"Prior experience working with children with special needs. The successful candidate will assess, design, and implement individualized behavior intervention…",https://www.simplyhired.co.in/job/4oT-jGSJq3xz2Aa9IA_6vlGE5A41b5W0-brbvrwbqoXZ53VnUSxMNw,2026-07-12T12:31:45Z
simplyhired,Cdx-r__HmDXoBlzKZB67U2SJjyp53eXmR_PhEYaTT4xelKeynYq4ng,Staff Nurse – OT (Experienced),"Auro Care Pvt Ltd.,",Puducherry,Puducherry,,"₹20,000 - ₹30,000 a month",20000,30000,per_month,full_time,,,nurses,hospital,False,B.Sc|Bachelor's degree|In-person|Nursing,Health insurance,,2026-07-10,"Duty Type:* Shift duty with *on-call / call duty*. Willingness to attend *emergency call duties*, night calls, and holidays. Prepare OT for next procedure.",https://www.simplyhired.co.in/job/Cdx-r__HmDXoBlzKZB67U2SJjyp53eXmR_PhEYaTT4xelKeynYq4ng,2026-07-12T12:31:45Z
simplyhired,BH-L2ruK1yraOEJAy-_wdgGgxAYpYEMyVdZ1l5hRKvd54A8YAPpGNg,Regeneration specialist (ayurveda),Research ayu,"Rajouri Garden, Delhi, Delhi",Delhi,,"₹30,000 - ₹50,000 a month",30000,50000,per_month,full_time,Full-time,,doctors,hospital,False,Medicine|Bachelor's degree|In-person,Health insurance,,2026-07-10,"Prescribe Ayurvedic medicines, herbal formulations, dietary recommendations, and lifestyle modifications to promote overall wellness and address specific health…",https://www.simplyhired.co.in/job/BH-L2ruK1yraOEJAy-_wdgGgxAYpYEMyVdZ1l5hRKvd54A8YAPpGNg,2026-07-12T12:31:48Z
simplyhired,hCtgZBEaE3lMIyAg8tKHg8W8zUqA6Rsqiccr6ex8amb3zAfOo6Gegw,Front Desk Executive/Receptionist,Healing hands clinic,"Surat, Gujarat",Surat,,"₹10,000 - ₹20,000 a month",10000,20000,per_month,full_time,Full-time,,non_clinical,hospital,False,12th Pass|Bachelor's degree|In-person|Medical terminology|Office experience,,,2026-07-10,"Handle patient inquiries related to appointments, treatments, services, and general clinic information. Maintain strict confidentiality of patient information…",https://www.simplyhired.co.in/job/hCtgZBEaE3lMIyAg8tKHg8W8zUqA6Rsqiccr6ex8amb3zAfOo6Gegw,2026-07-12T12:31:48Z
simplyhired,VE8uUFOkOcNq8adIQBR_6fXacezWJTUKywvNZxYtNHmjhATDWpI9Yg,Optometrist,Career DiSa,"Bhadradri Kothagudem District, Telangana",Bhadradri Kothagudem District,,"₹23,000 - ₹55,000 a month",23000,55000,per_month,full_time,Full-time,,non_clinical,hospital,False,Nursing|Customer service|In-person|Epic|Communication skills|Time management,Health insurance,,2026-07-11,"Recommend suitable lenses, frames, and contact lenses based on the customer's prescription and lifestyle. Coordinate with the Sales Associate and Store Manager…",https://www.simplyhired.co.in/job/VE8uUFOkOcNq8adIQBR_6fXacezWJTUKywvNZxYtNHmjhATDWpI9Yg,2026-07-12T12:31:48Z
simplyhired,DwwIZocMttg2E60In9kJybPBMRTkMGnJkU5uVYnngfzvsaL5SP6JUQ,Optometrist,TANZA OPTICALS,"Kalpetta, Kerala",Kalpetta,,"₹9,000 - ₹15,000 a month",9000,15000,per_month,full_time,Part-time|Full-time,,non_clinical,hospital,False,Nursing|Microsoft Office|In-person|Epic,Flexible schedule,,2026-07-09,"As the primary point of care for our customers, you will play a vital role in ensuring vision health, providing precise clinical assessments, and delivering a…",https://www.simplyhired.co.in/job/DwwIZocMttg2E60In9kJybPBMRTkMGnJkU5uVYnngfzvsaL5SP6JUQ,2026-07-12T12:31:48Z
simplyhired,V5UeEoTz_-eSWlwEOMQEibzVyQEIN6XjB3XU7j6l6PGS9AWyC9jcZw,Lab Technician,Dataforge Consulting,"Ahmedabad, Gujarat",Ahmedabad,,"₹20,000 - ₹25,000 a month",20000,25000,per_month,full_time,Full-time,,non_clinical,hospital,False,Anatomy knowledge|Blood sampling|Laboratory experience|Computer skills|In-person|Communication skills,,,2026-07-09,"Qualification:* DMLT / BMLT or equivalent certification. We are looking for a dedicated and detail-oriented Lab Technician to perform laboratory tests, handle…",https://www.simplyhired.co.in/job/V5UeEoTz_-eSWlwEOMQEibzVyQEIN6XjB3XU7j6l6PGS9AWyC9jcZw,2026-07-12T12:31:48Z
simplyhired,OFwfZPVvyawqAGer__PsYz0t_BSQ05bOTEQK6YrNbdxVbv3px0P1YA,Neuro Physiotherapist,Physio Karma Solutions Pvt. Ltd.,"Ashok Vihar, Delhi, Delhi",Delhi,,"₹10,000 - ₹12,000 a month",10000,12000,per_month,part_time,Part-time,,non_clinical,hospital,False,Nursing|Anatomy knowledge|Bachelor's degree|In-person|Medical terminology|Communication skills,,,2026-07-11,"Timings* - 3:30 PM to 8:30 PM. Conduct assessment and treatment of neurological patients. Implement therapeutic exercises, balance training, gait training and…",https://www.simplyhired.co.in/job/OFwfZPVvyawqAGer__PsYz0t_BSQ05bOTEQK6YrNbdxVbv3px0P1YA,2026-07-12T12:31:48Z
simplyhired,3vQXt9xhXAc608VKcrxeo89iQgUMkSdE0lzKcFDmmaIaNJx8Lx8Xxg,Lab Technician,Mother Hospital,"Thrissur, Kerala",Thrissur,,Not Disclosed,,,,full_time,Full-time,,non_clinical,hospital,False,B.Sc|Laboratory experience|Analysis skills|Bachelor's degree|In-person,,,2026-07-11,"We are seeking a detail-oriented and motivated Lab Technician to support laboratory operations by performing routine testing, maintaining laboratory equipment,…",https://www.simplyhired.co.in/job/3vQXt9xhXAc608VKcrxeo89iQgUMkSdE0lzKcFDmmaIaNJx8Lx8Xxg,2026-07-12T12:31:48Z
simplyhired,yLhuwYs7FALuD_BTd95nFoqu7Xi91az1NQe2I3eyx_sDY3jZe3f6RA,Consultant aesthetic doctor,Alshifa Cupping Clinic,"Coimbatore, Tamil Nadu",Coimbatore,,"₹30,000 - ₹50,000 a month",30000,50000,per_month,full_time,Full-time,,doctors,hospital,False,Medicine|Anatomy knowledge|English|Bachelor's degree|In-person|Communication skills,,,2026-07-10,"Ensure compliance with all regulatory requirements, including those from relevant medical councils (e.g., Dental Council of India, AYUSH Ministry, or Medical…",https://www.simplyhired.co.in/job/yLhuwYs7FALuD_BTd95nFoqu7Xi91az1NQe2I3eyx_sDY3jZe3f6RA,2026-07-12T12:31:48Z
simplyhired,_rp43gpj3l2nkA3VBnHj8ToJhpl3KOgPLBif-_gPnkvt_aWmtIeBsA,Coder - Profee HCC,Guidehouse,"Chennai, Tamil Nadu",Chennai,,Not Disclosed,,,,full_time,,,non_clinical,hospital,False,Microsoft Excel|Microsoft Office|Travel|Organisational skills|No travel,,,2026-07-08,"Understands in detail the workflow, procedures and specific criteria for the assigned client. Guidehouse offers a comprehensive, total rewards package that…",https://www.simplyhired.co.in/job/_rp43gpj3l2nkA3VBnHj8ToJhpl3KOgPLBif-_gPnkvt_aWmtIeBsA,2026-07-12T12:31:48Z
simplyhired,oHqC5OSOGDaH8D9mdRt4ukzxbh9B3dYt_weL27LlR3KVoIsCVbJXAg,Urgent-Phlebotomist @ Delhi,Watchyourhealth.com India Private Limited,"Delhi, Delhi",Delhi,,"₹12,000 - ₹18,000 a month",12000,18000,per_month,full_time,Full-time|Rotational shift,,non_clinical,hospital,False,Laboratory experience|In-person|Communication skills,,,2026-07-11,\* Collect blood samples for uric acid testing following proper safety and hygiene protocols. \* Ensure accurate labeling and handling of samples.,https://www.simplyhired.co.in/job/oHqC5OSOGDaH8D9mdRt4ukzxbh9B3dYt_weL27LlR3KVoIsCVbJXAg,2026-07-12T12:31:48Z
simplyhired,eiBTVrvGAB50TEWo_U1i-4V-g7BkCc2rezXtD9lsT_plL4HjYw6D2A,Pathologist,Sangi Hospital,"Raya, Uttar Pradesh",Raya,,"₹25,000 - ₹35,000 a month",25000,35000,per_month,full_time,Full-time,,doctors,hospital,False,Medicine|Master's degree|Bachelor's degree|Patient care|In-person,,,2026-07-11,"Sangi Hospital is a multispeciality healthcare institution equipped with modern medical facilities, ICU/NICU/HDU services, emergency care, and specialist…",https://www.simplyhired.co.in/job/eiBTVrvGAB50TEWo_U1i-4V-g7BkCc2rezXtD9lsT_plL4HjYw6D2A,2026-07-12T12:31:48Z
simplyhired,I1EDQMTWrNTc18EUgreXHJ-KyziFNQHRnRaevEzgYtzvv7I4iz7tyQ,Phlebotomist,Genesys Laboratories,"Lucknow, Uttar Pradesh",Lucknow,,Not Disclosed,,,,full_time,Full-time|Call employer,,non_clinical,pharma,False,Laboratory experience|Travel|In-person|Internship|Communication skills|Hospital experience|Time management,,,2026-07-11,Ensure excellent patient care and professionalism. Experienced candidates will be given priority. DMLT / BMLT / Certified Phlebotomy Technician.,https://www.simplyhired.co.in/job/I1EDQMTWrNTc18EUgreXHJ-KyziFNQHRnRaevEzgYtzvv7I4iz7tyQ,2026-07-12T12:31:48Z
simplyhired,r3jYcCP5Dp-IeSBvbzGivYyYc4zSfLRFLhL77CbsA4a9u6G5PrFdNQ,Pharmacy Incharge,"Devadoss hospital, Madurai","Madurai, Tamil Nadu",Madurai,,Not Disclosed,,,,full_time,Full-time,,pharmacists,hospital,False,Bachelor's degree|Patient care|In-person|Hospital experience|Retail sales,,,2026-07-09,"We are looking for an efficient pharmacy incharge to ensure smooth daily operations at our pharmacy. To ensure success as a pharmacy incharge, you should…",https://www.simplyhired.co.in/job/r3jYcCP5Dp-IeSBvbzGivYyYc4zSfLRFLhL77CbsA4a9u6G5PrFdNQ,2026-07-12T12:31:48Z
simplyhired,Cgx4aZw46XslW4BCC_le4dewXkF-EYQ5AuM-NZLFeuK9MkeeLH70rg,Staff Nurse,Aastha Hospital,"Tilak Nagar, Delhi, Delhi",Delhi,,"₹20,000 - ₹30,000 a month",20000,30000,per_month,full_time,Full-time,,nurses,hospital,False,Bachelor's degree|Patient care|In-person|Nursing,Flexible schedule,,2026-07-08,Coordinate with doctors and other healthcare professionals for patient care. Provide quality nursing care to Gynecology and Pediatric patients.,https://www.simplyhired.co.in/job/Cgx4aZw46XslW4BCC_le4dewXkF-EYQ5AuM-NZLFeuK9MkeeLH70rg,2026-07-12T12:31:48Z
simplyhired,nFbOduNK3Om2TYWNsmXWHW0vbmug5YHr9oRUn1B4sOeD3hV0OjAutw,Staff Nurse,Vecura Wellness clinic,"Chennai, Tamil Nadu",Chennai,,"₹15,000 - ₹22,000 a month",15000,22000,per_month,full_time,Full-time,,nurses,hospital,False,Bachelor's degree|Patient care|In-person|Nursing,,,2026-07-10,"The role includes conducting health assessments, assisting with wellness procedures, monitoring client health, providing education on preventive care, and…",https://www.simplyhired.co.in/job/nFbOduNK3Om2TYWNsmXWHW0vbmug5YHr9oRUn1B4sOeD3hV0OjAutw,2026-07-12T12:31:52Z
simplyhired,ZIImmJbocvpQRIFl222IgNlcEre1-dHBPvyEF2xQ15RIZQ7ilaokJw,Lab Technician & Phlebotomist,Cohire Solutions,"Bangalore City, Bengaluru, Karnataka",Bengaluru,,"₹20,000 - ₹30,000 a month",20000,30000,per_month,full_time,Full-time,,non_clinical,hospital,False,Nursing|Blood sampling|12th Pass|Bachelor's degree|Travel|In-person|Medical terminology|Office experience,Commuter assistance,,2026-07-09,"As a *Patient Care Specialist*, you will be responsible for delivering EASE therapy sessions. Using our tDCS device - *EASE *directly in patients’ homes.",https://www.simplyhired.co.in/job/ZIImmJbocvpQRIFl222IgNlcEre1-dHBPvyEF2xQ15RIZQ7ilaokJw,2026-07-12T12:31:52Z
simplyhired,l6IhgEouiXb-SSwznjouZT363NVNP0RDYw81Wcrxd0bf8aH4OwlCvQ,Staff Nurse,Dr.Durais diabetes and foot care centre,"Pudukkottai, Tamil Nadu",Pudukkottai,,"₹6,000 - ₹8,000 a month",6000,8000,per_month,full_time,Full-time,,nurses,hospital,False,Patient monitoring|ICU experience|Bachelor's degree|Patient care|In-person|Diploma|Care plans|Hospital experience|Nursing,,,2026-07-11,"*Patient Assessment:* Conducting physical exams, collecting medical histories, and monitoring patient progress.",https://www.simplyhired.co.in/job/l6IhgEouiXb-SSwznjouZT363NVNP0RDYw81Wcrxd0bf8aH4OwlCvQ,2026-07-12T12:31:52Z
simplyhired,0x0weOcB7nINlB2l-J6pR8U8_PgrOe_LXM0PH5Of9f3_B_ZKDSJ1lA,Resident Medical Officer,ZYMUS HOSPITAL,"Bengaluru, Karnataka",Bengaluru,,"Up to ₹50,000 a month",50000,50000,per_month,full_time,Full-time,,doctors,hospital,False,Bachelor's degree|Patient care|In-person,,,2026-07-09,"Collaborate with nursing staff and other healthcare professionals for multidisciplinary patient management. Participate in clinical audits, continuous medical…",https://www.simplyhired.co.in/job/0x0weOcB7nINlB2l-J6pR8U8_PgrOe_LXM0PH5Of9f3_B_ZKDSJ1lA,2026-07-12T12:31:52Z
simplyhired,rOwAk7JlZhSKXkGubH7cpat3S7cUTvyHFMV3ha0m4iXZi8I5uYAA9w,Psychologist,I Support Foundation,"Amarnath, Maharashtra",Amarnath,,"₹25,000 - ₹35,000 a month",25000,35000,per_month,full_time,Full-time,,doctors,hospital,False,Management|Microsoft Office|Master's degree|In-person|Communication skills,,,2026-07-11,"Interact with parents/clients, address concerns, and maintain high satisfaction levels. Ensure quality service delivery, ethical practice, and proper…",https://www.simplyhired.co.in/job/rOwAk7JlZhSKXkGubH7cpat3S7cUTvyHFMV3ha0m4iXZi8I5uYAA9w,2026-07-12T12:31:52Z
simplyhired,4hLBBie487uq77WZpi1ey0Uv7YMwG6NBKUqueE9dZsV9zVbk6uAW4Q,Lead Physiotherapist,Zeno Physio LLP,"Bengaluru, Karnataka",Bengaluru,,"From ₹35,000 a month",35000,35000,per_month,full_time,Full-time,,non_clinical,hospital,False,Patient monitoring|Master's degree|Supervising experience|Bachelor's degree|In-person|Communication skills,,,2026-07-10,"Maintain strict confidentiality of patient records, clinical information, internal business information, employee information, systems, processes, and other…",https://www.simplyhired.co.in/job/4hLBBie487uq77WZpi1ey0Uv7YMwG6NBKUqueE9dZsV9zVbk6uAW4Q,2026-07-12T12:31:52Z
simplyhired,wTC0CO4rzXzUY2TiRypEoSqP4SGp2JA6IoyAacFIEGJIQMpTMbKv5w,MRD Technician,Billroth Hospitals,"Shenoy Nagar, Chennai, Tamil Nadu",Chennai,,"₹15,000 - ₹22,000 a month",15000,22000,per_month,full_time,Full-time,,non_clinical,hospital,False,Nursing|Bachelor's degree|In-person|Epic|Medical terminology,,,2026-07-09,"*Maintain and organize patient medical records accurately and confidentially.*. *Ensure proper filing, retrieval, and documentation of medical records as per…",https://www.simplyhired.co.in/job/wTC0CO4rzXzUY2TiRypEoSqP4SGp2JA6IoyAacFIEGJIQMpTMbKv5w,2026-07-12T12:31:52Z
simplyhired,x488nN1RUOem3qcQwPdNAo51rtS_Vlf-0pCH7wqhxq3NgE86KuCezQ,Corporate TPA Executive,Surana Hospital & Research Centre,"Malad, Mumbai, Maharashtra",Mumbai,,"₹10,091.56 - ₹32,483.02 a month",10092,32483,per_month,full_time,Full-time,,non_clinical,hospital,False,Bachelor's degree|In-person|Medical terminology,,,2026-07-10,"Pay: ₹10,091.56 - ₹32,483.02 per month. *Claims Processing:* Reviewing and processing cashless and reimbursement claims, ensuring accurate medical coding and…",https://www.simplyhired.co.in/job/x488nN1RUOem3qcQwPdNAo51rtS_Vlf-0pCH7wqhxq3NgE86KuCezQ,2026-07-12T12:31:52Z
simplyhired,RZqmlCLLHjSDNo581EPMfJ8mpwQbJM_oM_xluoTs6q2P9fFVeQVdZA,bams doctor,Karma ayurveda,"Gurugram, Haryana",Gurugram,,"₹30,000 - ₹40,000 a month",30000,40000,per_month,full_time,Full-time,,doctors,hospital,False,Medicine|Bachelor's degree|EMR systems|Computer skills|In-person|Communication skills,,,2026-07-11,"The candidate will assess patients, develop personalized treatment plans, prescribe Ayurvedic medicines, and educate patients on diet, lifestyle, and preventive…",https://www.simplyhired.co.in/job/RZqmlCLLHjSDNo581EPMfJ8mpwQbJM_oM_xluoTs6q2P9fFVeQVdZA,2026-07-12T12:31:52Z
simplyhired,17fOYmElcNKQFXOoJjCXzOLZ_ydcr6jc34CJfcJmk9QTuBsXHN0wfg,RCM - Process Associate,Obvious AI Technology Pvt Ltd,"Vadodara, Gujarat",Vadodara,,"From ₹13,000 a month",13000,13000,per_month,full_time,Overnight shift|Night shift,,non_clinical,hospital,False,English|Bachelor's degree|Typing|In-person|Diploma,,,2026-07-10,"As an RCM Processing Partner, you will be responsible for reviewing, processing, and managing healthcare-related data with accuracy and efficiency, ensuring…",https://www.simplyhired.co.in/job/17fOYmElcNKQFXOoJjCXzOLZ_ydcr6jc34CJfcJmk9QTuBsXHN0wfg,2026-07-12T12:31:52Z
simplyhired,KqWKVwR1-KBs_-lwERK0aYr8k1JVQsgHQ_ojWkZoKorJ3HHZkolaVQ,General Physician,Shankh human resources,"Thane, Maharashtra",Thane,,"₹20,000 - ₹40,000 a month",20000,40000,per_month,full_time,Part-time|Full-time,,doctors,hospital,False,Bachelor's degree|Patient care|In-person,Paid time off|Cell phone reimbursement|Flexible schedule|Food provided,,2026-07-10,"This job post brings to you, immense opportunity to grow. As a general physician, you get to work with a fastest growing, Healthcare chain. The Shree Shakti…",https://www.simplyhired.co.in/job/KqWKVwR1-KBs_-lwERK0aYr8k1JVQsgHQ_ojWkZoKorJ3HHZkolaVQ,2026-07-12T12:31:58Z
simplyhired,kfUVXIKim7_LsU5oDt9Ol1u7i3K4BJO6XTcO27NYD4L0JJLyLQV6mg,Dietician,Vecura Wellness clinic,"Vijayawada, Andhra Pradesh",Vijayawada,,"₹15,000 - ₹20,000 a month",15000,20000,per_month,full_time,,,non_clinical,hospital,False,B.Sc|Master's degree|Bachelor's degree|In-person,,,2026-07-09,"As a Dietitian at Vecura, you will be responsible for providing personalized nutrition guidance, creating customized diet plans, and promoting company products…",https://www.simplyhired.co.in/job/kfUVXIKim7_LsU5oDt9Ol1u7i3K4BJO6XTcO27NYD4L0JJLyLQV6mg,2026-07-12T12:31:58Z
simplyhired,AVdtjtHvmlXWr_pKSmKYwMfBag4VkHILhgKd1vSAo6hYDlKfMjXcxA,Senior Coder - Profee GI Surgery,Guidehouse India Pvt Ltd,"Chennai, Tamil Nadu",Chennai,,Not Disclosed,,,,full_time,Full-time,,non_clinical,hospital,False,Microsoft Excel|Microsoft Office|Travel|Organisational skills|No travel,,,2026-07-08,"Understands in detail the workflow, procedures and specific criteria for the assigned client. Guidehouse offers a comprehensive, total rewards package that…",https://www.simplyhired.co.in/job/AVdtjtHvmlXWr_pKSmKYwMfBag4VkHILhgKd1vSAo6hYDlKfMjXcxA,2026-07-12T12:31:58Z
simplyhired,3TUkOSebjOUk_-Od2tgvxUbrtrDbv9llPTA4p0tGWtvRk7S21Kds0Q,Business and Operations Head,SANDBLAZE DIGITALS PRIVATE LIMITED,"Hyderabad, Telangana",Hyderabad,,"₹21,506.49 - ₹98,418.61 a month",21506,98419,per_month,full_time,Full-time,,non_clinical,hospital,False,Microsoft Word|Microsoft Office|Bachelor's degree|In-person|Communication skills,,,2026-07-11,"\* Someone who thinks like an owner, not just an employee. \* Can increase revenue even with limited walk-ins. Training will be provided for 2 weeks.",https://www.simplyhired.co.in/job/3TUkOSebjOUk_-Od2tgvxUbrtrDbv9llPTA4p0tGWtvRk7S21Kds0Q,2026-07-12T12:31:58Z
simplyhired,QvTc5Gk_RMybvDwFd4q2jfkaqIYfNUCIN7D9sz8Zu5qRBQKUet567g,Dialysis Technician,DMH Muthu's Hospital,"Coimbatore, Tamil Nadu",Coimbatore,,"From ₹17,000 a month",17000,17000,per_month,full_time,Full-time|Call employer,,non_clinical,hospital,False,Patient monitoring|B.Sc|Bachelor's degree|In-person|Diploma|Communication skills,,,2026-07-10,Freshers or candidates with 1–3 years of experience in a dialysis unit are welcome to apply. BLS certification will be an added advantage.,https://www.simplyhired.co.in/job/QvTc5Gk_RMybvDwFd4q2jfkaqIYfNUCIN7D9sz8Zu5qRBQKUet567g,2026-07-12T12:31:58Z
simplyhired,hq2JO_0-C9tOKJniKRt-Yw4u8hSfwBinAE54ZaYeJmv94TmNMWyBhw,Lab Technician,VRR DIAGNOSTICS SERVICES PVT LD,"Chennai, Tamil Nadu",Chennai,,"₹16,000 - ₹20,000 a month",16000,20000,per_month,full_time,Full-time|Call employer|Morning shift|Rotational shift|Evening shift,,non_clinical,pharma,False,Master's degree|Bachelor's degree|In-person|Diploma,Flexible schedule,,2026-07-10,"Knowledge of ELISA, rapid diagnostic tests, and molecular diagnostic techniques (PCR/RT-PCR) is an advantage. Process, prepare, and analyze patient specimens.",https://www.simplyhired.co.in/job/hq2JO_0-C9tOKJniKRt-Yw4u8hSfwBinAE54ZaYeJmv94TmNMWyBhw,2026-07-12T12:31:58Z
simplyhired,lb9vcm8IkCoBjjHJCeV5T6KUG6cwJwwClislofwvG0bX-KF5UwLAQw,Front Desk Receptionist,Health Plus Multi Speciality Hospital,"Krishnarajapuram R S, Bengaluru, Karnataka",Bengaluru,,"₹8,835.94 - ₹25,314.46 a month",8836,25314,per_month,full_time,Weekend availability|Full-time|Rotational shift,,non_clinical,hospital,False,Hospitality|Customer service|Microsoft Office|Bachelor's degree|Computer skills|In-person|Diploma|Communication skills|Time management,Flexible schedule,,2026-07-11,"0–3 years of experience in reception, front office, customer service, or hospital administration. The Receptionist is responsible for managing the hospital…",https://www.simplyhired.co.in/job/lb9vcm8IkCoBjjHJCeV5T6KUG6cwJwwClislofwvG0bX-KF5UwLAQw,2026-07-12T12:31:58Z
simplyhired,uYqwhB8y2uN-tjHTvxBhYcwLUvPAKozlW_lPqWHyLq6npdtRVMOSGg,Wanted Nurse for Residential School,PARAMITA SCHOOLS,"Karimnagar, Telangana",Karimnagar,,"₹18,000 - ₹22,000 a month",18000,22000,per_month,full_time,Weekend availability|Full-time,,nurses,hospital,False,B.Sc|Master's degree|Bachelor's degree|Organisational skills|In-person|Communication skills,Flexible schedule|Food provided,,2026-07-09,"Minimum 1–3 years of experience, preferably in a school, hostel, or healthcare setting. Knowledge of first aid, emergency care, and basic healthcare management.",https://www.simplyhired.co.in/job/uYqwhB8y2uN-tjHTvxBhYcwLUvPAKozlW_lPqWHyLq6npdtRVMOSGg,2026-07-12T12:31:58Z
simplyhired,IcQJT2LiBSAcA6TM1KeUZaOJ3tI0s5iFVzyNhpGle0mGfN-EGcXWsA,GNM,quick learner,"Sirsa, Haryana",Sirsa,,"₹8,000 - ₹20,000 a month",8000,20000,per_month,full_time,Full-time,,nurses,hospital,False,Bachelor's degree|Patient care|In-person|Nursing,,,2026-07-11,Provide quality nursing care to patients as per medical protocols. Monitor patients' vital signs and maintain accurate medical records.,https://www.simplyhired.co.in/job/IcQJT2LiBSAcA6TM1KeUZaOJ3tI0s5iFVzyNhpGle0mGfN-EGcXWsA,2026-07-12T12:31:58Z
simplyhired,xNMbm54CbeHNfCFFXCxsVSU75e86bgsMN62vyaTh7PWi23ACErbccQ,OT Technician,Jammu Hospital Jalandhar,"Jalandhar, Punjab",Jalandhar,,Not Disclosed,,,,full_time,Full-time,,non_clinical,hospital,False,Nursing|English|Master's degree|In-person|Diploma,Flexible schedule,,2026-07-11,"*Preparing the Operating Room*: Setting up surgical instruments and equipment, ensuring everything is sterile and in working order.",https://www.simplyhired.co.in/job/xNMbm54CbeHNfCFFXCxsVSU75e86bgsMN62vyaTh7PWi23ACErbccQ,2026-07-12T12:31:58Z
simplyhired,EVcfiSj8ZLboCmEphHOFM4mLJiDoo4D9ih-8u0VqHtNcQkgNwmKDwg,Front Desk Receptionist,Aarav eye care,"Andheri, Mumbai, Maharashtra",Mumbai,,"₹11,560 - ₹16,380 a month",11560,16380,per_month,full_time,Full-time,,non_clinical,hospital,False,Customer service|Administrative experience|Organisational skills|Typing|In-person|Phone etiquette,Paid sick time,,2026-07-10,*Responsibilities:* *1. Patient Interaction & Reception* *2. Appointment Management* *3. Patient Registration* *4. Billing & Payments* *5. Insurance & TPA…,https://www.simplyhired.co.in/job/EVcfiSj8ZLboCmEphHOFM4mLJiDoo4D9ih-8u0VqHtNcQkgNwmKDwg,2026-07-12T12:31:58Z
simplyhired,jtbXNLUe3o3ourFlv6O5aCfs8YAXTHhhM3qyfgSMvW9XRP6Z7IdnMw,Nursing Superintendent,ASCENT ENT HOSPITAL& MEDICAL CENTRE,"Palakkad, Kerala",Palakkad,,"₹20,000 - ₹50,000 a month",20000,50000,per_month,full_time,Full-time,,nurses,hospital,False,Nursing|B.Sc|Master's degree|Bachelor's degree|In-person|Leadership|Nursing,,,2026-07-11,At least 3–5 years of experience in a nursing leadership or supervisory role. Identify training needs and organise continuous nursing education programs.,https://www.simplyhired.co.in/job/jtbXNLUe3o3ourFlv6O5aCfs8YAXTHhhM3qyfgSMvW9XRP6Z7IdnMw,2026-07-12T12:31:58Z
simplyhired,9Jd4PaO7qEbHDo8cNvylrB8sjsMK0rX0e5WUlpJX6LewajQI2fJg2w,BAMS Doctor,Atiya Healthcare Pvt ltd,"Karol Bagh, Delhi, Delhi",Delhi,,"₹30,000 - ₹55,000 a month",30000,55000,per_month,full_time,Full-time,,doctors,hospital,False,Medicine|English|Bachelor's degree|Computer skills|In-person|Communication skills,,,2026-07-10,We are looking for a qualified and experienced BAMS Doctor to join our healthcare team in Hyderabad. Educate patients on preventive healthcare.,https://www.simplyhired.co.in/job/9Jd4PaO7qEbHDo8cNvylrB8sjsMK0rX0e5WUlpJX6LewajQI2fJg2w,2026-07-12T12:31:58Z
simplyhired,6zTDi2ZUmoTfmSyh7sDzQmt274KBJmPUkfDTu2mp_9QVWoL-KwJe5g,Consultant Gynecologist (OBG),Bharathi Hospital,"Madurai, Tamil Nadu",Madurai,,"From ₹80,000 a month",80000,80000,per_month,full_time,Full-time,,doctors,hospital,False,Bachelor's degree|Patient care|In-person,,,2026-07-09,"Manage antenatal, intranatal, and postnatal care. Perform normal deliveries and Cesarean sections. Diagnose and treat gynecological disorders.",https://www.simplyhired.co.in/job/6zTDi2ZUmoTfmSyh7sDzQmt274KBJmPUkfDTu2mp_9QVWoL-KwJe5g,2026-07-12T12:31:58Z
simplyhired,rEUi9Eg_LtsLYqoOTdJ1I6KJ86xTf3u8KjzNjPJqXXERWhhI5bq0Fg,Clinic Receptionist,Dr Bhardwaj ENT Clinic,"Panchkula, Haryana",Panchkula,,"₹10,000 - ₹15,000 a month",10000,15000,per_month,part_time,Part-time,,non_clinical,hospital,False,Customer service|Administrative experience|12th Pass|Typing|In-person|Office experience,,,2026-07-10,"Call 8054670001 for further assistance. Timings 9:30 to 1:30 pm in the Morning, and 5-8:30 pm in the Evening.",https://www.simplyhired.co.in/job/rEUi9Eg_LtsLYqoOTdJ1I6KJ86xTf3u8KjzNjPJqXXERWhhI5bq0Fg,2026-07-12T12:31:58Z
simplyhired,lH5MXTrLY0EnZ7KVp_gVFX3Et_pqNpPjt21LsVeMldh7XMDW2Vo-tw,Optometrist,Garg Eye Hospital,"Patiala, Punjab",Patiala,,"₹20,000 - ₹40,000 a month",20000,40000,per_month,full_time,Full-time,,non_clinical,hospital,False,Bachelor's degree|Patient care|In-person|Automotive diagnostics|Hospital experience,,,2026-07-10,Total work: 3 years (Preferred). Perform *near vision and binocular vision assessments*. Document examination findings and prescriptions.,https://www.simplyhired.co.in/job/lH5MXTrLY0EnZ7KVp_gVFX3Et_pqNpPjt21LsVeMldh7XMDW2Vo-tw,2026-07-12T12:31:58Z
simplyhired,22-85-epEKXNwtU3agxFyWfjt2peSrG98C-rao9HNFI7req28YRqTg,Dietician,dadu medical centre,"Delhi, Delhi",Delhi,,"₹25,000 - ₹35,000 a month",25000,35000,per_month,full_time,Full-time,,non_clinical,hospital,False,Bachelor's degree|In-person|Diploma|Communication skills,,,2026-07-09,Experience in clinic or healthcare sales will be an advantage. Provide diet consultations to patients and explain diet plans clearly.,https://www.simplyhired.co.in/job/22-85-epEKXNwtU3agxFyWfjt2peSrG98C-rao9HNFI7req28YRqTg,2026-07-12T12:31:58Z
simplyhired,Ae7JSJQX8YIV_WM4ZBVOrX_ZFlNlCRiEpoh83aSzjrP0xAWix0jkaQ,Behavioural Therapist,jeevaniyam ayurveda hospital and research centre,"Edapalli, Kerala",Edapalli,,"₹9,938.94 - ₹40,000.00 a month",9939,40000,per_month,full_time,Full-time,,non_clinical,hospital,False,Microsoft Office|Master's degree|Bachelor's degree|Psychology|In-person|Communication skills,,,2026-07-10,"Conduct behavioural assessments and implement individualized therapy plans. Provide one-to-one behavioural therapy for children with Autism, ADHD, GDD, and…",https://www.simplyhired.co.in/job/Ae7JSJQX8YIV_WM4ZBVOrX_ZFlNlCRiEpoh83aSzjrP0xAWix0jkaQ,2026-07-12T12:32:00Z
simplyhired,gKPA5ACPJk6bW4Olypi5RgfeV5Kr-vmCAE2bwAiBSF65YTA48p5pcg,OHC NURSE,HR Tech IND Consulting,"Khopoli, Maharashtra",Khopoli,,"₹25,000 - ₹28,000 a month",25000,28000,per_month,full_time,Full-time,,nurses,hospital,False,Bachelor's degree|Patient care|In-person|Nursing,,,2026-07-10,"Provide outpatient care, first aid, nursing consultations, coordinate referrals and follow-ups. Health and accidental death insurance coverage.",https://www.simplyhired.co.in/job/gKPA5ACPJk6bW4Olypi5RgfeV5Kr-vmCAE2bwAiBSF65YTA48p5pcg,2026-07-12T12:32:00Z
simplyhired,pcCwsBOGIzq0e5s1x-Ersi0C7Pcd2iUDKrEKhjdQnnTDmSwiqS1zeQ,Patient Counselor,Indriya Biomedics,"Kakkanad, Kochi, Kerala",Kochi,,"₹18,000 - ₹22,000 a month",18000,22000,per_month,full_time,Full-time,,non_clinical,hospital,False,Microsoft Office|Bachelor's degree|In-person|Communication skills|Negotiation|Office experience,,,2026-07-12,"Handle all patient enquiries received through walk-ins, phone calls, WhatsApp, email, and social media. 1-5 years of experience in hospitals, IVF clinics,…",https://www.simplyhired.co.in/job/pcCwsBOGIzq0e5s1x-Ersi0C7Pcd2iUDKrEKhjdQnnTDmSwiqS1zeQ,2026-07-12T12:32:00Z
simplyhired,H-7_Lkd4TfkTGdZ4vJOl2z3NedT9NqRyDiWAbIyAAIdd0y37rS4V1Q,Hospital Pharmacist,Adhiparasakthi Hospitals,"Pakkam, Tamil Nadu",Pakkam,,"₹15,000 - ₹20,000 a month",15000,20000,per_month,full_time,Weekend availability|Full-time|Rotational shift,,pharmacists,hospital,False,Customer service|Microsoft Office|Bachelor's degree|Computer skills|In-person|Diploma|Communication skills,Health insurance|Flexible schedule,,2026-07-11,"Provide medication-related information to patients and healthcare professionals. Report medication errors, adverse drug reactions (ADR), and near-miss incidents…",https://www.simplyhired.co.in/job/H-7_Lkd4TfkTGdZ4vJOl2z3NedT9NqRyDiWAbIyAAIdd0y37rS4V1Q,2026-07-12T12:32:00Z
simplyhired,IGZTa4gygo8K3-0rBKcTgMOyPBZIm-9BICfd_YD4TOLTNxsB_WJa3g,Occupational Therapist,Gifted Minds Menage,"Noida, Uttar Pradesh",Noida,,"From ₹25,000 a month",25000,25000,per_month,full_time,Full-time,,non_clinical,hospital,False,Anatomy knowledge|Bachelor's degree|Pediatrics|In-person|Medical terminology,,,2026-07-10,Requires an occupational therapist who can 1. Assessment 2. Intervention/Session Planning 3. Can work with a multi-disciplinary team We have contract of…,https://www.simplyhired.co.in/job/IGZTa4gygo8K3-0rBKcTgMOyPBZIm-9BICfd_YD4TOLTNxsB_WJa3g,2026-07-12T12:32:00Z
simplyhired,1r0Qb9aRct89fXHzerUdVM1IHajGd1__1BQCfGx87Ts-6t61bTn04Q,Physician Assistant,Sukino Healthcare Solutions,"Bangalore City, Bengaluru, Karnataka",Bengaluru,,"₹25,000 - ₹30,000 a month",25000,30000,per_month,full_time,Full-time,,doctors,hospital,False,Patient care|In-person|Medical terminology|Hospital experience,,,2026-07-10,"We are Hiring Physician Assistant Qualification: BSC Location: Bangalore Pay: ₹25,000.00 - ₹30,000.00 per month Work Location: In…",https://www.simplyhired.co.in/job/1r0Qb9aRct89fXHzerUdVM1IHajGd1__1BQCfGx87Ts-6t61bTn04Q,2026-07-12T12:32:00Z
simplyhired,QWiNJCd8u_eYgJGoSliLiuouj4eRYB1CODd7faPvXMbPY9vCZRjWog,BHMS Fresher-Kannada-Pref-Hyderabad,DR POSITIVE HEALTH SCIENCE PVT LTD,"Hyderabad, Telangana",Hyderabad,,"₹3,00,000 - ₹3,60,000 a year",300000,360000,per_annum,full_time,Full-time,,doctors,hospital,False,Medicine|Doctoral degree|English|Bachelor's degree|In-person|Communication skills,,,2026-07-10,"Languages Required:* Telugu, English & Must, Kannada. Provide virtual consultation support to patients through calls/video consultation.",https://www.simplyhired.co.in/job/QWiNJCd8u_eYgJGoSliLiuouj4eRYB1CODd7faPvXMbPY9vCZRjWog,2026-07-12T12:32:00Z
simplyhired,SxFnTj7RlRmke4gEBj6TYUv3nPNw6bJ1aQF4cBEL0h8GjiRcryFJ3Q,"Wanted Endodontist, Prosthodontist, Maxillofacial Surgeon",Rkr dental skin hair,"Tolichowki, Hyderabad, Telangana",Hyderabad,,"₹40,000 - ₹75,000 a month",40000,75000,per_month,full_time,Full-time,,doctors,hospital,False,Bachelor's degree|In-person|Medical terminology,,,2026-07-11,"Wanted Endodontist, Prosthodontist, Maxillofacial Surgeon full time from 2pm to 9.30pm.",https://www.simplyhired.co.in/job/SxFnTj7RlRmke4gEBj6TYUv3nPNw6bJ1aQF4cBEL0h8GjiRcryFJ3Q,2026-07-12T12:32:00Z
simplyhired,akuijibiBmAG35cSBcVlOntb_g__pIA5mY_ykHOZ8jE1lrWcMAtBcg,Staff Nurse,"Sree Gokulam Medical Center, Attingal","Attingal, Kerala",Attingal,,"₹24,000 - ₹35,000 a month",24000,35000,per_month,full_time,Weekend availability|Full-time|Rotational shift,,nurses,hospital,False,Nursing|Patient monitoring|ACLS Certification|Bachelor's degree|EMR systems|In-person|Diploma|Communication skills|Time management,,,2026-07-09,"Ability to stand, walk, lift, and assist patients for extended periods. Coordinate with multidisciplinary healthcare teams to ensure continuity of care.",https://www.simplyhired.co.in/job/akuijibiBmAG35cSBcVlOntb_g__pIA5mY_ykHOZ8jE1lrWcMAtBcg,2026-07-12T12:32:00Z
simplyhired,qZVV9J4FCI49qTh-CYX-MfiD5MtILCeK_B2lWsQHcd0_GxFg52i_yg,OPD Coordinator,Progenesis IVF,"Andheri West, Mumbai, Maharashtra",Mumbai,,"₹15,000 - ₹25,000 a month",15000,25000,per_month,full_time,Full-time,,non_clinical,hospital,False,Nursing|12th Pass|Bachelor's degree|In-person|Medical terminology|Office experience,Health insurance,,2026-07-10,"Update patient all information in software. Welcoming patients, in-person and answering patient inquires. Do Patient Check in process with registration.",https://www.simplyhired.co.in/job/qZVV9J4FCI49qTh-CYX-MfiD5MtILCeK_B2lWsQHcd0_GxFg52i_yg,2026-07-12T12:32:00Z
simplyhired,5V6Pu2wjRyfrmPNApDr9fI4eT2QMKZLouApBjx1Uc8N1DvRT-524lw,Coder - Profee ED,Guidehouse,"Chennai, Tamil Nadu",Chennai,,Not Disclosed,,,,full_time,,,non_clinical,hospital,False,Microsoft Excel|Microsoft Office|Travel|Organisational skills|No travel,,,2026-07-08,"Understands in detail the workflow, procedures and specific criteria for the assigned client. Guidehouse offers a comprehensive, total rewards package that…",https://www.simplyhired.co.in/job/5V6Pu2wjRyfrmPNApDr9fI4eT2QMKZLouApBjx1Uc8N1DvRT-524lw,2026-07-12T12:32:00Z
simplyhired,XG5WDd6Hwd6KOxNdc7FCyaT9Y2Yj0aSTiHC06P2Nqi4xMLwAOhoVIg,Receptionist,Riddhiz Recruitment Services,"Kannur District, Kerala",Kannur District,,"₹12,000 - ₹25,000 a month",12000,25000,per_month,full_time,Full-time,,non_clinical,hospital,False,Microsoft Word|Microsoft Excel|Microsoft Outlook|Customer service|Microsoft Office|Bachelor's degree|In-person|Diploma|Medical terminology|Communication skills|Time management,Health insurance,,2026-07-10,"1–3 years of experience as a Receptionist in a clinic, hospital, diagnostic center, or healthcare facility. Excellent customer service and interpersonal skills.",https://www.simplyhired.co.in/job/XG5WDd6Hwd6KOxNdc7FCyaT9Y2Yj0aSTiHC06P2Nqi4xMLwAOhoVIg,2026-07-12T12:32:00Z
simplyhired,cQ6gWAdj-GR9Eo5ptaKAQBId9NM0K3AIK6bxFADkAzsXMdXx6tQqBg,Business and Operations Head,SANDBLAZE DIGITALS PVT LTD.,"Hyderabad, Telangana",Hyderabad,,"₹21,506.49 - ₹98,418.61 a month",21506,98419,per_month,full_time,Full-time,,non_clinical,hospital,False,Microsoft Word|Microsoft Office|Bachelor's degree|In-person|Communication skills,,,2026-07-11,"\* Someone who thinks like an owner, not just an employee. \* Can increase revenue even with limited walk-ins. Training will be provided for 2 weeks.",https://www.simplyhired.co.in/job/cQ6gWAdj-GR9Eo5ptaKAQBId9NM0K3AIK6bxFADkAzsXMdXx6tQqBg,2026-07-12T12:32:00Z
simplyhired,7y2zcwy4H-W3w7Q6rH66oVmSNGoKhp9obxAWFxynYg9mDsYT7v-FsA,Pharmacy Assistant,Prabhu Hospital,"Pollachi, Tamil Nadu",Pollachi,,"₹8,086.00 - ₹30,585.95 a month",8086,30586,per_month,full_time,Weekend availability|Full-time|Rotational shift,,pharmacists,hospital,False,Inventory management|Customer service|Bachelor's degree|Computer skills|In-person|Diploma|Communication skills|Time management,Food provided,,2026-07-09,"The Pharmacy Assistant supports the Pharmacy Department by assisting pharmacists in dispensing medications, maintaining inventory, receiving and storing…",https://www.simplyhired.co.in/job/7y2zcwy4H-W3w7Q6rH66oVmSNGoKhp9obxAWFxynYg9mDsYT7v-FsA,2026-07-12T12:32:02Z
simplyhired,GHBlM_BcqPOlC-69n80zqOtjoeU2cuosTocKnEQcATzey2ZeMirygA,Ophthalmic OT Technician,Karpagam Hospital,"Othakkalmandapam, Coimbatore, Tamil Nadu",Coimbatore,,"From ₹18,000 a month",18000,18000,per_month,full_time,Full-time|Call employer,,non_clinical,hospital,False,Bachelor's degree|Patient care|In-person,,,2026-07-11,Minimum 3–5 years of experience in ophthalmic OT (preferred). We are seeking a skilled and dedicated Ophthalmic OT Technician to assist in ophthalmic surgeries…,https://www.simplyhired.co.in/job/GHBlM_BcqPOlC-69n80zqOtjoeU2cuosTocKnEQcATzey2ZeMirygA,2026-07-12T12:32:02Z
simplyhired,1Rnoife9k-xZdv8rj2nqHOCHitXO7rjD4Mc5wL-2EVBr59wozWksGg,Pharmacist,"Ahana Hospitals, kk Nagar","Madurai, Tamil Nadu",Madurai,,"₹13,000 - ₹16,000 a month",13000,16000,per_month,full_time,Weekend availability|Full-time|Call employer|Night shift|Rotational shift|Day shift,,pharmacists,hospital,False,Anatomy knowledge|Bachelor's degree|Patient care|In-person|Hospital experience,Paid sick time,,2026-07-11,Provide medications to other branches of our hospital as needed. Distribute medications under the guidance of our doctors.,https://www.simplyhired.co.in/job/1Rnoife9k-xZdv8rj2nqHOCHitXO7rjD4Mc5wL-2EVBr59wozWksGg,2026-07-12T12:32:02Z
simplyhired,Tgk8OR0BfjdppU5sWWNCv22tiIF3poB7G7CtP4PIsM-JreWgKXWqfQ,Radiologist,HR ACTIVE SERVICE,"Gurgaon H.O, Gurugram, Haryana",Gurugram,,"₹3,00,000 - ₹4,50,000 a month",300000,450000,per_month,full_time,Full-time|Call employer,,doctors,hospital,False,Medicine|In-person,Flexible schedule,,2026-07-10,"We are looking Radiology for our hospital Who have completed MD Radiologist Should be experience min 1 to 5 years in X Ray, Ultra sound ,and CT Scan Urgent…",https://www.simplyhired.co.in/job/Tgk8OR0BfjdppU5sWWNCv22tiIF3poB7G7CtP4PIsM-JreWgKXWqfQ,2026-07-12T12:32:02Z
simplyhired,LrgatqBkCy9IBgGG8CLEsG-Bl0UvgKaSF3waPVBoaM0bnMHSZktiRw,Consultant Physiotherapist,Omniphysiocare,"Kadugodi, Bengaluru, Karnataka",Bengaluru,,"₹22,495.36 - ₹35,632.75 a month",22495,35633,per_month,full_time,Full-time,,non_clinical,hospital,False,Anatomy knowledge|Bachelor's degree|In-person|Medical terminology|Communication skills,Paid sick time,,2026-07-10,Maintain accurate records and collaborate with healthcare teams. Minimum 1–4 years of clinical experience. Ability to independently manage patients.,https://www.simplyhired.co.in/job/LrgatqBkCy9IBgGG8CLEsG-Bl0UvgKaSF3waPVBoaM0bnMHSZktiRw,2026-07-12T12:32:02Z
simplyhired,dNyetyheL3rd8eQurs5ZOn_w8lL85G3lwi_oVhkHI8Tr8uKkQeFejw,Optometrist,Specsmakers Opticians Private Limited,"Kanchipuram, Tamil Nadu",Kanchipuram,,"From ₹22,000 a month",22000,22000,per_month,full_time,Part-time|Full-time,,non_clinical,hospital,False,Nursing|Microsoft Office|In-person|Epic|Communication skills,,,2026-07-11,To handle customer complaints and solve the issues with their vision problem. Interested in retail and customer facing jobs.,https://www.simplyhired.co.in/job/dNyetyheL3rd8eQurs5ZOn_w8lL85G3lwi_oVhkHI8Tr8uKkQeFejw,2026-07-12T12:32:02Z
simplyhired,SRku-uLTwkbFT0Yz84jtA7FH_xL9BfIM6-KV42RwihEcMX_16fVEvQ,Physical Therapist (Outpatient – Orthopedic and Balance),Fyzical,"Mandamarri, Telangana",Mandamarri,,"₹76,000 - ₹1,02,000 a year",76000,102000,per_annum,full_time,Part-time|Full-time,,doctors,hospital,False,Bachelor's degree|Communication skills,Paid holidays|Paid time off|Flexible schedule,,2026-07-11,"We prioritize 40-minute, one-on-one sessions, giving you the time and focus to deliver real impact. Document efficiently with Prompt EMR and AI-driven tools,…",https://www.simplyhired.co.in/job/SRku-uLTwkbFT0Yz84jtA7FH_xL9BfIM6-KV42RwihEcMX_16fVEvQ,2026-07-12T12:32:02Z
simplyhired,T4GeBjE7xw-AqyUlumSsY81uJesgU-s-qEsMcPbv60mcN7YP2Iq56w,Patient Coordinator,BabyJoy Fertility and IVF Centre (P) LTD,"Ludhiana, Punjab",Ludhiana,,"₹20,000 - ₹25,000 a month",20000,25000,per_month,full_time,Full-time|Call employer,,non_clinical,hospital,False,Microsoft Office|12th Pass|Bachelor's degree|In-person|Medical terminology|Office experience,,,2026-07-11,"Clinical Co-ordinator / Patient Co-ordinator*.  Assist to Doctor in OPD.  Lineup Patient for Procedure, time &amp; data.  Coordinate with Patient and Doctor.",https://www.simplyhired.co.in/job/T4GeBjE7xw-AqyUlumSsY81uJesgU-s-qEsMcPbv60mcN7YP2Iq56w,2026-07-12T12:32:02Z
simplyhired,QyGYFuKgyrbelqeGmhGKpDI5xh8BURGArH_aE1opb1czI3qEpXqjfg,OP Secretary for eye Hospital,Chaitanya eye Hospital and research Institute Kesavadasapuram,"Kesavadasapuram, Thiruvananthapuram, Kerala",Thiruvananthapuram,,"₹15,000 - ₹20,000 a month",15000,20000,per_month,full_time,Full-time,,non_clinical,hospital,False,Microsoft Powerpoint|Microsoft Word|Word processing|Master's degree|Bachelor's degree|In-person,Health insurance|Paid time off|Paid sick time,,2026-07-09,"Performs various clerical and administrative functions such as ordering and maintaining an inventory of supplies. Job Types: Regular / Permanent, Full-time.",https://www.simplyhired.co.in/job/QyGYFuKgyrbelqeGmhGKpDI5xh8BURGArH_aE1opb1czI3qEpXqjfg,2026-07-12T12:32:02Z
simplyhired,CJr3cUTp1AB-bmM6Yc4eHIMZIvpHm1Y38qH4MSEsGbwkLoTs5W80TQ,Assistant Store Manager,Vetic - Petpai Technologies Private Ltd,"Adyar, Chennai, Tamil Nadu",Chennai,,"₹30,000 - ₹35,000 a month",30000,35000,per_month,full_time,Full-time,,non_clinical,hospital,False,Sales|Customer service|English|In-person|Leadership|Communication skills|Retail sales,,,2026-07-10,Deliver excellent customer experience while driving sales and KPIs. Analyze sales trends based on footfall and customer behavior.,https://www.simplyhired.co.in/job/CJr3cUTp1AB-bmM6Yc4eHIMZIvpHm1Y38qH4MSEsGbwkLoTs5W80TQ,2026-07-12T12:32:02Z
simplyhired,26rMF8Asf5b7N9fjmytw78tuU4vQ2ZupUAe2Fuza54uUhMfPjTDOng,Staff Nurse,Hair O Craft Hair and Skin Clinic,"Madurai, Tamil Nadu",Madurai,,"₹20,000 - ₹25,000 a month",20000,25000,per_month,full_time,Full-time,,nurses,hospital,False,B.Sc|Bachelor's degree|In-person|Nursing,,,2026-07-10,Valid Tamil Nadu Nursing Council Registration. 1–2 years of clinical experience preferred. Freshers with good clinical knowledge may also apply.,https://www.simplyhired.co.in/job/26rMF8Asf5b7N9fjmytw78tuU4vQ2ZupUAe2Fuza54uUhMfPjTDOng,2026-07-12T12:32:06Z
simplyhired,Xnr41113aqeYzlfUITTGJOYZilVmV_Lv5b3znI0YqDPQ4Sra29NkcA,Dietician Trainer,Vecura Wellness clinic,"Ambattur, Chennai, Tamil Nadu",Chennai,,"₹18,000 - ₹25,000 a month",18000,25000,per_month,full_time,Full-time,,non_clinical,hospital,False,Microsoft Office|Master's degree|Bachelor's degree|In-person|Communication skills,,,2026-07-11,"Stay updated on the latest nutrition research, dietary guidelines, and industry trends. 2–3 years of experience as a Dietician, Nutritionist, or Dietician…",https://www.simplyhired.co.in/job/Xnr41113aqeYzlfUITTGJOYZilVmV_Lv5b3znI0YqDPQ4Sra29NkcA,2026-07-12T12:32:06Z
simplyhired,YRg8G9Lkh18lig3qZwtxTBuapJ9AvfshPMkIPzj6odPC3-Le8CmwVw,RCM QA Specialist,ModMed Technologies India Private Limited,"Cyberabad, Hyderabad, Telangana",Hyderabad,,Not Disclosed,,,,full_time,Full-time,,non_clinical,hospital,False,Microsoft Excel|Bachelor's degree,Paid holidays|Paid sick time,,2026-07-08,"As an individual contributor, you will focus on high-impact quality assurance activities that drive operational excellence:",https://www.simplyhired.co.in/job/YRg8G9Lkh18lig3qZwtxTBuapJ9AvfshPMkIPzj6odPC3-Le8CmwVw,2026-07-12T12:32:06Z
simplyhired,8zdfSMvZFBxg6okK98Dz47CmibOoxvRZf-23YWToc3WISW-bmd0V5A,Staff Nurse (Labour room),PVS Sunrise Hospital,"Calicut, Kerala",Calicut,,"₹15,000 - ₹20,000 a month",15000,20000,per_month,full_time,Weekend availability|Full-time|Rotational shift,,nurses,hospital,False,Nursing|B.Sc|Bachelor's degree|In-person|Communication skills|Nursing|Time management,,,2026-07-10,"Collaborate effectively with doctors and other healthcare professionals. The ideal candidate will work closely with obstetricians, pediatricians, and the…",https://www.simplyhired.co.in/job/8zdfSMvZFBxg6okK98Dz47CmibOoxvRZf-23YWToc3WISW-bmd0V5A,2026-07-12T12:32:06Z
simplyhired,k2SSDASQiqS7Wc1y-LBobKg00tTMQyCiKjv4TzMZpVYnh0a-Uh-jiw,Staff Nurse,Golden Leaf Home Care,"Coimbatore, Tamil Nadu",Coimbatore,,"₹18,000 - ₹35,000 a month",18000,35000,per_month,full_time,Full-time|Call employer,,nurses,hospital,False,Nursing|B.Sc|Bachelor's degree|In-person|Communication skills,Flexible schedule|Food provided,,2026-07-11,Are you ok with the job home care nurse. Provide quality nursing care to patients. Administer medications and monitor vital signs.,https://www.simplyhired.co.in/job/k2SSDASQiqS7Wc1y-LBobKg00tTMQyCiKjv4TzMZpVYnh0a-Uh-jiw,2026-07-12T12:32:06Z
simplyhired,JKN8EU4g1bBiAaG8ezglPMT1H38a9A4z00x3iEJugvW3HesrlDfPQQ,Phlebotomist,Watchyourhealth.com India Private Limited,"Kota, Rajasthan",Kota,,"₹10,000 - ₹17,000 a month",10000,17000,per_month,full_time,Full-time|Rotational shift,,non_clinical,hospital,False,Laboratory experience|In-person|Medical terminology|Communication skills|Hospital experience,,,2026-07-08,\* Collect blood samples for uric acid testing following proper safety and hygiene protocols. \* Ensure accurate labeling and handling of samples.,https://www.simplyhired.co.in/job/JKN8EU4g1bBiAaG8ezglPMT1H38a9A4z00x3iEJugvW3HesrlDfPQQ,2026-07-12T12:32:06Z
simplyhired,hVrSDGVgGo3iUMnaxDsejY8eRvpyIuFjkaC6jsOKARNggfGeEhrDFw,Staff Nurse,"Auro Care Pvt Ltd.,","Puducherry, Puducherry",Puducherry,,"From ₹13,000 a month",13000,13000,per_month,full_time,Full-time,,nurses,hospital,False,Bachelor's degree|Patient care|In-person|Nursing,Health insurance,,2026-07-10,"The Staff Nurse is responsible for providing high-quality nursing care to patients by following established clinical protocols, ensuring patient safety, comfort…",https://www.simplyhired.co.in/job/hVrSDGVgGo3iUMnaxDsejY8eRvpyIuFjkaC6jsOKARNggfGeEhrDFw,2026-07-12T12:32:06Z
simplyhired,uMbfWel7fNOnt8UFmMV3ijrPtLa6Ip_LU_cf0sUQUK5qr0_rXMXW8g,Manager – Laboratory,Micro genomics India Pvt Ltd,"Thousand Lights, Tamil Nadu",Thousand Lights,,Not Disclosed,,,,full_time,Email|Full-time,,non_clinical,hospital,False,B.Sc|Laboratory experience|Microsoft Office|Master's degree|Supervising experience|Presentation skills|Bachelor's degree|Team management|In-person|Communication skills,,,2026-07-10,"Additional certifications in laboratory management or quality systems are an advantage. We specialize in advanced clinical genomics services, utilizing Next…",https://www.simplyhired.co.in/job/uMbfWel7fNOnt8UFmMV3ijrPtLa6Ip_LU_cf0sUQUK5qr0_rXMXW8g,2026-07-12T12:32:06Z
simplyhired,-FfSDHYL1FZmRm-wUQWs8BjtHfhhyXyFGFyaVTT_tWpOJZmgbUkG3A,Hospital Pharmacist,Prema Hospital,"Karumathampatti, Coimbatore, Tamil Nadu",Coimbatore,,"₹15,000 - ₹20,000 a month",15000,20000,per_month,full_time,Full-time,,pharmacists,hospital,False,Anatomy knowledge|Bachelor's degree|Patient care|In-person|Hospital experience,Health insurance|Food provided,,2026-07-09,\* Dispenes medicinees as per doctor's prescription. \* Maintain pharmacy stock and records. \* Guide patients on proper medication usage.,https://www.simplyhired.co.in/job/-FfSDHYL1FZmRm-wUQWs8BjtHfhhyXyFGFyaVTT_tWpOJZmgbUkG3A,2026-07-12T12:32:06Z
simplyhired,Lk2I0jahQ5wpx1EeuLcFvbse6CwTh7kwLNc0dGfinlXd2sYhtN5AyQ,Lab Technician,Soundarapandian bone and joint Hospital and Research Institute Pvt Ltd.,"Chennai, Tamil Nadu",Chennai,,"₹18,000 - ₹30,000 a month",18000,30000,per_month,full_time,Full-time|Call employer,Walk-in,non_clinical,hospital,False,Blood sampling|B.Sc|Bachelor's degree|In-person,Health insurance|Paid time off,,2026-07-09,"For further clarification contact : 9597907008 *_*(call between 11 AM to 6 PM on weekdays)*_. Required experience in blood bank *. 8.00 PM, 8.00 PM to 8 AM*.",https://www.simplyhired.co.in/job/Lk2I0jahQ5wpx1EeuLcFvbse6CwTh7kwLNc0dGfinlXd2sYhtN5AyQ,2026-07-12T12:32:06Z
simplyhired,35c_L1P-2e2ZwqbCD4iUGqtSAFKFln87UIBn2PHxWnLGUVV82oYPDQ,Endodontist,SmileWide dental Clinic,"Zirakpur, Punjab",Zirakpur,,"₹20,000 - ₹35,000 a month",20000,35000,per_month,full_time,Part-time|Full-time,,non_clinical,hospital,False,English|Master's degree|Bachelor's degree|In-person|Medical terminology,,,2026-07-12,✔ *Diagnose & Treat* diseases of the dental pulp and nerves with precision. ✔ *Perform Root Canal Treatments* and other specialized endodontic procedures.,https://www.simplyhired.co.in/job/35c_L1P-2e2ZwqbCD4iUGqtSAFKFln87UIBn2PHxWnLGUVV82oYPDQ,2026-07-12T12:32:06Z
simplyhired,J4voll9QAxETb_UJdj96EbbvQFW8IX3P7mk8dp3sY1jCxSUPX9JtWg,Medical Billing Executive,Health square,"Hauz Khas, Delhi, Delhi",Delhi,,"₹14,731 - ₹25,000 a month",14731,25000,per_month,full_time,Full-time,,non_clinical,hospital,False,Bachelor's degree|In-person|Medical terminology,Cell phone reimbursement,,2026-07-11,Wanted a billing executive for diagnostic center health square in hauz khas in south delhi who has experience of billing in hospital or diagnostic centre…,https://www.simplyhired.co.in/job/J4voll9QAxETb_UJdj96EbbvQFW8IX3P7mk8dp3sY1jCxSUPX9JtWg,2026-07-12T12:32:06Z
simplyhired,owqmlBIDz8ySNXM2XJoBK1B3TbhFe07BU09wCauMpa4pzYqtGDn1Rw,Hospital Billing Executive,Neuralbits Technologies Pvt Ltd,"Bhandup, Mumbai, Maharashtra",Mumbai,,"₹30,000 - ₹45,000 a month",30000,45000,per_month,full_time,Full-time,,non_clinical,hospital,False,Microsoft Excel|Bachelor's degree|Medical terminology|Communication skills,Commuter assistance|Paid sick time,,2026-07-10,"Do you have experience in hospital operations and billing, along with the ability to confidently demonstrate HMS software to prospective clients?",https://www.simplyhired.co.in/job/owqmlBIDz8ySNXM2XJoBK1B3TbhFe07BU09wCauMpa4pzYqtGDn1Rw,2026-07-12T12:32:06Z
simplyhired,xRx7dLhQEQZMYMNzZGmRAfhj56qZWai4sDLzdKwfCFFJLOFFg42ibg,Staff Nurse,DRG JPMC Hyderabad,"Jubliee Hills, Hyderabad, Telangana",Hyderabad,,"₹25,000 - ₹35,000 a month",25000,35000,per_month,full_time,Full-time,,nurses,hospital,False,B.Sc|Bachelor's degree|In-person|Nursing,,,2026-07-09,"\* Coordinate with doctors and healthcare teams to provide quality, patient-centric care. Experience: 1–4 years of clinical experience as a Staff Nurse (\*…",https://www.simplyhired.co.in/job/xRx7dLhQEQZMYMNzZGmRAfhj56qZWai4sDLzdKwfCFFJLOFFg42ibg,2026-07-12T12:32:06Z
simplyhired,zXIqaKHN28wyp4arVzG7hEifI7znO4cnpNAPW4A3aCDquMEERwdFsw,Ar caller,Ags healthcare,"Chennai, Tamil Nadu",Chennai,,"₹14,000 a month",14000,14000,per_month,full_time,Full-time|Night shift,,non_clinical,hospital,False,English|Microsoft Office|Typing|In-person|Communication skills,Health insurance|Paid sick time,,2026-07-10,"The AR Caller will be responsible for handling insurance claim follow-ups, resolving denied claims, and ensuring timely reimbursement from insurance companies.",https://www.simplyhired.co.in/job/zXIqaKHN28wyp4arVzG7hEifI7znO4cnpNAPW4A3aCDquMEERwdFsw,2026-07-12T12:32:06Z
simplyhired,ef84kw3ihN8q-8q_yeiY4yw0y47EvepE4_dn7ZmALoF1ixUqEMipHg,Pharmacist,umarani multi hospital,"Krishnagiri, Tamil Nadu",Krishnagiri,,"₹8,259.24 - ₹30,135.05 a month",8259,30135,per_month,full_time,Full-time|Rotational shift,,pharmacists,hospital,False,Anatomy knowledge|Bachelor's degree|Patient care|Computer skills|In-person|Communication skills|Hospital experience,Health insurance|Paid time off|Flexible schedule|Food provided|Paid sick time,,2026-07-09,0–3 years of experience in a hospital or retail pharmacy (freshers may also apply). Ability to work in rotational shifts and as part of a healthcare team.,https://www.simplyhired.co.in/job/ef84kw3ihN8q-8q_yeiY4yw0y47EvepE4_dn7ZmALoF1ixUqEMipHg,2026-07-12T12:32:06Z
simplyhired,VVHvF79r--wxkWX3hb-YAV-I9iiI7x24qQDxHMcRun8RTAtsT7iOVw,Hair Transplant Surgeon,Kavish Aesthetic Skin & Hair Clinic,"Salem, Tamil Nadu",Salem,,"₹25,000 - ₹50,000 a month",25000,50000,per_month,full_time,Full-time,,doctors,hospital,False,Medicine|Bachelor's degree|Patient care|In-person|Communication skills,,,2026-07-11,Minimum *2–3 years* of experience in Hair Transplant Surgery. Minimum *2–3 years* of experience in Hair Transplant Surgery.,https://www.simplyhired.co.in/job/VVHvF79r--wxkWX3hb-YAV-I9iiI7x24qQDxHMcRun8RTAtsT7iOVw,2026-07-12T12:32:11Z
simplyhired,42emjzxlV-AZpWjtRLMyVlFA3HBNnsQaAbv6EttfgYVIeaISyI_e7A,Junior Dentist/General Dentist,Vani Dental Care,"Chennai, Tamil Nadu",Chennai,,"From ₹7,000 a month",7000,7000,per_month,full_time,Part-time|Full-time|Morning shift|Evening shift,,doctors,hospital,False,Bachelor's degree|In-person|Internship|Medical terminology,,,2026-07-09,Good opportunity for freshers to gain a clinical exposure under experienced Prosthodontist and other visiting consultant specialists.,https://www.simplyhired.co.in/job/42emjzxlV-AZpWjtRLMyVlFA3HBNnsQaAbv6EttfgYVIeaISyI_e7A,2026-07-12T12:32:11Z
simplyhired,V3vovPQ9EU9zjDpPEHA9NPJ7npSfTRhaChQYfANmbddlHj5wewUnxA,Pharmacist,Dr. Tina's Skin Solutionz,"Bengaluru, Karnataka",Bengaluru,,"Up to ₹30,000 a month",30000,30000,per_month,full_time,Full-time,,pharmacists,hospital,False,Anatomy knowledge|English|Bachelor's degree|Patient care|In-person|Hospital experience,,,2026-07-09,"Need Pharmacist with 1-3 years of experience. Job Types: Full-time, Permanent. Job Types: Full-time, Permanent. Pay: Up to ₹300,000.00 per year.",https://www.simplyhired.co.in/job/V3vovPQ9EU9zjDpPEHA9NPJ7npSfTRhaChQYfANmbddlHj5wewUnxA,2026-07-12T12:32:11Z
simplyhired,05m9iPRKAU6knRYTrtX3Yc47Ne-kgzixUqH0k6KAKRky4mzvEewUZg,Dialysis Technician,Madha Medical College & Research Institute,"Kundrathur, Chennai, Tamil Nadu",Chennai,,"₹15,000 - ₹22,000 a month",15000,22000,per_month,full_time,Weekend availability|Full-time|Rotational shift,,non_clinical,hospital,False,Patient monitoring|Bachelor's degree|In-person|Diploma|Medical terminology|Communication skills,,,2026-07-09,"₹15,000 – ₹22,000 per month (based on experience). Assist in patient education regarding dialysis care and treatment.",https://www.simplyhired.co.in/job/05m9iPRKAU6knRYTrtX3Yc47Ne-kgzixUqH0k6KAKRky4mzvEewUZg,2026-07-12T12:32:11Z
simplyhired,4017Uon0yIHTyXJANgZ3YHMyugxwoOtYeztMeJ21g8fDPQsuJcUwzQ,Receptionist,Signature18 Clinic,"Coimbatore, Tamil Nadu",Coimbatore,,"₹15,000 - ₹20,000 a month",15000,20000,per_month,full_time,Full-time,,non_clinical,hospital,False,English|Administrative experience|Computer skills|In-person|Communication skills|Office experience,,,2026-07-10,"✔ Friendly, polite & customer-oriented personality. ✔ Well-groomed & professional appearance. ✔ Good spoken English & communication skills.",https://www.simplyhired.co.in/job/4017Uon0yIHTyXJANgZ3YHMyugxwoOtYeztMeJ21g8fDPQsuJcUwzQ,2026-07-12T12:32:11Z
simplyhired,01SuDSgzM5WMOtdRufVOd1W-SgH80AffeYq3g4J-sn9XC1MkxWlkoA,Staff nurse,AKA HEALTH CARE,"RamamurthyNagar, Karnataka",RamamurthyNagar,,"₹8,086 - ₹25,000 a month",8086,25000,per_month,full_time,Full-time,,nurses,hospital,False,Anatomy knowledge|Vital signs|Bachelor's degree|In-person|Medical terminology,Paid time off|Flexible schedule|Paid sick time,,2026-07-09,"Pay: ₹8,086.00 - ₹25,000.00 per month. The Clinic Nurse is responsible for providing safe, efficient, and compassionate nursing care to patients in the…",https://www.simplyhired.co.in/job/01SuDSgzM5WMOtdRufVOd1W-SgH80AffeYq3g4J-sn9XC1MkxWlkoA,2026-07-12T12:32:11Z
simplyhired,4p7-iLBfyJgLdPgGosjUUDJN1wv5cMzPoWvKNrWiYQ33EhxapV9bCA,Speech Language Pathologist/ Therapist,Rising Sun Child Development Center,"Shivam Road, Hyderabad, Telangana",Hyderabad,,"₹30,000 - ₹35,000 a month",30000,35000,per_month,full_time,Full-time,,non_clinical,hospital,False,Anatomy knowledge|Bachelor's degree|In-person|Medical terminology|Communication skills,,,2026-07-10,"Diagnose speech and language disorders, including articulation, phonology, fluency, voice, and receptive/expressive language delays.",https://www.simplyhired.co.in/job/4p7-iLBfyJgLdPgGosjUUDJN1wv5cMzPoWvKNrWiYQ33EhxapV9bCA,2026-07-12T12:32:11Z
simplyhired,3bVpWinqMDLboVxfy-68FhCAkwj9_RiTYQMhRjk4hnbbpVLdbXQqJQ,Child Development Therapist,SABINE HOSPITAL & RESEARCH CENTRE PVT LTD,"Kollam, Kerala",Kollam,,Not Disclosed,,,,full_time,Email|Full-time,,non_clinical,hospital,False,English|Microsoft Office|Master's degree|In-person|Diploma,,,2026-07-10,"Salary should be based on interview performance & experience . 0-1 *year of experience working with children *is mandatory. Job Types: Full-time, Permanent.",https://www.simplyhired.co.in/job/3bVpWinqMDLboVxfy-68FhCAkwj9_RiTYQMhRjk4hnbbpVLdbXQqJQ,2026-07-12T12:32:11Z
simplyhired,hfQfv9AzHqnhKNJ6AHURj5SGv2Wj1VSe6vj8FfA1Axk7T1PXK2vJCA,Paediatric Oncology Nutritionist (Trivandrum),Cuddles Foundation,"Thiruvananthapuram, Kerala",Thiruvananthapuram,,"₹25,000 - ₹35,000 a month",25000,35000,per_month,full_time,Full-time,,doctors,hospital,False,Microsoft Excel|English|Master's degree|Bachelor's degree|In-person|Diploma|Care plans|Communication skills|Hospital experience,Health insurance|Paid time off,,2026-07-11,"And evaluation, and publishing case studies. Data doesn’t scare you. → At least a 6-month internship at a multispecialty hospital and 1.5 years work experience.",https://www.simplyhired.co.in/job/hfQfv9AzHqnhKNJ6AHURj5SGv2Wj1VSe6vj8FfA1Axk7T1PXK2vJCA,2026-07-12T12:32:11Z
simplyhired,IDMaXorFk0ZjK89ifh_ajHg96g8v9dHYX6OBkwyWRPmehSPeDsByNA,Receptionist & Sonography Assistant (Andheri ) Part / Full Time,Vital Smart Diagnostics,"Mumbai, Maharashtra",Mumbai,,"₹10,000 - ₹20,000 a month",10000,20000,per_month,full_time,Full-time,,non_clinical,pharma,False,Customer service|Microsoft Office|12th Pass|Bachelor's degree|Computer skills|In-person|Medical terminology|Communication skills|Office experience,,,2026-07-10,"Receptionist must be professionally inclined, telephonic and face-to-face communication skills, hardworking, basic computer knowledge and a team player.",https://www.simplyhired.co.in/job/IDMaXorFk0ZjK89ifh_ajHg96g8v9dHYX6OBkwyWRPmehSPeDsByNA,2026-07-12T12:32:11Z
simplyhired,stakHV15SLMIefFtL2LHJEAXx9tKVcRs3x3dk9RBmdKZiE3M6x3qgQ,"Pathology Lab Technician @ SRV Rajebahadur Hospital, Nashik",SRV Rajebahadur Hospital LLP,"Nashik, Maharashtra",Nashik,,"₹25,000 - ₹30,000 a month",25000,30000,per_month,full_time,Full-time,,non_clinical,hospital,False,Anatomy knowledge|Blood sampling|Laboratory experience|In-person,,,2026-07-11,"Collect, label, and process blood, urine, and other specimens. Perform routine laboratory tests as per standard protocols.",https://www.simplyhired.co.in/job/stakHV15SLMIefFtL2LHJEAXx9tKVcRs3x3dk9RBmdKZiE3M6x3qgQ,2026-07-12T12:32:11Z
simplyhired,RYvoz5rzlNLO1IZeo4QxTYObkCgDNd4J1TcX56tQGAl5UiEamsRWUA,Team Lead E&M,Guidehouse,"Chennai, Tamil Nadu",Chennai,,Not Disclosed,,,,full_time,,,non_clinical,hospital,False,HIPAA|Travel|Organisational skills|No travel,,,2026-07-08,"Guidehouse offers a comprehensive, total rewards package that includes competitive compensation and a flexible benefits package that reflects our commitment to…",https://www.simplyhired.co.in/job/RYvoz5rzlNLO1IZeo4QxTYObkCgDNd4J1TcX56tQGAl5UiEamsRWUA,2026-07-12T12:32:11Z
simplyhired,9F79mokkXFxVBXNzJcZK7qz2yWgwIQHKtLFUen4i7GcDGQxkGe4rwA,Assistant Pharmacist,myMD Healthcare Pvt Ltd,"Howrah, West Bengal",Howrah,,"₹12,000 - ₹16,000 a month",12000,16000,per_month,full_time,Full-time|Rotational shift,,pharmacists,hospital,False,Anatomy knowledge|Bachelor's degree|Patient care|In-person|Hospital experience,,,2026-07-09,Shift Time- 7:00am-5:00pm/12:00pm-10:00am(Rotational Shift). Minimum *1.5 years *of experience in a Retail Pharmacy. Providing patient counseling on drug use.,https://www.simplyhired.co.in/job/9F79mokkXFxVBXNzJcZK7qz2yWgwIQHKtLFUen4i7GcDGQxkGe4rwA,2026-07-12T12:32:11Z
simplyhired,De3GWcqWnthnwoMB5OYw4nKCk6lYya6VuKkfCbVl7AuVVI7BV03VOg,Pharmacy Assistant,Relief Medicals Kottakkal LLP,"Kottakkal, Kerala",Kottakkal,,"From ₹13,000 a month",13000,13000,per_month,full_time,Full-time|Evening shift,,pharmacists,hospital,False,Medication administration|Sales|Customer service|12th Pass|Patient care|In-person|Medical terminology|Communication skills,,,2026-07-11,Previous experience in a pharmacy or healthcare setting is an advantage. Pharmacy Assistants play a key role in providing excellent customer service and…,https://www.simplyhired.co.in/job/De3GWcqWnthnwoMB5OYw4nKCk6lYya6VuKkfCbVl7AuVVI7BV03VOg,2026-07-12T12:32:14Z
simplyhired,QKRT8vtOk9J6I_Mojrk8VwSOZ4M4go9wHytxVtHX52yUGlYw_5Cpvw,Lab Trainee,Genesys Laboratories,"Lucknow, Uttar Pradesh",Lucknow,,Not Disclosed,,,,full_time,Full-time,,non_clinical,pharma,False,Blood sampling|Laboratory experience|In-person|Communication skills,,,2026-07-11,BMLT / DMLT (Completed or Final Year). Basic knowledge of laboratory procedures. Good communication and willingness to learn.,https://www.simplyhired.co.in/job/QKRT8vtOk9J6I_Mojrk8VwSOZ4M4go9wHytxVtHX52yUGlYw_5Cpvw,2026-07-12T12:32:14Z
simplyhired,9rAgqgcGR-qYRUwzw9rVCZRGQjzeYV8xGIcvUQ13qvbsv3AXs9_bgg,Residential Medical Officer,Healing Earth Multispecialty Ayurveda Hospital,"Bengaluru, Karnataka",Bengaluru,,"₹25,000 - ₹3,00,000 a month",25000,300000,per_month,full_time,Full-time,Walk-in,doctors,hospital,False,Bachelor's degree|Patient care|In-person|Communication skills,,,2026-07-09,"The candidate should have strong communication skills, good technical knowledge of Ayurveda, and the ability to interact confidently with patients.",https://www.simplyhired.co.in/job/9rAgqgcGR-qYRUwzw9rVCZRGQjzeYV8xGIcvUQ13qvbsv3AXs9_bgg,2026-07-12T12:32:14Z
simplyhired,OwMVTTa2iRJ6AMDjnCkryJmrkn5qffwRqtUmJ5unFgCDudKFqDU7jg,Regional Sales Manager,Pachouli Wellness Clinic,"Noida, Uttar Pradesh",Noida,,"₹50,000 - ₹70,000 a month",50000,70000,per_month,full_time,Full-time,,non_clinical,hospital,False,CRM software|Management|Microsoft Office|Bachelor's degree|In-person|Leadership,Flexible schedule,,2026-07-11,"The Clinic Head will oversee a team of doctors, therapists, counsellors, and front office executives to deliver high-quality client experiences, drive business…",https://www.simplyhired.co.in/job/OwMVTTa2iRJ6AMDjnCkryJmrkn5qffwRqtUmJ5unFgCDudKFqDU7jg,2026-07-12T12:32:14Z
simplyhired,nimDpVHOA1A9rpqb3JzBH4EsAR_Md7LOUZkP-Z4XUcEUaBLT5opKeQ,Operation Theatre Technician,ANBU HOSPITAL CHENNAI,"Velachery, Chennai, Tamil Nadu",Chennai,,"₹12,000 - ₹22,000 a month",12000,22000,per_month,full_time,Full-time,,non_clinical,hospital,False,Nursing|12th Pass|In-person|Diploma,Food provided,,2026-07-08,"*Prepare the Operating Theatre:* Lay out surgical instruments, sterilize equipment, and ensure all necessary supplies are available for procedures.",https://www.simplyhired.co.in/job/nimDpVHOA1A9rpqb3JzBH4EsAR_Md7LOUZkP-Z4XUcEUaBLT5opKeQ,2026-07-12T12:32:14Z
simplyhired,m8CWtu-qSAGPovFcnBSfnxrd4vR44icakCLEH1p-PFCJzFoNwXXLRA,Coder - Profee Orthopedics Surgery,Guidehouse,"Chennai, Tamil Nadu",Chennai,,Not Disclosed,,,,full_time,,,doctors,hospital,False,Microsoft Excel|Microsoft Office|Travel|Organisational skills|No travel,,,2026-07-09,"Understands in detail the workflow, procedures and specific criteria for the assigned client. Guidehouse offers a comprehensive, total rewards package that…",https://www.simplyhired.co.in/job/m8CWtu-qSAGPovFcnBSfnxrd4vR44icakCLEH1p-PFCJzFoNwXXLRA,2026-07-12T12:32:14Z
simplyhired,E7-XcWgW8MPqZzSsIgIp4hVc8OtK9Ef-YFZC7jfeYQG8x2-drwcJvA,Home Care Nurse,Care Bridge Home,"Kochi, Kerala",Kochi,,"₹22,000 - ₹35,000 a month",22000,35000,per_month,full_time,Call employer,,nurses,hospital,False,Bachelor's degree|Patient care|In-person|Nursing,Food provided,,2026-07-10,"As part of our *professional home care team*, you will receive *training and ongoing support* to ensure quality care delivery and personal career growth.",https://www.simplyhired.co.in/job/E7-XcWgW8MPqZzSsIgIp4hVc8OtK9Ef-YFZC7jfeYQG8x2-drwcJvA,2026-07-12T12:32:14Z
simplyhired,XPh91nI5u6Ok9otW7ViM5ADdqx0lY_wdWca-7jqz7yia-hB_8ooKJQ,Operation Theatre Nurse / Senior / Team Leader,SRV Hospital,"Chembur, Mumbai, Maharashtra",Mumbai,,"₹2,50,000 - ₹5,00,000 a year",250000,500000,per_annum,full_time,Full-time|Call employer,Walk-in,nurses,hospital,False,Nursing|In-person|Nursing,Cell phone reimbursement,,2026-07-11,"*SRV Hospital – Group of Multispecialty 500 Beds | Nashik, Bangalore, Mumbai (Dombivli, Goregaon, Chembur)* HR Department - 8657512209 Job Location - Tilak…",https://www.simplyhired.co.in/job/XPh91nI5u6Ok9otW7ViM5ADdqx0lY_wdWca-7jqz7yia-hB_8ooKJQ,2026-07-12T12:32:14Z
simplyhired,m2HlW9uf46Tu0TC0Exs3u7P7_64cMcrl4bjaOGND8PLSqgPQkYcIUA,Wanted staff nurse for Home care service,Universe health care services,"Hosur, Tamil Nadu",Hosur,,"₹15,000 - ₹30,000 a month",15000,30000,per_month,full_time,Full-time,,nurses,hospital,False,Patient monitoring|Bachelor's degree|Patient care|In-person|Nursing,Flexible schedule|Food provided|Paid sick time,,2026-07-10,Their role blends the clinical oversight found in hospitals with the deeply personal environment of in-home assistance.,https://www.simplyhired.co.in/job/m2HlW9uf46Tu0TC0Exs3u7P7_64cMcrl4bjaOGND8PLSqgPQkYcIUA,2026-07-12T12:32:14Z
simplyhired,RVv93XIJ-9fsxp9RU24cwqqiQ3n3xogufb4w6A5-m-6qAgzMxbWahg,Junior Physiotherapist (BPT) | Freshers Welcome | Physio9 Clinic,Physio9 Clinic,"Pune, Maharashtra",Pune,,"From ₹18,000 a month",18000,18000,per_month,full_time,Full-time,,non_clinical,hospital,False,Bachelor's degree|In-person|Communication skills,,,2026-07-09,Assess and treat patients under clinical guidance. Develop and implement individualized treatment plans. Deliver evidence-based physiotherapy care to patients.,https://www.simplyhired.co.in/job/RVv93XIJ-9fsxp9RU24cwqqiQ3n3xogufb4w6A5-m-6qAgzMxbWahg,2026-07-12T12:32:14Z
simplyhired,CIlII50N0xWXCWGKhzXonjmUalc26M0XxayVxgU-gsFUQxTDKJHKIw,"Pharmacist (Hyderabad, Banjara Hills)",Crown Veterinary Services Pvt. Ltd,"Banjara Hills, Hyderabad, Telangana",Hyderabad,,"₹30,000 - ₹50,000 a month",30000,50000,per_month,full_time,Weekend availability|Full-time|Rotational shift|Monday to Friday,,pharmacists,hospital,False,Inventory management|English|Bachelor's degree|Patient care|In-person|Diploma|Communication skills|Hospital experience,,,2026-07-09,"Provide excellent service and communication to customers and internal teams. Conduct regular stock checks, monitor expiry dates, and handle removal of expired/…",https://www.simplyhired.co.in/job/CIlII50N0xWXCWGKhzXonjmUalc26M0XxayVxgU-gsFUQxTDKJHKIw,2026-07-12T12:32:14Z
simplyhired,LBlf72ob7ctOkK4xQ7xLvE-wsaaZmKPGbyewyWMpNECknOl1pfMHCw,Labour Room Senior Staff,HAYATH MEDICARE L.L.P HOSPITAL& DIAGNOSTIC CENTRE,"Malappuram District, Kerala",Malappuram District,,Not Disclosed,,,,full_time,Full-time,,non_clinical,pharma,False,B.Sc|Bachelor's degree|In-person|Nursing,,,2026-07-11,"Provide comprehensive nursing care to mothers during labour, delivery, and the immediate postpartum period. Monitor maternal and fetal vital signs and identify…",https://www.simplyhired.co.in/job/LBlf72ob7ctOkK4xQ7xLvE-wsaaZmKPGbyewyWMpNECknOl1pfMHCw,2026-07-12T12:32:14Z
simplyhired,ODEtRadcAfloUIkdFVQmhITmYH8Xb-y0ebGzNlwBKTETpbr33xfd5Q,Dental Assistant and Receptionist,The DND Dental Clinic,"Arumbakkam, Chennai, Tamil Nadu",Chennai,,"₹5,000 - ₹10,000 a month",5000,10000,per_month,full_time,Part-time|Full-time|Morning shift|Evening shift,,non_clinical,hospital,False,Anatomy knowledge|In-person|Medical terminology,,,2026-07-10,Morning shift timings - 10:00 AM -2:00 PM. Evening shift timings - 4:45 PM - 9:00 PM. The ideal candidate will be responsible for managing front desk operations…,https://www.simplyhired.co.in/job/ODEtRadcAfloUIkdFVQmhITmYH8Xb-y0ebGzNlwBKTETpbr33xfd5Q,2026-07-12T12:32:14Z
simplyhired,PaYr-ny1eYMf2Ej2NdzPo2dIACi4BWJbPwun0kqr9_tzts_cxoxWMA,Laboratory Technician cum Tutor,Wellcaza School of Health Sciences,"Kochi, Kerala",Kochi,,"₹12,000 - ₹14,000 a month",12000,14000,per_month,full_time,Full-time|Night shift,,non_clinical,hospital,False,B.Sc|Bachelor's degree|In-person|Teaching experience,Flexible schedule,,2026-07-11,"The role ensures laboratory quality standards, patient safety, and excellence in skill-based education,while in Hospital should be deployed in night shift as…",https://www.simplyhired.co.in/job/PaYr-ny1eYMf2Ej2NdzPo2dIACi4BWJbPwun0kqr9_tzts_cxoxWMA,2026-07-12T12:32:14Z
simplyhired,TtZMUcHBFwLfmfssOdYCw8K6Vy8lRDub9rMbik2-XfRqgeK1Df7kNw,RMO Counsellor,Progenesis IVF,"Vashi, Navi Mumbai, Maharashtra",Navi Mumbai,,"₹20,000 - ₹30,000 a month",20000,30000,per_month,full_time,Full-time,,doctors,hospital,False,Bachelor's degree|Patient care|In-person,Health insurance,,2026-07-11,Proper and Detailed History Taking of the Patients. Line of Managements we Provide for Infertility Issues. Monitor the reporting &amp; monitoring mechanism with…,https://www.simplyhired.co.in/job/TtZMUcHBFwLfmfssOdYCw8K6Vy8lRDub9rMbik2-XfRqgeK1Df7kNw,2026-07-12T12:32:17Z
simplyhired,HIeZmlo_0UWrWa2hMAxekpzw3jn7ZlKPb6ia2Fa9bMjAiQS69M7l-A,Executive - Pharma,Cloudnine Care,Uttar Pradesh,Uttar Pradesh,,Not Disclosed,,,,full_time,Full-time,,non_clinical,hospital,False,Medicine|Quality control,,,2026-07-10,"Stock check at the end of the month is necessary. Ensure that only quality drugs are purchased, properly stored and distributed.",https://www.simplyhired.co.in/job/HIeZmlo_0UWrWa2hMAxekpzw3jn7ZlKPb6ia2Fa9bMjAiQS69M7l-A,2026-07-12T12:32:17Z
simplyhired,KCxjB-8W6RQvuqVHRq0JpRXhwrUChJvjRs8E2LKZIm9qNEHqnjVOuQ,Dentist-Conversion-BDS-Mehdipatnam-HYD,TOOT DENTAL,"Mehdipatnam, Hyderabad, Telangana",Hyderabad,,"₹25,000 - ₹45,000 a month",25000,45000,per_month,full_time,Full-time,,doctors,hospital,False,Bachelor's degree|In-person|Medical terminology,,,2026-07-09,"Their duties include repairing and removing teeth, diagnosing conditions and communicating with patients about how to best care for their teeth and gums.",https://www.simplyhired.co.in/job/KCxjB-8W6RQvuqVHRq0JpRXhwrUChJvjRs8E2LKZIm9qNEHqnjVOuQ,2026-07-12T12:32:17Z
simplyhired,3zle4nGJbvwCr_z0r-HMbmcFz3VLkpTtiNiMddbVDXOE9oG3Gcf4jg,Lab Technician,Najath Healthcare,"Aluva, Kerala",Aluva,,"From ₹12,000 a month",12000,12000,per_month,full_time,Full-time,,non_clinical,hospital,False,Anatomy knowledge|Blood sampling|Laboratory experience|In-person|Diploma,,,2026-07-10,Qualification : Diploma/Degree in Medical Laboratory Technology. Collect and process laboratory samples. Perform routine laboratory tests accurately.,https://www.simplyhired.co.in/job/3zle4nGJbvwCr_z0r-HMbmcFz3VLkpTtiNiMddbVDXOE9oG3Gcf4jg,2026-07-12T12:32:17Z
simplyhired,LvJNnVBFip4PGmJ1Ya8sIqOpwmy99a9WjRPkzT4iWJJBKKffkUFdNQ,Dietitian,MA SARADA HOSPITAL PVT.LTD,"Konnagar, West Bengal",Konnagar,,"₹7,000 - ₹12,000 a month",7000,12000,per_month,full_time,Urgently hiring|Full-time|Call employer|Day shift,Walk-in,non_clinical,hospital,False,B.Sc|Master's degree|Bachelor's degree|Computer skills|In-person|Communication skills|Hospital experience,,,2026-07-09,Registered Dietitian (RD) qualification will be an added advantage. Freshers with excellent academic background may also apply.,https://www.simplyhired.co.in/job/LvJNnVBFip4PGmJ1Ya8sIqOpwmy99a9WjRPkzT4iWJJBKKffkUFdNQ,2026-07-12T12:32:17Z
simplyhired,JCOYNkWjA5IWVFTzfDexeJS6d61SOuaK8df4GMTPciAwhTm_0u1Flw,Dental Assistant,Aksha dental and implant center,"Hyderabad, Telangana",Hyderabad,,"₹5,000 - ₹12,000 a month",5000,12000,per_month,part_time,Part-time,,non_clinical,hospital,False,Anatomy knowledge|In-person|Medical terminology,,,2026-07-12,"Part time assistant need for evenings Pay: ₹5,000.00 - ₹12,000.00 per month Work Location: In…",https://www.simplyhired.co.in/job/JCOYNkWjA5IWVFTzfDexeJS6d61SOuaK8df4GMTPciAwhTm_0u1Flw,2026-07-12T12:32:17Z
simplyhired,pd9mp0DXDOQs_dv3kA8DngmDnbgw7dtF9QST25pmEOvW3j6YtnxWzA,Duty Medical Officer,RAADHA RAJENDRAN HOSPITAL,"Alandur, Chennai, Tamil Nadu",Chennai,,"₹60,000 - ₹65,000 a month",60000,65000,per_month,full_time,Full-time|Call employer,,doctors,hospital,False,Medicine|Bachelor's degree|Patient care|In-person,,,2026-07-11,"TNMC Registered MBBS Doctors with 1 Year minimum experience. Job Types: Full-time, Permanent. Total work: 1 year (Preferred).",https://www.simplyhired.co.in/job/pd9mp0DXDOQs_dv3kA8DngmDnbgw7dtF9QST25pmEOvW3j6YtnxWzA,2026-07-12T12:32:17Z
simplyhired,lQE5CplMKbf30qzjq5Jw2njwrxNI3bjv7Ccp_c6eXJ8Y3a-Q_rYuDg,CSSD Technician,SKS Hospital & Post Graduation Medical Institute,"Salem, Tamil Nadu",Salem,,"₹12,000 - ₹15,000 a month",12000,15000,per_month,full_time,Full-time,,non_clinical,hospital,False,Patient monitoring|B.Sc|Bachelor's degree|In-person|Diploma,Paid time off,,2026-07-09,*Preferred:* 1–3 years of experience as an Operation Theatre Technician in a multispecialty hospital. The Operation Theatre (OT) Technician is responsible for…,https://www.simplyhired.co.in/job/lQE5CplMKbf30qzjq5Jw2njwrxNI3bjv7Ccp_c6eXJ8Y3a-Q_rYuDg,2026-07-12T12:32:17Z
simplyhired,8F6Sl-9dsgsJu6n7cqoKhaRbz0kFDGDSSCTzX-XCcvZroW_Xe_DBsQ,MD Radiology,Medical College and Hospital,"Bengaluru Rural District, Karnataka",Bengaluru Rural District,,Not Disclosed,,,,full_time,Full-time,,doctors,hospital,False,Medicine|Bachelor's degree|Patient care|In-person,,,2026-07-10,Urgent Requirement of MD Radiology Positions- Senior resident/ Assistant Professor/ Associate Professor/ Professor Qualification- MD Radiology Salary- Best…,https://www.simplyhired.co.in/job/8F6Sl-9dsgsJu6n7cqoKhaRbz0kFDGDSSCTzX-XCcvZroW_Xe_DBsQ,2026-07-12T12:32:17Z
simplyhired,B6HiMPfvSSS6gymlZBeW_LLPRjxLzDxjTHMQSow6qwDN_7bKLBabdg,Executive – Medical Coding,Credence Global Solutions,"Pune, Maharashtra",Pune,,Not Disclosed,,,,full_time,Full-time|Night shift,,non_clinical,hospital,False,,,,2026-07-11,Should be ready to work in night shift as per client requirement. Minimum 2 year of experience in US Health care Coding & Billing Process in Radiology Specialty…,https://www.simplyhired.co.in/job/B6HiMPfvSSS6gymlZBeW_LLPRjxLzDxjTHMQSow6qwDN_7bKLBabdg,2026-07-12T12:32:17Z
simplyhired,R9E4UwQH8i0nbAK4BakMogd9KXDLCK781BsbPK9W3JgoFboQw9Cs5w,Doctor,EMRI Green Health Services,"Technopark, Thiruvananthapuram, Kerala",Thiruvananthapuram,,"₹45,000 - ₹60,000 a month",45000,60000,per_month,full_time,Full-time,,doctors,hospital,False,Medicine|Bachelor's degree|In-person,Health insurance|Paid time off|Life insurance,,2026-07-10,"The Emergency Response Centre Physician (ERCP) provides clinical leadership, real-time medical direction and quality oversight for the 108 Ambulance Service.",https://www.simplyhired.co.in/job/R9E4UwQH8i0nbAK4BakMogd9KXDLCK781BsbPK9W3JgoFboQw9Cs5w,2026-07-12T12:32:17Z
simplyhired,epqkyGqwIpKfkufMazbNIyTK9SCVKEj_pq_vNFrPszIR-9Kx_aYaOA,Staff Nurse - Dialysis,"Auro Care Pvt Ltd.,","Puducherry, Puducherry",Puducherry,,"From ₹13,000 a month",13000,13000,per_month,full_time,Full-time,,nurses,hospital,False,Bachelor's degree|Patient care|In-person|Nursing,Health insurance,,2026-07-10,"The Staff Nurse is responsible for providing high-quality nursing care to patients by following established clinical protocols, ensuring patient safety, comfort…",https://www.simplyhired.co.in/job/epqkyGqwIpKfkufMazbNIyTK9SCVKEj_pq_vNFrPszIR-9Kx_aYaOA,2026-07-12T12:32:17Z
simplyhired,8jmIfFn3_h8wbbPwrtHN4Y5njQXN7MsdghDglwWFMlxqdEGGckaLmQ,Resident Medical Officer (RMO)(MBBS),UR lifetime Wellness Rx International Ltd (Apollo Life),"Gurugram, Haryana",Gurugram,,"₹70,000 - ₹90,000 a month",70000,90000,per_month,full_time,Full-time|Call employer,,doctors,hospital,False,Medicine|Bachelor's degree|Patient care|In-person,,,2026-07-10,"Interested candidates can also call on 7011590924. Wellness programs, and acting as a health liaison,. Focusing on preventive care, managing minor ailments for…",https://www.simplyhired.co.in/job/8jmIfFn3_h8wbbPwrtHN4Y5njQXN7MsdghDglwWFMlxqdEGGckaLmQ,2026-07-12T12:32:17Z
simplyhired,_wnFUIK3sZNNKE_RkdFTUtUSha0FKQj99uC0ujwoSDiBuJtJSRjmpg,X-Ray Technician cum Sono Typist,Clinitech Laboratory Private limited,"Airoli, Navi Mumbai, Maharashtra",Navi Mumbai,,"₹12,000 - ₹18,000 a month",12000,18000,per_month,full_time,Full-time|Rotational shift,,non_clinical,pharma,False,Typing|In-person|Medical terminology,,,2026-07-10,Rotational Shift - 6 days working 1 week off. Time : 8am -6pm - 10hr shift. Will be doing all the reporting of Xray & Sonography.,https://www.simplyhired.co.in/job/_wnFUIK3sZNNKE_RkdFTUtUSha0FKQj99uC0ujwoSDiBuJtJSRjmpg,2026-07-12T12:32:17Z
simplyhired,YUrp7ZOvInMYtxzophNcVaTNe2Gd8cIoJKPpEHzIQ48sJpTV1ENbcQ,"Senior Analyst, First Level Appeals (India)",Commure,"Gurugram, Haryana",Gurugram,,Not Disclosed,,,,full_time,Full-time,,non_clinical,hospital,False,Communication skills,,,2026-07-10,"1+ year of experience in medical billing, claims processing, or appeals management within an RCM environment. Working understanding of common denial categories…",https://www.simplyhired.co.in/job/YUrp7ZOvInMYtxzophNcVaTNe2Gd8cIoJKPpEHzIQ48sJpTV1ENbcQ,2026-07-12T12:32:22Z
simplyhired,mjFgDP4F7yvfLFVCbb7RW7cXBrmsqS1NimKJmT8lw-bpygDgGkOzKQ,Pharmacist,"Auro Care Pvt Ltd.,","Puducherry, Puducherry",Puducherry,,"₹18,000 - ₹25,000 a month",18000,25000,per_month,full_time,Full-time,,pharmacists,hospital,False,Anatomy knowledge|Bachelor's degree|Patient care|In-person|Hospital experience,,,2026-07-10,Pharm / M.Pharm*Registration:* Valid Puducherry State Pharmacy Council Registration (Mandatory)*Experience:* 1–3 years (Hospital experience preferred).,https://www.simplyhired.co.in/job/mjFgDP4F7yvfLFVCbb7RW7cXBrmsqS1NimKJmT8lw-bpygDgGkOzKQ,2026-07-12T12:32:22Z
simplyhired,Aj9-YBy-dg0dhpyqmfoZ7Ml3_dH0ueYtgWiC39M4kJCSKSXsH1NHlg,Associate Dentist,Sood dental care,"Jalandhar, Punjab",Jalandhar,,"₹12,000 - ₹15,000 a month",12000,15000,per_month,full_time,Full-time,,doctors,hospital,False,Bachelor's degree|In-person|Medical terminology,,,2026-07-10,"Welcome Freshers for a great learning experience and introduction to latest technology and advances in dentistry Job Types: Full-time, Permanent, Fresher Pay…",https://www.simplyhired.co.in/job/Aj9-YBy-dg0dhpyqmfoZ7Ml3_dH0ueYtgWiC39M4kJCSKSXsH1NHlg,2026-07-12T12:32:22Z
simplyhired,YjJOXPBOAdkgkMn1Rp6oL6X1XB3CHoIddnEqWGVwOXc2CCiB0iX5ug,MRD Executive,Singhvi Health Center,"Chennai, Tamil Nadu",Chennai,,"₹15,000 - ₹18,000 a month",15000,18000,per_month,full_time,Urgently hiring|Full-time|Call employer,,non_clinical,hospital,False,Nursing|English|Organisational skills|Computer skills|In-person|Diploma,Paid time off|Paid sick time,,2026-07-09,"Sri Singhvi Health Center, Chennai* is looking for a detail-oriented and responsible *MRD Executive* to manage and maintain medical records efficiently.",https://www.simplyhired.co.in/job/YjJOXPBOAdkgkMn1Rp6oL6X1XB3CHoIddnEqWGVwOXc2CCiB0iX5ug,2026-07-12T12:32:22Z
simplyhired,-MSMz_8wIyDemiHK1TQu6AYn2B8GrpWq1Oj3fk3J5sxeH638tcFdMg,Medical Officer - Occupational Health (MBBS),DoctorC,"Kondapur, Hyderabad, Telangana",Hyderabad,,"₹55,000 - ₹70,000 a month",55000,70000,per_month,full_time,Full-time,,doctors,hospital,False,Medicine|Bachelor's degree|In-person,,,2026-07-10,"Lead workplace health – treat injuries, do check-ups, ensure safety compliance. Manage clinic, medicines & nursing staff. Ensure all health laws are followed.",https://www.simplyhired.co.in/job/-MSMz_8wIyDemiHK1TQu6AYn2B8GrpWq1Oj3fk3J5sxeH638tcFdMg,2026-07-12T12:32:22Z
simplyhired,QvQpkYpKqhtuh3DMjSx9yedyyySA4Mn19MqfP2k-KBPDLjlUmpSAMQ,Duty Medical Officer,VG Hospital,"Gnanambika Mills, Coimbatore, Tamil Nadu",Coimbatore,,"₹45,000 - ₹95,000 a month",45000,95000,per_month,full_time,Full-time,,doctors,hospital,False,Medicine|ICU experience|Bachelor's degree|Patient care|In-person|Hospital experience,,,2026-07-11,"A Duty Medical Officer (DMO) provides immediate medical care, manages emergencies, and ensures continuous patient care during assigned shifts in healthcare…",https://www.simplyhired.co.in/job/QvQpkYpKqhtuh3DMjSx9yedyyySA4Mn19MqfP2k-KBPDLjlUmpSAMQ,2026-07-12T12:32:22Z
simplyhired,X8_4JGOqxTSYEejZLlu3E-3OAN8kgFobByh1b6Iz6HGcXNC6s6thHg,Staff nurse-cathlab,Medical Trust Hospital,"Kochi, Kerala",Kochi,,"From ₹30,000 a month",30000,30000,per_month,full_time,Full-time,,nurses,hospital,False,B.Sc|Bachelor's degree|Patient care|In-person|Nursing,,,2026-07-09,We are looking for STAFF NURSE -CATHLAB having certificate of B.Sc/GNM with minimum 1 year post qualification experience in Cathlab. Job Type: Full-time…,https://www.simplyhired.co.in/job/X8_4JGOqxTSYEejZLlu3E-3OAN8kgFobByh1b6Iz6HGcXNC6s6thHg,2026-07-12T12:32:22Z
simplyhired,nBcGLCmmmFksbBJ7TFrlK_CjAyGCpHzVyrqcNsLUksDsHRdDqEU2tw,Billing Assistant,Symbiosis International University,"Pune, Maharashtra",Pune,,"₹16,000 - ₹25,000 a month",16000,25000,per_month,full_time,Full-time|Night shift|Rotational shift,,non_clinical,hospital,False,Bachelor's degree|Accounting|Computer skills|In-person|Communication skills,Health insurance|Paid sick time,,2026-07-11,"Report issues, delays, and performance updates to higher authorities in a timely manner. Willing to work in rotational Shifts including mandatory night shifts.",https://www.simplyhired.co.in/job/nBcGLCmmmFksbBJ7TFrlK_CjAyGCpHzVyrqcNsLUksDsHRdDqEU2tw,2026-07-12T12:32:22Z
simplyhired,IKwEMugB6OO8Lc248uSjdpLOtybI366BiotjtprfXE6nevlqp5U1ww,Gynaecologist,PN IVF Access PVt LTD,"Bangalore City, Bengaluru, Karnataka",Bengaluru,,"₹55,419.89 - ₹1,81,862.23 a month",55420,181862,per_month,full_time,Part-time|Full-time,,doctors,hospital,False,Medicine|Bachelor's degree|Patient care|In-person|Communication skills,,,2026-07-10,Interest in preventive women's healthcare. 1–3 years of post-qualification experience preferred (fresh postgraduates may also apply).,https://www.simplyhired.co.in/job/IKwEMugB6OO8Lc248uSjdpLOtybI366BiotjtprfXE6nevlqp5U1ww,2026-07-12T12:32:22Z
simplyhired,9QAKOsjNE5pXtn0l5HgUW8F7Xb27fHDXE7-lIp3eUGRhDJobBheAhw,Staff Nurse (OT/Casualty),Sunrise Hospital,"Kakkanad, Kochi, Kerala",Kochi,,"₹20,000 - ₹30,000 a month",20000,30000,per_month,full_time,Full-time,,nurses,hospital,False,Nursing|English|Bachelor's degree|Patient care|In-person|Diploma|Nursing,,,2026-07-11,"Require Minimum one year experienced Nursing staff. Kakkanad, Kochi, Kerala: Reliably commute or planning to relocate before starting work (Required).",https://www.simplyhired.co.in/job/9QAKOsjNE5pXtn0l5HgUW8F7Xb27fHDXE7-lIp3eUGRhDJobBheAhw,2026-07-12T12:32:22Z
simplyhired,1ZjkeR2wb6Mbl_kY_3eJCLLPPgWvidwKUhwzTwc-L518LlcqAU4aWg,Lab Technician,Jain Hospital,"Anand Vihar, Delhi, Delhi",Delhi,,"₹18,000 - ₹25,000 a month",18000,25000,per_month,full_time,Full-time,,non_clinical,hospital,False,Laboratory experience|In-person|Diploma|Medical terminology|Hospital experience,,,2026-07-09,"Lab Technician: 3 years (Preferred). Pay: ₹18,000.00 - ₹25,000.00 per month. Collects biological samples, performs diagnostic tests, and analyzes results to…",https://www.simplyhired.co.in/job/1ZjkeR2wb6Mbl_kY_3eJCLLPPgWvidwKUhwzTwc-L518LlcqAU4aWg,2026-07-12T12:32:22Z
simplyhired,iDMBi5rE3DNEjTH0I_UHy4UwVL6PeiNmwZt4GkrefcW0TM9ZT5nMOw,Paediatric Physiotherapist,Essence early intervention & development centre,"Gunjur, Bengaluru, Karnataka",Bengaluru,,"₹30,000 - ₹40,000 a month",30000,40000,per_month,full_time,Full-time,,non_clinical,hospital,False,Master's degree|Bachelor's degree|Pediatrics|In-person|Communication skills,Paid sick time,,2026-07-10,"Experience working with children is preferred. Passion for working with children and families. Experience working in pediatric rehabilitation, early…",https://www.simplyhired.co.in/job/iDMBi5rE3DNEjTH0I_UHy4UwVL6PeiNmwZt4GkrefcW0TM9ZT5nMOw,2026-07-12T12:32:22Z
simplyhired,Z7JJS82fKZzBN44DQHZxR1MPSjjNT1WYZGPSWauH40ZaWe_nU34Szw,Retail Pharmacist,Retail Pharmacy In Gurgaon,"Gurugram, Haryana",Gurugram,,"₹29,500 - ₹30,000 a month",29500,30000,per_month,full_time,Full-time,,pharmacists,pharma,False,Anatomy knowledge|Bachelor's degree|Patient care|In-person|Hospital experience,,,2026-07-10,"Salary 30,000 per month (including license). Only candidates with valid haryana pharmacist licence should apply.",https://www.simplyhired.co.in/job/Z7JJS82fKZzBN44DQHZxR1MPSjjNT1WYZGPSWauH40ZaWe_nU34Szw,2026-07-12T12:32:22Z
simplyhired,lPtEFOeRLLeovQeWpgYa3FGa9W6bK-5yzkxJNasb_7RiaWSz-nxkyg,pharmasist,Callidora,"Mohali, Punjab",Mohali,,"₹15,000 - ₹20,000 a month",15000,20000,per_month,full_time,Full-time|Call employer,,non_clinical,hospital,False,Anatomy knowledge|Customer service|Bachelor's degree|Computer skills|In-person|Communication skills|Hospital experience,Paid time off,,2026-07-11,Callidora Health & Technology Pvt. Ltd. is looking for a qualified and dedicated *Pharmacist* to join our healthcare team. Pharm* from a recognized institution.,https://www.simplyhired.co.in/job/lPtEFOeRLLeovQeWpgYa3FGa9W6bK-5yzkxJNasb_7RiaWSz-nxkyg,2026-07-12T12:32:22Z
simplyhired,ujqGAqMcoIkhwuvN7pWdQpJP_4Hc3FiTsHNZBD4e2rG1S3zJFcerSQ,Pre-Bill Specialist,"Ventra Health, Inc.","Guindy, Chennai, Tamil Nadu",Chennai,,Not Disclosed,,,,full_time,Full-time,,non_clinical,hospital,False,Microsoft Excel|Microsoft Outlook|Basic math|12th Pass|Data entry|Organisational skills|Communication skills|Time management,,,2026-07-10,The Pre-Bill Specialist must comply with applicable laws regarding billing standards and be able to operate in a team-oriented environment that strives to…,https://www.simplyhired.co.in/job/ujqGAqMcoIkhwuvN7pWdQpJP_4Hc3FiTsHNZBD4e2rG1S3zJFcerSQ,2026-07-12T12:32:22Z
simplyhired,pnnxE2Bb8QGxgBllISETUzFQ5FsISVxQrXM0z9krbKbJYOucSvhmlA,Consultant Physiotherapist,Vecura Wellness clinic,"Chennai, Tamil Nadu",Chennai,,"₹18,000 - ₹20,000 a month",18000,20000,per_month,full_time,Full-time|Call employer|Rotational shift|Day shift,,non_clinical,hospital,False,Master's degree|Bachelor's degree|In-person|Communication skills,Paid sick time,,2026-07-10,"Day shift with rotational weekly off. Develop individualized physiotherapy and exercise programs based on client goals (mobility improvement, pain management,…",https://www.simplyhired.co.in/job/pnnxE2Bb8QGxgBllISETUzFQ5FsISVxQrXM0z9krbKbJYOucSvhmlA,2026-07-12T12:32:25Z
simplyhired,yUZby4o31wvSnhcpw3U1axzsXburoKY0zrWVjhrEgxT5krIhYwuWXg,Resident Medical Officer (RMO),UMC HOSPITALS Pvt Ltd,"Thane District, Maharashtra",Thane District,,Not Disclosed,,,,full_time,Full-time,,doctors,hospital,False,Medicine|Bachelor's degree|In-person,,,2026-07-10,"*MBBS with valid State Medical Council/NMC registration.*. Assess and manage OPD, IPD, and emergency patients.",https://www.simplyhired.co.in/job/yUZby4o31wvSnhcpw3U1axzsXburoKY0zrWVjhrEgxT5krIhYwuWXg,2026-07-12T12:32:25Z
simplyhired,GbFyJQ24CPnVxrFBSkHBMcXkmOV-58EvioqQfo4Jve7pGDtixM76Lw,OT Technician,YBS healthcare & Research Centre,"Bhubaneswar, Odisha",Bhubaneswar,,"₹15,000 - ₹18,000 a month",15000,18000,per_month,full_time,Full-time,,non_clinical,hospital,False,Nursing|English|Master's degree|In-person|Diploma,,,2026-07-11,Previous experience in a similar role is an advantage. Ensuring that all surgical equipment is properly cleaned and sterilized after use.,https://www.simplyhired.co.in/job/GbFyJQ24CPnVxrFBSkHBMcXkmOV-58EvioqQfo4Jve7pGDtixM76Lw,2026-07-12T12:32:25Z
simplyhired,V_U7WFQkOjReSWC7SF1BZBCRrKpcYQgsDmhIueS9fwqoFSJXCy8aig,Senior Physiotherapist,KRP Health Care Physio and Wellness Centre,"Faridabad Sector 16, Faridabad, Haryana",Faridabad,,"₹20,000 - ₹30,000 a month",20000,30000,per_month,full_time,Part-time|Full-time,,non_clinical,hospital,False,Master's degree|Bachelor's degree|In-person|Diploma|Internship|Communication skills,Flexible schedule,,2026-07-11,The ideal candidate will be responsible for diagnosing and treating patients with musculoskeletal issues and designing personalized recovery programs to promote…,https://www.simplyhired.co.in/job/V_U7WFQkOjReSWC7SF1BZBCRrKpcYQgsDmhIueS9fwqoFSJXCy8aig,2026-07-12T12:32:25Z
simplyhired,2MX9W4slSShEKpjWz5tOSur2C2dMgeh2jMgpvqN4w5-8a1Jg5Y1Esw,PATHOLOGY - Lab Technician,"MPCT Hospital, Sanpada","Navi Mumbai, Maharashtra",Navi Mumbai,,"₹17,000 - ₹25,000 a month",17000,25000,per_month,full_time,Full-time,Walk-in,non_clinical,hospital,False,Blood sampling|Inventory management|Laboratory experience|Bachelor's degree|In-person,,,2026-07-11,Ensure that all safety guidelines are followed strictly at all times and maintain a clean and orderly environment. Conduct experiments under defined conditions.,https://www.simplyhired.co.in/job/2MX9W4slSShEKpjWz5tOSur2C2dMgeh2jMgpvqN4w5-8a1Jg5Y1Esw,2026-07-12T12:32:25Z
simplyhired,o03HosyBTZhmjSRdWaRBR6a8FWSUETBfPykxLLrq0plKprPgxhdQiQ,Front Desk Executive,Kidney and Urology Super Speciality Institute,"Hadapsar, Pune, Maharashtra",Pune,,"₹15,000 - ₹25,000 a month",15000,25000,per_month,full_time,Full-time,,non_clinical,hospital,False,Microsoft Powerpoint|Microsoft Word|Master's degree|Bachelor's degree|In-person,,,2026-07-11,Patient co ordination and smooth working knowledge of computer. Maintain appointment diary and scheduling. Hospital and Daignostics : 1 year (Preferred).,https://www.simplyhired.co.in/job/o03HosyBTZhmjSRdWaRBR6a8FWSUETBfPykxLLrq0plKprPgxhdQiQ,2026-07-12T12:32:25Z
simplyhired,Lrw9ynpID8XZydKl0--rp2FZoaXYX2XvzsEE3Btf1pOSBeh0dH5nNA,duty doctor,Feathers Skin and Hair Clinic,"Pollachi, Tamil Nadu",Pollachi,,"₹35,000 - ₹50,000 a month",35000,50000,per_month,full_time,Full-time,,doctors,hospital,False,Medicine|Bachelor's degree|Patient care|In-person,,,2026-07-12,Looking for a mbbs doctor to work with us full time. Should play a vital role in treating patients.,https://www.simplyhired.co.in/job/Lrw9ynpID8XZydKl0--rp2FZoaXYX2XvzsEE3Btf1pOSBeh0dH5nNA,2026-07-12T12:32:25Z
simplyhired,9X1A_YzH8VM7tjoYnkltDUrQINRTfSdMbkfbSudbnYlaOqijuXNRzw,Audiologist and Speech Therapist,CORNERSTONE SPEECH THERAPY CLINIC,"Guduvanchery Lake, Chennai, Tamil Nadu",Chennai,,"₹35,000 - ₹45,000 a month",35000,45000,per_month,full_time,Part-time|Full-time|Evening shift|Day shift,,non_clinical,hospital,False,Anatomy knowledge|Master's degree|Bachelor's degree|In-person|Medical terminology,,,2026-07-11,Collaborate with other healthcare professionals to ensure cohesive patient care. Competitive salary based on experience and qualification.,https://www.simplyhired.co.in/job/9X1A_YzH8VM7tjoYnkltDUrQINRTfSdMbkfbSudbnYlaOqijuXNRzw,2026-07-12T12:32:25Z
simplyhired,BfcjIsSqTRu6Ao7ohz-ExEXf4NMYO0E443KTmPRJCOBTnklt56TZyQ,"Home Physiotherapist — Orthopaedic Rehab (Yelahanka, Bengaluru)",Physova,"Yelahanka, Bengaluru, Karnataka",Bengaluru,,"₹20,000 - ₹40,000 a month",20000,40000,per_month,full_time,,,non_clinical,hospital,False,English|Master's degree|Bachelor's degree|Travel|In-person|Communication skills,Flexible schedule,,2026-07-11,Conduct detailed physiotherapy assessments at patients’ homes. Develop individualised treatment and rehabilitation plans.,https://www.simplyhired.co.in/job/BfcjIsSqTRu6Ao7ohz-ExEXf4NMYO0E443KTmPRJCOBTnklt56TZyQ,2026-07-12T12:32:25Z
simplyhired,LD4jYpVyaVVvdG93YKldl4d1Ox0TaoIIl_e85REp_3P_Nz7qe5WDWw,ANM Nurse,Golden Leaf Home Care,"Coimbatore, Tamil Nadu",Coimbatore,,"₹14,000 - ₹35,000 a month",14000,35000,per_month,full_time,Full-time|Call employer,,nurses,hospital,False,In-person|Communication skills,Flexible schedule|Food provided,,2026-07-12,Educate patients and caregivers on basic healthcare practices. Are you ok with the job home care nurse. Provide basic nursing care to patients at home.,https://www.simplyhired.co.in/job/LD4jYpVyaVVvdG93YKldl4d1Ox0TaoIIl_e85REp_3P_Nz7qe5WDWw,2026-07-12T12:32:25Z
simplyhired,Ivv0hozVdOespiFwbV3khx689xKTScbJPtjULlEvDeuGdJEr770vYw,Senior Physiotherapist - MPT Neuro,2050 Healthcare Pvt Ltd,"Raipur, Chhattisgarh",Raipur,,"₹1,00,000 - ₹1,10,000 a month",100000,110000,per_month,full_time,Full-time,,non_clinical,hospital,False,Anatomy knowledge|Bachelor's degree|In-person|Medical terminology|Communication skills,,,2026-07-11,"The ideal candidate will have strong expertise in neurological rehabilitation and will be responsible for assessing, planning, and implementing effective…",https://www.simplyhired.co.in/job/Ivv0hozVdOespiFwbV3khx689xKTScbJPtjULlEvDeuGdJEr770vYw,2026-07-12T12:32:25Z
simplyhired,meDez_8NtgJ4TL-Z_MAwMq3ShU2JV_a_egrAUlbhz8Sez3qXjU-iew,Billing Assistant,"Devadoss hospital, Madurai","Madurai, Tamil Nadu",Madurai,,Not Disclosed,,,,full_time,Full-time,,non_clinical,hospital,False,Bachelor's degree|Communication skills,Health insurance,,2026-07-09,Ensure confidentiality of patient financial and medical information. The Billing Assistant is responsible for supporting the hospital’s billing operations by…,https://www.simplyhired.co.in/job/meDez_8NtgJ4TL-Z_MAwMq3ShU2JV_a_egrAUlbhz8Sez3qXjU-iew,2026-07-12T12:32:25Z
simplyhired,G6C8ZikVm__NHnugdoJOfA6Hh-CSegfDGRl-e0BF4WGkGYT8ao6rDg,Pharmacist,Pradhan mantri Jan aushadhi Kendra,"Patna, Bihar",Patna,,"₹10,000 - ₹15,000 a month",10000,15000,per_month,full_time,Full-time,,pharmacists,hospital,False,Anatomy knowledge|Bachelor's degree|Patient care|In-person|Hospital experience,,,2026-07-11,"Handle all the inbound calls primarily focusing on drug information, patient counselling/education and free home delivery orders. Job Types: Full-time, Fresher.",https://www.simplyhired.co.in/job/G6C8ZikVm__NHnugdoJOfA6Hh-CSegfDGRl-e0BF4WGkGYT8ao6rDg,2026-07-12T12:32:25Z
simplyhired,XTlo5EAw7Ein8U3kJZN2jp58ik4KvnKOPAf-2d0YmhF1WpZlVh03zg,Optometrist,Shri Ganpati Eye care centre,"Palam Village, Delhi, Delhi",Delhi,,"₹25,000 - ₹35,000 a month",25000,35000,per_month,full_time,,,non_clinical,hospital,False,Nursing|Microsoft Office|In-person|Epic,,,2026-07-10,"Role - Excellent Refraction in Eye OPD, Progressive Lens Specialist in dispensing and who want to work in Eye centre with Both EYE OPD AND EYEWEAR.",https://www.simplyhired.co.in/job/XTlo5EAw7Ein8U3kJZN2jp58ik4KvnKOPAf-2d0YmhF1WpZlVh03zg,2026-07-12T12:32:25Z
simplyhired,wmM3QzIpNrwTCvw5XvkQeINKraTQhnQKjD5x6cE7sZaFJvg9CLvqJg,Speech Language Pathologist,jeevaniyam ayurveda hospital and research centre,"Edapalli, Kerala",Edapalli,,"₹18,000 - ₹40,000 a month",18000,40000,per_month,full_time,Full-time|Call employer,,non_clinical,hospital,False,Anatomy knowledge|Master's degree|Bachelor's degree|In-person|Medical terminology|Communication skills,,,2026-07-10,"Assess and provide speech, language, voice, and swallowing therapy under supervision. Develop and implement individualized therapy plans for pediatric and adult…",https://www.simplyhired.co.in/job/wmM3QzIpNrwTCvw5XvkQeINKraTQhnQKjD5x6cE7sZaFJvg9CLvqJg,2026-07-12T12:32:25Z
simplyhired,jw2J6ZVbMnXPgmPKIjQw57WrZwMPIR57mU22kXJxjhZ4M7N2bHxATw,Scanning Technician,TOVALIGN,"Aluva, Kerala",Aluva,,"₹15,000 - ₹20,000 a month",15000,20000,per_month,full_time,Full-time,,non_clinical,hospital,False,Customer service|Bachelor's degree|Computer skills|Typing|In-person|Diploma|Communication skills|Time management,,,2026-07-11,"Handle patient appointments, follow-up calls, and basic call management. Strong call management and patient coordination abilities.",https://www.simplyhired.co.in/job/jw2J6ZVbMnXPgmPKIjQw57WrZwMPIR57mU22kXJxjhZ4M7N2bHxATw,2026-07-12T12:32:25Z
simplyhired,mAtMHpDZJ2KRPb9pXwQDITA7drcZlhPN3aMZ8Ac3wMHX2R4U7fFEsQ,Staff Nurse,Plus 352 Aesthetic clinic,"Mumbai District, Maharashtra",Mumbai District,,"₹8,086 - ₹30,000 a month",8086,30000,per_month,full_time,Full-time,,nurses,hospital,False,Bachelor's degree|Patient care|In-person|Nursing,Flexible schedule,,2026-07-10,"Looking for Staff nurse for OT ward and ICU Pay: ₹8,086.00 - ₹30,000.00 per month Benefits: * Flexible schedule Work Location: In…",https://www.simplyhired.co.in/job/mAtMHpDZJ2KRPb9pXwQDITA7drcZlhPN3aMZ8Ac3wMHX2R4U7fFEsQ,2026-07-12T12:32:25Z
simplyhired,PvjLsifq4NpfX7PDdHqaL9OeNMK1pN3MNpzFxMv5pH3DFLc9kSSVWw,Developmental therapist,Healing Life Rehab clinic,"Mumbai, Maharashtra",Mumbai,,"₹9,698.21 - ₹25,000.00 a month",9698,25000,per_month,full_time,Full-time,,non_clinical,hospital,False,English|Microsoft Office|Master's degree|In-person|Diploma,,,2026-07-11,"Developmental therapist for treating kids with autism, ADHD, Full timer Work place - Mira road Job Types: Full-time, Permanent Pay: ₹9,698.21 - ₹25,000.00…",https://www.simplyhired.co.in/job/PvjLsifq4NpfX7PDdHqaL9OeNMK1pN3MNpzFxMv5pH3DFLc9kSSVWw,2026-07-12T12:32:28Z
simplyhired,xnprA6QSQi7DlqY_ckVGVejFUpymhFUdt6ejQcLH-VFq4AlQRkBnvQ,Senior Coder - Profee GI Surgery,Guidehouse,"Chennai, Tamil Nadu",Chennai,,Not Disclosed,,,,full_time,,,non_clinical,hospital,False,Microsoft Excel|Microsoft Office|Travel|Organisational skills|No travel,,,2026-07-08,"Understands in detail the workflow, procedures and specific criteria for the assigned client. Guidehouse offers a comprehensive, total rewards package that…",https://www.simplyhired.co.in/job/xnprA6QSQi7DlqY_ckVGVejFUpymhFUdt6ejQcLH-VFq4AlQRkBnvQ,2026-07-12T12:32:28Z
simplyhired,iH3OW8w9PC7k_wgmaBJ1CPV4DrrysDOjRuFAwIFuZQjFgctA8_Vz_w,Phlebotomist - Home Sample Collection,Redcliffe labs,"Kochi, Kerala",Kochi,,"₹16,000 - ₹23,000 a month",16000,23000,per_month,full_time,Full-time,,non_clinical,pharma,False,B.Sc|Bachelor's degree|Driving|Travel,Health insurance,,2026-07-09,"The candidate will be responsible for collecting blood samples from patients,ensuring proper handling, and maintaining high standards of patient care and…",https://www.simplyhired.co.in/job/iH3OW8w9PC7k_wgmaBJ1CPV4DrrysDOjRuFAwIFuZQjFgctA8_Vz_w,2026-07-12T12:32:28Z
simplyhired,R1QW2KFKNaqQdvThugX5IT93xoaNrB4b4W9ZhgJzvHVCuu3V-TYg_w,AR Callers & QA's - PB - Karimnagar (9th July'26),Eclat Health Solutions,"Karimnagar, Telangana",Karimnagar,,Not Disclosed,,,,full_time,,,non_clinical,hospital,False,Analysis skills|Communication skills,,,2026-07-09,"AR Caller – CMS1500 (Physician Billing). Follow up on outstanding insurance claims. Resolve denials, rejections, and underpayments.",https://www.simplyhired.co.in/job/R1QW2KFKNaqQdvThugX5IT93xoaNrB4b4W9ZhgJzvHVCuu3V-TYg_w,2026-07-12T12:32:28Z
simplyhired,YSRJAf4Dskom0SwxwPPIpDL_TUlREcwxFv3IuDEVrnPNjMYlfEyouw,Dental Chairside assistant,Kovaii Dental hospital,"Coimbatore Central, Coimbatore, Tamil Nadu",Coimbatore,,"₹7,000 - ₹15,000 a month",7000,15000,per_month,full_time,Part-time|Full-time,,non_clinical,hospital,False,Anatomy knowledge|In-person|Medical terminology,,,2026-07-11,"Has to assist the dentist , prepare instruments and provide in the treatment rooms. training will be provided.",https://www.simplyhired.co.in/job/YSRJAf4Dskom0SwxwPPIpDL_TUlREcwxFv3IuDEVrnPNjMYlfEyouw,2026-07-12T12:32:28Z
simplyhired,9US1oKZ9q-WG_B-hku-dT1M8hZMd8hbF0dEilQM1JVek6aBqA3NrBQ,Gnm nurse,Golden Leaf Home Care,"Coimbatore, Tamil Nadu",Coimbatore,,"₹15,000 - ₹35,000 a month",15000,35000,per_month,full_time,Full-time|Call employer,,nurses,hospital,False,In-person|Communication skills,Flexible schedule|Food provided,,2026-07-12,Are you ok with the job home care nurse. Provide quality nursing care to patients at home. Administer medications and treatments as prescribed.,https://www.simplyhired.co.in/job/9US1oKZ9q-WG_B-hku-dT1M8hZMd8hbF0dEilQM1JVek6aBqA3NrBQ,2026-07-12T12:32:28Z
simplyhired,l6IYc-wYgg6PC0BpdbnkcsRU9CJr7weY0Z5WWaUKIxeMPv03XLKt8A,Speech Language Pathologist,Jewel Autism Centre and Child Development centre,"Kottayam, Kerala",Kottayam,,"₹35,000 - ₹60,000 a month",35000,60000,per_month,full_time,Full-time,,non_clinical,hospital,False,Master's degree|Bachelor's degree|In-person,,,2026-07-11,"Assist in community awareness programs, parent education sessions, and professional workshops when required. The Speech-Language Pathologist is responsible for…",https://www.simplyhired.co.in/job/l6IYc-wYgg6PC0BpdbnkcsRU9CJr7weY0Z5WWaUKIxeMPv03XLKt8A,2026-07-12T12:32:28Z
simplyhired,krufZyeX83yvmKdaJViDEpFWcFGFV_tnmxG1Rt45qQ6LVFR4cdUxew,Patient Care Assistant,Peace Valley Rehabilitation centre,"Kothamangalam , Kochi, Kerala",Kochi,,Not Disclosed,,,,full_time,Full-time,,non_clinical,hospital,False,Bachelor's degree|Patient care|In-person|Nursing,Food provided,,2026-07-10,"Assist patients with bathing, grooming, dressing, and personal hygiene. Help patients with feeding, mobility, walking, transferring, and positioning.",https://www.simplyhired.co.in/job/krufZyeX83yvmKdaJViDEpFWcFGFV_tnmxG1Rt45qQ6LVFR4cdUxew,2026-07-12T12:32:28Z
simplyhired,V6rg6Gl2GBMUvmgRAworye1XwPGtwNFVSKcb161oYklbq0rdHlJ1zQ,Aesthetic Doctor,Advanced Grohair & Gloskin Clinic,"Siruseri, Chennai, Tamil Nadu",Chennai,,"₹25,000 - ₹45,000 a month",25000,45000,per_month,full_time,Weekend availability|Full-time,,doctors,hospital,False,Bachelor's degree|Patient care|In-person|Training & development|Communication skills,Flexible schedule,,2026-07-11,"Stay up-to-date on the latest industry trends, techniques, and best practices. Perform a variety of aesthetic and cosmetic procedures, including PRP, Laser…",https://www.simplyhired.co.in/job/V6rg6Gl2GBMUvmgRAworye1XwPGtwNFVSKcb161oYklbq0rdHlJ1zQ,2026-07-12T12:32:28Z
simplyhired,kZh6dnJ6l_wQejo0nKPwAdswdg1KrbJ59dXxNRPNBQPZckL_dmmKlQ,Caregiver,GUARDIAN ANGEL HOMECARE PRIVATE LIMITED,"Kochi, Kerala",Kochi,,"₹26,000 - ₹40,000 a month",26000,40000,per_month,full_time,Full-time,,non_clinical,hospital,False,Bachelor's degree|In-person|Care plans|Nursing,Health insurance|Food provided,,2026-07-11,GDA/ANM/BSC/GNM - OR ANY CERTIFIED MEDICAL COURSES*. The Care Giver will mostly work independently of co-workers or supervisors and therefore must balance good…,https://www.simplyhired.co.in/job/kZh6dnJ6l_wQejo0nKPwAdswdg1KrbJ59dXxNRPNBQPZckL_dmmKlQ,2026-07-12T12:32:28Z
simplyhired,N-1amOBZCp-fm2qnxzQxW8LZZ4k4geaLmUvxOAexkDahRTj8UlV7pQ,Periodontist,The Dental Specialists,"Hyderabad, Telangana",Hyderabad,,"₹50,000 - ₹70,000 a month",50000,70000,per_month,full_time,Full-time,,non_clinical,hospital,False,English|Bachelor's degree|In-person|Communication skills,,,2026-07-10,( Plan for few hours 3-5 hours to show your talent after clearing verbal interview ). Full time- 12PM - 8PM/ 1PM-9PM. Good Perio skills and General Dentistry.,https://www.simplyhired.co.in/job/N-1amOBZCp-fm2qnxzQxW8LZZ4k4geaLmUvxOAexkDahRTj8UlV7pQ,2026-07-12T12:32:28Z
simplyhired,X9bdrGElFL9m7mjQw_OmxeSkXPntmBM16FWuLUmmIbeYr_YusGRV7Q,Dietician,"Arneja Heart and Multispeciality Hospital, Nagpur","Ramdaspet, Nagpur, Maharashtra",Nagpur,,"₹10,000 - ₹20,000 a month",10000,20000,per_month,full_time,Full-time,,non_clinical,hospital,False,Microsoft Powerpoint|Microsoft Word|English|In-person|Diploma,Health insurance,,2026-07-10,"Ø Planning daily diet for patients. Ø Preparation of Diet sheet including patient name, bed number & diagnosis. Ø Food testing and rating with proper notes.",https://www.simplyhired.co.in/job/X9bdrGElFL9m7mjQw_OmxeSkXPntmBM16FWuLUmmIbeYr_YusGRV7Q,2026-07-12T12:32:28Z
simplyhired,JoAGjiY-hvmKl6-xLx4FZrKHxpHCj7-b7erRyHhh-jG_ZL6G47V2HA,Receptionist,Epi Glow Skin clinic,"Mota Varachha, Surat, Gujarat",Surat,,"₹8,597.52 - ₹23,999.27 a month",8598,23999,per_month,full_time,Full-time,,non_clinical,hospital,False,English|12th Pass|Bachelor's degree|In-person|Medical terminology|Office experience,,,2026-07-10,"Looking for a receptionist for our clinic. Education required: 10-12 pass Basic English Pay: ₹8,597.52 - ₹23,999.27 per month Work Location: In…",https://www.simplyhired.co.in/job/JoAGjiY-hvmKl6-xLx4FZrKHxpHCj7-b7erRyHhh-jG_ZL6G47V2HA,2026-07-12T12:32:28Z
simplyhired,ADKcWj61-BMRJCqObGtxZhInsTp4HkchzysmVk0WYX9WCxOqYYQeSw,Typist,Hi Tech Diagnostic Centre,"Kochi, Kerala",Kochi,,"₹12,000 - ₹15,000 a month",12000,15000,per_month,full_time,Full-time,,non_clinical,pharma,False,Bachelor's degree|Typing|In-person|Epic|Medical terminology,,,2026-07-09,"The role requires excellent typing speed, attention to detail, knowledge of medical terminology, and the ability to maintain strict confidentiality of patient…",https://www.simplyhired.co.in/job/ADKcWj61-BMRJCqObGtxZhInsTp4HkchzysmVk0WYX9WCxOqYYQeSw,2026-07-12T12:32:28Z
simplyhired,dQjylaFPstFNYPATyIyIeoJ-NIzBtX9HMhVBd9RqkNbTD87FKS0BlQ,MD Community Medicine,Medical College and Hospital,"Bengaluru Rural District, Karnataka",Bengaluru Rural District,,Not Disclosed,,,,full_time,Part-time|Full-time,,doctors,hospital,False,Medicine|In-person|Medical terminology|Teaching experience,,,2026-07-10,Urgent Requirement of Community Medicine Positions- Senior resident/ Assistant Professor/ Associate Professor/ Professor Qualification- MD Community…,https://www.simplyhired.co.in/job/dQjylaFPstFNYPATyIyIeoJ-NIzBtX9HMhVBd9RqkNbTD87FKS0BlQ,2026-07-12T12:32:31Z
simplyhired,37SSXwV70t274YiKYSDB4QB6-U2_L2VFb3KnZFWG93dYxdABvYSLHQ,Casualty Medical Officer,Medical Trust Hospital Kuzhuppilly,"Kochi, Kerala",Kochi,,"₹45,000 - ₹55,000 a month",45000,55000,per_month,full_time,Full-time,,doctors,hospital,False,Medicine|Bachelor's degree|Patient care|In-person,,,2026-07-11,"Qualification: MBBS Experience: 1 Year Job Type: Full-time Pay: ₹45,000.00 - ₹55,000.00 per month Work Location: In…",https://www.simplyhired.co.in/job/37SSXwV70t274YiKYSDB4QB6-U2_L2VFb3KnZFWG93dYxdABvYSLHQ,2026-07-12T12:32:31Z
simplyhired,ER595TEwRpAm3_r9FztOJu73iB7ocHPiKALNB6zg3DQnzDXxlto_kw,Clinical Psychologist,SKS Hospital & Post Graduation Medical Institute,"Salem, Tamil Nadu",Salem,,"₹45,000 - ₹50,000 a month",45000,50000,per_month,full_time,Full-time,,doctors,hospital,False,Master's degree|In-person,Flexible schedule,,2026-07-11,"Diagnose psychological, behavioral and emotional disorders in accordance with diagnostic criteria and develop a treatment plan accordingly.",https://www.simplyhired.co.in/job/ER595TEwRpAm3_r9FztOJu73iB7ocHPiKALNB6zg3DQnzDXxlto_kw,2026-07-12T12:32:31Z
simplyhired,3i9aDJjEfBETnoMIntgyzsQdsKVq_vd-ajURW5oCLeEust_v-5yUuQ,Staff Nurse,Vue Eye Care,"Chengannur, Kerala",Chengannur,,"₹15,000 - ₹20,000 a month",15000,20000,per_month,full_time,Email|Full-time,,nurses,hospital,False,Nursing|B.Sc|English|Bachelor's degree|In-person|Communication skills,Paid time off,,2026-07-10,✅ *No night duty* – enjoy an excellent work-life balance. Good communication skills in Malayalam (knowledge of English is an advantage).,https://www.simplyhired.co.in/job/3i9aDJjEfBETnoMIntgyzsQdsKVq_vd-ajURW5oCLeEust_v-5yUuQ,2026-07-12T12:32:31Z
simplyhired,GtKv92H0J7FcPyxoo5QUo70p7fijwPAJZWebGTa2jdxQBluaCTgeYg,Nutrition Counsellor,Dietician Kajal Aggarwal,"Malviya Nagar, Delhi, Delhi",Delhi,,"₹30,000 - ₹50,000 a month",30000,50000,per_month,full_time,Full-time,,non_clinical,hospital,False,Sales|In-person|Diploma|Communication skills,,,2026-07-11,We are looking for a confident and knowledgeable Clinical Nutrition Counsellor who can combine nutrition expertise with strong client-conversion skills.,https://www.simplyhired.co.in/job/GtKv92H0J7FcPyxoo5QUo70p7fijwPAJZWebGTa2jdxQBluaCTgeYg,2026-07-12T12:32:31Z
simplyhired,9D-pyz7jb8kA1BAr9WlAbiPRxfbd1YPnP8JQbc4Fv9x1KG41MylxEg,Staff Nurse,Sparsh Hospital,"HBR Layout, Bengaluru, Karnataka",Bengaluru,,"₹20,000 - ₹40,000 a month",20000,40000,per_month,full_time,Full-time|Rotational shift,,nurses,hospital,False,B.Sc|Bachelor's degree|In-person|Care plans|Communication skills|Hospital experience|Nursing,Health insurance|Paid time off|Flexible schedule|Paid sick time,,2026-07-10,Coordinate with doctors and other healthcare professionals to ensure effective patient care. Experience Required:* Minimum 1 year of clinical experience.,https://www.simplyhired.co.in/job/9D-pyz7jb8kA1BAr9WlAbiPRxfbd1YPnP8JQbc4Fv9x1KG41MylxEg,2026-07-12T12:32:31Z
simplyhired,WJWA3_rbK1FOvothaLXehZs4uGZDf4JJquuf347111Y1_P-9P283rQ,Speech Therapist,Max Healthcare,"Mumbai, Maharashtra",Mumbai,,"From ₹50,000 a month",50000,50000,per_month,full_time,Full-time,,non_clinical,hospital,False,English|In-person|Nursing,Health insurance|Paid time off|Paid sick time,,2026-07-10,Create and carry out an individualized treatment plan. To ensure that ethical professional practice is followed. Record patients progress on timely manner.,https://www.simplyhired.co.in/job/WJWA3_rbK1FOvothaLXehZs4uGZDf4JJquuf347111Y1_P-9P283rQ,2026-07-12T12:32:31Z
simplyhired,q9bK2cCIrrgjTDLSAP6kPO6kLOd2iSPTstAY-_gr6BPd5G8d7T_rrg,Phlebotomist - Field Work,Tata1mg- Phlebotomist-Field Work,"Chennai, Tamil Nadu",Chennai,,"₹22,000 - ₹25,000 a month",22000,25000,per_month,full_time,Full-time|Rotational shift,,non_clinical,hospital,False,Laboratory experience|Driving|Travel|In-person|Communication skills,Health insurance,,2026-07-09," Candidate must have good knowledge of testing protocols and the use of testing equipment's and also deliver excellent patient service, answer patient…",https://www.simplyhired.co.in/job/q9bK2cCIrrgjTDLSAP6kPO6kLOd2iSPTstAY-_gr6BPd5G8d7T_rrg,2026-07-12T12:32:31Z
simplyhired,C8DHtyxfOd1xo-sGOYE00gDwsaczsdAKN3ju2rB939hjtN9o2l0H3Q,Vacancy for op assistant,Metro Malabar Cardiac Center,"Manjeri, Kerala",Manjeri,,"₹10,000 a month",10000,10000,per_month,full_time,,,non_clinical,hospital,False,Patient care|In-person|Medical terminology|Hospital experience,,,2026-07-09,"Hospital : Metro Malabar Cardiac Center Location :manjeri Pay: ₹10,000.00 per month Work Location: In…",https://www.simplyhired.co.in/job/C8DHtyxfOd1xo-sGOYE00gDwsaczsdAKN3ju2rB939hjtN9o2l0H3Q,2026-07-12T12:32:31Z
simplyhired,sEx-D5ATDzjsodozSh315UYASU1ZCXFekbBEtdOC8VLZVPfkdgU48g,Pharmacist,Dr.Mohan'S Diabetes Specialities Centre,"Whitefield, Bengaluru, Karnataka",Bengaluru,,"₹18,000 - ₹25,000 a month",18000,25000,per_month,full_time,Full-time|Call employer|Morning shift,,pharmacists,hospital,False,Medication administration|English|Patient care|In-person|Medical terminology,Health insurance,,2026-07-10,Billing and issuing the medicines to the patients with warm smile and politeness. Entering the purchase bills in excel for payment processing.,https://www.simplyhired.co.in/job/sEx-D5ATDzjsodozSh315UYASU1ZCXFekbBEtdOC8VLZVPfkdgU48g,2026-07-12T12:32:31Z
simplyhired,ZBB3Lp7WgM25QnPv6KTIOHWuzP4gtLgb8yjkG8Drvl1EEa_ws_6V_w,ICU Staff Nurse,BRJ ORTHO CENTRE & MAK HOSPITAL,"Coimbatore, Tamil Nadu",Coimbatore,,"₹15,000 - ₹30,000 a month",15000,30000,per_month,full_time,Full-time,,nurses,hospital,False,Nursing|B.Sc|Bachelor's degree|In-person|Nursing,Food provided,,2026-07-09,Supervise other Junior Nursing personnel working with her/him. Supervise other Junior Nursing personnel working with her/him. Keep the ward neat and tidy.,https://www.simplyhired.co.in/job/ZBB3Lp7WgM25QnPv6KTIOHWuzP4gtLgb8yjkG8Drvl1EEa_ws_6V_w,2026-07-12T12:32:31Z
simplyhired,eYo9ljpc8X8GcAcjR8rjkDxylT2MIMEor8GbJCBtcDApsLADTMhkOQ,Nutritionist,Indian skin,"Nagpur, Maharashtra",Nagpur,,"₹10,000 - ₹15,000 a month",10000,15000,per_month,full_time,Full-time,,non_clinical,hospital,False,Bachelor's degree|Data entry|In-person,,,2026-07-10,"Pay: ₹10,000.00 - ₹15,000.00 per month. In addition to providing dietary consultations and meal planning, the candidate will be responsible for maintaining…",https://www.simplyhired.co.in/job/eYo9ljpc8X8GcAcjR8rjkDxylT2MIMEor8GbJCBtcDApsLADTMhkOQ,2026-07-12T12:32:31Z
simplyhired,Y34epETTvziOU7h4kiRp4zx5RX265Nb0TZwXJ6gy4ZbJbKEh16OImg,Physiotherapist,RxDx Clinics (Multi-speciality),"Bangalore City, Bengaluru, Karnataka",Bengaluru,,"From ₹25,000 a month",25000,25000,per_month,full_time,Full-time,,non_clinical,hospital,False,Master's degree|Bachelor's degree|In-person|Communication skills,Commuter assistance|Health insurance|Paid time off|Flexible schedule|Paid sick time,,2026-07-10,"We are seeking a compassionate, skilled, and patient-centric *Physiotherapist* to join our multidisciplinary healthcare team.",https://www.simplyhired.co.in/job/Y34epETTvziOU7h4kiRp4zx5RX265Nb0TZwXJ6gy4ZbJbKEh16OImg,2026-07-12T12:32:31Z
simplyhired,Bhal5ECo8MSUZX5LP7pPOit7S-b7ODUZrR5yNCZ9pV3uhKjAVRZmQw,Hiring Junior Dentist,CURETECO PVT LTD,"Nallur, Tamil Nadu",Nallur,,"₹20,000 - ₹35,000 a month",20000,35000,per_month,full_time,Full-time,,doctors,hospital,False,Bachelor's degree|In-person|Medical terminology,Paid time off|Flexible schedule|Food provided|Paid sick time,,2026-07-10,"Must have interest in learning new advancements in digital dentistry, Willing to learn aligner planning and crown designing.",https://www.simplyhired.co.in/job/Bhal5ECo8MSUZX5LP7pPOit7S-b7ODUZrR5yNCZ9pV3uhKjAVRZmQw,2026-07-12T12:32:33Z
simplyhired,hGJSV-QeeKnQem0KWihKxJU5g_5-ePKn1qMKCyYsDjd4mke-txIyqw,Assistant Pharmacist,Monu Health Care,"Jaipur, Rajasthan",Jaipur,,"₹7,000 - ₹15,000 a month",7000,15000,per_month,full_time,Full-time,,pharmacists,hospital,False,Medication administration|Patient care|In-person|Diploma|Medical terminology|Hospital experience,,,2026-07-11,"Jaipur, Rajasthan: Reliably commute or planning to relocate before starting work (Required). Basic computer: 1 year (Preferred). Total work: 1 year (Preferred).",https://www.simplyhired.co.in/job/hGJSV-QeeKnQem0KWihKxJU5g_5-ePKn1qMKCyYsDjd4mke-txIyqw,2026-07-12T12:32:33Z
simplyhired,d2xV7uUelQt3Uk-2JYZCktA1xLddU_kFW8fU5IHmnGx28pM12mq4CA,Ward Secretary,SKS Hospital & Post Graduation Medical Institute,"Salem, Tamil Nadu",Salem,,"₹11,000 - ₹15,000 a month",11000,15000,per_month,full_time,Full-time,,non_clinical,hospital,False,Bachelor's degree|In-person,Paid time off|Flexible schedule,,2026-07-11,"Ensure that all ward documentation, including consent forms and medical charts, are properly completed and filed.",https://www.simplyhired.co.in/job/d2xV7uUelQt3Uk-2JYZCktA1xLddU_kFW8fU5IHmnGx28pM12mq4CA,2026-07-12T12:32:33Z
simplyhired,ydJ7RSzsxzDi1Vjro4EOErt0zpccfBv9dhYA3oN3pelbm2w1ud_s7g,Lab Technician,AVR SCAN CENTRE,"Padur Road, Chennai, Tamil Nadu",Chennai,,"₹15,000.00 - ₹25,403.52 a month",15000,25404,per_month,full_time,Full-time,,non_clinical,hospital,False,Anatomy knowledge|Blood sampling|Laboratory experience|English|In-person,Paid time off|Flexible schedule,,2026-07-11,"Collect blood, urine, stool, and other biological samples from patients. Label and store samples correctly to avoid mix-ups.",https://www.simplyhired.co.in/job/ydJ7RSzsxzDi1Vjro4EOErt0zpccfBv9dhYA3oN3pelbm2w1ud_s7g,2026-07-12T12:32:33Z
simplyhired,PtzTGdy88ZsEVJxDm4sWjumWLwDcWQZEQ84tGUIx8V9p53lqYx3tIQ,MBBS / DMO (No Night shift/emergency duty),Oliva Skin and Hair Clinic,"Bengaluru, Karnataka",Bengaluru,,"₹40,000 - ₹60,000 a month",40000,60000,per_month,full_time,Full-time,,doctors,hospital,False,Medicine|Master's degree|Bachelor's degree|Patient care|In-person|Communication skills,,,2026-07-10,A willingness to grow with us on a structured professional pathway. MBBS degree with valid registration (FMGE-cleared international graduates welcome).,https://www.simplyhired.co.in/job/PtzTGdy88ZsEVJxDm4sWjumWLwDcWQZEQ84tGUIx8V9p53lqYx3tIQ,2026-07-12T12:32:33Z
simplyhired,gozFS4Rnme1tZvGyaW2YmZf093Re-FEQWFHLvT-WuVd4jmkIlfxQTw,Physiotherapist cum receptionist,The Bunny Teeth Dental Clinic branch 2,"Chennai, Tamil Nadu",Chennai,,"₹15,000 - ₹25,000 a month",15000,25000,per_month,full_time,Full-time,,non_clinical,hospital,False,Nursing|Anatomy knowledge|Bachelor's degree|In-person|Medical terminology,,,2026-07-10,"This role combines *clinical physiotherapy support* (especially for TMJ, myofascial pain, posture, and muscle rehabilitation) with *front office and…",https://www.simplyhired.co.in/job/gozFS4Rnme1tZvGyaW2YmZf093Re-FEQWFHLvT-WuVd4jmkIlfxQTw,2026-07-12T12:32:33Z
simplyhired,y62un1JXsoGWHllzDcmXrwtgKtPJEGwhY28fkfB4FRY6gwQboke90A,Audiologist,Elsela Hear Connect,"Kolenchery, Kochi, Kerala",Kochi,,"₹30,000 - ₹1,00,000 a month",30000,100000,per_month,full_time,Full-time,,non_clinical,hospital,False,Anatomy knowledge|English|In-person|Medical terminology|Communication skills,,,2026-07-10,Updated* with latest innovations in hearing solutions. The ideal candidate will be responsible for diagnosing and treating patients with hearing and balance…,https://www.simplyhired.co.in/job/y62un1JXsoGWHllzDcmXrwtgKtPJEGwhY28fkfB4FRY6gwQboke90A,2026-07-12T12:32:33Z
simplyhired,gOiTnbrxQuBZYj1mNaQx7tIBbByOwBXrwQnmjcqk-z3o1dlpb3GPHw,Billing Executive- OT Store,GG Hospital,"Ulloor, Thiruvananthapuram, Kerala",Thiruvananthapuram,,"₹10,627.17 - ₹20,748.97 a month",10627,20749,per_month,full_time,Full-time,,non_clinical,hospital,False,Bachelor's degree|In-person|Medical terminology,,,2026-07-09,Support month-end billing reconciliation and audit requirements. Maintain confidentiality of patient information and financial records.,https://www.simplyhired.co.in/job/gOiTnbrxQuBZYj1mNaQx7tIBbByOwBXrwQnmjcqk-z3o1dlpb3GPHw,2026-07-12T12:32:33Z
simplyhired,4n796jfMv-2RqLuN65QRwQ_ipKi7rxX3rchKst2iYdOFyL8ZrvozgA,Pediatric Staff Nurse required immediately,DEEPAM HOSPITAL,"Chengalpattu, Chennai, Tamil Nadu",Chennai,,"₹25,000 - ₹30,000 a month",25000,30000,per_month,full_time,Full-time,,nurses,hospital,False,B.Sc|Bachelor's degree|Patient care|In-person|Nursing,,,2026-07-10,"There is an opportunity for the Pediatric Staff Nurse to work in the reputed Chennai based Hospital in Guduvanchery and SP Koil,.",https://www.simplyhired.co.in/job/4n796jfMv-2RqLuN65QRwQ_ipKi7rxX3rchKst2iYdOFyL8ZrvozgA,2026-07-12T12:32:33Z
simplyhired,Y5zl-BLIhYNo3ZLEuBSWNIwZHVSCi7WaA9DZbhM-fu6-lUz2Bij75w,Optometrist,VLS Retail Private Limited,"Kanchrapara, West Bengal",Kanchrapara,,"Up to ₹27,000 a month",27000,27000,per_month,full_time,Full-time,,non_clinical,hospital,False,Nursing|Bachelor's degree|In-person|Epic|Diploma|Communication skills,Paid time off|Paid sick time,,2026-07-11,Deliver excellent customer service and consultation. BDS Group is hiring an experienced and customer-oriented Optometrist for its Titan Eyeplus Franchise Store…,https://www.simplyhired.co.in/job/Y5zl-BLIhYNo3ZLEuBSWNIwZHVSCi7WaA9DZbhM-fu6-lUz2Bij75w,2026-07-12T12:32:33Z
simplyhired,8NGgV4KQ3675d8_RNj7PQn-Vgx8D3ApKmpexE81nBnoAlyCElJhJsQ,Physiotherapist Trainer,Vecura Wellness clinic,"Ambattur, Chennai, Tamil Nadu",Chennai,,"₹18,000 - ₹25,000 a month",18000,25000,per_month,full_time,Full-time,,non_clinical,hospital,False,Master's degree|Bachelor's degree|Mentoring|In-person|Communication skills,,,2026-07-11,"2–3 years of clinical experience in physiotherapy, preferably within a wellness, rehabilitation, sports, or preventive healthcare setting.",https://www.simplyhired.co.in/job/8NGgV4KQ3675d8_RNj7PQn-Vgx8D3ApKmpexE81nBnoAlyCElJhJsQ,2026-07-12T12:32:33Z
simplyhired,XckFXFIE0JkBVY_IExYZnzEP2ESp4vP4aN1uYLwjGOZkDPH-AK6zQQ,Hospital Billing Executive,Shree Hospitals,"Ghatkopar, Mumbai, Maharashtra",Mumbai,,"₹20,000 - ₹35,000 a month",20000,35000,per_month,full_time,Full-time|Rotational shift,,non_clinical,hospital,False,Bachelor's degree|In-person|Medical terminology|Hospital experience,,,2026-07-10,Vacancy for IPD/OPD Billing Executives for an upcoming hospital in Ghatkopar Qualification: Any Graduate Experience: 2-5 years of hospital experience Ready…,https://www.simplyhired.co.in/job/XckFXFIE0JkBVY_IExYZnzEP2ESp4vP4aN1uYLwjGOZkDPH-AK6zQQ,2026-07-12T12:32:33Z
simplyhired,DhHjLKNsMFMKonci-N3KqWWNByrDNvHzT6gvKTFHhpoaaJo_SSzK6g,Registered Staff Nurse,Synamed Healthcare Solutions,"Chennai, Tamil Nadu",Chennai,,"₹15,000 - ₹36,000 a month",15000,36000,per_month,full_time,Part-time|Full-time,,nurses,hospital,False,Bachelor's degree|Patient care|In-person|Nursing,,,2026-07-10,"Staff Nurse required for Hospitals, Homecare & Occupational health Pay: ₹15,000.00 - ₹36,000.00 per month Work Location: In…",https://www.simplyhired.co.in/job/DhHjLKNsMFMKonci-N3KqWWNByrDNvHzT6gvKTFHhpoaaJo_SSzK6g,2026-07-12T12:32:33Z
simplyhired,pSHfKmj4pdfcfoQIJXMaZWnkvqm0fNCy_WDBjYlmLG7HM_67WyfE_A,Clinical Psychologist,MIMER Medical College,"Talegaon Dabhade, Pune, Maharashtra",Pune,,"₹20,000 - ₹30,000 a month",20000,30000,per_month,full_time,Full-time,,doctors,hospital,False,English|Microsoft Office|Master's degree|In-person|Diploma,,,2026-07-10,"Patient Assessment & Diagnosis: Conduct clinical interviews and administer standardized psychological tests to evaluate cognitive, emotional, and behavioral…",https://www.simplyhired.co.in/job/pSHfKmj4pdfcfoQIJXMaZWnkvqm0fNCy_WDBjYlmLG7HM_67WyfE_A,2026-07-12T12:32:33Z
simplyhired,AhWuNK_uOoUNFWSmkaNhoAC2auiDqEy5Oi1h52iaxs74BLRb9_U_sQ,Occupational Therapist,I Support Foundation,"Amarnath, Maharashtra",Amarnath,,"₹50,000 - ₹55,000 a month",50000,55000,per_month,full_time,Full-time,,non_clinical,hospital,False,Master's degree|Bachelor's degree|Pediatrics|In-person,,,2026-07-10,"The therapist will work with *children with Autism, ADHD, developmental delays, and sensory processing challenges*, helping them improve *sensory integration,…",https://www.simplyhired.co.in/job/AhWuNK_uOoUNFWSmkaNhoAC2auiDqEy5Oi1h52iaxs74BLRb9_U_sQ,2026-07-12T12:32:33Z
simplyhired,vSSg6bXraeC6zGznJWr3tD7CVwGQK__FSahQc47m4mVcihgc4p4iiw,Farm Manager,Fur Ball Story,"Gurugram, Haryana",Gurugram,,"₹9,822.67 - ₹48,657.82 a month",9823,48658,per_month,full_time,Full-time,,non_clinical,hospital,False,Laboratory experience|English|Bachelor's degree|In-person|Diploma,,,2026-07-10,"Pay: ₹9,822.67 - ₹48,657.82 per month. Ensure continuous availability of clean drinking water and a comfortable kennel environment.",https://www.simplyhired.co.in/job/vSSg6bXraeC6zGznJWr3tD7CVwGQK__FSahQc47m4mVcihgc4p4iiw,2026-07-12T12:32:33Z
simplyhired,iWTvK02x9_AaW1H0KEo1ZRgCbclWU9BEFigTCqwWqCT4WELC9Vj7mQ,Assistant - Patient Care Services,Apollo Hospitals,"Nellore, Andhra Pradesh",Nellore,,Not Disclosed,,,,full_time,Full-time,,non_clinical,hospital,False,,,,2026-07-10,"Dear Candidate, We are delighted to introduce you to Apollo Hospitals, a leading healthcare provider in India. With a long-standing heritage spanning many…",https://www.simplyhired.co.in/job/iWTvK02x9_AaW1H0KEo1ZRgCbclWU9BEFigTCqwWqCT4WELC9Vj7mQ,2026-07-12T12:32:35Z
simplyhired,ObRR6VwJA7ZhXbqtfG4gkKJzIbEhi9hOvWqBFlsj5947LafSg5EGqg,Dermatologist (Full Time / Part Time),Skinroots Clinic,"Raipur, Chhattisgarh",Raipur,,"Up to ₹1,20,000 a month",120000,120000,per_month,full_time,Full-time|Call employer,,doctors,hospital,False,Medicine|In-person|Diploma|Communication skills,,,2026-07-12,Collaborate with the clinical team to deliver an exceptional patient experience. *One week of clinical practice every month.*.,https://www.simplyhired.co.in/job/ObRR6VwJA7ZhXbqtfG4gkKJzIbEhi9hOvWqBFlsj5947LafSg5EGqg,2026-07-12T12:32:35Z
simplyhired,2lsvBfcRV7xFHxUdD9emXaRnscvjNLDbPAjdk84RNpPbX8OiUU1nOw,Associate Director,Guidehouse India Pvt Ltd,"Chennai, Tamil Nadu",Chennai,,Not Disclosed,,,,full_time,Full-time,,non_clinical,hospital,False,Travel|Leadership|Communication skills,,,2026-07-10,"Strong knowledge of healthcare industry regulations, accreditation standards, and compliance requirements. Compliance and Regulatory Oversight: Stay abreast of…",https://www.simplyhired.co.in/job/2lsvBfcRV7xFHxUdD9emXaRnscvjNLDbPAjdk84RNpPbX8OiUU1nOw,2026-07-12T12:32:35Z
simplyhired,t8CtqFF5HJidoeIKRsJlNhwttcmA0HUVuJJzhumx2Wkajs-4o5cFLg,General Dentist (Full-Time / Part-Time),Curis Life Multispeciality Clinic,"Andheri, Mumbai, Maharashtra",Mumbai,,Not Disclosed,,,,full_time,Part-time|Full-time,,doctors,hospital,False,Bachelor's degree|Computer skills|In-person|Medical terminology|Communication skills,,,2026-07-09,Deliver a high standard of patient care and ensure an excellent patient experience. Minimum *3 years of clinical experience* as a practicing dentist.,https://www.simplyhired.co.in/job/t8CtqFF5HJidoeIKRsJlNhwttcmA0HUVuJJzhumx2Wkajs-4o5cFLg,2026-07-12T12:32:35Z
simplyhired,Xl14yyL4hZ1cXr1eaKyjDiFaooRUEMvfhXEHW-AlbJvFk_Om4OheMg,Operation Theatre Technician,Sonoscan Healthcare Pvt.Ltd.,"Kolkata, West Bengal",Kolkata,,Not Disclosed,,,,full_time,Full-time,,non_clinical,hospital,False,B.Sc|Bachelor's degree|In-person|Diploma,,,2026-07-10,Required Experience : *Should have minimum 2- 3 years working experience as an OT Technician in any reputed hospital.,https://www.simplyhired.co.in/job/Xl14yyL4hZ1cXr1eaKyjDiFaooRUEMvfhXEHW-AlbJvFk_Om4OheMg,2026-07-12T12:32:35Z
simplyhired,_66O1dcorI0VKuk0olLZIoXyHhxTJ-eR0d7NOgIH_3mSyGQUTtziJA,Hirirng Radiographer,GERI CARE HOSPITAL,"T Nagar, Chennai, Tamil Nadu",Chennai,,"₹20,000 - ₹25,000 a month",20000,25000,per_month,full_time,Full-time|Call employer,,non_clinical,hospital,False,Bachelor's degree|In-person|Diploma|Medical terminology,,,2026-07-11,0–3 years of experience in diagnostic radiology. Perform X-ray examinations as per physician prescriptions. Prepare and position patients correctly for imaging…,https://www.simplyhired.co.in/job/_66O1dcorI0VKuk0olLZIoXyHhxTJ-eR0d7NOgIH_3mSyGQUTtziJA,2026-07-12T12:32:35Z
simplyhired,uVI1meA9MLqMM10I7vATOAS3zO7qO1Y40qlr-dwZtTSsiFByoxYDkw,Hospital Pharmacist,Janta Piles Clinic,"Saharanpur, Uttar Pradesh",Saharanpur,,"₹10,000 - ₹18,000 a month",10000,18000,per_month,full_time,Full-time,,pharmacists,hospital,False,Anatomy knowledge|Bachelor's degree|Patient care|In-person|Hospital experience,,,2026-07-09,"Fresher and experienced both can apply Need registration urgently Job Type: Full-time Pay: ₹10,000.00 - ₹18,000.00 per month Work Location: In…",https://www.simplyhired.co.in/job/uVI1meA9MLqMM10I7vATOAS3zO7qO1Y40qlr-dwZtTSsiFByoxYDkw,2026-07-12T12:32:35Z
simplyhired,INmvZ7MJSKYwJbltAGaEOexpJHQV5KUYZWM_vULmtUA_AuCdG_jzJQ,Phlebotomist/Health Care Assistant,Vital Smart Diagnostics,"Andheri West, Mumbai, Maharashtra",Mumbai,,"₹9,588.66 - ₹20,000.00 a month",9589,20000,per_month,full_time,Full-time,,non_clinical,pharma,False,Laboratory experience|In-person|Medical terminology|Hospital experience,,,2026-07-10,"Correctly identify patients and label blood samples. Explain procedures to patients and help reduce anxiety. Handle, store, and transport blood samples properly…",https://www.simplyhired.co.in/job/INmvZ7MJSKYwJbltAGaEOexpJHQV5KUYZWM_vULmtUA_AuCdG_jzJQ,2026-07-12T12:32:35Z
simplyhired,IXAY_f8r8qdHFcVIFCkIm7C7som4cLEaZg9bOwDObwwvyqfLQb5S8w,General Dentist,Shrine dental care,"Peelamedu, Coimbatore, Tamil Nadu",Coimbatore,,"₹20,000 - ₹25,000 a month",20000,25000,per_month,full_time,Full-time|Call employer,,doctors,hospital,False,Bachelor's degree|In-person|Medical terminology|Communication skills,Flexible schedule,,2026-07-12,We are looking for a *BDS-qualified dentist* (Fresher or Experienced) to manage our dental clinic. Good communication and patient management skills.,https://www.simplyhired.co.in/job/IXAY_f8r8qdHFcVIFCkIm7C7som4cLEaZg9bOwDObwwvyqfLQb5S8w,2026-07-12T12:32:35Z
simplyhired,ztubwycQVtGR6zvPgBmfxtD6sTEq7CTsOp7IWef6JquBdDgmUH5r6Q,Hospital billing executive,Superb imaging health square,"Hauz Khas, Delhi, Delhi",Delhi,,"From ₹20,000 a month",20000,20000,per_month,full_time,Full-time|Call employer,,non_clinical,hospital,False,Accounting|In-person|Medical terminology,,,2026-07-11,Wanted medical billing specialist on urgent basis for reputed diagnostic centre in South delhi by name health square Should be able to do medical billing of…,https://www.simplyhired.co.in/job/ztubwycQVtGR6zvPgBmfxtD6sTEq7CTsOp7IWef6JquBdDgmUH5r6Q,2026-07-12T12:32:35Z
simplyhired,nRAwJMS2f4piXMmnW6Xnsw6nrJYYxDXHrVn80QYi7unPSo19VlBx7w,Senior Medical Officer,Sukino Healthcare Solutions,"Calicut, Kerala",Calicut,,Not Disclosed,,,,full_time,Full-time,,doctors,hospital,False,Medicine|Bachelor's degree|EMR systems|In-person,,,2026-07-11,"*Experience:* 10+ years of clinical practice in a hospital or multi-specialty clinic setting, with at least 3 to 5 years in a managerial or clinical leadership…",https://www.simplyhired.co.in/job/nRAwJMS2f4piXMmnW6Xnsw6nrJYYxDXHrVn80QYi7unPSo19VlBx7w,2026-07-12T12:32:35Z
simplyhired,ikEoSctKKmVEnTJtqXlSLH_a7pwp-CXsJrSOYUSXWdZ-mm2QB7N1Bw,Staff Nurse- Chennai,Association of Allied Health Professionals,"Chennai, Tamil Nadu",Chennai,,"₹20,000 - ₹25,000 a month",20000,25000,per_month,full_time,Email|Full-time|Call employer|Rotational shift,,nurses,hospital,False,Nursing|B.Sc|Bachelor's degree|In-person|Diploma|Communication skills|Nursing,Food provided,,2026-07-11,Structured career progression within a reputed healthcare institution. Collaborate effectively with multidisciplinary healthcare teams to ensure optimal patient…,https://www.simplyhired.co.in/job/ikEoSctKKmVEnTJtqXlSLH_a7pwp-CXsJrSOYUSXWdZ-mm2QB7N1Bw,2026-07-12T12:32:35Z
simplyhired,H0f_q4ERo6xMYyKDumbrcLSw4mloEux7lhZPh-rcYebqVphmLKLM3g,Nursing Care Coordinator ( BSc/Gnm),Care Bridge Home,"Kochi, Kerala",Kochi,,"₹22,000 - ₹35,000 a month",22000,35000,per_month,full_time,,,nurses,hospital,False,Nursing|B.Sc|English|Microsoft Office|Bachelor's degree|Travel|In-person|Care plans|Communication skills|Teaching experience,,,2026-07-12,Monitor patient progress and intervene when necessary to address medical and care-related concerns. Ensure compliance with healthcare regulations and quality…,https://www.simplyhired.co.in/job/H0f_q4ERo6xMYyKDumbrcLSw4mloEux7lhZPh-rcYebqVphmLKLM3g,2026-07-12T12:32:35Z
simplyhired,RUM8McYeCAC_N8wz7_N9ACX8Jeb9MuSPFmEicCSDtg-41NRPOnyvNA,Dental Assistant,Maheshwari Dental,"Gurugram, Haryana",Gurugram,,"₹15,000 - ₹17,000 a month",15000,17000,per_month,full_time,Full-time,,non_clinical,hospital,False,Anatomy knowledge|In-person|Medical terminology,,,2026-07-12,"Should know reading, writing, and technical aspects of being a dental assistant. Pay: ₹15,000.00 - ₹17,000.00 per month Work Location: In…",https://www.simplyhired.co.in/job/RUM8McYeCAC_N8wz7_N9ACX8Jeb9MuSPFmEicCSDtg-41NRPOnyvNA,2026-07-12T12:32:35Z
simplyhired,TWXsOrU0IonAvYdK9JiavjjdvMgR485d5HIoh9E3EZVUdURJssVdJQ,Pharmacist,Chettinad Academy of Research and Education,"Chengalpattu, Chennai, Tamil Nadu",Chennai,,"₹21,000 - ₹22,000 a month",21000,22000,per_month,full_time,Email|Full-time|Rotational shift,,pharmacists,hospital,False,Anatomy knowledge|Bachelor's degree|Patient care|In-person|Communication skills|Hospital experience,,,2026-07-11,"We are seeking a qualified Pharmacist to dispense medications accurately, ensure safe medication practices, and provide excellent pharmaceutical care to…",https://www.simplyhired.co.in/job/TWXsOrU0IonAvYdK9JiavjjdvMgR485d5HIoh9E3EZVUdURJssVdJQ,2026-07-12T12:32:35Z
simplyhired,k_80bq04PnwIzTvH5oyMOQ8naMUkM5hdzN0Hch-3nc4bixhjxDG8qQ,Sr Executive - HIM services (Denial & Edits),CorroHealth Infotech Private Limited,"Hyderabad, Telangana",Hyderabad,,Not Disclosed,,,,full_time,Full-time,,non_clinical,hospital,False,Organisational skills|Computer skills|Communication skills,,,2026-07-08,"Life Science graduation or any equivalent graduation with Anatomy/Physiology as. Across the reimbursement cycle, our scalable solutions and clinical expertise…",https://www.simplyhired.co.in/job/k_80bq04PnwIzTvH5oyMOQ8naMUkM5hdzN0Hch-3nc4bixhjxDG8qQ,2026-07-12T12:32:38Z
simplyhired,vlahtrdW4eaFfZT3IepkEppfLG5NFFp7DCkpwX7jhOTgs4KTeN3Lqg,Pharmacy Assistant,Dr. Aravind's IVF Fertility & Pregnancy Centre,"Hebbal, Bengaluru, Karnataka",Bengaluru,,"₹18,000 - ₹22,000 a month",18000,22000,per_month,full_time,Urgently hiring|Full-time|Call employer,,pharmacists,hospital,False,Medication administration|B.Sc|Bachelor's degree|Patient care|In-person|Diploma,Flexible schedule,,2026-07-11,"Support clinicians with drug information and medication availability updates. Dispense IVF, hormonal, and general medications accurately as per prescriptions.",https://www.simplyhired.co.in/job/vlahtrdW4eaFfZT3IepkEppfLG5NFFp7DCkpwX7jhOTgs4KTeN3Lqg,2026-07-12T12:32:38Z
simplyhired,JqjbQ-uYibRt12Q4tof7Mdkl0-VFnj-dItdEXdiVDRKC5RJdV53IbQ,Clinical Nutritionist,Alphi Health Private Limited,"Jubilee Hills, Hyderabad, Telangana",Hyderabad,,"₹12,000 - ₹25,000 a month",12000,25000,per_month,full_time,Full-time,Walk-in,non_clinical,hospital,False,B.Sc|Master's degree|Bachelor's degree|In-person|Communication skills,,,2026-07-11,✅ Minimum 0-3 years experience. WALK-IN DRIVE | CLINICAL NUTRITIONISTS*. ✅ Passion for helping clients achieve their goals.,https://www.simplyhired.co.in/job/JqjbQ-uYibRt12Q4tof7Mdkl0-VFnj-dItdEXdiVDRKC5RJdV53IbQ,2026-07-12T12:32:38Z
simplyhired,8qZO_xN65QaM0Q68HtLDDiOTP4tGqLDOQN3yff9mzJF_V-_p9ZBKEA,Pharmacist @ SRV Rajebahdur Hospital,SRV Rajebahadur Hospital LLP,"Nashik, Maharashtra",Nashik,,"₹25,000 - ₹30,000 a month",25000,30000,per_month,full_time,Full-time,,pharmacists,hospital,False,Anatomy knowledge|Bachelor's degree|Patient care|In-person|Hospital experience,,,2026-07-10,"Collaborate with physicians, nurses, and other healthcare professionals to promote safe and effective medication use.",https://www.simplyhired.co.in/job/8qZO_xN65QaM0Q68HtLDDiOTP4tGqLDOQN3yff9mzJF_V-_p9ZBKEA,2026-07-12T12:32:38Z
simplyhired,5C0DonWgG2_jKz_BqzYgfCTDEyKBF-I37WiH7JCC5hZehc1ahDNJvg,Nurse,THF,"Ranchi, Jharkhand",Ranchi,,Not Disclosed,,,,full_time,,,nurses,hospital,False,Nursing|English|Bachelor's degree|Communication skills,,,2026-07-10,Experience of working in field/clinic for 1-3 years. S/he will accompany the mobile medical unit (Van) and will be responsible for providing counselling…,https://www.simplyhired.co.in/job/5C0DonWgG2_jKz_BqzYgfCTDEyKBF-I37WiH7JCC5hZehc1ahDNJvg,2026-07-12T12:32:38Z
simplyhired,nz5Sf8BOvQmmBABizG0IOrUySk-PuiAHrh1mo1AcZNHmFKPdluQqWQ,Sr. RMO for ICU @SRV Rajebahadur Hospital Nashik,SRV Rajebahadur Hospital LLP,"Nashik, Maharashtra",Nashik,,"₹30,000 - ₹35,000 a month",30000,35000,per_month,full_time,Full-time,,doctors,hospital,False,Bachelor's degree|Patient care|In-person,,,2026-07-11,"Participate in emergency response, on-call duties, and quality improvement activities. Coordinate patient care with consultants, nurses, and allied healthcare…",https://www.simplyhired.co.in/job/nz5Sf8BOvQmmBABizG0IOrUySk-PuiAHrh1mo1AcZNHmFKPdluQqWQ,2026-07-12T12:32:38Z
simplyhired,2RavZlzyg4dOIWyeIS-q2wcUlPLkT2eCHki29lyt6NlF87dqXZhN-Q,Pharmacist,USHA HOSPITAL,"Tambaram, Chennai, Tamil Nadu",Chennai,,"₹8,305.77 - ₹18,153.01 a month",8306,18153,per_month,full_time,Part-time|Full-time,,pharmacists,hospital,False,Anatomy knowledge|Bachelor's degree|Patient care|In-person|Hospital experience,Flexible schedule,,2026-07-10,"minimum one year experience.. accomodation free Pay: ₹8,305.77 - ₹18,153.01 per month Benefits: * Flexible schedule Work Location: In…",https://www.simplyhired.co.in/job/2RavZlzyg4dOIWyeIS-q2wcUlPLkT2eCHki29lyt6NlF87dqXZhN-Q,2026-07-12T12:32:38Z
simplyhired,zoMBZIGA2MfR_nk_SFt2NVHe_sHtsq7cwZDz-AIFdQdXn0HNRyRJZA,Consultant Dietician,Physiora Advanced Physiotherapy and Wellness Clinic,"Navi Mumbai, Maharashtra",Navi Mumbai,,"₹11,061.13 - ₹31,630.70 a month",11061,31631,per_month,full_time,Call employer,,non_clinical,hospital,False,Bachelor's degree|In-person,,,2026-07-11,"​Must be an independent practitioner with your own client base. ​*Ready-to-Use Space:* A private, furnished consultation room within our active physiotherapy…",https://www.simplyhired.co.in/job/zoMBZIGA2MfR_nk_SFt2NVHe_sHtsq7cwZDz-AIFdQdXn0HNRyRJZA,2026-07-12T12:32:38Z
simplyhired,q6yrib5W9aYUk0izapY24-BZCmBXIqhRNLXOubztG7kCHHrTY7wuUg,Counter sales Pharmacist,myMD Healthcare Pvt Ltd,"Kolkata, West Bengal",Kolkata,,"₹12,000 - ₹18,000 a month",12000,18000,per_month,full_time,Full-time,,pharmacists,hospital,False,Medication administration|12th Pass|Bachelor's degree|Patient care|In-person,,,2026-07-10,Handle basic customer queries politely. Help in giving medicines to customers as per prescription. Arrange medicines properly on shelves.,https://www.simplyhired.co.in/job/q6yrib5W9aYUk0izapY24-BZCmBXIqhRNLXOubztG7kCHHrTY7wuUg,2026-07-12T12:32:38Z
simplyhired,fTioXiLbAOXWhLX-HXCqqQk4U2CQ7mi70hBPrs7pLB6WUADYA8rNww,Physiotherapist,Atlas Chiropractor and Wellness,"Chennai, Tamil Nadu",Chennai,,"₹30,000 - ₹40,000 a month",30000,40000,per_month,full_time,Email|Full-time,,non_clinical,hospital,False,English|Bachelor's degree|In-person|Care plans|Communication skills,,,2026-07-11,A base salary of 30-40k CTC per month. Prepare and maintain accurate records and reports for each patient that is assessed and treated;,https://www.simplyhired.co.in/job/fTioXiLbAOXWhLX-HXCqqQk4U2CQ7mi70hBPrs7pLB6WUADYA8rNww,2026-07-12T12:32:38Z
simplyhired,Z-cTrwR35AYBAjXSUvZbVptNwfg85nVaL1yK7zwdx_1CwnOCb9SGqg,Staff Nurse,CURIS SHANAWAZ HOSPITAL,"Tiruchchirappalli, Tamil Nadu",Tiruchchirappalli,,"₹18,000 - ₹25,000 a month",18000,25000,per_month,full_time,Full-time,,nurses,hospital,False,B.Sc|Bachelor's degree|In-person|Diploma|Communication skills,,,2026-07-08,Assist doctors and healthcare teams during procedures. Provide high-quality patient care and nursing support. Monitor patient conditions and record vital signs.,https://www.simplyhired.co.in/job/Z-cTrwR35AYBAjXSUvZbVptNwfg85nVaL1yK7zwdx_1CwnOCb9SGqg,2026-07-12T12:32:38Z
simplyhired,p25Q-T4V_APoHr272_GedhTnZcyvIUPb8Hlk8Qp6_wzVkeC4Qkek9w,Dentist,Hospital ahmedabad,"Bopal, Ahmedabad, Gujarat",Ahmedabad,,"₹32,000 - ₹40,000 a month",32000,40000,per_month,full_time,Full-time,,doctors,hospital,False,Bachelor's degree|In-person|Medical terminology|Communication skills,,,2026-07-10,Shall be able to help us gain more ground into market by proposing strategies and outreach plans. Applicant should be interested in full time dentistry…,https://www.simplyhired.co.in/job/p25Q-T4V_APoHr272_GedhTnZcyvIUPb8Hlk8Qp6_wzVkeC4Qkek9w,2026-07-12T12:32:38Z
simplyhired,IsswkBbXBA8DFxQG_mKnEL0oc5bRg-qWAbRYhAjLv3A2oydMsvgADA,Senior Physiotherapist,Dr. Ushma's World Of Wellness,"Malad, Mumbai, Maharashtra",Mumbai,,"₹18,000 - ₹40,000 a month",18000,40000,per_month,full_time,Part-time|Full-time,,non_clinical,hospital,False,Master's degree|Bachelor's degree|In-person|Communication skills,,,2026-07-11,Provide evidence-based physiotherapy interventions for musculoskeletal conditions and pelvic floor dysfunctions. Bachelor’s or Master’s degree in Physiotherapy.,https://www.simplyhired.co.in/job/IsswkBbXBA8DFxQG_mKnEL0oc5bRg-qWAbRYhAjLv3A2oydMsvgADA,2026-07-12T12:32:38Z
simplyhired,0F520Z6NEvQjffCVVmTrWvgpXYo3VpOzmqBvouxYsn8WMQkhtBTfhg,Resident - Medical Services 39116,Apollo Hospitals,"Bhubaneswar, Odisha",Bhubaneswar,,Not Disclosed,,,,full_time,Full-time,,non_clinical,hospital,False,,,,2026-07-09,"Dear Candidate, We are delighted to introduce you to Apollo Hospitals, a leading healthcare provider in India. With a long-standing heritage spanning many…",https://www.simplyhired.co.in/job/0F520Z6NEvQjffCVVmTrWvgpXYo3VpOzmqBvouxYsn8WMQkhtBTfhg,2026-07-12T12:32:38Z
simplyhired,dbJhQ9L1PN8EKpr5X88x9rLRTrRVmzzL2VqQX0Z2q9Sw0_qHYJOLWw,Receptionist for Dental Hospital,Happydent Dental & Craniofacial Hospital,"Jaipur, Rajasthan",Jaipur,,"₹9,000 - ₹10,000 a month",9000,10000,per_month,full_time,Full-time,,non_clinical,hospital,False,12th Pass|In-person|Office experience,,,2026-07-12,Register new patients and update patient information in the system. Welcome patients and visitors in a friendly and professional manner.,https://www.simplyhired.co.in/job/dbJhQ9L1PN8EKpr5X88x9rLRTrRVmzzL2VqQX0Z2q9Sw0_qHYJOLWw,2026-07-12T12:32:38Z
simplyhired,XgF3k3OJqav-gxLZXVWtBG8Xn3Q85c3Oxl2qFaO9RGxSPUl9-_ZiHg,Cath Lab Technician,IRFacilities,"Mohali, Punjab",Mohali,,"₹20,000 - ₹35,000 a month",20000,35000,per_month,full_time,Full-time,,non_clinical,hospital,False,Patient monitoring|B.Sc|Laboratory experience|Bachelor's degree|In-person|Diploma|Communication skills,,,2026-07-10,We are looking for a skilled and dedicated Cath Lab Technician to assist doctors during cardiac and vascular procedures. Good communication and teamwork skills.,https://www.simplyhired.co.in/job/XgF3k3OJqav-gxLZXVWtBG8Xn3Q85c3Oxl2qFaO9RGxSPUl9-_ZiHg,2026-07-12T12:32:38Z
simplyhired,fj958jnWE1DiNU_qWqW-jSb60oIMLWkw7SiD0XycqRw7MY3Gve9xDg,Hospital Pharmacist,Dr Aravinds IVF Fertility centre,"Tiruppur, Tamil Nadu",Tiruppur,,"₹15,000 - ₹20,000 a month",15000,20000,per_month,full_time,Urgently hiring|Full-time,,pharmacists,hospital,False,Anatomy knowledge|Bachelor's degree|Patient care|In-person|Hospital experience,,,2026-07-11,"An IVF Pharmacist specializes in dispensing, preparing, and managing medications used in assisted reproductive technologies (ART) such as IVF.",https://www.simplyhired.co.in/job/fj958jnWE1DiNU_qWqW-jSb60oIMLWkw7SiD0XycqRw7MY3Gve9xDg,2026-07-12T12:32:38Z
simplyhired,Vhtw9qO4kjDvx1S_inXvmzZq8gW4p-7711NgNl1a8PqzcBlawPI9nw,Staff Nurse,Pulse medicare hospital mannanthala,"Mannanthala, Thiruvananthapuram, Kerala",Thiruvananthapuram,,Not Disclosed,,,,full_time,Full-time,,nurses,hospital,False,Nursing|Anatomy knowledge|Vital signs|B.Sc|Bachelor's degree|Patient care|In-person|Medical terminology|Hospital experience|Nursing,,,2026-07-09,"Experienced and freshers can apply. Mannanthala, Thiruvananthapuram, Kerala: Reliably commute or planning to relocate before starting work (Preferred).",https://www.simplyhired.co.in/job/Vhtw9qO4kjDvx1S_inXvmzZq8gW4p-7711NgNl1a8PqzcBlawPI9nw,2026-07-12T12:32:40Z
simplyhired,fs9hr5BGOP5yUd5hh4BBFDHyugXh6tvmz_hL701yQ5KYCjUx8Hvn8g,Doctor,Sukino Healthcare Solutions,"Kochi, Kerala",Kochi,,"₹50,000 - ₹1,00,000 a month",50000,100000,per_month,full_time,Full-time,,doctors,hospital,False,Medicine|Bachelor's degree|In-person|Leadership,,,2026-07-11,✔ 3–5 years in a leadership role. ✔ MBBS + MD/DNB (General Medicine/Internal Medicine/Emergency Medicine/Critical Care or equivalent).,https://www.simplyhired.co.in/job/fs9hr5BGOP5yUd5hh4BBFDHyugXh6tvmz_hL701yQ5KYCjUx8Hvn8g,2026-07-12T12:32:40Z
simplyhired,qobXo_KCozQQpaOxnYgjL3TpBi9BR9ynYLsMRiNgUi4RVV7X_RbbNQ,doctor,LA DENSITAE HAIR TRANSPLANT,"Thiruvananthapuram, Kerala",Thiruvananthapuram,,"₹50,000 - ₹1,20,000 a month",50000,120000,per_month,full_time,Weekend availability|Full-time,,doctors,hospital,False,Bachelor's degree|Patient care|In-person|Communication skills,Health insurance|Cell phone reimbursement,,2026-07-10,"Work collaboratively with other healthcare professionals, including nurses and medical assistants. The Doctor will work closely with other healthcare…",https://www.simplyhired.co.in/job/qobXo_KCozQQpaOxnYgjL3TpBi9BR9ynYLsMRiNgUi4RVV7X_RbbNQ,2026-07-12T12:32:40Z
simplyhired,ZLxDpVwlbEKSpmpKcVF0QqYU4wY6J9IEVQoPkEWtfddTXPxidITqCQ,Planning Dentist - RM,smiles.ai,"Bengaluru, Karnataka",Bengaluru,,Not Disclosed,,,,full_time,,,doctors,hospital,False,English|Bachelor's degree|Communication skills,,,2026-07-09,"Understand patients' dental concerns, educate them about recommended treatment plans, and address their queries with empathy and clarity.",https://www.simplyhired.co.in/job/ZLxDpVwlbEKSpmpKcVF0QqYU4wY6J9IEVQoPkEWtfddTXPxidITqCQ,2026-07-12T12:32:40Z
simplyhired,HsNxkcBu5vWsEuZzeKAN9RzIjNvBkQKtYiB5h91meuH_RR7fbLqbKQ,Dentist-Conversion-BDS-LB nagar-HYD,TOOT DENTAL,"Hyderabad, Telangana",Hyderabad,,"₹25,000 - ₹45,000 a month",25000,45000,per_month,full_time,Full-time,,doctors,hospital,False,Bachelor's degree|In-person|Medical terminology,,,2026-07-11,"Their duties include repairing and removing teeth, diagnosing conditions and communicating with patients about how to best care for their teeth and gums.",https://www.simplyhired.co.in/job/HsNxkcBu5vWsEuZzeKAN9RzIjNvBkQKtYiB5h91meuH_RR7fbLqbKQ,2026-07-12T12:32:40Z
simplyhired,ROBSDd3dGU6SfO5VHOXYFvJzEDDUemW9eqyVcAUfkRW1vDPVf2acaA,Pharmacist,imperial Diagnostics,"Mylapore, Chennai, Tamil Nadu",Chennai,,"₹15,000 - ₹16,000 a month",15000,16000,per_month,part_time,Part-time,,pharmacists,pharma,False,Anatomy knowledge|Bachelor's degree|Patient care|In-person|Communication skills|Hospital experience,,,2026-07-10,Qualification : B Pharm or D Pharm*. Experience: 1 to 2 years *. Job Type: Full Time and Day Duty Only*.,https://www.simplyhired.co.in/job/ROBSDd3dGU6SfO5VHOXYFvJzEDDUemW9eqyVcAUfkRW1vDPVf2acaA,2026-07-12T12:32:40Z
simplyhired,agRfyfjg2-A2f-hB5RF6QomPTH0ga79ah3InMShylXEHThziYNsXcw,Physician Assistant (Neuro surgery/Nephrology),"Kauvery Hospital, Kovilambakkam","Kovilambakkam, Chennai, Tamil Nadu",Chennai,,"₹19,000 - ₹32,000 a month",19000,32000,per_month,full_time,Rotational shift,,doctors,hospital,False,Patient monitoring|ICU experience|Bachelor's degree|In-person|Communication skills,Health insurance,,2026-07-10,"1–3 years of relevant clinical experience preferred. A Physician Assistant (PA) in Neurosurgery and Nephrology assists consultants in patient assessment,…",https://www.simplyhired.co.in/job/agRfyfjg2-A2f-hB5RF6QomPTH0ga79ah3InMShylXEHThziYNsXcw,2026-07-12T12:32:40Z
simplyhired,xdXr1HCb8DKioN8vfBm6lAVggkObGZk5VktBjgDF56gxruyEscVY3g,Technician - Cardiology,Apollo Hospitals,"Chennai, Tamil Nadu",Chennai,,Not Disclosed,,,,full_time,Full-time,,doctors,hospital,False,B.Sc|12th Pass|Bachelor's degree|Diploma|Communication skills,,,2026-07-11,Preparing the reports of echo studies and reports to HOD. Ensure that the billing of all patients is done as per the hospital policies.,https://www.simplyhired.co.in/job/xdXr1HCb8DKioN8vfBm6lAVggkObGZk5VktBjgDF56gxruyEscVY3g,2026-07-12T12:32:40Z
simplyhired,iW8rcFVGDNMSJ2_2nWSAsu5VvqGCOCUDlsk3PKghCOk5fBSnr_mo1A,Technician - Emergency Medicine,Apollo Hospitals,"Raurkela, Odisha",Raurkela,,Not Disclosed,,,,full_time,Full-time,,doctors,hospital,False,,,,2026-07-09,"Dear Candidate, We are delighted to introduce you to Apollo Hospitals, a leading healthcare provider in India. With a long-standing heritage spanning many…",https://www.simplyhired.co.in/job/iW8rcFVGDNMSJ2_2nWSAsu5VvqGCOCUDlsk3PKghCOk5fBSnr_mo1A,2026-07-12T12:32:40Z
simplyhired,PSvK2W_2BWwuizhGj6ashD6Y93FmpMe4x2FgFreb4G9U_awEdEyCFQ,Ward Secretary,Meridian Hospital,"Kolathur, Chennai, Tamil Nadu",Chennai,,"₹18,000 - ₹25,000 a month",18000,25000,per_month,full_time,Full-time|Call employer,,non_clinical,hospital,False,Microsoft Powerpoint|Microsoft Word|Master's degree|Bachelor's degree|In-person,,,2026-07-09,"For job opportunities please contact HR Thirumalairajan @ 9150034777*. Job Types: Full-time, Permanent.",https://www.simplyhired.co.in/job/PSvK2W_2BWwuizhGj6ashD6Y93FmpMe4x2FgFreb4G9U_awEdEyCFQ,2026-07-12T12:32:40Z
simplyhired,FmeFQRcfkiKRQ8aFvc_JSTrp-M7Mv1oT8F41MbW9nwUsCgJUaRe6HA,Medical Transcriptionist,Neuberg Diagnostics pvt ltd,"Vidyavihar, Mumbai, Maharashtra",Mumbai,,"₹18,000 - ₹23,000 a month",18000,23000,per_month,full_time,Full-time,,non_clinical,pharma,False,Nursing|Bachelor's degree|In-person|Epic|Medical terminology,,,2026-07-11,Report or correct any discrepancies evident in the source document or the database. Transcribe medical information from doctor’s notes in to the software (…,https://www.simplyhired.co.in/job/FmeFQRcfkiKRQ8aFvc_JSTrp-M7Mv1oT8F41MbW9nwUsCgJUaRe6HA,2026-07-12T12:32:40Z
simplyhired,8fLLmYwxO2jriESHaflFeir0-susUDxYY3dgNergWHPifGFWyXzu-g,Rejections Specialist,"Ventra Health, Inc.","Hyderabad, Telangana",Hyderabad,,Not Disclosed,,,,full_time,Full-time,,non_clinical,hospital,False,12th Pass|Math|Organisational skills|Communication skills|Time management,,,2026-07-10,Please be aware that there have been reports of individuals falsely claiming to represent Ventra Health or one of our affiliated entities Ventra Health Private…,https://www.simplyhired.co.in/job/8fLLmYwxO2jriESHaflFeir0-susUDxYY3dgNergWHPifGFWyXzu-g,2026-07-12T12:32:40Z
simplyhired,s25uB6d-0YdAuZjuRkKoBo7wvYUYxBHIQ15cegOLSh1gDdrWuMFV4A,Echo & TMT Technician,Karunya Hrudayalaya,"Tirur, Kerala",Tirur,,"From ₹20,000 a month",20000,20000,per_month,full_time,Full-time,,non_clinical,hospital,False,Anatomy knowledge|Pediatrics|In-person|Diploma|Medical terminology|Communication skills,,,2026-07-11,Minimum *3 years of hands-on experience* in *Pediatric Echocardiography (Pediatric Echo)* is mandatory. Ability to work effectively in a multidisciplinary…,https://www.simplyhired.co.in/job/s25uB6d-0YdAuZjuRkKoBo7wvYUYxBHIQ15cegOLSh1gDdrWuMFV4A,2026-07-12T12:32:40Z
simplyhired,U3cJUEhdoa3Dl3G5R4m5ys7hdeBQRZ-LuFBMK13S9z_laQF9ysO2tw,Optometrist,Lotus Eye Hospital & Institute,"Saravanampatti, Coimbatore, Tamil Nadu",Coimbatore,,"₹16,000 - ₹18,000 a month",16000,18000,per_month,full_time,,,non_clinical,hospital,False,B.Sc|ICU experience|Bachelor's degree|In-person|Communication skills,,,2026-07-10,Ensure that patients are not kept waiting too long for investigation. Check the appointment and as per that allot the patients to the respective counters.,https://www.simplyhired.co.in/job/U3cJUEhdoa3Dl3G5R4m5ys7hdeBQRZ-LuFBMK13S9z_laQF9ysO2tw,2026-07-12T12:32:40Z
simplyhired,hR2nO0G2Qv0Qq7b0L1M3dLU9SFGDBqyue7octq4tZIkREGgBIgGBKg,Phlebotomist (Home Collection),Dataforge Consulting,"Ahmedabad, Gujarat",Ahmedabad,,"₹20,000 - ₹25,000 a month",20000,25000,per_month,full_time,Full-time,,non_clinical,hospital,False,Laboratory experience|In-person|Medical terminology|Hospital experience,,,2026-07-09,"Provide professional and courteous patient service. Collect blood and other diagnostic samples from patients at home, clinics, hospitals, and collection centers…",https://www.simplyhired.co.in/job/hR2nO0G2Qv0Qq7b0L1M3dLU9SFGDBqyue7octq4tZIkREGgBIgGBKg,2026-07-12T12:32:40Z
simplyhired,GboxFlaPDZ0HlodsMO2YcsC6GT1ri3qeNpLerNqeex6gmWI-d10wKQ,Phlebotomist,Swyftlabs,"Kolkata, West Bengal",Kolkata,,"₹8,086.00 - ₹26,352.37 a month",8086,26352,per_month,part_time,Part-time|Call employer,,non_clinical,hospital,False,Laboratory experience|In-person|Medical terminology|Hospital experience,Flexible schedule,,2026-07-09,"Whether you're an experienced phlebotomist looking for additional income or someone seeking flexible healthcare work, we'd love to connect.",https://www.simplyhired.co.in/job/GboxFlaPDZ0HlodsMO2YcsC6GT1ri3qeNpLerNqeex6gmWI-d10wKQ,2026-07-12T12:32:40Z
simplyhired,9NIqtPWHPa3bviuqMyLTb7J2y7QL6mGCQ9eZDdYiZF_xxyKhMT8B-Q,Associate Dentist,tooth & co dental clinic,"Pune, Maharashtra",Pune,,"₹7,000 - ₹10,000 a month",7000,10000,per_month,full_time,Full-time,,doctors,hospital,False,Bachelor's degree|In-person|Internship|Medical terminology,,,2026-07-11,Fully functional 1-1.5yr old dental clinic . Minimum experience of 1yr in handling cases independently expected .,https://www.simplyhired.co.in/job/9NIqtPWHPa3bviuqMyLTb7J2y7QL6mGCQ9eZDdYiZF_xxyKhMT8B-Q,2026-07-12T12:32:42Z
simplyhired,t53Ib3UOvfxHV4fJfdx3RHojh-fp49P5JiId8PFhdTkyDKaBOX-Amg,Clinical Psychologist,Refill Health Pvt . Ltd,Remote,Remote,,Not Disclosed,,,,remote,Part-time,Remote,doctors,hospital,False,English|Microsoft Office|Master's degree|Communication skills,,,2026-07-09,"Stay updated with current research, ethical standards, and best practices in clinical psychology. Minimum 3 *years of post-qualification clinical experience* as…",https://www.simplyhired.co.in/job/t53Ib3UOvfxHV4fJfdx3RHojh-fp49P5JiId8PFhdTkyDKaBOX-Amg,2026-07-12T12:32:42Z
simplyhired,EQefoPm8wQdXdGz8yKK_QR32IRtWi39t5HUSaI2fdegghpSFsZcknw,Naturopathy Doctor,PRANA Yoga & Acupuncture Clinic,"Bangalore City, Bengaluru, Karnataka",Bengaluru,,"₹25,000 - ₹30,000 a month",25000,30000,per_month,full_time,Full-time,,doctors,hospital,False,Medicine|Bachelor's degree|In-person,,,2026-07-10,"Looking for a Naturopathy Doctor(BNYS ) with 2-5 years of minimum experience in conducting Yoga classes,Acupuncture ,Cupping for a full time role involving…",https://www.simplyhired.co.in/job/EQefoPm8wQdXdGz8yKK_QR32IRtWi39t5HUSaI2fdegghpSFsZcknw,2026-07-12T12:32:42Z
simplyhired,vP35LM-iWN6BBECcm1JAEYogkM9Us0ZFW-bDysNZrgiHuwO0vqXAxw,Receptionist,Lotus Eye Hospital & Institute,"Karur, Tamil Nadu",Karur,,"₹15,000 - ₹17,000 a month",15000,17000,per_month,full_time,Full-time,,non_clinical,hospital,False,Microsoft Powerpoint|Microsoft Word|English|Master's degree|Bachelor's degree|In-person,,,2026-07-10,Ensure patient information is accurate including billing information. Respond and comply to requests for information. Maintain and manage patient records.,https://www.simplyhired.co.in/job/vP35LM-iWN6BBECcm1JAEYogkM9Us0ZFW-bDysNZrgiHuwO0vqXAxw,2026-07-12T12:32:42Z
simplyhired,kvCNjQZE8mWSWDsOORpzyfmYo8lsBtj6KvDdmXi94fQmaaUYofaEdA,Staff Nurse OPD,Credence Hospital Pvt ltd,"Ulloor, Thiruvananthapuram, Kerala",Thiruvananthapuram,,"₹20,000 - ₹25,000 a month",20000,25000,per_month,full_time,Full-time,,nurses,hospital,False,Patient care|In-person|Medical terminology|Nursing,,,2026-07-10,They will be responsible for the day to day management of the OPD. Nursing or OPD: 1 year (Required).,https://www.simplyhired.co.in/job/kvCNjQZE8mWSWDsOORpzyfmYo8lsBtj6KvDdmXi94fQmaaUYofaEdA,2026-07-12T12:32:42Z
simplyhired,btmj_HFQcLSpdTB4UoZeqew680tjcNYTWAvyiTJanboO9fyztBm4OA,Dental Receptionist/Assistant,Sri vallika Smile Dental Lounge,"Hyderabad, Telangana",Hyderabad,,"₹8,000 - ₹10,000 a month",8000,10000,per_month,full_time,Full-time,,non_clinical,hospital,False,English|In-person,,,2026-07-10,"Need a Dental Receptionist /Assistant immediately in Srinagar Colony Main road, Hyderabad. Languages: Telugu, Hindi, English Freshers preferred Pay: ₹8,000…",https://www.simplyhired.co.in/job/btmj_HFQcLSpdTB4UoZeqew680tjcNYTWAvyiTJanboO9fyztBm4OA,2026-07-12T12:32:42Z
simplyhired,fAvTK-syJL9UCxSoIKXoGzKz7EfufaQD6yjON4YyBbWL2_ZMxqvfjw,Senior Executive – Credentialing,Credence Global Solutions,"Pune, Maharashtra",Pune,,Not Disclosed,,,,full_time,Full-time,,non_clinical,hospital,False,Data entry|Communication skills,,,2026-07-11,Minimum 3 Years or Experience in US Health Care. Maintain the credentialing database and ensure up-to-date information is always obtained.,https://www.simplyhired.co.in/job/fAvTK-syJL9UCxSoIKXoGzKz7EfufaQD6yjON4YyBbWL2_ZMxqvfjw,2026-07-12T12:32:42Z
simplyhired,gbCWrV66bsdviLPRf-huywZrRgg9idcx-t2JCg6bfJ7nc600d8z9Rg,Physiotherapist - Physiotherapy & Rehabilitation Centre,Apollo Hospitals,"Nellore, Andhra Pradesh",Nellore,,Not Disclosed,,,,full_time,Full-time,,non_clinical,hospital,False,,,,2026-07-10,"Dear Candidate, We are delighted to introduce you to Apollo Hospitals, a leading healthcare provider in India. With a long-standing heritage spanning many…",https://www.simplyhired.co.in/job/gbCWrV66bsdviLPRf-huywZrRgg9idcx-t2JCg6bfJ7nc600d8z9Rg,2026-07-12T12:32:42Z
simplyhired,_P1LX2wAHMzJGjRZvkbr0d0E-UkyQE5P_feCvf5JyUEjSM7Cngn-Gg,Physiotherapist,SAAOL Heartcare Pvt. Ltd.,"Chhattarpur, Delhi, Delhi",Delhi,,"From ₹20,000 a month",20000,20000,per_month,full_time,Full-time,,non_clinical,hospital,False,Master's degree|Bachelor's degree|In-person|Medical terminology|Communication skills,Health insurance|Paid time off,,2026-07-10,"Assess patients' physical conditions and develop personalized treatment plans. Conduct therapy sessions to improve mobility, reduce pain, and enhance recovery.",https://www.simplyhired.co.in/job/_P1LX2wAHMzJGjRZvkbr0d0E-UkyQE5P_feCvf5JyUEjSM7Cngn-Gg,2026-07-12T12:32:42Z
simplyhired,FQW7xzn8IFPc3ggCXeS76w2Nw02E-t9kq_Y4pZkujbXfIqoP9bZsUw,Dermatologist,Almeka Health and Wellness Pvt Ltd,"Chevayur, Calicut, Kerala",Calicut,,"₹1,00,000 - ₹1,50,000 a month",100000,150000,per_month,full_time,Full-time,,doctors,hospital,False,Medicine|Bachelor's degree|Patient care|In-person|Communication skills,,,2026-07-10,"Candidates who are enthusiastic about participating in *social media content creation, client education initiatives, and contributing to marketing activities*…",https://www.simplyhired.co.in/job/FQW7xzn8IFPc3ggCXeS76w2Nw02E-t9kq_Y4pZkujbXfIqoP9bZsUw,2026-07-12T12:32:42Z
simplyhired,cNZrOIEBscyZMKhgUVyeo1sm5mKmHvQ4F2sbFRnp81PyVIJNJ9GNNQ,Physiotherapist,ASA Clinics,"Calicut, Kerala",Calicut,,"₹17,000 - ₹22,000 a month",17000,22000,per_month,full_time,Full-time,,non_clinical,hospital,False,Master's degree|Bachelor's degree|In-person|Communication skills,Health insurance|Paid time off|Food provided|Paid sick time,,2026-07-10,Ensure compliance with healthcare regulations and standards. Bachelor’s or Master’s degree in Physiotherapy or Physical Therapy from an accredited institution.,https://www.simplyhired.co.in/job/cNZrOIEBscyZMKhgUVyeo1sm5mKmHvQ4F2sbFRnp81PyVIJNJ9GNNQ,2026-07-12T12:32:42Z
simplyhired,bV3AXi5X48A9akhdIWKH25I7pDGVPN17wMynUoMvqQmAqcvQh1tQiQ,Pharmacist,Multispeciality Hospital,"Panvel, Maharashtra",Panvel,,"From ₹15,000 a month",15000,15000,per_month,full_time,Full-time,,pharmacists,hospital,False,Anatomy knowledge|Bachelor's degree|Patient care|Computer skills|In-person|Communication skills|Hospital experience,,,2026-07-11,"Provide excellent customer service and support to patients. The ideal candidate will be responsible for dispensing medicines accurately, maintaining pharmacy…",https://www.simplyhired.co.in/job/bV3AXi5X48A9akhdIWKH25I7pDGVPN17wMynUoMvqQmAqcvQh1tQiQ,2026-07-12T12:32:42Z
simplyhired,h2CGA27UzT18FjrhbACAvGECGZK0-ASZtLompH0cLCSV6RMlzAB-2A,duty doctor,USHA HOSPITAL,"Chengalpattu, Chennai, Tamil Nadu",Chennai,,"₹40,000.00 - ₹56,898.27 a month",40000,56898,per_month,full_time,Full-time,,doctors,hospital,False,Bachelor's degree|Patient care|In-person,,,2026-07-10,"minimum 1 year experience. obstetrics work experience preferrance Pay: ₹40,000.00 - ₹56,898.27 per month Work Location: In…",https://www.simplyhired.co.in/job/h2CGA27UzT18FjrhbACAvGECGZK0-ASZtLompH0cLCSV6RMlzAB-2A,2026-07-12T12:32:42Z
simplyhired,e5uucW_S4dPZ97TudFezKo5iroDqgUax9r2j8YQ7mPDxt4ASi3L0bQ,Physiotherapist,Tigris Valley,"Calicut, Kerala",Calicut,,"₹17,000 - ₹22,000 a month",17000,22000,per_month,full_time,Full-time,,non_clinical,hospital,False,Master's degree|Bachelor's degree|In-person|Communication skills,Health insurance|Paid time off|Food provided,,2026-07-10,Ensure compliance with healthcare regulations and standards. Bachelor’s or Master’s degree in Physiotherapy or Physical Therapy from an accredited institution.,https://www.simplyhired.co.in/job/e5uucW_S4dPZ97TudFezKo5iroDqgUax9r2j8YQ7mPDxt4ASi3L0bQ,2026-07-12T12:32:42Z
simplyhired,0LgQrsew5fNFdYrh3Y2ISQkgnzaFvsDqocc_ZQcK2Pk3jBFQMqj5gQ,Staff Nurse,Singhvi Health Center,"Chennai, Tamil Nadu",Chennai,,"₹20,000 - ₹25,000 a month",20000,25000,per_month,full_time,Full-time|Call employer|Rotational shift,,nurses,hospital,False,B.Sc|English|ICU experience|Bachelor's degree|In-person|Communication skills|Nursing,Paid time off|Food provided|Paid sick time,,2026-07-09,1 to 3 years experience preferred. Good patient care and communication skills. ICU / Ward / OP experience preferred. (Based on skills and experience).,https://www.simplyhired.co.in/job/0LgQrsew5fNFdYrh3Y2ISQkgnzaFvsDqocc_ZQcK2Pk3jBFQMqj5gQ,2026-07-12T12:32:42Z
simplyhired,3t4Apk-HPAdgp8N1by4yp1IAr7J-0KWjLyrIdRlnSZLhfmRZFgP-Aw,ECG Analyst,Techindia infoway private limited,"Ambattur, Chennai, Tamil Nadu",Chennai,,"₹12,000 - ₹15,000 a month",12000,15000,per_month,full_time,Full-time|Call employer|Night shift|Rotational shift,,non_clinical,hospital,False,Anatomy knowledge|Computer skills|In-person|Diploma|Medical terminology|Communication skills,Paid time off|Paid sick time,,2026-07-10,\* Should be willing to work in *Rotational shift* / *Night shifts.*. \* Role - Need to monitor and interpret the ECG process.,https://www.simplyhired.co.in/job/3t4Apk-HPAdgp8N1by4yp1IAr7J-0KWjLyrIdRlnSZLhfmRZFgP-Aw,2026-07-12T12:32:42Z
simplyhired,h24H12l0NoTvxxtClG3cXSWNdwtgGfmxYYjY9tSm52zRY2IqTlo7Ew,Phlebotomist,Bansal Medical Services,"Howrah, West Bengal",Howrah,,Not Disclosed,,,,full_time,Full-time|Night shift|Day shift,,non_clinical,hospital,False,Laboratory experience|In-person|Medical terminology|Hospital experience,Health insurance|Paid sick time,,2026-07-09,"Howrah, West Bengal: Reliably commute or willing to relocate with an employer-provided relocation package (Required). Total work: 1 year (Required).",https://www.simplyhired.co.in/job/h24H12l0NoTvxxtClG3cXSWNdwtgGfmxYYjY9tSm52zRY2IqTlo7Ew,2026-07-12T12:32:45Z
simplyhired,9rZ7OZSHckrnn8FceKeo1tpo8wNRm3zeWUUuv-yjkxpW6FaloVgpkA,Pharmacist,Snehadaan Hospital,"Bengaluru, Karnataka",Bengaluru,,"₹18,000 - ₹25,000 a month",18000,25000,per_month,full_time,Full-time,,pharmacists,hospital,False,Anatomy knowledge|Bachelor's degree|Patient care|In-person|Communication skills|Hospital experience,,,2026-07-11,He/ She should know the Pharmaceutical implants. Knowledge of Computer system/Pharmacy software.,https://www.simplyhired.co.in/job/9rZ7OZSHckrnn8FceKeo1tpo8wNRm3zeWUUuv-yjkxpW6FaloVgpkA,2026-07-12T12:32:45Z
simplyhired,k9JPScaGqgLFXVgytNtfkF6ubUBiD6K73CdK0MgWN6oJkUvHiiAS6A,MD General medicine,Blume health,"Kukatpally, Hyderabad, Telangana",Hyderabad,,"₹50,000 - ₹70,000 a month",50000,70000,per_month,full_time,Full-time,,doctors,hospital,False,Medicine|Bachelor's degree|Patient care|In-person,,,2026-07-10,"Provide preventive healthcare advice, vaccinations, and routine health checkups. Conduct thorough patient consultations, including medical history and physical…",https://www.simplyhired.co.in/job/k9JPScaGqgLFXVgytNtfkF6ubUBiD6K73CdK0MgWN6oJkUvHiiAS6A,2026-07-12T12:32:45Z
simplyhired,mVApx_YHTX5DX5-TIv_sB5WmVnAO-KyaKJhosfio8DAfm14ZDEGVLQ,Dialysis Technician,Maharaja Agrasen Hospital,"Padmanabhanagar, Bengaluru, Karnataka",Bengaluru,,"₹15,000 - ₹20,000 a month",15000,20000,per_month,full_time,Full-time,,non_clinical,hospital,False,Anatomy knowledge|In-person|Diploma|Medical terminology,,,2026-07-09,"MIN EXP - 1+YEARS IMMEDIATE JOINERS ARE PREFERRED Pay: ₹15,000.00 - ₹20,000.00 per month Work Location: In…",https://www.simplyhired.co.in/job/mVApx_YHTX5DX5-TIv_sB5WmVnAO-KyaKJhosfio8DAfm14ZDEGVLQ,2026-07-12T12:32:45Z
simplyhired,ElcRULDQjv3Myb0Kjp6Ua1mZPb7ni0KGbd-dSoKMVLKDvUMscH9_FQ,Staff Nurse(Ward),Sooriya Hospital,"Nungambakkam, Chennai, Tamil Nadu",Chennai,,Not Disclosed,,,,full_time,Full-time|Call employer,,nurses,hospital,False,Bachelor's degree|Patient care|In-person|Nursing,,,2026-07-11,"Looking for a Staff Nurse (Ward) for Sooriya Hospital, Nungambakkam, Chennai. *For job opportunities please contact HR @ 8220320340* Benefits: * Provident…",https://www.simplyhired.co.in/job/ElcRULDQjv3Myb0Kjp6Ua1mZPb7ni0KGbd-dSoKMVLKDvUMscH9_FQ,2026-07-12T12:32:45Z
simplyhired,wLGfX5BohysX0x2AZ5WPuX0dwllCYOukaeMiex3oksIWLLNnFdPpKQ,OT Technician,M.S. Ramaiah Memorial Hospital,"Bengaluru, Karnataka",Bengaluru,,"₹25,000 - ₹40,000 a month",25000,40000,per_month,full_time,Full-time,,non_clinical,hospital,False,Nursing|Patient monitoring|English|In-person|Diploma,,,2026-07-09,"Participate in quality improvement, safety programs, and continuing education initiatives. Prepare the operation theatre before surgical procedures.",https://www.simplyhired.co.in/job/wLGfX5BohysX0x2AZ5WPuX0dwllCYOukaeMiex3oksIWLLNnFdPpKQ,2026-07-12T12:32:45Z
simplyhired,8wHuN6ReE7fy3oUpBA1nW0qfabVPuMAfFE67p5lonNIZFLzGixg_VA,Retail Pharmacist,SIMS Pvt Ltd,"Ekkaduthangal, Chennai, Tamil Nadu",Chennai,,"₹15,000 - ₹30,000 a month",15000,30000,per_month,full_time,Full-time|Rotational shift,,pharmacists,hospital,False,Inventory control|Inventory management|Bachelor's degree|Computer skills|In-person|Diploma|Communication skills,Paid time off|Cell phone reimbursement|Flexible schedule|Food provided|Paid sick time,,2026-07-09,"Address customer concerns and provide excellent patient service. Coordinate with doctors, nurses, and healthcare professionals regarding medication-related…",https://www.simplyhired.co.in/job/8wHuN6ReE7fy3oUpBA1nW0qfabVPuMAfFE67p5lonNIZFLzGixg_VA,2026-07-12T12:32:45Z
simplyhired,8yQsoBGncUSYxoCWRtcdQo0t5fLvpp7gMTB73ctgkVIlGTWqAdLQ3w,Dental clinic Head,JSL TOOTH CARE,"Purasawalkam, Chennai, Tamil Nadu",Chennai,,Not Disclosed,,,,part_time,Part-time,,non_clinical,hospital,False,Anatomy knowledge|Master's degree|Bachelor's degree|In-person|Medical terminology,,,2026-07-10,"MDS Part time for Dental Clinic in Purasawalkam from 4.30 pm to 8.30 pm. If you are comfortable, tooth preparation and complete dentures.",https://www.simplyhired.co.in/job/8yQsoBGncUSYxoCWRtcdQo0t5fLvpp7gMTB73ctgkVIlGTWqAdLQ3w,2026-07-12T12:32:45Z
simplyhired,xAlwj1C-JsJ_Z6gFrjz-qsyks3EOdVDlpY-IsLSGqCYtdmbTqchIjg,Front Desk Receptionist,Physiorehab Clinics India Pvt Ltd,"Bandra West, Mumbai, Maharashtra",Mumbai,,"₹15,000 - ₹20,000 a month",15000,20000,per_month,full_time,Full-time,,non_clinical,hospital,False,Customer service|Administrative experience|Organisational skills|Typing|In-person|Phone etiquette,,,2026-07-08,"Experienced team member staying in western suburbs able to attend to patients phone calls for appointments , accept payments and make software entries .",https://www.simplyhired.co.in/job/xAlwj1C-JsJ_Z6gFrjz-qsyks3EOdVDlpY-IsLSGqCYtdmbTqchIjg,2026-07-12T12:32:45Z
simplyhired,23h6qASpJRZnO1GrHHhgwN3wbUKTyswM6llAkXz_gk8-LxM1Ep7A-A,Registered Nurse,Mamta Superspeciality Hospital,"Raipur, Chhattisgarh",Raipur,,"₹8,000 - ₹20,000 a month",8000,20000,per_month,full_time,Full-time|Call employer,,nurses,hospital,False,Nursing|B.Sc|ICU experience|Bachelor's degree|In-person,,,2026-07-11,"ICU, NICU, PICU, Emergency, or Ward experience will be an added advantage. Valid CG Nursing Council Registration (Mandatory).",https://www.simplyhired.co.in/job/23h6qASpJRZnO1GrHHhgwN3wbUKTyswM6llAkXz_gk8-LxM1Ep7A-A,2026-07-12T12:32:45Z
simplyhired,AtLGWHRCZnvvecInqpysBpdq3C5P4gMBkiFe5wKXwPp62x-EunZ2fg,Phlebotomist,SarvaKisan,"Hyderabad, Telangana",Hyderabad,,"₹18,000 - ₹22,000 a month",18000,22000,per_month,full_time,Full-time,,non_clinical,hospital,False,Blood sampling|Laboratory experience|Travel|In-person|Communication skills|Hospital experience,,,2026-07-09,"If you have experience in blood sample collection and a passion for patient care, this opportunity is for you! Home sample collection & patient coordination.",https://www.simplyhired.co.in/job/AtLGWHRCZnvvecInqpysBpdq3C5P4gMBkiFe5wKXwPp62x-EunZ2fg,2026-07-12T12:32:45Z
simplyhired,aXlfNjrU0pPoMEb94aK1gTHHhkcAFn15IiAD8m1CroP2QTQX8arDZA,Physiotherapist,Dr sk jain family clinic,"Ghaziabad, Uttar Pradesh",Ghaziabad,,"₹10,000 - ₹20,000 a month",10000,20000,per_month,full_time,Part-time|Full-time,,non_clinical,hospital,False,Nursing|Anatomy knowledge|Bachelor's degree|In-person|Medical terminology,,,2026-07-10,"*Manage pain and symptoms:* Use techniques like exercise, advice, education, and hands-on treatment to reduce pain, stiffness, and discomfort.",https://www.simplyhired.co.in/job/aXlfNjrU0pPoMEb94aK1gTHHhkcAFn15IiAD8m1CroP2QTQX8arDZA,2026-07-12T12:32:45Z
simplyhired,jLg16P3f6aWbUMvtjZS1OnOh2UuOoBb2dqJiwfPK_XKet3POn105Tw,Phlebotomist,DoctorC,"Whitefield, Bengaluru, Karnataka",Bengaluru,,"₹25,000 - ₹35,000 a month",25000,35000,per_month,full_time,Full-time,,non_clinical,hospital,False,Laboratory experience|Smartphone|Medical terminology|Hospital experience,Health insurance,,2026-07-09,Work list will be provided for the day have to go to customer house at time of appointment. Should have 2 wheeler and smartphone.,https://www.simplyhired.co.in/job/jLg16P3f6aWbUMvtjZS1OnOh2UuOoBb2dqJiwfPK_XKet3POn105Tw,2026-07-12T12:32:45Z
simplyhired,W3zVj_9_ovqW6GltnQKDs7XQ-bfm1f26hfhbL5ott_ElXbwpQTm5cg,Pediatric Nurse,Shens speciality hospital,"Chennai, Tamil Nadu",Chennai,,"₹15,000 - ₹25,000 a month",15000,25000,per_month,full_time,Full-time,,nurses,hospital,False,Bachelor's degree|Patient care|In-person|Nursing,,,2026-07-11,"They perform physical assessments, monitor vital signs, calculate and administer precise medication dosages, and assist pediatricians with medical procedures in…",https://www.simplyhired.co.in/job/W3zVj_9_ovqW6GltnQKDs7XQ-bfm1f26hfhbL5ott_ElXbwpQTm5cg,2026-07-12T12:32:45Z
simplyhired,8heg-7UNhBkcw_4YQCy9StwKTwDfpSyesnSO4V-UE_Ntl-kYZydnEw,Dialysis Technician,Shalby Hospital,"Mohali, Punjab",Mohali,,"₹18,774 - ₹27,000 a month",18774,27000,per_month,full_time,Full-time,,non_clinical,hospital,False,Patient monitoring|In-person|Diploma,Paid sick time,,2026-07-09,*Monitoring patients:* Observing patients during dialysis to identify and address any issues or complications.,https://www.simplyhired.co.in/job/8heg-7UNhBkcw_4YQCy9StwKTwDfpSyesnSO4V-UE_Ntl-kYZydnEw,2026-07-12T12:32:45Z
simplyhired,xxX7b8jmdEHxV-lufLhMnSdrJD7qrrPUTiBVco7j4oBpLNh79AkUhg,Orthodontist,TOVALIGN,"Aluva, Kerala",Aluva,,"From ₹30,000 a month",30000,30000,per_month,full_time,Full-time,,non_clinical,hospital,False,Bachelor's degree|Computer skills|In-person|Medical terminology|Communication skills,,,2026-07-11,"*Experienced (Full-time):* Up to ₹50,000/month (Based on experience and qualifications). Employment Type:* Full-time (Preferred) / Part-time.",https://www.simplyhired.co.in/job/xxX7b8jmdEHxV-lufLhMnSdrJD7qrrPUTiBVco7j4oBpLNh79AkUhg,2026-07-12T12:32:48Z
simplyhired,iSof2brzxgdQ0HW3zht0jBre6JckvKhYfTCR45ShjPJ5Ud81vODMlQ,Staff Nurse,Sooriya Hospital,"Nagercoil, Tamil Nadu",Nagercoil,,Not Disclosed,,,,full_time,Full-time,,nurses,hospital,False,Bachelor's degree|Patient care|In-person|Nursing,,,2026-07-09,"Attend shift handovers and follow hospital protocols. We are looking for a dedicated and compassionate Staff Nurse to provide high-quality patient care, assist…",https://www.simplyhired.co.in/job/iSof2brzxgdQ0HW3zht0jBre6JckvKhYfTCR45ShjPJ5Ud81vODMlQ,2026-07-12T12:32:48Z
simplyhired,l2bPahgMwelqd-8IBWfg6QDdY5kr0uUJlwILjPSNThBRUJl_RVgPiw,Duty Medical Officer (DMO),DRG JPMC Hyderabad,"Erragadda, Hyderabad, Telangana",Hyderabad,,"₹35,000 - ₹40,000 a month",35000,40000,per_month,full_time,Full-time,,doctors,hospital,False,Medicine|Bachelor's degree|In-person,,,2026-07-10,"Maintain accurate, complete, and up-to-date medical records and documentation. Provide medical care to patients in OPD, IPD, and emergency departments.",https://www.simplyhired.co.in/job/l2bPahgMwelqd-8IBWfg6QDdY5kr0uUJlwILjPSNThBRUJl_RVgPiw,2026-07-12T12:32:48Z
simplyhired,2-NQ5Zxs5KW3YL_WlcU3jjI02XgWS5JEGVSZwLlLUUG02aZvBGvqEg,Dentist,SmileWide dental Clinic,"Zirakpur, Punjab",Zirakpur,,"₹15,000 - ₹35,000 a month",15000,35000,per_month,full_time,Part-time|Full-time,,doctors,hospital,False,Vital signs|Bachelor's degree|In-person|Internship|Medical terminology,Commuter assistance|Health insurance|Paid time off|Cell phone reimbursement|Work from home|Flexible schedule|Life insurance|Food provided|Paid sick time,,2026-07-12,"Pay: ₹15,000.00 - ₹35,000.00 per month. Dental Implants, Root Canal, Teeth Whitening, Dental Veneers, Digital Consultation, and At Home Services.",https://www.simplyhired.co.in/job/2-NQ5Zxs5KW3YL_WlcU3jjI02XgWS5JEGVSZwLlLUUG02aZvBGvqEg,2026-07-12T12:32:48Z
simplyhired,YcF0oqsgx0oCWYozpBC-jX5fLbiJh0j2XGnlDw6AETSCf2bgl8CHGQ,MD General Medicine,Medical College and Hospital,"Bengaluru Rural District, Karnataka",Bengaluru Rural District,,Not Disclosed,,,,full_time,Full-time,,doctors,hospital,False,Medicine|Bachelor's degree|Patient care|In-person,,,2026-07-10,Urgent Requirement of MD General Medicine Positions- Senior resident/ Assistant Professor/ Associate Professor/ Professor Qualification- MD General…,https://www.simplyhired.co.in/job/YcF0oqsgx0oCWYozpBC-jX5fLbiJh0j2XGnlDw6AETSCf2bgl8CHGQ,2026-07-12T12:32:48Z
simplyhired,rOzxpY1r4i2wjIix3LvPWZRZ5VD9HWEOM86V-YerFgcD0P1-vjONOg,General Dentist,LIFE CARE FOUNDATION,"Nawanshahr, Punjab",Nawanshahr,,"₹15,000 - ₹25,000 a month",15000,25000,per_month,full_time,Full-time,,doctors,hospital,False,Bachelor's degree|In-person|Medical terminology,,,2026-07-11,Looking for a full time dental surgeon with good patient handling skills. Able to handle centre independent. Examines patients and diagnoses dental conditions.,https://www.simplyhired.co.in/job/rOzxpY1r4i2wjIix3LvPWZRZ5VD9HWEOM86V-YerFgcD0P1-vjONOg,2026-07-12T12:32:48Z
simplyhired,zoY5keXDLZMA7QSvhsJWEpSDuf_TAdVtshPu65qQHMk0dvZYx3qPRw,Pharmacist,Monu Health Care,"Jagatpura, Jaipur, Rajasthan",Jaipur,,"₹8,674.65 - ₹30,406.26 a month",8675,30406,per_month,full_time,Full-time,,pharmacists,hospital,False,Anatomy knowledge|Bachelor's degree|Patient care|In-person|Diploma|Hospital experience,,,2026-07-11,"Experience in retail must be required. Preparing and distributing drugs on doctors' orders. Keeping track of patients' pharmacological treatments, offering…",https://www.simplyhired.co.in/job/zoY5keXDLZMA7QSvhsJWEpSDuf_TAdVtshPu65qQHMk0dvZYx3qPRw,2026-07-12T12:32:48Z
simplyhired,kqO9QLEGz73NaupwBD99DxfEnvMJ8-JDhMcZbGoEiVsZ3ff4fn8Flw,Physiotherapist,Vecura wellness clinic,"Bangalore City, Bengaluru, Karnataka",Bengaluru,,"₹18,000 - ₹20,000 a month",18000,20000,per_month,full_time,Full-time|Rotational shift|Day shift,,non_clinical,hospital,False,Master's degree|Bachelor's degree|In-person|Medical terminology|Communication skills,Paid sick time,,2026-07-09,"Day shift with rotational weekly off. Develop individualized physiotherapy and exercise programs based on client goals (mobility improvement, pain management,…",https://www.simplyhired.co.in/job/kqO9QLEGz73NaupwBD99DxfEnvMJ8-JDhMcZbGoEiVsZ3ff4fn8Flw,2026-07-12T12:32:48Z
simplyhired,hW4_9XE5fX3JmkWLggyYFxbOOlyxvBWDCO7wBnAj6Dao9kViEETV7A,Assistant Clinical Nurse - Nursing,Apollo Hospitals,"Guwahati, Assam",Guwahati,,Not Disclosed,,,,full_time,Full-time,,nurses,hospital,False,,,,2026-07-10,"Dear Candidate, We are delighted to introduce you to Apollo Hospitals, a leading healthcare provider in India. With a long-standing heritage spanning many…",https://www.simplyhired.co.in/job/hW4_9XE5fX3JmkWLggyYFxbOOlyxvBWDCO7wBnAj6Dao9kViEETV7A,2026-07-12T12:32:48Z
simplyhired,ewj9niJVQ5wN7EEGaOJR3CtobvFzjkbQJn7nLaRyhWTydCQzjNngyA,Senior Staff Nurse,Medical Trust Hospital Kuzhuppilly,"Kochi, Kerala",Kochi,,"₹25,000 - ₹30,000 a month",25000,30000,per_month,full_time,Full-time,,nurses,hospital,False,Nursing|B.Sc|Bachelor's degree|In-person|Communication skills,,,2026-07-10,B.Sc. Nursing or GNM qualification. Strong clinical and patient care skills. Ability to work in shifts and handle emergency situations effectively.,https://www.simplyhired.co.in/job/ewj9niJVQ5wN7EEGaOJR3CtobvFzjkbQJn7nLaRyhWTydCQzjNngyA,2026-07-12T12:32:48Z
simplyhired,vl7pyO1SmjQtBw99OFpAjutgh4ULG4i8zRRXm4bBe5cww9Uj1vQB-Q,Associate Dentist,KOTAGIRI DENTAL CLINIC,"Hyderabad, Telangana",Hyderabad,,"₹1,20,000 - ₹1,80,000 a year",120000,180000,per_annum,full_time,Full-time,,doctors,hospital,False,Bachelor's degree|In-person|Medical terminology,,,2026-07-10,Required skilled and Interested Dentist to work in 18 yrs Reputed 5 chaired DENTAL CLINIC. Freshers are also given clinical training. Job Type: Full-time…,https://www.simplyhired.co.in/job/vl7pyO1SmjQtBw99OFpAjutgh4ULG4i8zRRXm4bBe5cww9Uj1vQB-Q,2026-07-12T12:32:48Z
simplyhired,q-j3SAesroc5ppbSY5Ok6vBQFLOyj8uyg-7X8tPH303l_ZDppBVS6Q,Senior Executive - Pharmacist,Athaayu Urocare,"Panchpakhadi, Thane, Maharashtra",Thane,,"₹20,000 - ₹30,000 a month",20000,30000,per_month,full_time,Full-time|Night shift,,pharmacists,hospital,False,Medicine|Anatomy knowledge|Bachelor's degree|Patient care|In-person|Hospital experience,Paid sick time,,2026-07-09,Monitor expiry dates and manage near-expiry or short-expiry items. Accurately dispense medications as per the doctor’s prescription.,https://www.simplyhired.co.in/job/q-j3SAesroc5ppbSY5Ok6vBQFLOyj8uyg-7X8tPH303l_ZDppBVS6Q,2026-07-12T12:32:48Z
simplyhired,MePComSXGoBn9fwoKraOD0uXdZ8wvCeT0kuPQ7mFd-YDasjqfdC1Gg,Pharmacist,A and J Pharmacy Pathanamthitta,"Pathanamthitta, Kerala",Pathanamthitta,,"₹15,000 - ₹20,000 a month",15000,20000,per_month,full_time,Full-time,,pharmacists,pharma,False,Bachelor's degree|In-person|Diploma|Hospital experience,Paid time off|Flexible schedule|Paid sick time,,2026-07-10,Review prescription for appropriateness of dose and dosage form 3. Qualifications:- Diploma in pharmacy(D Pharm) or Bachelor of pharmacy(B Pharm) from a…,https://www.simplyhired.co.in/job/MePComSXGoBn9fwoKraOD0uXdZ8wvCeT0kuPQ7mFd-YDasjqfdC1Gg,2026-07-12T12:32:48Z
simplyhired,Mz_PIfmB_WwbX4LoFVJOFH_8PrtQ2xJGID5gndHHDsm8Ok8clPxkoA,NURSING ASSISTANT LABOUR ROOM,Shihab thangal hospital,"Tirur, Kerala",Tirur,,"₹15,000 - ₹22,000 a month",15000,22000,per_month,full_time,Full-time,,nurses,hospital,False,Bachelor's degree|Patient care|In-person|Nursing,,,2026-07-11,"MINIMUM 5 YEAR EXPERIENCE IN LABOUR ROOM Pay: ₹15,000.00 - ₹22,000.00 per month Work Location: In…",https://www.simplyhired.co.in/job/Mz_PIfmB_WwbX4LoFVJOFH_8PrtQ2xJGID5gndHHDsm8Ok8clPxkoA,2026-07-12T12:32:48Z
simplyhired,CRsbSMFgq-MYxTUN-jXf7nq6JwrvLwsacEcZQf6kLctq-XjA2nSwsA,Pharmacist,Healing Hands Clinic,"Mysuru, Karnataka",Mysuru,,"₹15,086.00 - ₹25,794.51 a month",15086,25795,per_month,full_time,Full-time,,pharmacists,hospital,False,In-person,,,2026-07-10,"Dispensing Medications: Prepare and dispense prescribed medications with accuracy, ensuring adherence to legal and medical guidelines.",https://www.simplyhired.co.in/job/CRsbSMFgq-MYxTUN-jXf7nq6JwrvLwsacEcZQf6kLctq-XjA2nSwsA,2026-07-12T12:32:48Z
simplyhired,Tk6CLMQfMu8vW4uqCufy6TjlOqB1PUKI8E3cjLqgU5vALDBxiV1M0A,Customer Relations Coordinator - Billing,Apollo Hospitals,"Bengaluru, Karnataka",Bengaluru,,Not Disclosed,,,,full_time,Full-time,,non_clinical,hospital,False,,,,2026-07-10,"Dear Candidate, We are delighted to introduce you to Apollo Hospitals, a leading healthcare provider in India. With a long-standing heritage spanning many…",https://www.simplyhired.co.in/job/Tk6CLMQfMu8vW4uqCufy6TjlOqB1PUKI8E3cjLqgU5vALDBxiV1M0A,2026-07-12T12:32:48Z
simplyhired,7QuLteSyP4hhzuc-1bLvZgvKWyIpk6qMJOxV-wQMc50aO7ho3yN1_Q,Senior Pharmacist,Healthwatch Telediagnostics,"Chennai, Tamil Nadu",Chennai,,"₹15,000 - ₹25,000 a month",15000,25000,per_month,full_time,Full-time,,pharmacists,pharma,False,Anatomy knowledge|Bachelor's degree|Patient care|In-person|Hospital experience,Paid time off|Paid sick time,,2026-07-11,"Pay: ₹15,000.00 - ₹25,000.00 per month. A Pharmacist is responsible for dispensing medications, ensuring safe and effective medication use, counseling patients,…",https://www.simplyhired.co.in/job/7QuLteSyP4hhzuc-1bLvZgvKWyIpk6qMJOxV-wQMc50aO7ho3yN1_Q,2026-07-12T12:32:48Z
simplyhired,RDYpt1ZZ9tiIt_VZ9S6J9z_XNTS3dKCUg_0j9RJg56WKxpaSsKmWVg,Blood Bank Technologoist ( Immediate Joiner & 1-5 Years Experience),Billroth Hospitals,"Shenoy Nagar, Tamil Nadu",Shenoy Nagar,,"₹12,000 - ₹24,000 a month",12000,24000,per_month,full_time,Full-time,,non_clinical,hospital,False,Anatomy knowledge|Blood sampling|Laboratory experience|In-person,Paid time off,,2026-07-10,"Perform blood typing, cross-matching, and antibody screening to ensure safe transfusion. Process, label, and store blood and its components (platelets, plasma)…",https://www.simplyhired.co.in/job/RDYpt1ZZ9tiIt_VZ9S6J9z_XNTS3dKCUg_0j9RJg56WKxpaSsKmWVg,2026-07-12T12:32:51Z
simplyhired,2IlriD2lFvpEkSqq_iNjeVbp9DRH6Y_0jMO-HGBKjGgJhJCE2Br7Hw,Associate Director,Guidehouse,"Chennai, Tamil Nadu",Chennai,,Not Disclosed,,,,full_time,,,non_clinical,hospital,False,Travel|Leadership|Communication skills,,,2026-07-10,"Strong knowledge of healthcare industry regulations, accreditation standards, and compliance requirements. Compliance and Regulatory Oversight: Stay abreast of…",https://www.simplyhired.co.in/job/2IlriD2lFvpEkSqq_iNjeVbp9DRH6Y_0jMO-HGBKjGgJhJCE2Br7Hw,2026-07-12T12:32:51Z
simplyhired,lV-BIoGueHEYM339Ec5PjUOK4B-N186muOgF9M0JNmjIc_EOqEKwvw,X-Ray Technician,National Scans & Diagnostic Services,"Thiruvananthapuram, Kerala",Thiruvananthapuram,,"₹13,000 - ₹20,000 a month",13000,20000,per_month,full_time,Full-time,,non_clinical,pharma,False,In-person|Medical terminology,Health insurance,,2026-07-09,Should have an accumen to learn and take up additional responsibility (if necessary). You should take part in day to day operations of our facilities.,https://www.simplyhired.co.in/job/lV-BIoGueHEYM339Ec5PjUOK4B-N186muOgF9M0JNmjIc_EOqEKwvw,2026-07-12T12:32:51Z
simplyhired,EHsiY9h4J5S4UNLE4X8UKvNLWX49fzAbhM8KNiSqgF0LMdkDxzT1iw,X-Ray Technician,Avron Hospitals Pvt Ltd,"Ahmedabad, Gujarat",Ahmedabad,,"₹18,000 - ₹20,000 a month",18000,20000,per_month,full_time,Full-time,,non_clinical,hospital,False,Bachelor's degree|In-person|Diploma|Medical terminology,,,2026-07-11,Certification in radiation safety is an added advantage. Perform X-ray examinations as prescribed by physicians.,https://www.simplyhired.co.in/job/EHsiY9h4J5S4UNLE4X8UKvNLWX49fzAbhM8KNiSqgF0LMdkDxzT1iw,2026-07-12T12:32:51Z
simplyhired,Xd0Kh8LVO7cD6fWTnNN0LOP-LgsosrMseo4UCjuNCra0OfeUAk56rA,L6-Supervisor – Credential and Contracting Team ( THE KEY ),Wonderworth Solutions,"Vellore, Tamil Nadu",Vellore,,Not Disclosed,,,,full_time,,,non_clinical,hospital,False,Analysis skills|Supervising experience|Communication skills,,,2026-07-09,You are responsible for provider credentialing — ensuring providers are enrolled with payers so the revenue cycle can begin.,https://www.simplyhired.co.in/job/Xd0Kh8LVO7cD6fWTnNN0LOP-LgsosrMseo4UCjuNCra0OfeUAk56rA,2026-07-12T12:32:51Z
simplyhired,G-MO445YBatAvNhDtm2NhCCSOu7oEQyULHlcKM3L5hUl4bSlpA7fSA,GYNECOLOGY WARD STAFF NURSE,Shihab thangal hospital,"Tirur, Kerala",Tirur,,"₹22,000 - ₹30,000 a month",22000,30000,per_month,full_time,Full-time,,nurses,hospital,False,Bachelor's degree|Patient care|In-person|Nursing,,,2026-07-10,"MINIMUM 2-5 YEARS OF EXPERIENCE IN OBG/GYN WARD Pay: ₹22,000.00 - ₹30,000.00 per month Work Location: In…",https://www.simplyhired.co.in/job/G-MO445YBatAvNhDtm2NhCCSOu7oEQyULHlcKM3L5hUl4bSlpA7fSA,2026-07-12T12:32:51Z
simplyhired,FXWbQkcP7x5LBWjRgrOAmshVJt4r5AnvCVqRwAQ0ja_ucvm22Mug8A,OT Staff,Prasanthi Hospital,"Manjeri, Kerala",Manjeri,,Not Disclosed,,,,full_time,Full-time,,non_clinical,hospital,False,Nursing|English|In-person|Diploma,,,2026-07-09,"3-4 years of experience. Maintain equipment support in an acute care environment. Maintain a safe, healthy, and secure working Environment.",https://www.simplyhired.co.in/job/FXWbQkcP7x5LBWjRgrOAmshVJt4r5AnvCVqRwAQ0ja_ucvm22Mug8A,2026-07-12T12:32:51Z
simplyhired,FZoxDTWgmrO0b5BQM5hasDR9s_c-RyATIr0FKZxoRiA5Dzety12tJA,BDS Doctor,Pearl Dental Clinic,"Chennai, Tamil Nadu",Chennai,,"From ₹20,000 a month",20000,20000,per_month,full_time,Full-time,,doctors,hospital,False,Bachelor's degree|In-person|Medical terminology,,,2026-07-09,"Needed Full Time BDS Doctor in our highly standard Pearl Dental Clinic located in AnnaNagar East, Chennai.",https://www.simplyhired.co.in/job/FZoxDTWgmrO0b5BQM5hasDR9s_c-RyATIr0FKZxoRiA5Dzety12tJA,2026-07-12T12:32:51Z
simplyhired,U3IBDl4Sf4YstZrkCpFAAVOfRtnt_--5ClYaC5iByRirrt13FBh44A,General Dentist,Glodent Dental Care,"Mylapore, Chennai, Tamil Nadu",Chennai,,"₹15,000 - ₹25,000 a month",15000,25000,per_month,full_time,Part-time|Full-time,,doctors,hospital,False,Bachelor's degree|In-person|Communication skills|Time management,,,2026-07-11,"*Skills*: Strong clinical acumen, excellent communication, and time management. *Role*: General Dentist / BDS Doctor (Permanent).",https://www.simplyhired.co.in/job/U3IBDl4Sf4YstZrkCpFAAVOfRtnt_--5ClYaC5iByRirrt13FBh44A,2026-07-12T12:32:51Z
simplyhired,s_ihFlNAIoBJSQr3Y3zn2CIvoGL9vZQ-hKFSRSAggdBb5R_eap4Iag,Doctor,Dtricho Hair and skin clinic,"Coimbatore, Tamil Nadu",Coimbatore,,"₹30,000 - ₹40,000 a month",30000,40000,per_month,full_time,Full-time,,doctors,hospital,False,Medicine|Bachelor's degree|In-person,,,2026-07-11,"*Provide preventive healthcare and patient education* on disease management, lifestyle changes, and overall wellness.",https://www.simplyhired.co.in/job/s_ihFlNAIoBJSQr3Y3zn2CIvoGL9vZQ-hKFSRSAggdBb5R_eap4Iag,2026-07-12T12:32:51Z
simplyhired,hgdwOTBiLwOeNoI44ROyS0d7ZeN80akoDmI6X2kgQLYMqt_YwxSHxQ,Patient Guide,Devadoss Hospital,"Surveyor Colony, Madurai, Tamil Nadu",Madurai,,Not Disclosed,,,,full_time,Full-time,,non_clinical,hospital,False,12th Pass|In-person|Communication skills,,,2026-07-09,"Guide patients and attendants through hospital departments (OPD, IPD, diagnostics, billing, etc.). Help with registration, appointment scheduling, and…",https://www.simplyhired.co.in/job/hgdwOTBiLwOeNoI44ROyS0d7ZeN80akoDmI6X2kgQLYMqt_YwxSHxQ,2026-07-12T12:32:51Z
simplyhired,Wpp7BL1WA5NTc1IFhITnu3ym3KxhNB9NuCzgqFV56ApXGxaRTmFQ4Q,Pharmacist,O2 Medicose,"Malviya Nagar, Delhi, Delhi",Delhi,,"₹15,000 - ₹20,000 a month",15000,20000,per_month,full_time,Full-time,,pharmacists,hospital,False,Anatomy knowledge|Bachelor's degree|Patient care|In-person|Hospital experience,,,2026-07-10,"B. Pharma from Delhi and Good Medicine knowledge. Pay: ₹15,000.00 - ₹20,000.00 per month Work Location: In…",https://www.simplyhired.co.in/job/Wpp7BL1WA5NTc1IFhITnu3ym3KxhNB9NuCzgqFV56ApXGxaRTmFQ4Q,2026-07-12T12:32:51Z
simplyhired,6PUCGZW4zEoQZ41DcjF-0BC-X_tQIjOGTXALNPrfdXXLzm2sJ1LkUQ,AM - HIM Services,CorroHealth Infotech Private Limited,"Bengaluru, Karnataka",Bengaluru,,Not Disclosed,,,,full_time,Full-time,,non_clinical,hospital,False,Microsoft Powerpoint|Microsoft Word|Microsoft Office|Organisational skills|Leadership|Communication skills,,,2026-07-08,Required Expertise & Qualification: Life Science graduation or any equivalent graduation with Anatomy/Physiology as main subjects.,https://www.simplyhired.co.in/job/6PUCGZW4zEoQZ41DcjF-0BC-X_tQIjOGTXALNPrfdXXLzm2sJ1LkUQ,2026-07-12T12:32:51Z
simplyhired,ttseYimoDtuBxTEBWhufIO8z2Ds5evdCgqp89fGiwwyBP-09IU3yMQ,Radiographer,Mother Hospital,"Thrissur, Kerala",Thrissur,,Not Disclosed,,,,full_time,Full-time,,non_clinical,hospital,False,Bachelor's degree|In-person|Diploma|Medical terminology,,,2026-07-11,"The successful candidate will perform diagnostic imaging procedures, ensure high-quality patient care, and maintain safety standards while working with…",https://www.simplyhired.co.in/job/ttseYimoDtuBxTEBWhufIO8z2Ds5evdCgqp89fGiwwyBP-09IU3yMQ,2026-07-12T12:32:51Z
simplyhired,p3V6MFypSEdJTKIgbNCWY3aeOqgurZS7bCO-PzBQyL82pVA0FosDEA,Lab Technician,PRV medical center,"Thammanam, Kochi, Kerala",Kochi,,"₹8,000 - ₹10,000 a month",8000,10000,per_month,full_time,Full-time|Call employer,,non_clinical,hospital,False,Blood sampling|Laboratory experience|Organisational skills|In-person|Diploma|Communication skills,,,2026-07-10,Experience preferred; freshers may also apply. Collect and process patient samples. Perform routine laboratory tests and analyses.,https://www.simplyhired.co.in/job/p3V6MFypSEdJTKIgbNCWY3aeOqgurZS7bCO-PzBQyL82pVA0FosDEA,2026-07-12T12:32:51Z
simplyhired,BmzrF2jGG9RbPbVnUexOQeomRrEJlkI-ldNk_WHpUX4o_rq4cpW9bg,EMR STAFF NURSE,Evani hospital,"Thoraipakkam, Chennai, Tamil Nadu",Chennai,,"₹15,000 - ₹20,000 a month",15000,20000,per_month,full_time,Full-time,,nurses,hospital,False,ACLS Certification|Bachelor's degree|Patient care|In-person|Communication skills|Nursing,Flexible schedule,,2026-07-12,Trauma and Critical Care Support. \* Ensure proper handover documentation during shift changes. \* Check emergency equipment and drug stocks at the beginning of…,https://www.simplyhired.co.in/job/BmzrF2jGG9RbPbVnUexOQeomRrEJlkI-ldNk_WHpUX4o_rq4cpW9bg,2026-07-12T12:32:51Z
simplyhired,rB8Ev3gTidt_GhDbfnFmmjWDCba_RcPueOFeA9dc2VxSmJSl1EqfjA,Operation Theatre Technician,Arunodaya Deseret Eye Hospital,"Gurgaon Sector 56, Gurugram, Haryana",Gurugram,,"₹15,000 - ₹25,000 a month",15000,25000,per_month,full_time,Full-time,,non_clinical,hospital,False,Bachelor's degree|In-person,,,2026-07-09,Candidate to be well versed with NABH Norms and assistance in Ophthalmic Surgery.,https://www.simplyhired.co.in/job/rB8Ev3gTidt_GhDbfnFmmjWDCba_RcPueOFeA9dc2VxSmJSl1EqfjA,2026-07-12T12:32:53Z
simplyhired,v8qBLhxaeBxIUDnZZMsJXOISUJQOl2PDL5ZFAx66DNi6-Ohon7uyHg,Doctor Attendant,DocHome Pvt Ltd,"Saket, Delhi",Saket,,"₹15,000 - ₹20,000 a month",15000,20000,per_month,full_time,Full-time,,doctors,hospital,False,Anatomy knowledge|In-person|Medical terminology,,,2026-07-09,"Assist the doctor in treatments Training will be provided All dental instruments will be shown and candidate has to learn. Job Type: Full-time Pay: ₹15,000…",https://www.simplyhired.co.in/job/v8qBLhxaeBxIUDnZZMsJXOISUJQOl2PDL5ZFAx66DNi6-Ohon7uyHg,2026-07-12T12:32:53Z
simplyhired,pjjmir-5Egck4m2r1YNXtx61l5mZ-VVDkmS7iMnSdqI1dDrV-JDPuA,Senior Staff Nurse,Singhvi Health Center,"Chennai, Tamil Nadu",Chennai,,"₹28,000 - ₹35,000 a month",28000,35000,per_month,full_time,Full-time|Call employer|Rotational shift,,nurses,hospital,False,B.Sc|English|Master's degree|Bachelor's degree|In-person|Communication skills|Hospital experience|Nursing,Paid time off|Paid sick time,,2026-07-09,"We are looking for experienced nursing professionals with strong clinical expertise in *ICU, Emergency, OT, and Inpatient Care*.",https://www.simplyhired.co.in/job/pjjmir-5Egck4m2r1YNXtx61l5mZ-VVDkmS7iMnSdqI1dDrV-JDPuA,2026-07-12T12:32:53Z
simplyhired,D_GE53q6dEq7LTjLRSW4aPZ3_BTbj5FUWQSpUz90ktEYRxG230CSSg,"Nursing @SRV Rajebahadur Hospital, Nashik",SRV Rajebahadur Hospital LLP,"Nashik, Maharashtra",Nashik,,"₹22,000 - ₹25,000 a month",22000,25000,per_month,full_time,Full-time,,nurses,hospital,False,Bachelor's degree|Patient care|In-person|Nursing,,,2026-07-11,Assess and monitor patient health. Administer medications and treatments as prescribed. Record vital signs and maintain patient documentation.,https://www.simplyhired.co.in/job/D_GE53q6dEq7LTjLRSW4aPZ3_BTbj5FUWQSpUz90ktEYRxG230CSSg,2026-07-12T12:32:53Z
simplyhired,nhBCCTFzYwBe3u1zSReJiQb3WaeSEojTB3-P730n4osi9mojoHS3kQ,Medical Administrator - Clinical Administration,Apollo Hospitals,"Karur, Tamil Nadu",Karur,,Not Disclosed,,,,full_time,Full-time,,non_clinical,hospital,False,,,,2026-07-11,"Dear Candidate, We are delighted to introduce you to Apollo Hospitals, a leading healthcare provider in India. With a long-standing heritage spanning many…",https://www.simplyhired.co.in/job/nhBCCTFzYwBe3u1zSReJiQb3WaeSEojTB3-P730n4osi9mojoHS3kQ,2026-07-12T12:32:53Z
simplyhired,YxV4Y70t0hjahLN9p9u8IIi_BogENAkX-zyqUrR2Fcd6nnbW36Z_sw,Nurse,Balaji Dental Hospital and Medical Centre,"Tambaram West, Chennai, Tamil Nadu",Chennai,,"₹7,000 - ₹12,000 a month",7000,12000,per_month,full_time,Full-time,,nurses,hospital,False,Bachelor's degree|Patient care|In-person|Diploma|Nursing,,,2026-07-11,"Assist dentists during all clinical procedures, ensuring smooth workflow. Job Types: Full-time, Permanent. Job Types: Full-time, Permanent.",https://www.simplyhired.co.in/job/YxV4Y70t0hjahLN9p9u8IIi_BogENAkX-zyqUrR2Fcd6nnbW36Z_sw,2026-07-12T12:32:53Z
simplyhired,QMcowpM2ri8WL36Egbg-cVWoMLoA5tM1KlVaaxTrxeErxtLfHKGFng,IVF Counselor,Hegde Fertility,"Malakpet, Hyderabad, Telangana",Hyderabad,,"₹25,000.00 - ₹35,426.73 a month",25000,35427,per_month,full_time,Full-time,,non_clinical,hospital,False,In-person,Paid time off|Paid sick time,,2026-07-08,"Looking for IVF Counselor for Malakpet and Suchitra circle. Experience : 2 + years Only Females. Pay: ₹25,000.00 - ₹35,426.73 per month Benefits: * Paid…",https://www.simplyhired.co.in/job/QMcowpM2ri8WL36Egbg-cVWoMLoA5tM1KlVaaxTrxeErxtLfHKGFng,2026-07-12T12:32:53Z
simplyhired,Oml64u252Dvyhjn3Ew-CCvmnF-4D9_6zgvoW399HSe6JY0UPcz725w,Associate Dentist,kanupriya's Dental care,"Kopar Khairane, Navi Mumbai, Maharashtra",Navi Mumbai,,"₹15,000 - ₹18,000 a month",15000,18000,per_month,full_time,Full-time|Call employer,,doctors,hospital,False,Bachelor's degree|In-person|Medical terminology,Commuter assistance|Flexible schedule,,2026-07-10,Paid probation period of 1 month before hiring . Should be open to learn and trained under supervision. Well versed in basic dentistry and willing to improve to…,https://www.simplyhired.co.in/job/Oml64u252Dvyhjn3Ew-CCvmnF-4D9_6zgvoW399HSe6JY0UPcz725w,2026-07-12T12:32:53Z
simplyhired,piP-5lOlLcA2xVd_jbZRX-P1dvJ86H-GNyjN-9Hi8GuAAwVGORQ-2g,Receptionist,SAIJYOTHI EYE HOSPITALS,"Jubilee Hills, Hyderabad, Telangana",Hyderabad,,"₹15,000 - ₹25,000 a month",15000,25000,per_month,full_time,Full-time,,non_clinical,hospital,False,English|In-person,,,2026-07-11,Welcome patients and visitors in a polite and professional manner. Register new patients and update existing patient records.,https://www.simplyhired.co.in/job/piP-5lOlLcA2xVd_jbZRX-P1dvJ86H-GNyjN-9Hi8GuAAwVGORQ-2g,2026-07-12T12:32:53Z
simplyhired,umb0-j36iMZixBE0KsjBWV08bbR6eSBikUFIej8sbFIEUOnCbDR_3Q,Resident Dentist,VLCC,"Indiranagar, Bengaluru, Karnataka",Bengaluru,,"₹20,000 - ₹30,000 a month",20000,30000,per_month,full_time,Full-time|Call employer,,doctors,hospital,False,Bachelor's degree|In-person|Communication skills,Flexible schedule|Paid sick time,,2026-07-10,"BDS (Minimum 2 years of clinical experience). Proficient in all routine dental procedures, including: Good communication and patient management skills.",https://www.simplyhired.co.in/job/umb0-j36iMZixBE0KsjBWV08bbR6eSBikUFIej8sbFIEUOnCbDR_3Q,2026-07-12T12:32:53Z
simplyhired,QPOf5hfiF8-EkF5Ip43tY3YKuSFej5nJcDqVnDhdspXltg_hg0nQ9Q,Associate dentist,Little Tooth stories,"Pragathi Nagar, Hyderabad, Telangana",Hyderabad,,"₹15,000 - ₹17,000 a month",15000,17000,per_month,full_time,Part-time|Full-time,,doctors,hospital,False,Bachelor's degree|In-person|Medical terminology,,,2026-07-10,"Need an Associate Dentist who is looking for a consistent job for a long time who can do basic oral examination,radiographs,oral prophylaxis,fillings,fluoride…",https://www.simplyhired.co.in/job/QPOf5hfiF8-EkF5Ip43tY3YKuSFej5nJcDqVnDhdspXltg_hg0nQ9Q,2026-07-12T12:32:53Z
simplyhired,zz2XFrl60bSFTGP4ZRc9Z5gRlpUiZcODlH7nTkJpDxmLMwZCL4jgvA,"Pharmacist, Hospital",Medpark Healthcare,"Mohali, Punjab",Mohali,,"₹10,000 - ₹20,000 a month",10000,20000,per_month,full_time,Weekend availability|Full-time|Call employer|Rotational shift,,pharmacists,hospital,False,Bachelor's degree|Data entry|EMR systems|In-person|Diploma|Communication skills|Hospital experience,,,2026-07-11,1–3 years of experience in a hospital or retail pharmacy. Medpark Healthcare is looking for a qualified and responsible *Pharmacist* to manage daily pharmacy…,https://www.simplyhired.co.in/job/zz2XFrl60bSFTGP4ZRc9Z5gRlpUiZcODlH7nTkJpDxmLMwZCL4jgvA,2026-07-12T12:32:53Z
simplyhired,kzA3JsvnKpTqpRZZCnnIlP3136vlVaPuOWbzkHVSlYaGaxTxGwF05g,Physiotherapist,THE QPHYSIO,"Kolkata, West Bengal",Kolkata,,"From ₹5,000 a month",5000,5000,per_month,part_time,Part-time,,non_clinical,hospital,False,Nursing|Anatomy knowledge|Bachelor's degree|In-person|Medical terminology,Flexible schedule,,2026-07-11,Provide professional home-visit physiotherapy assessment and treatment to patients across Kolkata and nearby areas.,https://www.simplyhired.co.in/job/kzA3JsvnKpTqpRZZCnnIlP3136vlVaPuOWbzkHVSlYaGaxTxGwF05g,2026-07-12T12:32:53Z
simplyhired,RyJKUvd7NLRRByw4GFLc2fpwEaNSGRLdSzws-bo_c79WIo0ukXx7-w,Registered Nurse,Arogya Hospital,"Majiwada, Thane, Maharashtra",Thane,,"₹18,000 - ₹30,000 a month",18000,30000,per_month,full_time,Full-time,,nurses,hospital,False,Patient monitoring|Bachelor's degree|Patient care|In-person|Nursing,Health insurance|Paid time off,,2026-07-09,"We need a nurse who is well versed with basics of patient care and assessment, such as IV line placement, RT placement, monitoring vitals and mobilisation.",https://www.simplyhired.co.in/job/RyJKUvd7NLRRByw4GFLc2fpwEaNSGRLdSzws-bo_c79WIo0ukXx7-w,2026-07-12T12:32:53Z
simplyhired,M1SGjSlMjJej64UzYaHhf5ylFx4ydHz8r1eRXzf3KCoMKMqPApwSNQ,Posting Support Specialist,"Ventra Health, Inc.","Guindy, Chennai, Tamil Nadu",Chennai,,Not Disclosed,,,,full_time,Full-time,,non_clinical,hospital,False,12th Pass,,,2026-07-10,Please be aware that there have been reports of individuals falsely claiming to represent Ventra Health or one of our affiliated entities Ventra Health Private…,https://www.simplyhired.co.in/job/M1SGjSlMjJej64UzYaHhf5ylFx4ydHz8r1eRXzf3KCoMKMqPApwSNQ,2026-07-12T12:33:05Z
simplyhired,ygqR6MYJX-oX_xPE3R8Q04ilISvTszIHIDrwpXulJ2keIIsoJDzW-A,Registered Nurse,Lotus Health Care Nursing Bureau,"Kamothe, Navi Mumbai, Maharashtra",Navi Mumbai,,"₹20,000 - ₹35,000 a month",20000,35000,per_month,full_time,Full-time|Call employer,,nurses,hospital,False,B.Sc|Master's degree|Bachelor's degree|In-person|Diploma,Health insurance|Paid time off|Paid sick time,,2026-07-10,"Urgent Requirement – Register Staff Nurses URGENT REQUIREMENT FOR REGISTER STAFF NURSES IN A REPUTED HOSPITAL IN KAMOTHE, NAVI MUMBAI ✅ Qualification: GNM,…",https://www.simplyhired.co.in/job/ygqR6MYJX-oX_xPE3R8Q04ilISvTszIHIDrwpXulJ2keIIsoJDzW-A,2026-07-12T12:33:05Z
simplyhired,DYeuV0XXj5c0aNNHA4GiZdGz0bPnPEo0Wh4n-W0ljW4XLf-AzTjvfQ,Optometrist,Sreenethra Eye Care,"Thiruvananthapuram, Kerala",Thiruvananthapuram,,"₹15,000 - ₹22,000 a month",15000,22000,per_month,full_time,Full-time,,non_clinical,hospital,False,ICU experience|In-person|Nursing,,,2026-07-11,"Job Types: Full-time, Permanent. Thiruvananthapuram, Kerala: Reliably commute or planning to relocate before starting work (Required).",https://www.simplyhired.co.in/job/DYeuV0XXj5c0aNNHA4GiZdGz0bPnPEo0Wh4n-W0ljW4XLf-AzTjvfQ,2026-07-12T12:33:05Z
simplyhired,ooGuzmA4dwCQoazfAfmkWKHsQ4suK0CCZrPra6ewWtNI0Nv90Bn2pw,OPD Assistant,health square hauz khas,"Hauz Khas Market, Delhi, Delhi",Delhi,,"₹8,086 - ₹15,000 a month",8086,15000,per_month,full_time,Full-time,,non_clinical,hospital,False,Patient care|In-person|Medical terminology|Hospital experience,,,2026-07-11,need. opd. coordinator and front desk coordinator for a diagnostic centre in hauz khas in south delhi by name of health squrae plz contact radha 8375885633…,https://www.simplyhired.co.in/job/ooGuzmA4dwCQoazfAfmkWKHsQ4suK0CCZrPra6ewWtNI0Nv90Bn2pw,2026-07-12T12:33:05Z
simplyhired,BsvrvJaBeIH79nJY0OmVNbTwZmyhOFq3Lm4SWAYZUABv1RVHkysBVQ,Dermatologist,SKIN MED,"Coimbatore, Tamil Nadu",Coimbatore,,"₹70,000 - ₹80,000 a month",70000,80000,per_month,part_time,Part-time,,doctors,hospital,False,Medicine|Patient monitoring|Master's degree|Bachelor's degree|In-person|Diploma,,,2026-07-12,"Conduct comprehensive skin, hair, and nail assessments for diverse client concerns. Recommend medical or aesthetic interventions based on a thorough review of…",https://www.simplyhired.co.in/job/BsvrvJaBeIH79nJY0OmVNbTwZmyhOFq3Lm4SWAYZUABv1RVHkysBVQ,2026-07-12T12:33:05Z
simplyhired,aC8CaJMUAtRaPJLDwgJK4JM4HC9mMkIC5I-rB2UHMLGotuah3w6UYg,Consultant Radiologist,Sonoscan Healthcare Pvt.Ltd.,"Kolkata, West Bengal",Kolkata,,Not Disclosed,,,,full_time,Part-time|Full-time,,doctors,hospital,False,Medicine|In-person,Flexible schedule,,2026-07-10,"Road, Kolkata-14)* on Full time basis/Part Time basis *& Park Clinic (4,Gorky Terrace, Kolkata -17) *on Part time basis holding MD degree in Radio Diagnosis…",https://www.simplyhired.co.in/job/aC8CaJMUAtRaPJLDwgJK4JM4HC9mMkIC5I-rB2UHMLGotuah3w6UYg,2026-07-12T12:33:05Z
simplyhired,RgSd5fiz0dNmPwvk2RidAsze8rAusDwPBVClnyIpTby3wrRp2Axn_g,Radiographer,SKS Hospital & Post Graduation Medical Institute,"Salem, Tamil Nadu",Salem,,"₹15,000 - ₹25,000 a month",15000,25000,per_month,full_time,Full-time,,non_clinical,hospital,False,Bachelor's degree|In-person,Paid time off,,2026-07-11,Collaborate with radiologists and other healthcare professionals to interpret imaging results. Follow radiation safety protocols to minimize exposure to…,https://www.simplyhired.co.in/job/RgSd5fiz0dNmPwvk2RidAsze8rAusDwPBVClnyIpTby3wrRp2Axn_g,2026-07-12T12:33:05Z
simplyhired,yO20PWB3RTJ9KGolozuElpKy6gDoS2OUWVtL46X-C3aiig0AOMie5w,Pharmacist,noble medichem pvt ltd,"Pune, Maharashtra",Pune,,"From ₹20,000 a month",20000,20000,per_month,full_time,Full-time|Call employer|Rotational shift|Day shift,,pharmacists,hospital,False,Anatomy knowledge|Microsoft Office|Bachelor's degree|In-person|Communication skills|Hospital experience,Health insurance,,2026-07-10,Ø Proven experience as a pharmacist minimum 3 years. Ø Listen carefully to customers to interpret their needs and issues and offer information and advice.,https://www.simplyhired.co.in/job/yO20PWB3RTJ9KGolozuElpKy6gDoS2OUWVtL46X-C3aiig0AOMie5w,2026-07-12T12:33:05Z
simplyhired,1un2mUFVRYn42oi32WysoZhwwnu898u5MvTi7LmnwkGHmJh1Z17F0Q,Dental BDS,BDS Dental Clinic,"Ludhiana, Punjab",Ludhiana,,"From ₹10,000 a month",10000,10000,per_month,full_time,Full-time,,doctors,hospital,False,Bachelor's degree|In-person|Medical terminology,Flexible schedule,,2026-07-11,"We need dental doctor (BDS) for our clinic Pay: From ₹10,000.00 per month Benefits: * Flexible schedule Work Location: In…",https://www.simplyhired.co.in/job/1un2mUFVRYn42oi32WysoZhwwnu898u5MvTi7LmnwkGHmJh1Z17F0Q,2026-07-12T12:33:05Z
simplyhired,-J7HENxNX8gjB_yqyMtNaJkLVKqz8B_x6hg4fGanznqY01wwUmG79g,"DialysisTechnician @ SRV Rajebahadur Hospital, Nashik",SRV Rajebahadur Hospital LLP,"Nashik, Maharashtra",Nashik,,"₹20,000 - ₹25,000 a month",20000,25000,per_month,full_time,Full-time,,non_clinical,hospital,False,In-person|Diploma|Medical terminology,,,2026-07-11,Repare and set up dialysis machines and related equipment before each treatment. Verify physician's dialysis prescription and prepare treatment accordingly.,https://www.simplyhired.co.in/job/-J7HENxNX8gjB_yqyMtNaJkLVKqz8B_x6hg4fGanznqY01wwUmG79g,2026-07-12T12:33:05Z
simplyhired,ZgLr_B4yGyJJlLRXHnmN4Z9saNSdoCBZ4-HkQ-hnv0kiHcHh2xL0Zg,Dentist,AP Dental Care,"Guduvancheri, Tamil Nadu",Guduvancheri,,"₹6,000 - ₹7,000 a month",6000,7000,per_month,part_time,Part-time|Morning shift,,doctors,hospital,False,Bachelor's degree|In-person|Medical terminology,,,2026-07-10,"We need a part time doctor with minimum 6 months of experience. Extraction, Root canal treatment, scaling, filling,RPD,FPD,CD etc...,.",https://www.simplyhired.co.in/job/ZgLr_B4yGyJJlLRXHnmN4Z9saNSdoCBZ4-HkQ-hnv0kiHcHh2xL0Zg,2026-07-12T12:33:05Z
simplyhired,6QjU8Au0Xt5MKcF-XF1TmVAj7qnAa0a-Y_e4DyQ-oQwj8sU02Mw4Bg,Occupational Therapist,SKS Hospital & Post Graduation Medical Institute,"Salem, Tamil Nadu",Salem,,"₹40,000 - ₹45,000 a month",40000,45000,per_month,full_time,Full-time,,non_clinical,hospital,False,Master's degree|In-person,,,2026-07-11,"Provide occupational therapy guidance, support and education during patient sessions. Conduct patient assessments and evaluations to determine their physical…",https://www.simplyhired.co.in/job/6QjU8Au0Xt5MKcF-XF1TmVAj7qnAa0a-Y_e4DyQ-oQwj8sU02Mw4Bg,2026-07-12T12:33:05Z
simplyhired,LExzEKCPi3jrohi3zLdWaSVvyzaOr5NPjxGImQWC_AaSBAf_u581TA,Senior Executive - Registered Nurse - LDR,Cloudnine Care,Delhi,Delhi,,Not Disclosed,,,,full_time,Full-time,,nurses,hospital,False,Inventory management|Care plans,,,2026-07-11,Monitors patient throughout (before/ during/ after) the labour. Initiate scrubbing and fogging of the room in case of notifiable disease.,https://www.simplyhired.co.in/job/LExzEKCPi3jrohi3zLdWaSVvyzaOr5NPjxGImQWC_AaSBAf_u581TA,2026-07-12T12:33:05Z
simplyhired,x0NtRv7-VDJv4Cp1FBJzK9tKP0bZvnBPsdVbr2fQ3wV83tP-SGQfag,Staff Nurse (OT),SANJEEVANI EYE HOSPITAL,"Ulhasnagar, Maharashtra",Ulhasnagar,,"₹15,000 - ₹20,000 a month",15000,20000,per_month,full_time,Full-time,,nurses,hospital,False,Patient monitoring|Bachelor's degree|Patient care|In-person|Nursing,,,2026-07-11,"*Inventory Control*: Track and restock essential OT supplies, including viscosurgical devices, balance salt solutions (BSS), blades, and sutures.",https://www.simplyhired.co.in/job/x0NtRv7-VDJv4Cp1FBJzK9tKP0bZvnBPsdVbr2fQ3wV83tP-SGQfag,2026-07-12T12:33:05Z
simplyhired,KCF44qqtIFNUs6rGfbYc7Yc-rscznUaR_WXi9PTpdRXX3HnGVnxMow,Dentist,oxiv,"Manikonda, Hyderabad, Telangana",Hyderabad,,"₹25,000.00 - ₹43,174.21 a month",25000,43174,per_month,full_time,Full-time|Call employer,,doctors,hospital,False,Bachelor's degree|In-person|Medical terminology|Communication skills,,,2026-07-11,"Diagnose and treat dental conditions. Perform RCT, fillings, extractions, scaling, crowns, and other general dental procedures.",https://www.simplyhired.co.in/job/KCF44qqtIFNUs6rGfbYc7Yc-rscznUaR_WXi9PTpdRXX3HnGVnxMow,2026-07-12T12:33:05Z
simplyhired,xb60Djhc47iVSTyzTZ6x5JUqpCxQjSntm1wVyXrdgYt4s1B8nS_3Zg,Associate Dentist,Star Dental Clinic,"Ulsoor, Bengaluru, Karnataka",Bengaluru,,"₹30,000 - ₹45,000 a month",30000,45000,per_month,full_time,Full-time,,doctors,hospital,False,Bachelor's degree|In-person|Medical terminology,,,2026-07-12,"Experienced or FRESHER BDS can apply Pay: ₹30,000.00 - ₹45,000.00 per month Work Location: In…",https://www.simplyhired.co.in/job/xb60Djhc47iVSTyzTZ6x5JUqpCxQjSntm1wVyXrdgYt4s1B8nS_3Zg,2026-07-12T12:33:05Z
simplyhired,ZQAMpLo8tspOulfgYDBfegZ-ZQbyq3MK1kfb0EhcvYlhEuSHE18BxQ,Patient Counselor,ARC International Fertility & Research Centre,"Perambur, Chennai, Tamil Nadu",Chennai,,"From ₹18,000 a month",18000,18000,per_month,full_time,Full-time,,non_clinical,hospital,False,Bachelor's degree|In-person|Care plans,,,2026-07-11,Develop a care plan to address their personal health care needs. Consult with patients and family members to discuss their health problems.,https://www.simplyhired.co.in/job/ZQAMpLo8tspOulfgYDBfegZ-ZQbyq3MK1kfb0EhcvYlhEuSHE18BxQ,2026-07-12T12:33:05Z
simplyhired,Dsj6PLE04Nxm0zJKoqmqq7zrO2wgeFPIEcDtn3jPUWkmEDmj_SHwrQ,Associate Vice President – Coding,Credence Global Solutions,"Pune, Maharashtra",Pune,,Not Disclosed,,,,full_time,Full-time,,non_clinical,hospital,False,Laboratory experience|Medical terminology,,,2026-07-11,Implement improved processes and management methods to generate higher ROI and workflow optimization. Identify delivery issues or areas of concern for the…,https://www.simplyhired.co.in/job/Dsj6PLE04Nxm0zJKoqmqq7zrO2wgeFPIEcDtn3jPUWkmEDmj_SHwrQ,2026-07-12T12:33:09Z
simplyhired,D7vWJl-qbf9lPGsEf0mrMbYxUk8vqXqxuKOs88lH4drfI3wOyXkTQw,Medical Recs Coding & Transc. Analyst,NTT Ltd,"Coimbatore, Tamil Nadu",Coimbatore,,Not Disclosed,,,,full_time,Full-time,,non_clinical,hospital,False,,,,2026-07-10,"Transforming of healthcare diagnosis, procedures, medical services, and equipment into universal medical alphanumeric codes.",https://www.simplyhired.co.in/job/D7vWJl-qbf9lPGsEf0mrMbYxUk8vqXqxuKOs88lH4drfI3wOyXkTQw,2026-07-12T12:33:09Z
simplyhired,d93H2K3LTVkMC9ibMKMVC-jwx5ZsO6VUNtF1hcijab0OUAl32O4CZA,Respiratory Therapist,B&B MEMORIAL HOSPITAL,"Kakkanad, Kochi, Kerala",Kochi,,Not Disclosed,,,,full_time,Full-time,,non_clinical,hospital,False,Bachelor's degree|Patient care|In-person|Diploma|Care plans|Nursing,,,2026-07-11,"Assess and monitor patients with respiratory and cardiopulmonary conditions. Administer oxygen therapy, nebulization, aerosol therapy, and other respiratory…",https://www.simplyhired.co.in/job/d93H2K3LTVkMC9ibMKMVC-jwx5ZsO6VUNtF1hcijab0OUAl32O4CZA,2026-07-12T12:33:09Z
simplyhired,_UuvvoCh-keNuU0vum2eBOVnYw-cZO2YHaIvuJWcr8eyw48012H3TQ,Clinical Physiotherapist,ActiveLife Physiotherapy Clinic,"Whitefield, Bengaluru, Karnataka",Bengaluru,,"₹12,000 - ₹13,000 a month",12000,13000,per_month,part_time,Part-time,,non_clinical,hospital,False,Bachelor's degree|In-person,Flexible schedule,,2026-07-12,"Conduct comprehensive patient assessments, including medical history, physical examination, posture, gait, range of motion, strength, and functional ability.",https://www.simplyhired.co.in/job/_UuvvoCh-keNuU0vum2eBOVnYw-cZO2YHaIvuJWcr8eyw48012H3TQ,2026-07-12T12:33:09Z
simplyhired,HrDkFfeAEQ0cIx6y8-3CeHi5c1DlTllQ2_PHFCUYFvG9Q6bTKL6faQ,Pharmacist,BabyJoy Fertility and IVF Centre (P) LTD,"Ghaziabad, Uttar Pradesh",Ghaziabad,,"₹15,000 - ₹20,000 a month",15000,20000,per_month,full_time,Full-time|Day shift,,pharmacists,hospital,False,Anatomy knowledge|Bachelor's degree|Patient care|Computer skills|In-person|Hospital experience,,,2026-07-11,Only Day shift (10am-6.30pm)*. Candidate with D Pharma/B Pharma can apply*. Min Experience:1yr and Good knowledge of *medicines & software billing*.,https://www.simplyhired.co.in/job/HrDkFfeAEQ0cIx6y8-3CeHi5c1DlTllQ2_PHFCUYFvG9Q6bTKL6faQ,2026-07-12T12:33:09Z
simplyhired,hNaVii_oNsWOLHjFtzr9gxuLYSN7AsrXVo50oOuNqumZlmnM1nFN-A,X-Ray Technician,HEALTH CARE DIAGNOSTIC CENTRE,"Sasthamangalam, Thiruvananthapuram, Kerala",Thiruvananthapuram,,"₹8,000 - ₹10,000 a month",8000,10000,per_month,full_time,Full-time,,non_clinical,pharma,False,In-person|Medical terminology,,,2026-07-10,"Pay: ₹8,000.00 - ₹10,000.00 per month. We are looking for qualified xray technician to perform diagnostic Xray examinations, ensure proper candidate positioning…",https://www.simplyhired.co.in/job/hNaVii_oNsWOLHjFtzr9gxuLYSN7AsrXVo50oOuNqumZlmnM1nFN-A,2026-07-12T12:33:09Z
simplyhired,Xqxli4CH6TIPLMjNgy-ZanKSuzkuznc9F1fpgxSoD2-EP36nU-HCiA,BILLING EXECUTIVE - HOSPITAL EXPERIENCED,PRASHANTH MULTISPECIALITY HOSPITAL,"Velachery, Chennai, Tamil Nadu",Chennai,,"₹20,000 - ₹30,000 a month",20000,30000,per_month,full_time,Full-time,,non_clinical,hospital,False,Accounting|QuickBooks|In-person,Paid time off|Flexible schedule|Paid sick time,,2026-07-10,"Dispense medicines accurately as per prescription. Check dosage, expiry, and drug interactions. Maintain pharmacy stock and reorder medicines.",https://www.simplyhired.co.in/job/Xqxli4CH6TIPLMjNgy-ZanKSuzkuznc9F1fpgxSoD2-EP36nU-HCiA,2026-07-12T12:33:09Z
simplyhired,J8KUQWwiuCBHD0gE2Sfp5uJZjCaT2GyhfAtzCNNiHLThrtPPib2oxg,Pharmacist,Iswarya Health Pvt Ltd,"Tiruchchirappalli, Tamil Nadu",Tiruchchirappalli,,"₹18,000 - ₹20,000 a month",18000,20000,per_month,full_time,Full-time,,pharmacists,hospital,False,Anatomy knowledge|Bachelor's degree|Patient care|In-person|Hospital experience,,,2026-07-11,"Degree : D.Pharm / B.Pharm must have PCI Registration in Tamilnadu Looking for Immediate joiners Call:8925958106 Job Types: Full-time, Permanent Pay: ₹18…",https://www.simplyhired.co.in/job/J8KUQWwiuCBHD0gE2Sfp5uJZjCaT2GyhfAtzCNNiHLThrtPPib2oxg,2026-07-12T12:33:09Z
simplyhired,TvHPWuTqZXGQqf-KlWpr8vxDNn2sUwQVBFNZIoMPW2QZ4kxRxzZWqw,nursing staff,PRV medical center,"Kochi, Kerala",Kochi,,"₹9,000 - ₹14,000 a month",9000,14000,per_month,full_time,Full-time,,nurses,hospital,False,Bachelor's degree|Patient care|In-person|Nursing,,,2026-07-10,Educate patients and families regarding treatment and healthcare instructions. Provide direct nursing care to patients as per prescribed treatment plans.,https://www.simplyhired.co.in/job/TvHPWuTqZXGQqf-KlWpr8vxDNn2sUwQVBFNZIoMPW2QZ4kxRxzZWqw,2026-07-12T12:33:09Z
simplyhired,oDaDy7DTdSYQQxAH7GOA-xDVbWZFlbGqv95ovlPVrXx8ZKj-dx8-dA,Cardiac Nurse,Tieten Medicity Hospital,"Kasarvadavali, Thane, Maharashtra",Thane,,"₹20,000 - ₹30,000 a month",20000,30000,per_month,full_time,Full-time,,nurses,hospital,False,Patient care|In-person|Nursing,,,2026-07-11,"Provide comprehensive nursing care to cardiac patients and monitor their clinical condition. Monitor ECG, cardiac rhythm, vital signs, and promptly report…",https://www.simplyhired.co.in/job/oDaDy7DTdSYQQxAH7GOA-xDVbWZFlbGqv95ovlPVrXx8ZKj-dx8-dA,2026-07-12T12:33:09Z
simplyhired,UCZqBJru1KYmAd5M7yOZ87TjoQbfvSZROhufbgglPXpdctoOAznBKA,Staff Nurse,Kancare Assisted Living Solutions Pvt. Ltd,"Kakkanad, Kochi, Kerala",Kochi,,"From ₹15,500 a month",15500,15500,per_month,full_time,,,nurses,hospital,False,B.Sc|Bachelor's degree|In-person|Care plans,,,2026-07-10,"\* Assess the physical, cognitive, psychosocial, and functional health status of elderly patients \* Develop and implement individualized care plans tailored to…",https://www.simplyhired.co.in/job/UCZqBJru1KYmAd5M7yOZ87TjoQbfvSZROhufbgglPXpdctoOAznBKA,2026-07-12T12:33:09Z
simplyhired,CcwHkEd3RgTk82qOsP-dZBHaaWpnLiDdu_DI1Ua5_DQVoT1xGjlilw,Hospital Pharmacist,Najath Healthcare,"Aluva, Kerala",Aluva,,"From ₹15,000 a month",15000,15000,per_month,full_time,Email|Full-time,,pharmacists,hospital,False,Anatomy knowledge|Bachelor's degree|Patient care|In-person|Hospital experience,,,2026-07-10,"Collaborate with doctors, nurses, and other healthcare professionals. We are looking for a qualified and motivated Hospital Pharmacist to provide safe and…",https://www.simplyhired.co.in/job/CcwHkEd3RgTk82qOsP-dZBHaaWpnLiDdu_DI1Ua5_DQVoT1xGjlilw,2026-07-12T12:33:09Z
simplyhired,vxgI72GCoVWBXc5wqKFDvO7mnGsSePd9S586KTIOL9qGEymcUmvtow,Pediatric Dentist/Pedodontist,Manya Dental Clinic,"Bangalore City, Bengaluru, Karnataka",Bengaluru,,Not Disclosed,,,,full_time,Full-time,,doctors,hospital,False,Bachelor's degree|Pediatrics|In-person|Communication skills,,,2026-07-12,Collaborate with specialists and other healthcare professionals when required. The ideal candidate will be passionate about providing high-quality dental care…,https://www.simplyhired.co.in/job/vxgI72GCoVWBXc5wqKFDvO7mnGsSePd9S586KTIOL9qGEymcUmvtow,2026-07-12T12:33:09Z
simplyhired,-O6ouUst5HHMH5SJrkYPebyuBAuPzvST-Uuvx1VZsmspm5v6FizZrA,Sr Executive - HIM services (Lab & Pathology),CorroHealth Infotech Private Limited,"Noida, Uttar Pradesh",Noida,,Not Disclosed,,,,full_time,Full-time,,doctors,hospital,False,Organisational skills|Computer skills|Communication skills,,,2026-07-10,"Life Science graduation or any equivalent graduation with Anatomy/Physiology as. Across the reimbursement cycle, our scalable solutions and clinical expertise…",https://www.simplyhired.co.in/job/-O6ouUst5HHMH5SJrkYPebyuBAuPzvST-Uuvx1VZsmspm5v6FizZrA,2026-07-12T12:33:09Z
simplyhired,NIGhqZ_NodDhW35fuWl6YHNNxQ7cV514Zy1Ku2OFABMG0jqh0T_ZxQ,Locum Medical Officer,Sukino Healthcare Solutions Pvt Ltd,"Vyttila, Kochi, Kerala",Kochi,,Not Disclosed,,,,full_time,,,doctors,hospital,False,Medicine|Bachelor's degree|Patient care|In-person,,,2026-07-09,"We are Hiring *Locum Medical Officer* for our Kochi Center. Experience - Freshers Qualification - MBBS Salary - Best in the industry Location - Vyttila,…",https://www.simplyhired.co.in/job/NIGhqZ_NodDhW35fuWl6YHNNxQ7cV514Zy1Ku2OFABMG0jqh0T_ZxQ,2026-07-12T12:33:09Z
simplyhired,-4_jyMKiF6-X6kyzOm7nRcgq2hLKkOROdhxNC0kvLXg1xILLusAx7A,Senior Pharmacist,THE OXFORD MEDICAL COLLEGE & HOSPITAL,"Bengaluru, Karnataka",Bengaluru,,"From ₹30,000 a month",30000,30000,per_month,full_time,Full-time,,pharmacists,hospital,False,Management|Mentoring|In-person,,,2026-07-11,Collaborate with healthcare providers to optimize patient care. Oversee the daily operations of the pharmacy. Manage and mentor pharmacy staff.,https://www.simplyhired.co.in/job/-4_jyMKiF6-X6kyzOm7nRcgq2hLKkOROdhxNC0kvLXg1xILLusAx7A,2026-07-12T12:33:09Z
simplyhired,SoiS-2OeifFd2anycBQ0xnVg5i3wmBb9Qw1IBj4PBWn4gI09kwqJlg,Nurse,KINFLEX Home Healthcare,"Delhi, Delhi",Delhi,,"₹30,000 - ₹60,000 a month",30000,60000,per_month,hybrid,Part-time|Full-time|Call employer,Hybrid work,nurses,hospital,False,Nursing|B.Sc|Bachelor's degree|Communication skills|Nursing,Cell phone reimbursement|Flexible schedule|Food provided,,2026-07-12,KinFlex Home Healthcare is hiring qualified nursing staff to provide high-quality patient care in the comfort of patients' homes.,https://www.simplyhired.co.in/job/SoiS-2OeifFd2anycBQ0xnVg5i3wmBb9Qw1IBj4PBWn4gI09kwqJlg,2026-07-12T12:33:11Z
simplyhired,Ag8g4IMz3mtdEHH89r8Cmh3m0oCgRch3SSTWX4L0xkOgU674rbV8xg,Senior Staff Nurse,PRASAD HOSPITALS,"Pragathi Nagar, Hyderabad, Telangana",Hyderabad,,"₹25,000 - ₹30,000 a month",25000,30000,per_month,full_time,Full-time,,nurses,hospital,False,Supervising experience|Bachelor's degree|Team management|In-person|Care plans|Medical terminology,,,2026-07-10,"Work closely with doctors and other healthcare professionals. Assign duties and manage shift schedules. Provide direct nursing care to patients, including…",https://www.simplyhired.co.in/job/Ag8g4IMz3mtdEHH89r8Cmh3m0oCgRch3SSTWX4L0xkOgU674rbV8xg,2026-07-12T12:33:11Z
simplyhired,OdTIok3iYtCy-kPTnbwHax3LUAyrmkuLbOVZUK0eFx0MtyiAGlnCTg,Financial Counsellor,SAIJYOTHI EYE HOSPITALS,"Jubilee Hills, Hyderabad, Telangana",Hyderabad,,"₹25,000 - ₹50,000 a month",25000,50000,per_month,full_time,Full-time,,non_clinical,hospital,False,In-person,,,2026-07-10,"Coordinate with consultants, optometrists, counselors, billing, and OT departments for cost-related information.",https://www.simplyhired.co.in/job/OdTIok3iYtCy-kPTnbwHax3LUAyrmkuLbOVZUK0eFx0MtyiAGlnCTg,2026-07-12T12:33:11Z
simplyhired,nGLZmY9utVKaag7iU0styLAmXGwl9XkAGElbfbt6LpyEne3_WLU4IA,ANM Nurse,Medlounges Healthcare Pvt Ltd,"Tiruvalla, Kerala",Tiruvalla,,"₹8,000 - ₹10,000 a month",8000,10000,per_month,full_time,Full-time,,nurses,hospital,False,Bachelor's degree|Patient care|In-person|Nursing,Flexible schedule,,2026-07-11,"Provide basic first aid and emergency care before transferring critical cases to higher care centers. Assist doctors, specialists, and senior nursing staff…",https://www.simplyhired.co.in/job/nGLZmY9utVKaag7iU0styLAmXGwl9XkAGElbfbt6LpyEne3_WLU4IA,2026-07-12T12:33:11Z
simplyhired,zwmCdPTTqTb0wf-MRiJ4ajuKlvYV_U9CB1qc9Q-Ggmn_P1G4quILaw,Physiotherapist,Revalix physiotherapy and performance clinic,"Kannur District, Kerala",Kannur District,,"From ₹15,000 a month",15000,15000,per_month,full_time,Full-time,,non_clinical,hospital,False,Patient monitoring|Master's degree|Bachelor's degree|In-person|Communication skills,,,2026-07-11,"Clients include individuals recovering from injury or surgery, those managing chronic conditions, and active people seeking performance optimization.",https://www.simplyhired.co.in/job/zwmCdPTTqTb0wf-MRiJ4ajuKlvYV_U9CB1qc9Q-Ggmn_P1G4quILaw,2026-07-12T12:33:11Z
simplyhired,o5MYr5iH5Px4akIRa2PrL-X6__QFZPCPHb3dgLZpJ3Cmv270zrzFnw,Pharmacist,Arogya Community Pharmacy,"Thiruvananthapuram, Kerala",Thiruvananthapuram,,"₹13,000 - ₹15,000 a month",13000,15000,per_month,full_time,Full-time,,pharmacists,pharma,False,Anatomy knowledge|Bachelor's degree|Patient care|In-person|Hospital experience,,,2026-07-10,"They ensure safe medication practices, collaborate with other healthcare providers, and play a vital role in patient care.",https://www.simplyhired.co.in/job/o5MYr5iH5Px4akIRa2PrL-X6__QFZPCPHb3dgLZpJ3Cmv270zrzFnw,2026-07-12T12:33:11Z
simplyhired,SiAp6wRL-vBruyArt0rC-r6rNp2MFsFtZPY27uelmzpe-rnDoCMs_w,Deputy Manager (Quality),PSRI Hospital,"Delhi, Delhi",Delhi,,Not Disclosed,,,,full_time,,,non_clinical,hospital,False,Master's degree,,,2026-07-11,Qualification : BDS/ BPT/BAMS + Master in Hospital Management. Experience : Minimum 12 Years of Relevant Experience.,https://www.simplyhired.co.in/job/SiAp6wRL-vBruyArt0rC-r6rNp2MFsFtZPY27uelmzpe-rnDoCMs_w,2026-07-12T12:33:11Z
simplyhired,58cADBeUrZ7EBfEdaRx9Hmd7bOj68-mpY7K68IWsJGkOg-ulo9cahg,Dental Surgeon,Rudra Dental Clinic,"Pune, Maharashtra",Pune,,"From ₹10,000 a month",10000,10000,per_month,part_time,Part-time,,doctors,hospital,False,Bachelor's degree|In-person|Medical terminology,,,2026-07-11,"Require Dentist For a Private dental clinic on handewadi road, Hadapsar, Pune Maharashtra,. Rudra Dental Clinic A-103, Yashraj Primo, Satav Nagar,…",https://www.simplyhired.co.in/job/58cADBeUrZ7EBfEdaRx9Hmd7bOj68-mpY7K68IWsJGkOg-ulo9cahg,2026-07-12T12:33:11Z
simplyhired,u9okCHtIll2EorO2Mb0K29xDAwWoYbE0cAqM5TDjP5gesyuu0sScmQ,Endodontist,Tarasha Dental Clinic,"Lajpat Nagar, Delhi, Delhi",Delhi,,"₹50,000 a month",50000,50000,per_month,full_time,Full-time,,non_clinical,hospital,False,Master's degree|In-person,,,2026-07-12,"Assist in creating *ethical, patient-education–focused digital content*. We are seeking a skilled, ethical, and patient-focused *Endodontist / Associate Dentist…",https://www.simplyhired.co.in/job/u9okCHtIll2EorO2Mb0K29xDAwWoYbE0cAqM5TDjP5gesyuu0sScmQ,2026-07-12T12:33:11Z
simplyhired,9ovQOAEkvRsXBmxxPwwumNYSRAYnG4zi6IS-V3bfzPor9ulK4rosUw,Ayurveda Physician,TechClinic,"Hyderabad, Telangana",Hyderabad,,"₹35,000 - ₹55,000 a month",35000,55000,per_month,full_time,Full-time,,doctors,hospital,False,Anatomy knowledge|Bachelor's degree|In-person|Medical terminology,Health insurance,,2026-07-11,"Ayurveda Doctor Exp-Fresher- 30 yrs Location- Goregaon, Andheri,Dadar CTC- Min 35k Skills: Ayurveda Basics Differential Diagnosis Notice-Immediate…",https://www.simplyhired.co.in/job/9ovQOAEkvRsXBmxxPwwumNYSRAYnG4zi6IS-V3bfzPor9ulK4rosUw,2026-07-12T12:33:11Z
simplyhired,V9vKpRwP1qUNyYURhiu9H0URXsGUtEw3IAog1jvqsHydpVmYYpSWyQ,Dental Surgeon-Mehdipatnam-Hyderabad,DR POSITIVE HEALTH SCIENCE PVT LTD,"Mehdipatnam, Hyderabad, Telangana",Hyderabad,,"₹25,000 - ₹45,000 a month",25000,45000,per_month,full_time,Full-time,,doctors,hospital,False,Sales|Business development|Bachelor's degree|In-person|Medical terminology,,,2026-07-10,"Communicate with dental staff on our team regarding patient treatment plans. Salary:25000-45000 Per Month, Slight Negotiable, Incentives.*.",https://www.simplyhired.co.in/job/V9vKpRwP1qUNyYURhiu9H0URXsGUtEw3IAog1jvqsHydpVmYYpSWyQ,2026-07-12T12:33:11Z
simplyhired,M1uCIz82zBPsNCfTY5JZxn5HK27pxdPCR1yWIfEDgYfjaZXtVlDJaQ,Hospital Pharmacist,GHC Hospitals,"Kausa, Thane, Maharashtra",Thane,,"₹10,000 - ₹25,000 a month",10000,25000,per_month,full_time,Rotational shift,,pharmacists,hospital,False,Bachelor's degree|In-person|Hospital experience,,,2026-07-10,Having 2 to 3 years hospital pharmacy experience. Pharma registered Licence and PPE card .,https://www.simplyhired.co.in/job/M1uCIz82zBPsNCfTY5JZxn5HK27pxdPCR1yWIfEDgYfjaZXtVlDJaQ,2026-07-12T12:33:11Z
simplyhired,fqRFOBXL4ipPmXA8aN-ZbMxdXbNlweYAuDFBGgsYItAE0Hgosy5-Gg,Dentist/ dental doctor,ADI DENTAL CARE,"Perungalathur, Chennai, Tamil Nadu",Chennai,,"₹15,000 - ₹20,000 a month",15000,20000,per_month,full_time,Urgently hiring|Full-time|Call employer,,doctors,hospital,False,Bachelor's degree|In-person|Medical terminology,,,2026-07-10,Salary - 20k for full time (minimum 2 years experience)(based on experience and skills incentives will also be given).,https://www.simplyhired.co.in/job/fqRFOBXL4ipPmXA8aN-ZbMxdXbNlweYAuDFBGgsYItAE0Hgosy5-Gg,2026-07-12T12:33:11Z
simplyhired,lJghFEqFGR2arpg6ZyHfllqE1zjPDNYBSgF1bTasgvsm-oJh5CMvJQ,Medical Coder,MedCoded,"Mumbai, Maharashtra",Mumbai,,Not Disclosed,,,,remote,Online application|Full-time,Remote,non_clinical,hospital,False,Analysis skills|Communication skills,,,2026-07-09,Engage in continuous education and training to stay current on coding practices. Collaborate with healthcare providers to clarify diagnoses and procedures.,https://www.simplyhired.co.in/job/lJghFEqFGR2arpg6ZyHfllqE1zjPDNYBSgF1bTasgvsm-oJh5CMvJQ,2026-07-12T12:33:11Z
simplyhired,ZaqzkRyHLSFL2Joq13XQixxMYZIMcL3x6IFPU7uRTSVcTKDYLfw7DQ,Pharmacist,myMD Healthcare private limited,"Kolkata, West Bengal",Kolkata,,"₹12,000 - ₹17,000 a month",12000,17000,per_month,full_time,Full-time|Rotational shift,,pharmacists,hospital,False,Medication administration|Customer service|Patient care|In-person|Communication skills|Hospital experience,,,2026-07-10,We are looking for an Assistant Pharmacist to support the daily operations of our pharmacy. The candidate should have at least 1 year of experience working in a…,https://www.simplyhired.co.in/job/ZaqzkRyHLSFL2Joq13XQixxMYZIMcL3x6IFPU7uRTSVcTKDYLfw7DQ,2026-07-12T12:33:13Z
simplyhired,_2bm2ayGYnHqyOYXmmT-Ww-yRKpkC1vm_I4AmEsPQehUG8dcPoceWQ,Assistant Manager - Operations,Apollo Hospitals,"Ahmedabad, Gujarat",Ahmedabad,,Not Disclosed,,,,full_time,Full-time,,non_clinical,hospital,False,,,,2026-07-11,"Dear Candidate, We are delighted to introduce you to Apollo Hospitals, a leading healthcare provider in India. With a long-standing heritage spanning many…",https://www.simplyhired.co.in/job/_2bm2ayGYnHqyOYXmmT-Ww-yRKpkC1vm_I4AmEsPQehUG8dcPoceWQ,2026-07-12T12:33:13Z
simplyhired,0iIMyUVKuB07tfHCjGd93UNthi3G33EYjPyGFoeXsrbvED4EKL2Xzg,Cardiac Technician,Divine Heart & Multispeciality Hospital,"Lucknow, Uttar Pradesh",Lucknow,,"From ₹16,500 a month",16500,16500,per_month,full_time,Full-time,,non_clinical,hospital,False,Anatomy knowledge|Patient monitoring|In-person|Diploma|Medical terminology,,,2026-07-11,At least 2 years' experience working as a cardiology technician. Ensuring cardiology patients are comfortable by answering any questions they have about the…,https://www.simplyhired.co.in/job/0iIMyUVKuB07tfHCjGd93UNthi3G33EYjPyGFoeXsrbvED4EKL2Xzg,2026-07-12T12:33:13Z
simplyhired,8IOphATEOegXXl0diH27ccJqbHwsv1NB5pz_G6qQ3vD_mT7euAviig,OT Technician,LMH healthcare services Private Limited,"Borivali, Mumbai, Maharashtra",Mumbai,,"₹14,000 - ₹25,000 a month",14000,25000,per_month,full_time,Full-time,,non_clinical,hospital,False,In-person|Diploma,,,2026-07-11,Checking all drugs on the drug trolley with reference to their expiry date. An extensive check on the entire operation of Boyles machine and responsible for its…,https://www.simplyhired.co.in/job/8IOphATEOegXXl0diH27ccJqbHwsv1NB5pz_G6qQ3vD_mT7euAviig,2026-07-12T12:33:13Z
simplyhired,A2M8wqsfmVxmPUjXhzJ-aDbLT2lsPMSl9xX4P9zdtjjKN0fa-koIHw,Gnm nurse,Stemz Healthcare,"Mumbai, Maharashtra",Mumbai,,"₹20,000 - ₹23,000 a month",20000,23000,per_month,full_time,Full-time,,nurses,hospital,False,Bachelor's degree|Patient care|Data entry|In-person|Nursing,Health insurance,,2026-07-11,He/She will also act as the staff nurse and manage the administrative as well as clinical duties involved in the center. Administer vaccines in certain cases.,https://www.simplyhired.co.in/job/A2M8wqsfmVxmPUjXhzJ-aDbLT2lsPMSl9xX4P9zdtjjKN0fa-koIHw,2026-07-12T12:33:13Z
simplyhired,YnEyKvXVomU2RxO4vuqgplJ-NwOx7Mw3EABgKX5wq4lR7qd3eF8dQA,Dialysis Technician,THANAL,"Quilandi, Kerala",Quilandi,,Not Disclosed,,,,full_time,,,non_clinical,hospital,False,Data entry|Computer skills|Communication skills,,,2026-07-11,"Prepare and operate dialysis machines. Set up, monitor, and maintain dialysis equipment for patient treatment. Ensure patient safety and infection control.",https://www.simplyhired.co.in/job/YnEyKvXVomU2RxO4vuqgplJ-NwOx7Mw3EABgKX5wq4lR7qd3eF8dQA,2026-07-12T12:33:13Z
simplyhired,w5R8utsdMKr4DqAj1CeyV6HZzSyS1UII29rPutrmd6ZocYma0C6c4Q,Resident-Medical-Officer(RMO),Shree Aggarsain International Hospital,"Sector 22, Chandigarh, Chandigarh",Chandigarh,,Not Disclosed,,,,full_time,,,doctors,hospital,False,Medicine|Bachelor's degree,,,2026-07-11,Location: Rohini-Sector-22 Qualification- MBBS Experience- 2 yrs. and…,https://www.simplyhired.co.in/job/w5R8utsdMKr4DqAj1CeyV6HZzSyS1UII29rPutrmd6ZocYma0C6c4Q,2026-07-12T12:33:13Z
simplyhired,rDFgXolqdWfDdQeXDfYN0W15FV794vr2AMye48lCivzd7zHJJ3hqdA,Pharmacist,Crissfinancial,"Kompally, Hyderabad, Telangana",Hyderabad,,Not Disclosed,,,,full_time,Full-time,,pharmacists,hospital,False,Anatomy knowledge|Bachelor's degree|Patient care|In-person|Hospital experience,,,2026-07-10,Take the returns from the patients & raise the return note in system. Raise the return note to the stores. Make the bill according to the prescription.,https://www.simplyhired.co.in/job/rDFgXolqdWfDdQeXDfYN0W15FV794vr2AMye48lCivzd7zHJJ3hqdA,2026-07-12T12:33:13Z
simplyhired,lsIBbINTcYMNeLAwP4S_53d_XQEqosXxhuzYzX41hdgyhmTH3aJIVw,Pharmacist,Saviour Hospital,"Ahmedabad, Gujarat",Ahmedabad,,"₹25,000 - ₹35,000 a month",25000,35000,per_month,full_time,Full-time,,pharmacists,hospital,False,Medicine|In-person|Hospital experience,Paid time off|Flexible schedule|Paid sick time,,2026-07-11,Preparing shift Rota for staff. As per doctor requirements check the comparative rates. Negotiation for scheme with supplier/manufacture.,https://www.simplyhired.co.in/job/lsIBbINTcYMNeLAwP4S_53d_XQEqosXxhuzYzX41hdgyhmTH3aJIVw,2026-07-12T12:33:13Z
simplyhired,XGJmZ7KL_sj1KXjWudDiEH861I81ixF-f_N_L6hegVEyjO8zeyb6lw,doctor,Lotus Health Care Nursing Bureau,"Kamothe, Navi Mumbai, Maharashtra",Navi Mumbai,,"₹40,000 - ₹60,000 a month",40000,60000,per_month,full_time,Full-time|Call employer,,doctors,hospital,False,Medicine|Bachelor's degree|In-person,Health insurance,,2026-07-11,"Urgent Requirement – RMO Doctor URGENT REQUIREMENT FOR RMO DOCTORS IN A REPUTED HOSPITAL IN KAMOTHE, NAVI MUMBAI ✅ Qualification: MBBS, BHMS, BMS, BUMS ✅…",https://www.simplyhired.co.in/job/XGJmZ7KL_sj1KXjWudDiEH861I81ixF-f_N_L6hegVEyjO8zeyb6lw,2026-07-12T12:33:13Z
simplyhired,MDlX_kVZ94WlnKwRVnnsIX7AYU5HIMqQl2Djy1-s8NCwSb1xKXPzyg,Staff nurse,PRASAD HOSPITALS,"Pragathinagar, Hyderabad, Telangana",Hyderabad,,"₹18,000 - ₹27,000 a month",18000,27000,per_month,full_time,Full-time,,nurses,hospital,False,Patient monitoring|Patient care|In-person,,,2026-07-10,"Check vital signs (BP, temperature, pulse, oxygen levels). Monitor patient condition regularly and report changes. Maintain patient hygiene and comfort.",https://www.simplyhired.co.in/job/MDlX_kVZ94WlnKwRVnnsIX7AYU5HIMqQl2Djy1-s8NCwSb1xKXPzyg,2026-07-12T12:33:13Z
simplyhired,0Kd3GC7aJUIiXYP3XJWHvhW145R17sR9A4xrCwLkHmZmHNNEILm-uw,Receptionist,Saaol Heartcare Pvt. Ltd.,"Gurugram, Haryana",Gurugram,,"₹15,000 - ₹18,000 a month",15000,18000,per_month,full_time,Full-time,,non_clinical,hospital,False,Bachelor's degree|In-person|Leadership|Medical terminology|Office experience,,,2026-07-11,Appointment Booking over call and for walk-in patients. Manage Billing + Payments; Regular Reporting of daily business with HQ Team.,https://www.simplyhired.co.in/job/0Kd3GC7aJUIiXYP3XJWHvhW145R17sR9A4xrCwLkHmZmHNNEILm-uw,2026-07-12T12:33:13Z
simplyhired,nFyTRJpkfBIPgrIRRaCJO7zF7glhRGG2jArtKtWer60yLVODqELhCQ,Senior Manager - Group Revenue Team,Apollo Hospitals,"Hyderabad, Telangana",Hyderabad,,Not Disclosed,,,,full_time,Full-time,,non_clinical,hospital,False,,,,2026-07-10,"Dear Candidate, We are delighted to introduce you to Apollo Hospitals, a leading healthcare provider in India. With a long-standing heritage spanning many…",https://www.simplyhired.co.in/job/nFyTRJpkfBIPgrIRRaCJO7zF7glhRGG2jArtKtWer60yLVODqELhCQ,2026-07-12T12:33:13Z
simplyhired,onhdvrYFP977jbl8Qa6NA6ah0kjijL7ntCFnl-9p5W9J7PLYF5jFoA,Staff-Nurse,Shree Aggarsain International Hospital,"Sector 22, Chandigarh, Chandigarh",Chandigarh,,Not Disclosed,,,,full_time,,,nurses,hospital,False,B.Sc|ICU experience|Bachelor's degree,,,2026-07-11,"Location: Rohini-Sector-22 Qualification- GNM/B.Sc. Experience- One year and above Requirement for OT, Labour Room, ICU, CCU,…",https://www.simplyhired.co.in/job/onhdvrYFP977jbl8Qa6NA6ah0kjijL7ntCFnl-9p5W9J7PLYF5jFoA,2026-07-12T12:33:13Z
simplyhired,CrWzm6XJjmYpcAoh25ysWHMJrUETyCYGy49Uoy9h55UzULv3xeY_uQ,Manager - Group Revenue Team,Apollo Hospitals,"Ahmedabad, Gujarat",Ahmedabad,,Not Disclosed,,,,full_time,Full-time,,non_clinical,hospital,False,,,,2026-07-11,"Dear Candidate, We are delighted to introduce you to Apollo Hospitals, a leading healthcare provider in India. With a long-standing heritage spanning many…",https://www.simplyhired.co.in/job/CrWzm6XJjmYpcAoh25ysWHMJrUETyCYGy49Uoy9h55UzULv3xeY_uQ,2026-07-12T12:33:13Z
simplyhired,wB1GbqlKvNFrxlgHG7N0XkQ3eNZlTRi3lvxPdhiHkL0vsJUBpU-TSA,Technologist - Cardiology,Apollo Hospitals,"Bengaluru, Karnataka",Bengaluru,,Not Disclosed,,,,full_time,Full-time,,doctors,hospital,False,,,,2026-07-10,"Dear Candidate, We are delighted to introduce you to Apollo Hospitals, a leading healthcare provider in India. With a long-standing heritage spanning many…",https://www.simplyhired.co.in/job/wB1GbqlKvNFrxlgHG7N0XkQ3eNZlTRi3lvxPdhiHkL0vsJUBpU-TSA,2026-07-12T12:33:13Z
simplyhired,segytYPfLnWQjQDY3FibiX265u0Hoe7mmgr37RUjgJDeTVbtSQQYqQ,Physiotherapist,Orthocare Physiotherapy Centre,"Bandra, Mumbai, Maharashtra",Mumbai,,"₹10,000 - ₹15,000 a month",10000,15000,per_month,part_time,Part-time,,non_clinical,hospital,False,Bachelor's degree|In-person|Medical terminology,,,2026-07-10,"*Collaboration:* Communicate patient progress and treatment needs with doctors, nurses, and other multidisciplinary healthcare professionals.",https://www.simplyhired.co.in/job/segytYPfLnWQjQDY3FibiX265u0Hoe7mmgr37RUjgJDeTVbtSQQYqQ,2026-07-12T12:33:13Z
simplyhired,dkXs4oGQYybcg-SEvhJbOW3qUk4iwm6NDziEzw3eGtfnlc9VIPaykg,Physiotherapist,Qi Spine Clinic,"Mumbai, Maharashtra",Mumbai,,"₹20,000.00 - ₹35,000.06 a month",20000,35000,per_month,full_time,Full-time,,non_clinical,hospital,False,Master's degree|Bachelor's degree|In-person,,,2026-07-11,All candidates choosing to join us are required to sign a *1.5 year deed of indemnity* towards the training provided.,https://www.simplyhired.co.in/job/dkXs4oGQYybcg-SEvhJbOW3qUk4iwm6NDziEzw3eGtfnlc9VIPaykg,2026-07-12T12:33:13Z
simplyhired,xDoPbIb44tbtEfLxC6XIL2ByXmK7GbyTryiFYXlOVJ3JbT6283ViqA,AM - HIM Services- E/M OP,CorroHealth Infotech Private Limited,"Noida, Uttar Pradesh",Noida,,Not Disclosed,,,,full_time,Full-time,,non_clinical,hospital,False,Microsoft Powerpoint|Microsoft Word|Microsoft Office|Organisational skills|Leadership|Communication skills,,,2026-07-10,Required Expertise & Qualification: Life Science graduation or any equivalent graduation with Anatomy/Physiology as main subjects.,https://www.simplyhired.co.in/job/xDoPbIb44tbtEfLxC6XIL2ByXmK7GbyTryiFYXlOVJ3JbT6283ViqA,2026-07-12T12:33:15Z
simplyhired,FRkuThe8CSw7muod0AxJq5QLQwZyaeuuj_fJI0kzSDLmbGiahYWXww,Sr. Implantologist and Prosthodontist,smiles.ai,"Bengaluru, Karnataka",Bengaluru,,Not Disclosed,,,,full_time,Full-time,,doctors,hospital,False,,,,2026-07-09,"The ideal candidate should have a strong foundation in implantology and prosthodontics, with the ability to manage a range of cases while ensuring a high…",https://www.simplyhired.co.in/job/FRkuThe8CSw7muod0AxJq5QLQwZyaeuuj_fJI0kzSDLmbGiahYWXww,2026-07-12T12:33:15Z
simplyhired,-pGeSvmjILfe76grhYsoXlZS2diymDUAqtiJpftn_lydZfn-3k4B2A,Pharmacist,"Cinco Medic center ,karayad,kurudimukk branch","Karayad, Calicut, Kerala",Calicut,,Not Disclosed,,,,full_time,Full-time,,pharmacists,hospital,False,Anatomy knowledge|Bachelor's degree|Patient care|In-person|Hospital experience,,,2026-07-10,We are seeking a qualified Pharmacist (B-Pharm & D-Pharm) With license is compulsory with 1 or 2 year experience to join our healthcare organization Cinco…,https://www.simplyhired.co.in/job/-pGeSvmjILfe76grhYsoXlZS2diymDUAqtiJpftn_lydZfn-3k4B2A,2026-07-12T12:33:15Z
simplyhired,bRBMsbbbBQe8owA1Ehs3c15bw6wZO8qAwSUCCrNeg9YwZ90IQnzVlQ,Acrylic and Ceramic Dental Technician,"Scientific Dental Clinic, Edapally, Kochi","Kochi, Kerala",Kochi,,"₹15,000 - ₹18,000 a month",15000,18000,per_month,full_time,Full-time,,non_clinical,hospital,False,Anatomy knowledge|CAD|In-person,Food provided,,2026-07-11,"Experience with zirconia, lithium disilicate (e.g., E.max), and porcelain restorations is an advantage. Pay: ₹15,000.00 - ₹18,000.00 per month.",https://www.simplyhired.co.in/job/bRBMsbbbBQe8owA1Ehs3c15bw6wZO8qAwSUCCrNeg9YwZ90IQnzVlQ,2026-07-12T12:33:15Z
simplyhired,gKai-k-slXTtUytZLKaZ874PvkLtFtCqn6FW43UgIn7f5icK311dMg,Denials Specialist,"Ventra Health, Inc.","Perungudi, Chennai, Tamil Nadu",Chennai,,Not Disclosed,,,,full_time,Full-time,,non_clinical,hospital,False,,,,2026-07-10,"If you have any doubts, please contact us at Careers@VentraHealth.com to confirm the legitimacy of the offer and the person who contacted you.",https://www.simplyhired.co.in/job/gKai-k-slXTtUytZLKaZ874PvkLtFtCqn6FW43UgIn7f5icK311dMg,2026-07-12T12:33:15Z
simplyhired,ImTQsrfV14Wbl3cChup-DDIy7yG_YTCNdwGCWVCT6N25xTO67VjW1g,Occupational Therapist,THANAL,"Cannanore, Kerala",Cannanore,,Not Disclosed,,,,full_time,,,non_clinical,hospital,False,Master's degree|Bachelor's degree,,,2026-07-11,"The Occupational Therapist will assess, plan, and implement therapy programs for children with. Functional independence, sensory processing, fine motor skills,…",https://www.simplyhired.co.in/job/ImTQsrfV14Wbl3cChup-DDIy7yG_YTCNdwGCWVCT6N25xTO67VjW1g,2026-07-12T12:33:15Z
simplyhired,rDopTgAz791CVmN0CuGpkRZ-Nza7bdTjVn6sPzfmSg0E5t4wpYGlUA,CONSULTANT- NEUROLOGIST,Jaipur Golden Hospital,"North West District, Delhi",North West District,,Not Disclosed,,,,full_time,,,doctors,hospital,False,,,,2026-07-11,Department: NEUROLOGY Designation: CONSULTANT- NEUROLOGIST Qualification: DM/ DNB- NEUROLOGY WITH RELEVENT EXPERIENCE OF MINIMUM 5 YEARS. Other Information…,https://www.simplyhired.co.in/job/rDopTgAz791CVmN0CuGpkRZ-Nza7bdTjVn6sPzfmSg0E5t4wpYGlUA,2026-07-12T12:33:15Z
simplyhired,mWOKFy9oi0ua0BtGMZAC4u_S3k9jmI3pLTeFkrypO0fABe_r1EztEg,PHARMACIST,BEST MEDICALS,"Kandivali West, Mumbai, Maharashtra",Mumbai,,"₹15,000 - ₹20,000 a month",15000,20000,per_month,full_time,Full-time|Call employer,,pharmacists,hospital,False,In-person,Flexible schedule,,2026-07-10,"We are looking for a full time Pharmacist for a Medical Store which majorly deal in Generic Medicine located at Sector - 6, Charkop, Kandivali West.",https://www.simplyhired.co.in/job/mWOKFy9oi0ua0BtGMZAC4u_S3k9jmI3pLTeFkrypO0fABe_r1EztEg,2026-07-12T12:33:15Z
simplyhired,ZWsj6m5-Yn4n8sAuXwizphK4L9vF2ivX2icqw2ds_qYgvHLlF0QOnw,SR. CONSULTANT- NEUROLOGIST,Jaipur Golden Hospital,"North West District, Delhi",North West District,,Not Disclosed,,,,full_time,,,doctors,hospital,False,,,,2026-07-11,Department: NEUROLOGY Designation: SR. CONSULTANT- NEUROLOGIST Qualification: DM/ DNB- NEUROLOGY WITH RELEVENT EXPERIENCE OF MINIMUM 12 YEARS. Other…,https://www.simplyhired.co.in/job/ZWsj6m5-Yn4n8sAuXwizphK4L9vF2ivX2icqw2ds_qYgvHLlF0QOnw,2026-07-12T12:33:15Z
simplyhired,1EFdMcaLopQWxofWTynrEI8rBx_F9-XG0-gF-NiG0Zwh2PoCHFrkUg,Nurse Assistant - Nursing,Apollo Hospitals,"Chennai, Tamil Nadu",Chennai,,Not Disclosed,,,,full_time,Full-time,,nurses,hospital,False,,,,2026-07-11,"Dear Candidate, We are delighted to introduce you to Apollo Hospitals, a leading healthcare provider in India. With a long-standing heritage spanning many…",https://www.simplyhired.co.in/job/1EFdMcaLopQWxofWTynrEI8rBx_F9-XG0-gF-NiG0Zwh2PoCHFrkUg,2026-07-12T12:33:15Z
simplyhired,mYpHWEjgfZYqeApkm948Jmefm5k9iGNYw-Vl0jdPRfpOm7urSNylfw,Registered Pharmacist,Medical Trust Hospital Kuzhuppilly,"Kochi, Kerala",Kochi,,"₹20,000 - ₹25,000 a month",20000,25000,per_month,full_time,Full-time,,pharmacists,hospital,False,Anatomy knowledge|Bachelor's degree|Patient care|In-person|Hospital experience,,,2026-07-10,"Qualification : B Pharm / D Pharm Registration is a must Experience : Minimum 6 months Job Types: Full-time, Permanent Pay: ₹20,000.00 - ₹25,000.00 per…",https://www.simplyhired.co.in/job/mYpHWEjgfZYqeApkm948Jmefm5k9iGNYw-Vl0jdPRfpOm7urSNylfw,2026-07-12T12:33:15Z
simplyhired,WmQyad5AgWHr88gucKggTMMWTHWqyIKDhV0xzNh79w7j9_iMhxfSMw,Lab Technician,Asian Heart Institute,"Mumbai, Maharashtra",Mumbai,,Not Disclosed,,,,full_time,Full-time,,non_clinical,hospital,False,Blood sampling,,,2026-07-11,"Join our team as a Lab Technician- Pathology, where you'll be responsible for critical tasks such as blood collection, ensuring testing quality, and handling…",https://www.simplyhired.co.in/job/WmQyad5AgWHr88gucKggTMMWTHWqyIKDhV0xzNh79w7j9_iMhxfSMw,2026-07-12T12:33:15Z
simplyhired,pQh8fEnkho_zZCm01QQYUGEtizakTkgawGJbDlbK9alz8F_G7v0qJg,Trainee Technician,Fresenius Medical Care,"Chennai, Tamil Nadu",Chennai,,Not Disclosed,,,,full_time,Full-time,,non_clinical,hospital,False,,,,2026-07-09,Preparing dialysis solutions and mixing bicarbonate according to formula. Sets up and operates haemodialysis machine to provide dialysis treatment for patients…,https://www.simplyhired.co.in/job/pQh8fEnkho_zZCm01QQYUGEtizakTkgawGJbDlbK9alz8F_G7v0qJg,2026-07-12T12:33:15Z
simplyhired,tHnwYbNzJO5imZ6jj1bvGoSAuCzIiuX477Yc9HLMxZYYUcTpkMfNFg,Medewerker wonen,SVRZ,"Thair, Maharashtra",Thair,,Not Disclosed,,,,full_time,Full-time,,non_clinical,hospital,False,Master's degree,,,2026-07-10,"Je werkdagen zijn volgens een rooster van maandag tot en met zondag en inclusief feestdagen. Salaris maximaal € 3.064,53 bruto per maand op fulltime basis, dit…",https://www.simplyhired.co.in/job/tHnwYbNzJO5imZ6jj1bvGoSAuCzIiuX477Yc9HLMxZYYUcTpkMfNFg,2026-07-12T12:33:15Z
simplyhired,a_TeAQvfi4vRS4QqVWvM0cBf5dgm_85X6n3pDqP5gdu_b1gu7bAnWQ,General Dentist,Dental Hospital,"Thiruvananthapuram, Kerala",Thiruvananthapuram,,Not Disclosed,,,,full_time,Full-time,,doctors,hospital,False,Bachelor's degree|In-person|Communication skills,,,2026-07-11,"Perform routine check-ups, fillings, extractions, and root canals. Educate patients on oral hygiene and preventive care. ✅ BDS with a valid dental license.",https://www.simplyhired.co.in/job/a_TeAQvfi4vRS4QqVWvM0cBf5dgm_85X6n3pDqP5gdu_b1gu7bAnWQ,2026-07-12T12:33:15Z
simplyhired,rym1Gdbof5H0fFPyC0nbaQNgLsod408B2TT6lK_yyxvP6fCpzYPPuA,Orthodontist,AMPA Orthodontics Private Limited,"Gurugram, Haryana",Gurugram,,"₹20,000 - ₹40,000 a month",20000,40000,per_month,full_time,Full-time,,non_clinical,hospital,False,In-person,,,2026-07-10,Collaborate with dental planners and customer support teams. Conduct clinical consultations and orthodontic assessments.,https://www.simplyhired.co.in/job/rym1Gdbof5H0fFPyC0nbaQNgLsod408B2TT6lK_yyxvP6fCpzYPPuA,2026-07-12T12:33:15Z
simplyhired,-cs91MTAgBouWuz2xKHuuwASj4Oz_SeYDSHsJ8cKnoad6YtrOYz_XQ,Sykepleier med erfaring innen endoskopi søkes – sentral beliggenhet i Oslo,Dedicare AS,Punjab,Punjab,,Not Disclosed,,,,full_time,,,non_clinical,hospital,False,,,,2026-07-10,"Bidra til effektiv pasientflyt og høy kvalitet i tjenestene. I Dedicare brenner vi for å tilføre kompetanse til helse, sosialt arbeid og life science.",https://www.simplyhired.co.in/job/-cs91MTAgBouWuz2xKHuuwASj4Oz_SeYDSHsJ8cKnoad6YtrOYz_XQ,2026-07-12T12:33:18Z
simplyhired,0zrM_L6dnPikdc7hg9iiqPutVf3WRPg8uHxLHQZDlolD3jcRzzehgA,Speech Language Pathologist,THANAL,"Malappuram District, Kerala",Malappuram District,,Not Disclosed,,,,full_time,,,non_clinical,hospital,False,,,,2026-07-11,"Assess speech, language, voice, and fluency disorders. Provide one-on-one or group therapy sessions. Track progress and maintain detailed reports.",https://www.simplyhired.co.in/job/0zrM_L6dnPikdc7hg9iiqPutVf3WRPg8uHxLHQZDlolD3jcRzzehgA,2026-07-12T12:33:18Z
simplyhired,eDPwUsNVvBASh5SHMl4nXjzs1Mk2lf5qskbpFfh_SJ46CZaKi-gy2g,Manager Operations,Guidehouse India Pvt Ltd,"Chennai, Tamil Nadu",Chennai,,Not Disclosed,,,,full_time,Full-time,,non_clinical,hospital,False,Microsoft Powerpoint|Microsoft Word|Microsoft Excel|Management|Master's degree|Analysis skills|Bachelor's degree|Travel|Mentoring|Communication skills,,,2026-07-08,"Develop an understanding of the workflows, procedures, and specific criteria for each assigned client. Guidehouse offers a comprehensive, total rewards package…",https://www.simplyhired.co.in/job/eDPwUsNVvBASh5SHMl4nXjzs1Mk2lf5qskbpFfh_SJ46CZaKi-gy2g,2026-07-12T12:33:18Z
simplyhired,tX9DvGMGY5MBej81nLeMzSwfCjdsRDFl3io0Ky-jHXQWql_cTSoaAQ,Coder - Profee HCC with CRC,Guidehouse India Pvt Ltd,"Chennai, Tamil Nadu",Chennai,,Not Disclosed,,,,full_time,Full-time,,non_clinical,hospital,False,Microsoft Excel|Microsoft Office|Travel|Organisational skills|No travel,,,2026-07-09,"Understands in detail the workflow, procedures and specific criteria for the assigned client. Guidehouse offers a comprehensive, total rewards package that…",https://www.simplyhired.co.in/job/tX9DvGMGY5MBej81nLeMzSwfCjdsRDFl3io0Ky-jHXQWql_cTSoaAQ,2026-07-12T12:33:18Z
simplyhired,5iaohP-nCuLuwh9gA12pkQpdq4NqwnTWht2HuXINNY9B52f36HNZlQ,Coder - Profee ED,Guidehouse India Pvt Ltd,"Chennai, Tamil Nadu",Chennai,,Not Disclosed,,,,full_time,Full-time,,non_clinical,hospital,False,Microsoft Excel|Microsoft Office|Travel|Organisational skills|No travel,,,2026-07-08,"Understands in detail the workflow, procedures and specific criteria for the assigned client. Guidehouse offers a comprehensive, total rewards package that…",https://www.simplyhired.co.in/job/5iaohP-nCuLuwh9gA12pkQpdq4NqwnTWht2HuXINNY9B52f36HNZlQ,2026-07-12T12:33:18Z
simplyhired,eej3Res0BwFi5wofuB2Rmgz3u6afhBRIJlthcy5EtnYqCFEEka0-DA,Senior Coder - Profee HCC with CRC,Guidehouse India Pvt Ltd,"Chennai, Tamil Nadu",Chennai,,Not Disclosed,,,,full_time,Full-time,,non_clinical,hospital,False,Microsoft Excel|Microsoft Office|Travel|Organisational skills|No travel,,,2026-07-09,"Understands in detail the workflow, procedures and specific criteria for the assigned client. Guidehouse offers a comprehensive, total rewards package that…",https://www.simplyhired.co.in/job/eej3Res0BwFi5wofuB2Rmgz3u6afhBRIJlthcy5EtnYqCFEEka0-DA,2026-07-12T12:33:18Z
simplyhired,mqk6K37pctUX_K6LtgcUkldGvZDzIxEaAWMXimq405SHHzPRIfE6NA,Senior Coder - Profee General Surgery,Guidehouse India Pvt Ltd,"Chennai, Tamil Nadu",Chennai,,Not Disclosed,,,,full_time,Full-time,,non_clinical,hospital,False,Microsoft Excel|Microsoft Office|Travel|Organisational skills|No travel,,,2026-07-09,"Understands in detail the workflow, procedures and specific criteria for the assigned client. Guidehouse offers a comprehensive, total rewards package that…",https://www.simplyhired.co.in/job/mqk6K37pctUX_K6LtgcUkldGvZDzIxEaAWMXimq405SHHzPRIfE6NA,2026-07-12T12:33:18Z
simplyhired,P5rdM_vip2CHb4NDIiQUePdUszuH_Kv_-PdpnQ1wcI-O1v4VsQoE9Q,Senior Coder - Profee Cardiology Surgery,Guidehouse India Pvt Ltd,"Chennai, Tamil Nadu",Chennai,,Not Disclosed,,,,full_time,Full-time,,doctors,hospital,False,Microsoft Excel|Microsoft Office|Travel|Organisational skills|No travel,,,2026-07-09,"Understands in detail the workflow, procedures and specific criteria for the assigned client. Guidehouse offers a comprehensive, total rewards package that…",https://www.simplyhired.co.in/job/P5rdM_vip2CHb4NDIiQUePdUszuH_Kv_-PdpnQ1wcI-O1v4VsQoE9Q,2026-07-12T12:33:18Z
simplyhired,ZzmWZSWM3OQL87MEWqxiH87lA8PM1MDhacdznW8klPrEMjfcQldbFQ,Senior Coder - Profee Neurology,Guidehouse India Pvt Ltd,"Chennai, Tamil Nadu",Chennai,,Not Disclosed,,,,full_time,Full-time,,doctors,hospital,False,Microsoft Excel|Microsoft Office|Travel|Organisational skills|No travel,,,2026-07-09,"Understands in detail the workflow, procedures and specific criteria for the assigned client. Guidehouse offers a comprehensive, total rewards package that…",https://www.simplyhired.co.in/job/ZzmWZSWM3OQL87MEWqxiH87lA8PM1MDhacdznW8klPrEMjfcQldbFQ,2026-07-12T12:33:18Z
simplyhired,nagJ8CQQeKdnzuaf90kKCfWQ7j7NZGB1ltnQOacheOw5N3cURJc1xA,Senior Coder - Profee Trauma Surgery,Guidehouse India Pvt Ltd,"Chennai, Tamil Nadu",Chennai,,Not Disclosed,,,,full_time,Full-time,,non_clinical,hospital,False,Microsoft Excel|Microsoft Office|Travel|Organisational skills|No travel,,,2026-07-09,"Understands in detail the workflow, procedures and specific criteria for the assigned client. Guidehouse offers a comprehensive, total rewards package that…",https://www.simplyhired.co.in/job/nagJ8CQQeKdnzuaf90kKCfWQ7j7NZGB1ltnQOacheOw5N3cURJc1xA,2026-07-12T12:33:18Z
simplyhired,chJwU18IWck8escJs0WsRrgw7AHhWcX7PHcngrBizioKLphVuPxdWg,Senior Coder - Profee ED Coding,Guidehouse India Pvt Ltd,"Chennai, Tamil Nadu",Chennai,,Not Disclosed,,,,full_time,Full-time,,non_clinical,hospital,False,Microsoft Excel|Microsoft Office|Travel|Organisational skills|No travel,,,2026-07-09,"Understands in detail the workflow, procedures and specific criteria for the assigned client. Guidehouse offers a comprehensive, total rewards package that…",https://www.simplyhired.co.in/job/chJwU18IWck8escJs0WsRrgw7AHhWcX7PHcngrBizioKLphVuPxdWg,2026-07-12T12:33:18Z
simplyhired,hbKRQv9dtJCO16weIiAYf6h_OS145fc3faeVIFS5-wVFa-JasGMIGg,Therapeutic Radiographer - UK,Apollo Hospitals,India,India,,"₹50,000 - ₹60,000 a month",50000,60000,per_month,full_time,Full-time,,non_clinical,hospital,True,B.Sc|English|Master's degree|Bachelor's degree|In-person|Communication skills,,,2026-07-09,"HCPC registration is mandatory before an individual can use the protected title ""Therapeutic Radiographer"" and practise in the UK.*.",https://www.simplyhired.co.in/job/hbKRQv9dtJCO16weIiAYf6h_OS145fc3faeVIFS5-wVFa-JasGMIGg,2026-07-12T12:33:18Z
simplyhired,JKPC5diKefGldiasWea2rulTlYdwZI2OPCemmJ5g-jMPo_Ti1YYVRQ,Lab Technologist,A.J. Hospital & Research Centre,India,India,,Not Disclosed,,,,full_time,,,doctors,hospital,False,B.Sc|Bachelor's degree,,,2026-07-08,No. of Post Vacant : 4 Experience Required : Fresher / Experienced Qualification Required : B.Sc…,https://www.simplyhired.co.in/job/JKPC5diKefGldiasWea2rulTlYdwZI2OPCemmJ5g-jMPo_Ti1YYVRQ,2026-07-12T12:33:18Z
simplyhired,MRulA-5nEkVA9BDz21367GeOqOkAOsy9wi4s2go2WRTRHe2__ApGhQ,General Practitioner for Telemedicine,Eumedical,India,India,,Not Disclosed,,,,remote,Part-time,Remote,doctors,hospital,False,English|Communication skills,,,2026-07-09,✅ A valid medical license and certification to practice in India. ✅ Experience in patient care. ✅ Proficiency in digital tools (preferred).,https://www.simplyhired.co.in/job/MRulA-5nEkVA9BDz21367GeOqOkAOsy9wi4s2go2WRTRHe2__ApGhQ,2026-07-12T12:33:18Z
simplyhired,RzN2KRv_XdbTZh8H-YT3Ds1-C2SJ912aYwcJcueKyax-v_2LYiQI1g,Executive,EXL Service,India,India,,Not Disclosed,,,,full_time,Full-time,,non_clinical,hospital,False,Bachelor's degree,,,2026-07-09,Responsibilities: Understand PMS and client PMS systems: Familiarity with Property Management Systems (PMS).,https://www.simplyhired.co.in/job/RzN2KRv_XdbTZh8H-YT3Ds1-C2SJ912aYwcJcueKyax-v_2LYiQI1g,2026-07-12T12:33:18Z
simplyhired,xakibvMqcax9EYsEPdSnHXLubEziz2zGkNoHJRTQFuRSNdVYpY6L0g,Optometrist,Abate AS,India,India,,Not Disclosed,,,,full_time,,,non_clinical,hospital,False,B.Sc|Bachelor's degree,,,2026-07-10,"To provide quality eye care services by performing vision assessments, assisting in the diagnosis and management of eye conditions, educating patients, and…",https://www.simplyhired.co.in/job/xakibvMqcax9EYsEPdSnHXLubEziz2zGkNoHJRTQFuRSNdVYpY6L0g,2026-07-12T12:33:18Z
